id,event_id,user_id,rating,comment,share_comment_publicly,created_at,updated_at
1,4dc60709-3167-41bb-aa8f-653175b97d40,49af6a16-f923-4210-8c56-e311e38c564d,3,"Bon thème, mais le rythme pourrait être mieux équilibré. Catégorie : Networking. Point de référence : Speed meeting forum projets - édition 0900.",True,2026-04-16 08:06:10.528167+00:00,2026-04-20 08:27:00.547180+00:00
2,40d339c6-9f7e-4c65-80aa-eeed3589bc0a,eb85b268-bb88-4119-939d-492d2322518f,4,Bonne animation avec des points pratiques. Catégorie : Culture d’entreprise. Point de référence : Rencontre culture interne ambassadeurs culture - édition 0406.,False,2026-04-07 23:16:05.320988+00:00,2026-04-10 02:13:16.585497+00:00
3,0a0c2bd6-9d51-441b-83d0-68db4cd99256,50e23573-ed49-4a5a-a274-62ac3d92fa00,2,Organisation perfectible et interaction limitée. Catégorie : Culture d’entreprise. Point de référence : Rencontre culture interne onboarding culturel - édition 0105.,False,2026-03-09 17:38:25.811973+00:00,2026-03-13 00:02:47.126103+00:00
4,359e99c9-a8e0-464c-a3e4-0cf90413eda0,e9bcf6db-9a70-402b-96e0-5fad1e21ca31,3,Expérience satisfaisante avec davantage d’exemples souhaités. Catégorie : Conférence. Point de référence : Keynote interne finance durable - IoT - édition 0998.,False,2026-04-09 22:37:38.064115+00:00,2026-04-13 04:43:44.979915+00:00
5,14a26d46-5b31-499f-ad00-fc30c8e863e4,8d2bc111-e2d5-4410-8e67-899490f0e458,4,Événement intéressant et globalement réussi. Catégorie : RSE. Point de référence : Atelier RSE économie d’énergie - édition 0966.,False,2026-04-27 20:00:38.498176+00:00,2026-04-28 04:19:08.203172+00:00
6,53b72b57-ba17-47d8-ba23-2382ac956667,9ac7d884-9c16-4fa3-b896-884afda9c096,2,Session trop courte pour couvrir le sujet correctement. Catégorie : Atelier. Point de référence : Atelier amélioration continue - édition 0117.,True,2026-04-13 01:48:30.435838+00:00,2026-04-21 07:36:12.740499+00:00
7,359e99c9-a8e0-464c-a3e4-0cf90413eda0,c1e9f1c5-3a1d-407e-9767-7cb7c9089296,2,Objectifs utiles mais présentation à clarifier. Catégorie : Conférence. Point de référence : Keynote interne finance durable - IoT - édition 0998.,False,2026-04-09 10:54:40.134697+00:00,2026-04-10 00:47:08.738196+00:00
8,32550296-6435-4ef2-90e1-028656282c7f,28ac5ef3-c8dc-4aa9-97a4-4bd90a55268b,4,Événement intéressant et globalement réussi. Catégorie : Networking. Point de référence : Forum d’échanges petit-déjeuner business - édition 0357.,False,2026-03-24 18:19:26.193613+00:00,2026-03-26 06:38:33.680947+00:00
9,73ed9e10-d7dd-4f35-812a-0836380719a5,7120f862-693b-4518-8e4c-e2bfe7963695,5,"Excellente expérience, contenu clair et directement utile. Catégorie : Webinaire. Point de référence : Session en ligne bien-être au travail - édition 0366.",False,2026-04-11 23:35:20.769249+00:00,2026-04-17 12:36:09.778349+00:00
10,fb518144-8d76-42a9-a016-6da13e385137,b945f48a-ccc4-43f6-928b-e2c1f46146b6,2,Objectifs utiles mais présentation à clarifier. Catégorie : Networking. Point de référence : Forum d’échanges partage d’expérience - Support client - édition 0533.,False,2026-04-20 07:15:59.455613+00:00,2026-04-22 00:07:52.687622+00:00
11,2662f2f2-e147-4bfb-a3b6-41a7cba757de,c3cebde2-04c5-4bd6-8742-5138c5699944,1,Expérience limitée avec trop peu de valeur opérationnelle. Catégorie : Bien-être. Point de référence : Rencontre santé au travail équilibre professionnel - édition 0453.,True,2026-04-12 01:10:11.895327+00:00,2026-04-13 18:38:34.415747+00:00
12,4dc60709-3167-41bb-aa8f-653175b97d40,c79bf178-2ad7-46c5-a8bc-69d76f5a35b2,3,Session correcte avec quelques pistes d’amélioration. Catégorie : Networking. Point de référence : Speed meeting forum projets - édition 0900.,True,2026-04-24 14:38:15.816967+00:00,2026-04-25 18:04:44.111434+00:00
13,73ed9e10-d7dd-4f35-812a-0836380719a5,0d3b9abd-2bf6-47a0-b674-e66bfbd1c058,5,Intervention de qualité avec des exemples concrets. Catégorie : Webinaire. Point de référence : Session en ligne bien-être au travail - édition 0366.,True,2026-04-11 23:09:03.923620+00:00,2026-04-13 06:01:17.041764+00:00
14,685eab0b-417d-4cb4-916d-1e7ea0e5e5d7,13376738-828d-4cdb-b40c-24d0da2a5573,5,Intervention de qualité avec des exemples concrets. Catégorie : Formation. Point de référence : Session de formation contrats et conformité - édition 0058.,True,2026-03-16 10:54:52.001202+00:00,2026-03-18 05:42:03.268416+00:00
15,2a993f2e-58c0-4268-a821-34a46d9e99b3,4fd7b80e-d72e-42b6-8127-2b77a2ab3795,4,Bonne animation avec des points pratiques. Catégorie : Afterwork. Point de référence : Moment convivial équipes projet - édition 0073.,True,2026-04-20 18:40:19.590682+00:00,2026-04-21 02:55:29.385875+00:00
16,3d511cb8-71cf-4f9c-9e3e-2243ccc0c3ba,66254aec-711c-4731-ad1b-12358695cff5,3,"Bon thème, mais le rythme pourrait être mieux équilibré. Catégorie : Atelier. Point de référence : Workshop prise de parole - édition 0784.",False,2026-04-03 05:15:12.908442+00:00,2026-04-06 10:13:38.312408+00:00
17,0a0c2bd6-9d51-441b-83d0-68db4cd99256,8109e1d3-64d6-452e-8d2d-8f0129c10b07,4,Session utile et bien structurée. Catégorie : Culture d’entreprise. Point de référence : Rencontre culture interne onboarding culturel - édition 0105.,True,2026-03-07 06:22:08.730359+00:00,2026-03-10 20:39:20.374824+00:00
18,73ed9e10-d7dd-4f35-812a-0836380719a5,2ef6e49e-2db4-4aba-9300-2be6b73234f7,1,Expérience limitée avec trop peu de valeur opérationnelle. Catégorie : Webinaire. Point de référence : Session en ligne bien-être au travail - édition 0366.,True,2026-04-12 20:29:30.705403+00:00,2026-04-13 22:44:12.299481+00:00
19,35aa3585-3880-466e-a4f8-b30d6b45c62b,6a1ea467-ea53-40e2-9b4e-81c03e3120f5,1,Le contenu ne répondait pas vraiment aux attentes. Catégorie : Afterwork. Point de référence : Soirée réseau finance et business - édition 0858.,False,2026-04-08 12:39:19.440514+00:00,2026-04-08 22:55:44.896694+00:00
20,b5a07b22-e8b4-4066-9f47-dfab0796c1c3,e8dda1ab-4e22-4b44-b642-16d429b530e6,5,"Très bonne session, bien organisée et enrichissante. Catégorie : Networking. Point de référence : Networking experts internes - édition 0810.",False,2026-05-01 06:18:45.600384+00:00,2026-05-01 07:00:27.013479+00:00
21,14a26d46-5b31-499f-ad00-fc30c8e863e4,d10a4f93-a536-4542-b5ff-c16717ab9f40,5,"Très bonne session, bien organisée et enrichissante. Catégorie : RSE. Point de référence : Atelier RSE économie d’énergie - édition 0966.",False,2026-04-26 13:57:56.910525+00:00,2026-04-27 05:14:30.529128+00:00
22,5c16972b-3360-4fab-9157-7a2fe4be1ed7,f85deb38-8a7f-46fd-aa7f-0c9d18401a70,5,Intervention de qualité avec des exemples concrets. Catégorie : Conférence. Point de référence : Table ronde marque employeur - édition 0726.,False,2026-03-11 16:43:49.229785+00:00,2026-03-12 10:26:56.891230+00:00
23,fc34e1fc-4661-4a79-8177-57658ee1d856,cd925f76-6a4a-4b65-b4d7-839f7aa778fc,2,Objectifs utiles mais présentation à clarifier. Catégorie : Webinaire. Point de référence : Live interne IoT et capteurs - édition 0063.,False,2026-03-02 10:58:22.780452+00:00,2026-03-06 04:15:01.720240+00:00
24,2bf86b0c-d22a-4f62-894f-818dcf351857,06cf8ad7-4bdc-42e8-94e2-b0abe12a020b,3,Session correcte avec quelques pistes d’amélioration. Catégorie : Formation. Point de référence : Module d’apprentissage SQL avancé - édition 0065.,True,2026-03-13 17:30:43.995368+00:00,2026-03-16 15:53:29.405579+00:00
25,7dd6c375-bc30-4b54-9918-bfaebbc54d99,85b757d0-f583-4082-88db-1422127834d3,3,Expérience satisfaisante avec davantage d’exemples souhaités. Catégorie : Formation. Point de référence : Formation cybersécurité - édition 0507.,False,2026-04-02 05:59:45.694781+00:00,2026-04-04 17:36:37.248879+00:00
26,9c310c8a-230b-4fa5-83e3-97417739fdd1,d00211fe-b443-439e-afb4-0eaa14b471eb,2,Objectifs utiles mais présentation à clarifier. Catégorie : Afterwork. Point de référence : Rencontre informelle finance et business - Développement - édition 0886.,False,2026-04-06 00:30:46.337120+00:00,2026-04-10 03:28:31.968747+00:00
27,c55301a7-c74d-4ff0-8635-daafc502b6db,f6e7d21d-ffa2-40da-a777-6cd561fc7ca2,2,Objectifs utiles mais présentation à clarifier. Catégorie : Webinaire. Point de référence : Webinaire reporting financier - édition 0578.,False,2026-03-11 03:27:12.786096+00:00,2026-03-17 02:27:00.016519+00:00
28,10440011-36d1-45cd-b0f9-29469dc42429,af533c93-0a75-475d-b87d-b1decc84048b,3,"Bon thème, mais le rythme pourrait être mieux équilibré. Catégorie : Conférence. Point de référence : Table ronde leadership responsable - édition 0678.",False,2026-05-01 00:50:08.514666+00:00,2026-05-01 10:31:40.391518+00:00
29,79e4e9e1-01be-46d8-bd8c-84a914c0397a,3fe14d18-0cfa-492c-9c98-5c09e18406f4,4,Bonne animation avec des points pratiques. Catégorie : Afterwork. Point de référence : Soirée réseau convivialité - édition 0011.,False,2026-04-21 16:32:37.552830+00:00,2026-04-23 10:34:23.608760+00:00
30,40d339c6-9f7e-4c65-80aa-eeed3589bc0a,c0278ba1-ce60-47e3-9f28-8dd3d2d45b37,1,Organisation insuffisante pour tirer profit du sujet. Catégorie : Culture d’entreprise. Point de référence : Rencontre culture interne ambassadeurs culture - édition 0406.,False,2026-04-01 22:40:45.442384+00:00,2026-04-03 22:08:46.290187+00:00
31,5c16972b-3360-4fab-9157-7a2fe4be1ed7,b55fd364-1df7-46e9-8a10-21de5cd5b1f3,1,Organisation insuffisante pour tirer profit du sujet. Catégorie : Conférence. Point de référence : Table ronde marque employeur - édition 0726.,False,2026-03-13 16:22:23.104544+00:00,2026-03-17 07:28:11.101651+00:00
32,2a993f2e-58c0-4268-a821-34a46d9e99b3,8ee4e6aa-49bf-4476-8827-7c43c8576b3a,1,Le contenu ne répondait pas vraiment aux attentes. Catégorie : Afterwork. Point de référence : Moment convivial équipes projet - édition 0073.,False,2026-04-18 15:15:54.492255+00:00,2026-04-24 03:55:26.201477+00:00
33,9c310c8a-230b-4fa5-83e3-97417739fdd1,dac9ce9c-3e17-44ed-ac45-a48a89ca4b8d,2,Objectifs utiles mais présentation à clarifier. Catégorie : Afterwork. Point de référence : Rencontre informelle finance et business - Développement - édition 0886.,True,2026-03-28 05:41:47.977041+00:00,2026-03-29 05:26:11.124158+00:00
34,359e99c9-a8e0-464c-a3e4-0cf90413eda0,b8586f4e-0b8d-4c49-99b4-58e4ac4db671,2,Organisation perfectible et interaction limitée. Catégorie : Conférence. Point de référence : Keynote interne finance durable - IoT - édition 0998.,True,2026-04-07 23:28:16.798567+00:00,2026-04-08 17:23:56.202169+00:00
35,32550296-6435-4ef2-90e1-028656282c7f,2620e675-d3ba-4ca5-85bf-2dd08f05bca7,3,Session correcte avec quelques pistes d’amélioration. Catégorie : Networking. Point de référence : Forum d’échanges petit-déjeuner business - édition 0357.,True,2026-03-18 07:24:31.137650+00:00,2026-03-22 04:07:49.442085+00:00
36,b5a07b22-e8b4-4066-9f47-dfab0796c1c3,1b521727-2b9c-4bae-a8f2-c0b975bf998b,4,Bon événement avec un contenu pertinent. Catégorie : Networking. Point de référence : Networking experts internes - édition 0810.,True,2026-05-01 11:25:20.450630+00:00,2026-05-01 12:00:00.000000+00:00
37,10440011-36d1-45cd-b0f9-29469dc42429,7c86415e-73e1-4452-b345-730bd15fcbcf,1,Organisation insuffisante pour tirer profit du sujet. Catégorie : Conférence. Point de référence : Table ronde leadership responsable - édition 0678.,False,2026-04-30 04:17:44.136499+00:00,2026-04-30 22:48:00.163568+00:00
38,5c16972b-3360-4fab-9157-7a2fe4be1ed7,85480232-8d0c-45e2-bb3b-62ccdcf67029,5,"Excellente expérience, contenu clair et directement utile. Catégorie : Conférence. Point de référence : Table ronde marque employeur - édition 0726.",True,2026-03-18 07:49:08.557276+00:00,2026-03-18 18:32:18.416834+00:00
39,14a26d46-5b31-499f-ad00-fc30c8e863e4,fd4de66f-9089-4132-b386-bcc0aed023a5,2,Objectifs utiles mais présentation à clarifier. Catégorie : RSE. Point de référence : Atelier RSE économie d’énergie - édition 0966.,False,2026-04-25 21:39:50.250755+00:00,2026-04-26 19:20:59.291297+00:00
40,fc34e1fc-4661-4a79-8177-57658ee1d856,969f9cbb-d414-4484-aee9-fa12b5505b3e,5,"Excellente expérience, contenu clair et directement utile. Catégorie : Webinaire. Point de référence : Live interne IoT et capteurs - édition 0063.",False,2026-03-03 01:16:56.658624+00:00,2026-03-10 00:44:29.452630+00:00
41,df9061ce-768a-48f5-85fa-9e84b27f3c82,ee85ed55-5fb4-47a4-8a52-97b44ea7f18e,1,Expérience limitée avec trop peu de valeur opérationnelle. Catégorie : Atelier. Point de référence : Workshop gestion budgétaire - édition 0104.,False,2026-04-04 06:18:15.779703+00:00,2026-04-06 12:58:24.495306+00:00
42,34e967e2-0842-4433-93c1-f62b9fc23d32,368b0c1f-2b18-45ae-8c55-7445a2e631bc,3,Expérience satisfaisante avec davantage d’exemples souhaités. Catégorie : Team building. Point de référence : Challenge collectif confiance et coopération - édition 0434.,True,2026-04-09 02:37:46.975159+00:00,2026-04-14 14:25:16.777045+00:00
43,5c16972b-3360-4fab-9157-7a2fe4be1ed7,d432410f-620e-49df-9646-346e8457b3bf,4,Bonne animation avec des points pratiques. Catégorie : Conférence. Point de référence : Table ronde marque employeur - édition 0726.,False,2026-03-13 06:51:03.451217+00:00,2026-03-15 00:55:09.655368+00:00
44,ccd46cab-c742-472f-8b66-729694b1c18b,3b6ac1b8-60cb-45ad-8f33-24086fa4d575,5,Intervention de qualité avec des exemples concrets. Catégorie : RSE. Point de référence : Initiative durable inclusion - édition 0736.,True,2026-04-07 07:01:15.365047+00:00,2026-04-08 18:18:28.688217+00:00
45,40d339c6-9f7e-4c65-80aa-eeed3589bc0a,ef1f441d-713b-4320-8698-2eecbf112a71,5,Intervention de qualité avec des exemples concrets. Catégorie : Culture d’entreprise. Point de référence : Rencontre culture interne ambassadeurs culture - édition 0406.,False,2026-04-03 17:48:00.672634+00:00,2026-04-08 05:03:29.119056+00:00
46,0a0c2bd6-9d51-441b-83d0-68db4cd99256,60d3d345-0e8d-47d9-8016-5a0a66060125,3,Session correcte avec quelques pistes d’amélioration. Catégorie : Culture d’entreprise. Point de référence : Rencontre culture interne onboarding culturel - édition 0105.,False,2026-03-06 00:23:21.343276+00:00,2026-03-11 00:52:29.653880+00:00
47,fc34e1fc-4661-4a79-8177-57658ee1d856,500e7caa-bf0e-48e3-baf1-303ab0dbca43,3,Contenu utile mais parfois trop général. Catégorie : Webinaire. Point de référence : Live interne IoT et capteurs - édition 0063.,False,2026-03-04 12:34:07.770429+00:00,2026-03-06 19:21:40.989691+00:00
48,7d256949-75b2-4833-a44c-2cee42b2281e,85fcc4be-726c-4bcd-9bc6-c969daa3cd3e,2,Organisation perfectible et interaction limitée. Catégorie : Team building. Point de référence : Team building résolution de problèmes - Juridique - édition 0869.,False,2026-03-16 15:40:51.404647+00:00,2026-03-19 07:57:21.964632+00:00
49,c55301a7-c74d-4ff0-8635-daafc502b6db,a28bebfa-b4eb-4a1f-9fc2-0354999a2f57,4,Bon événement avec un contenu pertinent. Catégorie : Webinaire. Point de référence : Webinaire reporting financier - édition 0578.,True,2026-03-11 17:23:24.414057+00:00,2026-03-11 21:20:51.260895+00:00
50,2a993f2e-58c0-4268-a821-34a46d9e99b3,cda07ab2-acb0-42ea-8b8d-d21f330bf70c,4,Bon événement avec un contenu pertinent. Catégorie : Afterwork. Point de référence : Moment convivial équipes projet - édition 0073.,True,2026-04-23 03:20:29.683477+00:00,2026-04-23 10:02:21.362826+00:00
51,b4460a6b-789c-4b16-bca0-3794329f0ab3,7120f862-693b-4518-8e4c-e2bfe7963695,1,Expérience limitée avec trop peu de valeur opérationnelle. Catégorie : Bien-être. Point de référence : Pause prévention équilibre professionnel - édition 0249.,True,2026-04-29 05:20:04.052590+00:00,2026-05-01 01:41:52.277292+00:00
52,9d3098e0-1636-4cc4-afda-35b15eccbcc4,91f76ca7-ada9-4b5b-87c9-c7b966228ec6,4,Bon événement avec un contenu pertinent. Catégorie : Culture d’entreprise. Point de référence : Session valeurs collaboration transversale - édition 0127.,False,2026-03-25 22:02:34.685672+00:00,2026-03-27 10:39:56.736614+00:00
53,9c310c8a-230b-4fa5-83e3-97417739fdd1,d10a4f93-a536-4542-b5ff-c16717ab9f40,4,Session utile et bien structurée. Catégorie : Afterwork. Point de référence : Rencontre informelle finance et business - Développement - édition 0886.,True,2026-03-28 19:23:40.577715+00:00,2026-04-03 13:28:17.932737+00:00
54,40d339c6-9f7e-4c65-80aa-eeed3589bc0a,a7019b71-bdec-45fd-aa1f-46c39d0046c3,2,Session trop courte pour couvrir le sujet correctement. Catégorie : Culture d’entreprise. Point de référence : Rencontre culture interne ambassadeurs culture - édition 0406.,True,2026-04-03 18:29:31.201869+00:00,2026-04-08 01:48:57.629798+00:00
55,9d3098e0-1636-4cc4-afda-35b15eccbcc4,3c0142b7-95e6-4f7f-b870-c04bcbdf37c3,2,Contenu intéressant mais pas assez approfondi. Catégorie : Culture d’entreprise. Point de référence : Session valeurs collaboration transversale - édition 0127.,True,2026-03-24 12:44:33.421704+00:00,2026-03-31 21:09:18.508718+00:00
56,5c16972b-3360-4fab-9157-7a2fe4be1ed7,fcde4003-2759-47b7-b54d-25da4c86740a,3,Session correcte avec quelques pistes d’amélioration. Catégorie : Conférence. Point de référence : Table ronde marque employeur - édition 0726.,False,2026-03-13 04:09:31.758518+00:00,2026-03-15 00:53:17.819169+00:00
57,4dc60709-3167-41bb-aa8f-653175b97d40,f97a0b32-2873-4e32-aeb0-26f42cfbc29d,5,Format dynamique et échanges très constructifs. Catégorie : Networking. Point de référence : Speed meeting forum projets - édition 0900.,False,2026-04-26 06:09:55.148639+00:00,2026-04-28 11:40:08.812150+00:00
58,32550296-6435-4ef2-90e1-028656282c7f,432c2cf9-dd95-45fd-9867-4bb233d84a2f,1,Le contenu ne répondait pas vraiment aux attentes. Catégorie : Networking. Point de référence : Forum d’échanges petit-déjeuner business - édition 0357.,True,2026-03-21 03:23:28.360832+00:00,2026-03-22 08:36:07.008664+00:00
59,4dc60709-3167-41bb-aa8f-653175b97d40,8e755df7-d353-4b98-b399-336164ee4a93,1,Session difficile à suivre et peu pratique. Catégorie : Networking. Point de référence : Speed meeting forum projets - édition 0900.,False,2026-04-18 07:26:36.789268+00:00,2026-04-18 18:23:54.929422+00:00
60,0d190215-dd65-4aca-a803-d461f0c97c68,27450660-9126-425f-8a4c-ee13055c3619,5,Intervention de qualité avec des exemples concrets. Catégorie : RSE. Point de référence : Action RSE économie d’énergie - édition 0501.,False,2026-03-16 05:17:34.840695+00:00,2026-03-21 05:04:21.670430+00:00
61,b5a07b22-e8b4-4066-9f47-dfab0796c1c3,4c9ed491-fd91-409f-a4ce-61dddd56f08f,4,Bonne animation avec des points pratiques. Catégorie : Networking. Point de référence : Networking experts internes - édition 0810.,False,2026-05-01 06:07:48.565700+00:00,2026-05-01 10:44:29.078580+00:00
62,0a0c2bd6-9d51-441b-83d0-68db4cd99256,d038d3e8-db0f-4824-9216-4de208fd6652,1,Expérience limitée avec trop peu de valeur opérationnelle. Catégorie : Culture d’entreprise. Point de référence : Rencontre culture interne onboarding culturel - édition 0105.,True,2026-03-05 01:17:42.315104+00:00,2026-03-06 19:34:41.701246+00:00
63,bd1a3473-a2be-43bf-9f69-fbd42e9fb520,f2a1a80b-ee11-4d4d-934b-4728eb24d690,3,Contenu utile mais parfois trop général. Catégorie : Afterwork. Point de référence : Rencontre informelle réseau interne - édition 0224.,False,2026-03-29 22:55:44.739241+00:00,2026-04-01 19:32:39.002177+00:00
64,14a26d46-5b31-499f-ad00-fc30c8e863e4,8f21075b-8c2d-4291-98de-3f070ea2a227,5,Format dynamique et échanges très constructifs. Catégorie : RSE. Point de référence : Atelier RSE économie d’énergie - édition 0966.,False,2026-04-26 19:47:45.402008+00:00,2026-04-29 04:04:50.356775+00:00
65,c63b2370-25af-4d8f-9320-7226692b196b,ee85ed55-5fb4-47a4-8a52-97b44ea7f18e,3,Expérience satisfaisante avec davantage d’exemples souhaités. Catégorie : Conférence. Point de référence : Table ronde finance durable - édition 0697.,True,2026-04-30 09:21:02.147936+00:00,2026-04-30 18:34:04.293316+00:00
66,2a993f2e-58c0-4268-a821-34a46d9e99b3,cf29d572-baa2-4d38-804f-fd6f6cf8a890,2,Contenu intéressant mais pas assez approfondi. Catégorie : Afterwork. Point de référence : Moment convivial équipes projet - édition 0073.,False,2026-04-28 17:35:22.021737+00:00,2026-04-29 05:56:12.787174+00:00
67,fc34e1fc-4661-4a79-8177-57658ee1d856,3827f77d-c5b6-4965-a25c-b6482d583783,5,"Excellente expérience, contenu clair et directement utile. Catégorie : Webinaire. Point de référence : Live interne IoT et capteurs - édition 0063.",False,2026-03-12 15:25:59.798040+00:00,2026-03-15 08:39:34.027343+00:00
68,73ed9e10-d7dd-4f35-812a-0836380719a5,4104f49c-666e-4c48-8185-e1ef630c83c1,5,"Très bonne session, bien organisée et enrichissante. Catégorie : Webinaire. Point de référence : Session en ligne bien-être au travail - édition 0366.",True,2026-04-17 02:28:20.479151+00:00,2026-04-21 17:27:35.828830+00:00
69,2bf86b0c-d22a-4f62-894f-818dcf351857,d5d7156b-757a-4b4f-9950-c3a38b7b858d,5,"Excellente expérience, contenu clair et directement utile. Catégorie : Formation. Point de référence : Module d’apprentissage SQL avancé - édition 0065.",False,2026-03-16 01:04:39.261382+00:00,2026-03-20 20:49:20.925247+00:00
70,0a0c2bd6-9d51-441b-83d0-68db4cd99256,27e57f44-3711-4937-96be-d80bcf09b05d,3,Expérience satisfaisante avec davantage d’exemples souhaités. Catégorie : Culture d’entreprise. Point de référence : Rencontre culture interne onboarding culturel - édition 0105.,True,2026-03-07 22:46:54.692294+00:00,2026-03-16 10:07:39.239922+00:00
71,4dc60709-3167-41bb-aa8f-653175b97d40,8006d300-c0ae-4a0d-ba53-074804f86119,4,Bon événement avec un contenu pertinent. Catégorie : Networking. Point de référence : Speed meeting forum projets - édition 0900.,False,2026-04-16 12:00:28.879302+00:00,2026-04-24 09:09:16.972634+00:00
72,b5a07b22-e8b4-4066-9f47-dfab0796c1c3,8de3a1bf-0867-4629-9291-42a74caf9008,5,"Très bonne session, bien organisée et enrichissante. Catégorie : Networking. Point de référence : Networking experts internes - édition 0810.",False,2026-05-01 06:04:41.171135+00:00,2026-05-01 11:47:44.871589+00:00
73,785cfbf1-488c-41df-aacd-31498c90fb44,3b146662-5da3-44f9-a3a2-be2e8ab5f602,2,Objectifs utiles mais présentation à clarifier. Catégorie : Networking. Point de référence : Speed meeting communautés internes - Ressources humaines - édition 0449.,True,2026-04-03 09:06:04.671822+00:00,2026-04-04 08:56:47.326656+00:00
74,0a0c2bd6-9d51-441b-83d0-68db4cd99256,23ce8810-f0b8-4d2e-8e2b-68771418b437,4,Bon événement avec un contenu pertinent. Catégorie : Culture d’entreprise. Point de référence : Rencontre culture interne onboarding culturel - édition 0105.,True,2026-03-04 20:05:59.718117+00:00,2026-03-09 22:52:22.345487+00:00
75,df9061ce-768a-48f5-85fa-9e84b27f3c82,7d24e8ab-d927-443c-a1e1-04b73211032b,5,Format dynamique et échanges très constructifs. Catégorie : Atelier. Point de référence : Workshop gestion budgétaire - édition 0104.,False,2026-03-31 16:05:30.346404+00:00,2026-04-01 14:02:37.302626+00:00
76,4dc60709-3167-41bb-aa8f-653175b97d40,9af4b494-b502-4444-9cfd-9e6df7e6f022,3,Expérience satisfaisante avec davantage d’exemples souhaités. Catégorie : Networking. Point de référence : Speed meeting forum projets - édition 0900.,True,2026-04-21 10:05:50.310911+00:00,2026-04-22 14:14:20.062184+00:00
77,14a26d46-5b31-499f-ad00-fc30c8e863e4,67b9e613-4792-4b7e-88f0-54df3f761ed0,5,"Excellente expérience, contenu clair et directement utile. Catégorie : RSE. Point de référence : Atelier RSE économie d’énergie - édition 0966.",True,2026-04-25 20:17:05.619123+00:00,2026-04-26 13:12:13.235836+00:00
78,0d190215-dd65-4aca-a803-d461f0c97c68,b9c5c31c-70c5-4d31-b5fa-06019974af0a,1,Organisation insuffisante pour tirer profit du sujet. Catégorie : RSE. Point de référence : Action RSE économie d’énergie - édition 0501.,True,2026-03-15 14:08:16.485953+00:00,2026-03-23 09:58:07.535976+00:00
79,df9061ce-768a-48f5-85fa-9e84b27f3c82,da7d8ca8-db94-48b0-87a9-6c6a4d12c1cb,1,Expérience limitée avec trop peu de valeur opérationnelle. Catégorie : Atelier. Point de référence : Workshop gestion budgétaire - édition 0104.,True,2026-03-30 19:26:52.138006+00:00,2026-04-05 13:13:27.448608+00:00
80,ccd46cab-c742-472f-8b66-729694b1c18b,d46bbc33-a6b9-4170-bdd9-62088f76392b,5,Intervention de qualité avec des exemples concrets. Catégorie : RSE. Point de référence : Initiative durable inclusion - édition 0736.,False,2026-04-09 17:22:01.958802+00:00,2026-04-14 20:15:58.552371+00:00
81,4dc60709-3167-41bb-aa8f-653175b97d40,78af47a7-ad8d-4faf-a4eb-52cb18a6a2cd,4,Événement intéressant et globalement réussi. Catégorie : Networking. Point de référence : Speed meeting forum projets - édition 0900.,False,2026-04-16 06:40:46.042077+00:00,2026-04-20 23:29:08.591846+00:00
82,39bfc35e-8bb4-403e-b418-4d800493599f,7fe85746-fe19-422b-8bf2-d167d79a2d1a,3,Session correcte avec quelques pistes d’amélioration. Catégorie : Atelier. Point de référence : Atelier collaboratif gestion budgétaire - édition 0888.,False,2026-03-25 12:28:44.370452+00:00,2026-03-26 21:01:44.845437+00:00
83,fc34e1fc-4661-4a79-8177-57658ee1d856,db513ac4-80bc-4d09-864b-24fb5dee1da4,1,Session difficile à suivre et peu pratique. Catégorie : Webinaire. Point de référence : Live interne IoT et capteurs - édition 0063.,False,2026-03-04 15:13:31.952022+00:00,2026-03-06 03:56:10.621838+00:00
84,c63b2370-25af-4d8f-9320-7226692b196b,e24ef779-8a19-45dc-82da-af12648144c1,3,Expérience satisfaisante avec davantage d’exemples souhaités. Catégorie : Conférence. Point de référence : Table ronde finance durable - édition 0697.,True,2026-04-30 11:07:13.158273+00:00,2026-05-01 09:48:04.721305+00:00
85,4dfd9a7c-50c9-41e3-9125-2ebbe63e128b,ef1f441d-713b-4320-8698-2eecbf112a71,4,Session utile et bien structurée. Catégorie : Team building. Point de référence : Défi collaboratif résolution de problèmes - édition 0162.,False,2026-04-19 17:21:20.922544+00:00,2026-04-27 08:42:12.025789+00:00
86,4dc60709-3167-41bb-aa8f-653175b97d40,374bb2b1-7239-47b4-a7f3-42a9312229af,1,Organisation insuffisante pour tirer profit du sujet. Catégorie : Networking. Point de référence : Speed meeting forum projets - édition 0900.,False,2026-04-22 12:51:21.767287+00:00,2026-04-22 20:41:10.383336+00:00
87,9d3098e0-1636-4cc4-afda-35b15eccbcc4,500e7caa-bf0e-48e3-baf1-303ab0dbca43,4,Bonne animation avec des points pratiques. Catégorie : Culture d’entreprise. Point de référence : Session valeurs collaboration transversale - édition 0127.,False,2026-03-28 07:55:12.108179+00:00,2026-04-03 06:12:10.001659+00:00
88,4dc60709-3167-41bb-aa8f-653175b97d40,e1b1a83d-dc8c-4bf1-a264-f6eea0333568,2,Session trop courte pour couvrir le sujet correctement. Catégorie : Networking. Point de référence : Speed meeting forum projets - édition 0900.,True,2026-04-15 17:50:10.362939+00:00,2026-04-15 22:58:06.264857+00:00
89,5c16972b-3360-4fab-9157-7a2fe4be1ed7,7d24e8ab-d927-443c-a1e1-04b73211032b,5,"Excellente expérience, contenu clair et directement utile. Catégorie : Conférence. Point de référence : Table ronde marque employeur - édition 0726.",True,2026-03-14 02:56:42.409468+00:00,2026-03-17 00:11:41.189023+00:00
90,ccd46cab-c742-472f-8b66-729694b1c18b,eacc44aa-5528-442f-bf03-d93b3123467d,1,Le contenu ne répondait pas vraiment aux attentes. Catégorie : RSE. Point de référence : Initiative durable inclusion - édition 0736.,False,2026-04-07 16:55:19.047273+00:00,2026-04-09 01:00:55.892097+00:00
91,558f4ece-d28f-4f60-a1ed-0fc59ecd077f,786cfe59-0bda-4930-9ccd-c6d0ff02b662,5,Format dynamique et échanges très constructifs. Catégorie : Bien-être. Point de référence : Pause prévention santé mentale - édition 0717.,False,2026-04-19 15:16:42.959595+00:00,2026-04-27 19:12:34.113011+00:00
92,10440011-36d1-45cd-b0f9-29469dc42429,db513ac4-80bc-4d09-864b-24fb5dee1da4,3,Session correcte avec quelques pistes d’amélioration. Catégorie : Conférence. Point de référence : Table ronde leadership responsable - édition 0678.,True,2026-04-28 01:50:33.392116+00:00,2026-05-01 04:08:59.768792+00:00
93,9d3098e0-1636-4cc4-afda-35b15eccbcc4,96fcb81f-46c4-4e0d-9431-72d62e53de35,5,Format dynamique et échanges très constructifs. Catégorie : Culture d’entreprise. Point de référence : Session valeurs collaboration transversale - édition 0127.,False,2026-03-24 08:49:02.606284+00:00,2026-03-24 16:59:04.647931+00:00
94,73ed9e10-d7dd-4f35-812a-0836380719a5,82262980-bc3c-49fb-a210-28daa74d1ba3,1,Expérience limitée avec trop peu de valeur opérationnelle. Catégorie : Webinaire. Point de référence : Session en ligne bien-être au travail - édition 0366.,True,2026-04-16 09:55:59.813537+00:00,2026-04-17 02:40:33.046452+00:00
95,c63b2370-25af-4d8f-9320-7226692b196b,a7450ed8-f67b-4a15-a99a-a9fa649b6fd6,3,Contenu utile mais parfois trop général. Catégorie : Conférence. Point de référence : Table ronde finance durable - édition 0697.,False,2026-04-30 12:35:05.436919+00:00,2026-05-01 08:42:44.345707+00:00
96,5c16972b-3360-4fab-9157-7a2fe4be1ed7,b5fe5b9a-eaee-4b14-8a4b-ade6055198b0,3,Expérience satisfaisante avec davantage d’exemples souhaités. Catégorie : Conférence. Point de référence : Table ronde marque employeur - édition 0726.,True,2026-03-15 16:04:56.672135+00:00,2026-03-19 06:32:58.008127+00:00
97,fc34e1fc-4661-4a79-8177-57658ee1d856,cba14f0b-756c-46b4-82ed-29b71212aeae,4,Événement intéressant et globalement réussi. Catégorie : Webinaire. Point de référence : Live interne IoT et capteurs - édition 0063.,False,2026-03-09 07:12:42.050226+00:00,2026-03-12 18:04:04.545841+00:00
98,14a26d46-5b31-499f-ad00-fc30c8e863e4,d2b19326-abcc-4c08-ac49-a94f14bc8481,2,Session trop courte pour couvrir le sujet correctement. Catégorie : RSE. Point de référence : Atelier RSE économie d’énergie - édition 0966.,True,2026-04-28 05:24:20.132643+00:00,2026-04-29 19:34:46.886039+00:00
99,9bde9d91-ca5a-4267-9ab0-6937934ec32a,40bd5505-6dbf-49ae-817e-6ca216a5630f,4,Événement intéressant et globalement réussi. Catégorie : Formation. Point de référence : Session de formation cloud computing - Communication interne - édition 0519.,True,2026-03-11 20:27:34.416103+00:00,2026-03-19 06:19:54.341469+00:00
100,9d3098e0-1636-4cc4-afda-35b15eccbcc4,dac9ce9c-3e17-44ed-ac45-a48a89ca4b8d,5,Intervention de qualité avec des exemples concrets. Catégorie : Culture d’entreprise. Point de référence : Session valeurs collaboration transversale - édition 0127.,True,2026-03-27 15:56:12.634401+00:00,2026-03-28 23:43:10.235886+00:00
101,c55301a7-c74d-4ff0-8635-daafc502b6db,9b0ab4d7-fb2d-49c3-8d03-3d1bed5d58d8,1,Expérience limitée avec trop peu de valeur opérationnelle. Catégorie : Webinaire. Point de référence : Webinaire reporting financier - édition 0578.,False,2026-03-11 07:25:17.328452+00:00,2026-03-12 16:24:14.139852+00:00
102,9d3098e0-1636-4cc4-afda-35b15eccbcc4,d0254122-89ed-45f1-9608-36032344bddd,4,Événement intéressant et globalement réussi. Catégorie : Culture d’entreprise. Point de référence : Session valeurs collaboration transversale - édition 0127.,True,2026-03-26 09:55:45.080828+00:00,2026-03-27 15:18:09.433314+00:00
103,14a26d46-5b31-499f-ad00-fc30c8e863e4,18913824-a75f-44b9-a1c5-cec90c6cd419,3,Contenu utile mais parfois trop général. Catégorie : RSE. Point de référence : Atelier RSE économie d’énergie - édition 0966.,False,2026-04-28 11:10:08.448075+00:00,2026-04-29 00:19:40.586305+00:00
104,20381396-b550-4218-898a-872e373af9ec,7b168703-cc4f-43e5-9775-7d74b4db3f7f,5,Intervention de qualité avec des exemples concrets. Catégorie : Conférence. Point de référence : Rencontre expert expérience client - édition 0472.,False,2026-04-15 03:40:01.603319+00:00,2026-04-15 09:09:58.493024+00:00
105,4dc60709-3167-41bb-aa8f-653175b97d40,f0e0881e-5be2-4c7e-9a12-6c8d41853e5b,3,Contenu utile mais parfois trop général. Catégorie : Networking. Point de référence : Speed meeting forum projets - édition 0900.,False,2026-04-19 10:56:11.688079+00:00,2026-04-24 07:59:30.841649+00:00
106,5c16972b-3360-4fab-9157-7a2fe4be1ed7,ce27506a-6bbb-4843-9346-2fd118966745,4,Bon événement avec un contenu pertinent. Catégorie : Conférence. Point de référence : Table ronde marque employeur - édition 0726.,True,2026-03-12 17:43:12.156206+00:00,2026-03-13 09:38:46.639627+00:00
107,ccd46cab-c742-472f-8b66-729694b1c18b,374bb2b1-7239-47b4-a7f3-42a9312229af,5,Intervention de qualité avec des exemples concrets. Catégorie : RSE. Point de référence : Initiative durable inclusion - édition 0736.,False,2026-04-07 02:29:10.961642+00:00,2026-04-11 06:55:34.613825+00:00
108,ccd46cab-c742-472f-8b66-729694b1c18b,7dcdee17-8895-4c49-8c8b-2fe06574a692,1,Session difficile à suivre et peu pratique. Catégorie : RSE. Point de référence : Initiative durable inclusion - édition 0736.,True,2026-04-06 23:12:35.698530+00:00,2026-04-16 18:39:20.218115+00:00
109,10440011-36d1-45cd-b0f9-29469dc42429,a653f1b8-2202-491e-8b31-77d92d162949,4,Bonne animation avec des points pratiques. Catégorie : Conférence. Point de référence : Table ronde leadership responsable - édition 0678.,False,2026-04-28 14:44:33.671842+00:00,2026-04-28 22:08:10.759545+00:00
110,5c16972b-3360-4fab-9157-7a2fe4be1ed7,9f553eb2-43ed-4c97-9e01-f1efa2b58866,2,Organisation perfectible et interaction limitée. Catégorie : Conférence. Point de référence : Table ronde marque employeur - édition 0726.,False,2026-03-13 07:10:41.650906+00:00,2026-03-22 14:02:56.373797+00:00
111,ac26fd8d-c517-4688-bef2-c5c201e2ff96,84e69d57-36b1-481d-a823-b2bb1e0eff7b,1,Expérience limitée avec trop peu de valeur opérationnelle. Catégorie : Innovation. Point de référence : Lab innovation automatisation métier - édition 0066.,False,2026-04-22 11:38:43.597057+00:00,2026-04-23 02:38:16.413483+00:00
112,fb518144-8d76-42a9-a016-6da13e385137,9d09832f-ff19-4c77-9c05-12881b06c117,3,"Bon thème, mais le rythme pourrait être mieux équilibré. Catégorie : Networking. Point de référence : Forum d’échanges partage d’expérience - Support client - édition 0533.",True,2026-04-12 23:11:12.657210+00:00,2026-04-14 15:22:38.681956+00:00
113,ccd46cab-c742-472f-8b66-729694b1c18b,52d16be2-1e29-40b8-8bcf-0168e069291b,1,Organisation insuffisante pour tirer profit du sujet. Catégorie : RSE. Point de référence : Initiative durable inclusion - édition 0736.,False,2026-04-08 22:53:55.046147+00:00,2026-04-12 23:50:33.563508+00:00
114,73ed9e10-d7dd-4f35-812a-0836380719a5,136f0269-75a4-4b80-bd35-7c42da9c9843,3,Contenu utile mais parfois trop général. Catégorie : Webinaire. Point de référence : Session en ligne bien-être au travail - édition 0366.,False,2026-04-13 20:21:40.464331+00:00,2026-04-15 23:09:11.297168+00:00
115,40d339c6-9f7e-4c65-80aa-eeed3589bc0a,d39a524e-7c94-4fbb-ae92-88b5fbdeaeb8,3,Session correcte avec quelques pistes d’amélioration. Catégorie : Culture d’entreprise. Point de référence : Rencontre culture interne ambassadeurs culture - édition 0406.,False,2026-04-01 19:09:17.064516+00:00,2026-04-06 19:01:46.003619+00:00
116,10440011-36d1-45cd-b0f9-29469dc42429,e1146103-3e33-4ed7-9a4c-3426f5922da9,5,Format dynamique et échanges très constructifs. Catégorie : Conférence. Point de référence : Table ronde leadership responsable - édition 0678.,True,2026-05-01 01:58:08.725370+00:00,2026-05-01 04:06:05.758000+00:00
117,9d3098e0-1636-4cc4-afda-35b15eccbcc4,d4bea928-8cc6-40c1-ad6c-85ba2f32c3ca,3,Contenu utile mais parfois trop général. Catégorie : Culture d’entreprise. Point de référence : Session valeurs collaboration transversale - édition 0127.,False,2026-03-23 01:06:35.856573+00:00,2026-03-26 20:33:04.150403+00:00
118,32550296-6435-4ef2-90e1-028656282c7f,38f134e4-e62f-4bb9-a0f5-99a23ed433c7,1,Expérience limitée avec trop peu de valeur opérationnelle. Catégorie : Networking. Point de référence : Forum d’échanges petit-déjeuner business - édition 0357.,False,2026-03-21 12:48:39.215730+00:00,2026-03-25 05:58:28.523161+00:00
119,c55301a7-c74d-4ff0-8635-daafc502b6db,96fcb81f-46c4-4e0d-9431-72d62e53de35,3,Session correcte avec quelques pistes d’amélioration. Catégorie : Webinaire. Point de référence : Webinaire reporting financier - édition 0578.,False,2026-03-11 03:42:32.058844+00:00,2026-03-15 06:42:22.878035+00:00
120,c55301a7-c74d-4ff0-8635-daafc502b6db,d46a3b65-b3c2-4019-9b15-047e249159c1,5,Format dynamique et échanges très constructifs. Catégorie : Webinaire. Point de référence : Webinaire reporting financier - édition 0578.,True,2026-03-08 21:38:50.696824+00:00,2026-03-09 03:08:53.205883+00:00
121,c55301a7-c74d-4ff0-8635-daafc502b6db,dea563e5-75d4-4009-859c-5370f9952466,4,Session utile et bien structurée. Catégorie : Webinaire. Point de référence : Webinaire reporting financier - édition 0578.,False,2026-03-10 05:52:55.714397+00:00,2026-03-11 15:40:22.097350+00:00
122,558f4ece-d28f-4f60-a1ed-0fc59ecd077f,7b5a28c5-3946-4a3b-ad59-fc33a2e44d00,5,"Excellente expérience, contenu clair et directement utile. Catégorie : Bien-être. Point de référence : Pause prévention santé mentale - édition 0717.",False,2026-04-18 19:59:15.527523+00:00,2026-04-19 10:17:50.008486+00:00
123,7e26e7c2-9106-42f4-b316-f4e374e83380,e7809835-b2eb-469d-af70-252267401dcd,2,Organisation perfectible et interaction limitée. Catégorie : Bien-être. Point de référence : Rencontre santé au travail nutrition et énergie - édition 0659.,False,2026-03-11 03:37:52.446431+00:00,2026-03-11 20:50:43.554714+00:00
124,c63b2370-25af-4d8f-9320-7226692b196b,4abcf7de-7bd9-4a8b-8086-69d62985a420,5,"Très bonne session, bien organisée et enrichissante. Catégorie : Conférence. Point de référence : Table ronde finance durable - édition 0697.",True,2026-05-01 02:24:37.294697+00:00,2026-05-01 10:32:04.706377+00:00
125,40d339c6-9f7e-4c65-80aa-eeed3589bc0a,c79bf178-2ad7-46c5-a8bc-69d76f5a35b2,5,"Excellente expérience, contenu clair et directement utile. Catégorie : Culture d’entreprise. Point de référence : Rencontre culture interne ambassadeurs culture - édition 0406.",True,2026-04-01 10:51:55.639460+00:00,2026-04-08 10:24:38.609188+00:00
126,4dc60709-3167-41bb-aa8f-653175b97d40,85480232-8d0c-45e2-bb3b-62ccdcf67029,4,Événement intéressant et globalement réussi. Catégorie : Networking. Point de référence : Speed meeting forum projets - édition 0900.,False,2026-04-17 12:29:26.863406+00:00,2026-04-20 21:00:12.874225+00:00
127,685eab0b-417d-4cb4-916d-1e7ea0e5e5d7,0b72711e-4f6c-4326-9ddc-3f48887a46f7,1,Organisation insuffisante pour tirer profit du sujet. Catégorie : Formation. Point de référence : Session de formation contrats et conformité - édition 0058.,True,2026-03-18 02:39:45.305570+00:00,2026-03-21 05:30:51.408769+00:00
128,20381396-b550-4218-898a-872e373af9ec,1c17e3b7-1ace-4929-8a17-4b637e56b0b6,2,Contenu intéressant mais pas assez approfondi. Catégorie : Conférence. Point de référence : Rencontre expert expérience client - édition 0472.,False,2026-04-13 21:04:43.990250+00:00,2026-04-17 02:30:14.206866+00:00
129,35aa3585-3880-466e-a4f8-b30d6b45c62b,78c254c8-e08c-423c-b031-4de7e4eb1f25,5,"Très bonne session, bien organisée et enrichissante. Catégorie : Afterwork. Point de référence : Soirée réseau finance et business - édition 0858.",True,2026-04-05 11:27:42.039427+00:00,2026-04-11 07:29:33.612493+00:00
130,9d3098e0-1636-4cc4-afda-35b15eccbcc4,b273077f-41d4-4b27-99b4-fa52d85d84e2,5,Intervention de qualité avec des exemples concrets. Catégorie : Culture d’entreprise. Point de référence : Session valeurs collaboration transversale - édition 0127.,True,2026-03-29 10:03:24.344082+00:00,2026-04-02 08:47:45.190648+00:00
131,bb83982e-c8cc-4fda-98aa-0a54f2b673c1,29e789b9-43d6-4d77-bba5-a8fe5bbec079,5,"Très bonne session, bien organisée et enrichissante. Catégorie : RSE. Point de référence : Atelier RSE réduction carbone - édition 0399.",False,2026-03-31 04:32:48.946388+00:00,2026-04-02 20:53:49.389060+00:00
132,9d3098e0-1636-4cc4-afda-35b15eccbcc4,770a3736-dd6c-443d-92ff-d84e014a53e9,2,Organisation perfectible et interaction limitée. Catégorie : Culture d’entreprise. Point de référence : Session valeurs collaboration transversale - édition 0127.,False,2026-03-26 03:47:07.926258+00:00,2026-03-30 08:00:22.250568+00:00
133,9c310c8a-230b-4fa5-83e3-97417739fdd1,e1a6a44d-3130-4403-b5cb-3639929a10a0,4,Événement intéressant et globalement réussi. Catégorie : Afterwork. Point de référence : Rencontre informelle finance et business - Développement - édition 0886.,False,2026-03-27 16:40:27.382892+00:00,2026-03-28 19:55:34.855660+00:00
134,abf32af2-e35f-4b07-af36-278cd1c95202,d07b17dc-7457-4ac7-81fc-f5ba88f492bc,1,Le contenu ne répondait pas vraiment aux attentes. Catégorie : Networking. Point de référence : Forum d’échanges experts internes - édition 0272.,False,2026-03-30 00:39:59.962465+00:00,2026-04-06 05:57:01.646582+00:00
135,9d3098e0-1636-4cc4-afda-35b15eccbcc4,a912e90c-b716-4a56-8005-1c9111759dfd,5,"Très bonne session, bien organisée et enrichissante. Catégorie : Culture d’entreprise. Point de référence : Session valeurs collaboration transversale - édition 0127.",True,2026-03-30 02:47:55.380553+00:00,2026-04-04 05:57:54.962558+00:00
136,79e4e9e1-01be-46d8-bd8c-84a914c0397a,15422187-1dc9-46d5-8bf2-867217ee9f44,3,"Bon thème, mais le rythme pourrait être mieux équilibré. Catégorie : Afterwork. Point de référence : Soirée réseau convivialité - édition 0011.",True,2026-04-23 14:21:13.690878+00:00,2026-04-24 11:34:30.130045+00:00
137,fb518144-8d76-42a9-a016-6da13e385137,921a0f6a-b2e3-4312-947d-dbb1a59b7f17,5,"Excellente expérience, contenu clair et directement utile. Catégorie : Networking. Point de référence : Forum d’échanges partage d’expérience - Support client - édition 0533.",False,2026-04-15 10:28:30.143351+00:00,2026-04-23 01:52:45.296992+00:00
138,40d339c6-9f7e-4c65-80aa-eeed3589bc0a,966251e0-21da-4b33-8c4f-5acafc653771,5,"Excellente expérience, contenu clair et directement utile. Catégorie : Culture d’entreprise. Point de référence : Rencontre culture interne ambassadeurs culture - édition 0406.",False,2026-03-31 18:30:31.492217+00:00,2026-04-01 09:42:41.630929+00:00
139,0d190215-dd65-4aca-a803-d461f0c97c68,6f1f4dc0-4b42-4147-b573-37a2915f8a50,3,Session correcte avec quelques pistes d’amélioration. Catégorie : RSE. Point de référence : Action RSE économie d’énergie - édition 0501.,True,2026-03-15 21:11:09.301038+00:00,2026-03-18 02:44:59.481979+00:00
140,c55301a7-c74d-4ff0-8635-daafc502b6db,1282a9e9-9325-4f3d-94ee-887a13d79265,4,Bonne animation avec des points pratiques. Catégorie : Webinaire. Point de référence : Webinaire reporting financier - édition 0578.,False,2026-03-11 00:13:48.687196+00:00,2026-03-11 09:57:30.147946+00:00
141,7c599268-f746-4e6a-9127-104998e1ca41,d045ce18-decd-4a51-b04a-c4a0b10839a7,2,Organisation perfectible et interaction limitée. Catégorie : Formation. Point de référence : Formation SQL avancé - édition 0860.,False,2026-04-19 20:06:42.385997+00:00,2026-04-27 22:13:25.681853+00:00
142,c63b2370-25af-4d8f-9320-7226692b196b,6a808ecc-aa5f-46f7-9473-e17d132330cd,5,Format dynamique et échanges très constructifs. Catégorie : Conférence. Point de référence : Table ronde finance durable - édition 0697.,True,2026-04-30 03:28:17.818115+00:00,2026-05-01 02:09:13.358852+00:00
143,b4460a6b-789c-4b16-bca0-3794329f0ab3,1c9ec459-2c6a-47a7-b3cb-6090d55196b1,3,Contenu utile mais parfois trop général. Catégorie : Bien-être. Point de référence : Pause prévention équilibre professionnel - édition 0249.,True,2026-04-25 10:54:29.475103+00:00,2026-04-27 06:08:28.711237+00:00
144,c55301a7-c74d-4ff0-8635-daafc502b6db,e6693802-b58f-4be6-8509-975c7975dc5b,3,Expérience satisfaisante avec davantage d’exemples souhaités. Catégorie : Webinaire. Point de référence : Webinaire reporting financier - édition 0578.,True,2026-03-10 09:12:35.539822+00:00,2026-03-13 04:07:47.698556+00:00
145,b6075cac-0d08-42ad-bb6f-72d804a4abb6,6d306999-ddb5-47e6-9aec-107cca3f6bbb,1,Session difficile à suivre et peu pratique. Catégorie : Formation. Point de référence : Formation contrats et conformité - édition 0071.,False,2026-03-23 04:09:53.916218+00:00,2026-03-31 02:42:19.859314+00:00
146,10440011-36d1-45cd-b0f9-29469dc42429,c45d7879-b91c-47e2-9f80-fe17082b34a9,2,Session trop courte pour couvrir le sujet correctement. Catégorie : Conférence. Point de référence : Table ronde leadership responsable - édition 0678.,True,2026-04-30 16:53:08.585362+00:00,2026-04-30 22:19:41.073195+00:00
147,df9061ce-768a-48f5-85fa-9e84b27f3c82,68694506-5179-4288-8fa1-878fbaa48615,3,Session correcte avec quelques pistes d’amélioration. Catégorie : Atelier. Point de référence : Workshop gestion budgétaire - édition 0104.,True,2026-03-31 12:44:51.598456+00:00,2026-03-31 21:55:54.900386+00:00
148,c55301a7-c74d-4ff0-8635-daafc502b6db,5d703c5b-8047-4ae3-8d64-bd4389210efb,5,"Excellente expérience, contenu clair et directement utile. Catégorie : Webinaire. Point de référence : Webinaire reporting financier - édition 0578.",True,2026-03-16 07:52:57.455355+00:00,2026-03-17 06:55:38.057218+00:00
149,412f7996-b4f2-44ec-be37-0aa199ec8998,465f2a51-6e74-4cea-b466-c62c29193b73,1,Le contenu ne répondait pas vraiment aux attentes. Catégorie : Atelier. Point de référence : Session pratique design thinking - édition 0892.,False,2026-03-25 16:18:56.211874+00:00,2026-03-26 00:32:17.440358+00:00
150,a779c006-7510-4048-94bc-ffdc9259f64a,4d667ed7-ec6b-4add-aae1-3807ff1a161c,5,"Très bonne session, bien organisée et enrichissante. Catégorie : Innovation. Point de référence : Atelier innovation prototypage rapide - édition 0286.",True,2026-03-09 18:57:37.569120+00:00,2026-03-15 20:34:39.090258+00:00
151,fc34e1fc-4661-4a79-8177-57658ee1d856,2283e00e-d82e-4663-8d50-14ece1f3a41c,1,Le contenu ne répondait pas vraiment aux attentes. Catégorie : Webinaire. Point de référence : Live interne IoT et capteurs - édition 0063.,True,2026-03-04 09:12:10.242203+00:00,2026-03-06 20:21:18.610927+00:00
152,0a0c2bd6-9d51-441b-83d0-68db4cd99256,c2c17b8a-e8e3-4734-8a5d-558dcb795104,2,Organisation perfectible et interaction limitée. Catégorie : Culture d’entreprise. Point de référence : Rencontre culture interne onboarding culturel - édition 0105.,False,2026-03-06 01:31:09.824506+00:00,2026-03-09 20:44:24.663289+00:00
153,8ab14006-b776-448d-9d93-d01d7cd90426,4a9e86b6-080d-430e-bcb2-e2ee310d6672,5,"Très bonne session, bien organisée et enrichissante. Catégorie : Team building. Point de référence : Défi collaboratif résolution de problèmes - Informatique - édition 0463.",False,2026-03-09 13:54:05.492523+00:00,2026-03-10 15:27:43.698771+00:00
154,ccd46cab-c742-472f-8b66-729694b1c18b,96f88851-c0d4-41cf-be20-b08886bc6e6c,4,Bonne animation avec des points pratiques. Catégorie : RSE. Point de référence : Initiative durable inclusion - édition 0736.,True,2026-04-12 14:36:42.627255+00:00,2026-04-16 15:09:48.149777+00:00
155,0d190215-dd65-4aca-a803-d461f0c97c68,5974ae31-04b8-4503-9dea-54b6eb4c5696,2,Contenu intéressant mais pas assez approfondi. Catégorie : RSE. Point de référence : Action RSE économie d’énergie - édition 0501.,False,2026-03-18 22:56:59.556816+00:00,2026-03-23 16:07:09.924402+00:00
156,b22a565b-8fff-497d-a61d-83781fd9a616,20ce269e-2582-410c-94a7-4694b2562699,5,"Très bonne session, bien organisée et enrichissante. Catégorie : Afterwork. Point de référence : Soirée réseau nouveaux arrivants - édition 0201.",False,2026-04-22 06:10:24.224245+00:00,2026-04-24 05:06:54.680716+00:00
157,9d3098e0-1636-4cc4-afda-35b15eccbcc4,7b5a28c5-3946-4a3b-ad59-fc33a2e44d00,4,Bon événement avec un contenu pertinent. Catégorie : Culture d’entreprise. Point de référence : Session valeurs collaboration transversale - édition 0127.,True,2026-03-23 01:54:07.022119+00:00,2026-03-23 11:46:32.001980+00:00
158,0d190215-dd65-4aca-a803-d461f0c97c68,b6421516-65a2-4794-a3cf-e6d057cb9c36,5,"Très bonne session, bien organisée et enrichissante. Catégorie : RSE. Point de référence : Action RSE économie d’énergie - édition 0501.",False,2026-03-18 08:40:40.675958+00:00,2026-03-19 12:59:31.956071+00:00
159,79e4e9e1-01be-46d8-bd8c-84a914c0397a,278dc842-25a6-4a12-919b-ae5cb5106a96,2,Organisation perfectible et interaction limitée. Catégorie : Afterwork. Point de référence : Soirée réseau convivialité - édition 0011.,False,2026-04-23 22:22:47.128427+00:00,2026-04-24 19:45:12.752472+00:00
160,10440011-36d1-45cd-b0f9-29469dc42429,f4cd3bad-4dac-4e03-9295-0b1a528ef4eb,4,Bonne animation avec des points pratiques. Catégorie : Conférence. Point de référence : Table ronde leadership responsable - édition 0678.,True,2026-04-29 22:18:34.715496+00:00,2026-05-01 03:54:55.066572+00:00
161,7d256949-75b2-4833-a44c-2cee42b2281e,82015a98-3b01-41dc-9cac-7c689d1a99b7,5,Format dynamique et échanges très constructifs. Catégorie : Team building. Point de référence : Team building résolution de problèmes - Juridique - édition 0869.,True,2026-03-15 08:49:23.744226+00:00,2026-03-16 09:08:26.386802+00:00
162,0a0c2bd6-9d51-441b-83d0-68db4cd99256,fdaa0ab3-4f74-427f-8610-07c992b50bf5,1,Expérience limitée avec trop peu de valeur opérationnelle. Catégorie : Culture d’entreprise. Point de référence : Rencontre culture interne onboarding culturel - édition 0105.,True,2026-03-10 10:21:03.310470+00:00,2026-03-15 02:56:28.594453+00:00
163,9d3098e0-1636-4cc4-afda-35b15eccbcc4,5eaddab7-e9e5-496f-98cf-f1c69022ecfa,5,Intervention de qualité avec des exemples concrets. Catégorie : Culture d’entreprise. Point de référence : Session valeurs collaboration transversale - édition 0127.,True,2026-03-28 19:50:56.283080+00:00,2026-03-30 13:37:41.789437+00:00
164,9d3098e0-1636-4cc4-afda-35b15eccbcc4,24142aac-d1c8-42ac-a86d-f1049fd901a2,5,"Très bonne session, bien organisée et enrichissante. Catégorie : Culture d’entreprise. Point de référence : Session valeurs collaboration transversale - édition 0127.",True,2026-03-22 23:06:57.730867+00:00,2026-03-24 15:15:26.190053+00:00
165,40d339c6-9f7e-4c65-80aa-eeed3589bc0a,86c5b659-a2b1-435e-ad5f-6550a8be0606,4,Bonne animation avec des points pratiques. Catégorie : Culture d’entreprise. Point de référence : Rencontre culture interne ambassadeurs culture - édition 0406.,False,2026-04-03 22:17:43.696034+00:00,2026-04-10 11:07:09.015095+00:00
166,4dc60709-3167-41bb-aa8f-653175b97d40,c58bb0f6-4d0a-48af-8710-da23e9acd1d0,1,Expérience limitée avec trop peu de valeur opérationnelle. Catégorie : Networking. Point de référence : Speed meeting forum projets - édition 0900.,True,2026-04-15 21:01:12.172012+00:00,2026-04-18 15:18:57.094425+00:00
167,fc34e1fc-4661-4a79-8177-57658ee1d856,070f1315-23db-4264-a087-d9f5634d6d48,5,"Très bonne session, bien organisée et enrichissante. Catégorie : Webinaire. Point de référence : Live interne IoT et capteurs - édition 0063.",True,2026-03-08 02:26:26.976589+00:00,2026-03-17 13:03:05.256722+00:00
168,10440011-36d1-45cd-b0f9-29469dc42429,a05fb95c-ba9f-4e27-a689-3cf5fc1b5a26,2,Contenu intéressant mais pas assez approfondi. Catégorie : Conférence. Point de référence : Table ronde leadership responsable - édition 0678.,True,2026-04-28 11:45:39.971832+00:00,2026-04-30 09:47:29.455603+00:00
169,bb83982e-c8cc-4fda-98aa-0a54f2b673c1,49a32bab-cd26-41b3-bd72-44b130c4f30f,2,Organisation perfectible et interaction limitée. Catégorie : RSE. Point de référence : Atelier RSE réduction carbone - édition 0399.,False,2026-03-28 11:19:17.142931+00:00,2026-04-01 19:25:11.339792+00:00
170,14a26d46-5b31-499f-ad00-fc30c8e863e4,829eabd6-72af-4c4e-b91e-42647a56cf50,5,Intervention de qualité avec des exemples concrets. Catégorie : RSE. Point de référence : Atelier RSE économie d’énergie - édition 0966.,True,2026-04-26 20:02:11.574958+00:00,2026-04-30 07:10:46.324391+00:00
171,bb83982e-c8cc-4fda-98aa-0a54f2b673c1,5bba076a-bfef-4cf9-be7b-eaf7160e722e,3,Contenu utile mais parfois trop général. Catégorie : RSE. Point de référence : Atelier RSE réduction carbone - édition 0399.,False,2026-03-31 20:35:03.533980+00:00,2026-04-07 19:27:28.432215+00:00
172,ccd46cab-c742-472f-8b66-729694b1c18b,49af6a16-f923-4210-8c56-e311e38c564d,5,Intervention de qualité avec des exemples concrets. Catégorie : RSE. Point de référence : Initiative durable inclusion - édition 0736.,True,2026-04-07 12:35:06.000396+00:00,2026-04-14 20:21:56.020002+00:00
173,2662f2f2-e147-4bfb-a3b6-41a7cba757de,ada33a22-047d-41f7-9001-c78a46d52ecc,1,Session difficile à suivre et peu pratique. Catégorie : Bien-être. Point de référence : Rencontre santé au travail équilibre professionnel - édition 0453.,False,2026-04-10 00:09:41.065281+00:00,2026-04-18 13:19:58.063558+00:00
174,7dd6c375-bc30-4b54-9918-bfaebbc54d99,0d89d375-2da9-4e6e-bf17-55801c583b8e,1,Expérience limitée avec trop peu de valeur opérationnelle. Catégorie : Formation. Point de référence : Formation cybersécurité - édition 0507.,True,2026-04-04 01:12:57.775661+00:00,2026-04-04 11:03:31.399941+00:00
175,b5a07b22-e8b4-4066-9f47-dfab0796c1c3,eb004ec6-6884-44b6-8aae-0caf60444601,5,"Très bonne session, bien organisée et enrichissante. Catégorie : Networking. Point de référence : Networking experts internes - édition 0810.",False,2026-05-01 00:29:48.872790+00:00,2026-05-01 08:45:18.382110+00:00
176,c55301a7-c74d-4ff0-8635-daafc502b6db,449ac75e-578d-423f-8bc4-b4c90d6ac229,4,Session utile et bien structurée. Catégorie : Webinaire. Point de référence : Webinaire reporting financier - édition 0578.,False,2026-03-12 16:45:02.882777+00:00,2026-03-13 02:56:25.392525+00:00
177,bb83982e-c8cc-4fda-98aa-0a54f2b673c1,ebc876d8-1628-4ff4-afd4-eea254a75a3c,4,Bon événement avec un contenu pertinent. Catégorie : RSE. Point de référence : Atelier RSE réduction carbone - édition 0399.,True,2026-04-01 00:20:32.332236+00:00,2026-04-05 03:08:03.463177+00:00
178,980787db-d4eb-4aa9-ab2e-45126ad1567a,66c8ea56-9614-4fab-9460-4b1502ac89ba,2,Organisation perfectible et interaction limitée. Catégorie : Networking. Point de référence : Speed meeting forum projets - édition 0867.,True,2026-03-26 02:48:21.240958+00:00,2026-03-26 20:19:49.124127+00:00
179,79e4e9e1-01be-46d8-bd8c-84a914c0397a,8f774f8b-da2a-4c78-929b-0896a8c710b9,1,Organisation insuffisante pour tirer profit du sujet. Catégorie : Afterwork. Point de référence : Soirée réseau convivialité - édition 0011.,False,2026-04-20 11:50:25.892049+00:00,2026-04-20 18:50:33.692030+00:00
180,14a26d46-5b31-499f-ad00-fc30c8e863e4,bec21b43-0b9a-4b14-aec4-4493b6192e37,4,Événement intéressant et globalement réussi. Catégorie : RSE. Point de référence : Atelier RSE économie d’énergie - édition 0966.,True,2026-04-29 09:34:15.315278+00:00,2026-04-29 12:20:47.265587+00:00
181,df9061ce-768a-48f5-85fa-9e84b27f3c82,694b0956-4e4d-45ad-893c-29800a2bcfd9,2,Objectifs utiles mais présentation à clarifier. Catégorie : Atelier. Point de référence : Workshop gestion budgétaire - édition 0104.,False,2026-03-30 21:55:41.902976+00:00,2026-04-08 16:37:45.730051+00:00
182,b5a07b22-e8b4-4066-9f47-dfab0796c1c3,76d0d2a2-4118-4160-aa2f-d3e4e8396d50,4,Événement intéressant et globalement réussi. Catégorie : Networking. Point de référence : Networking experts internes - édition 0810.,True,2026-05-01 01:23:42.723495+00:00,2026-05-01 02:03:47.591605+00:00
183,4dc60709-3167-41bb-aa8f-653175b97d40,41417e3e-4fd4-4942-a396-ba652bde8364,2,Session trop courte pour couvrir le sujet correctement. Catégorie : Networking. Point de référence : Speed meeting forum projets - édition 0900.,True,2026-04-20 10:23:22.183199+00:00,2026-04-22 00:40:01.267520+00:00
184,fb518144-8d76-42a9-a016-6da13e385137,bec21b43-0b9a-4b14-aec4-4493b6192e37,3,Session correcte avec quelques pistes d’amélioration. Catégorie : Networking. Point de référence : Forum d’échanges partage d’expérience - Support client - édition 0533.,False,2026-04-17 18:23:21.686698+00:00,2026-04-19 00:46:30.138989+00:00
185,7dd6c375-bc30-4b54-9918-bfaebbc54d99,9c80f797-b35a-496e-a518-bd9b32ba13b9,5,Format dynamique et échanges très constructifs. Catégorie : Formation. Point de référence : Formation cybersécurité - édition 0507.,True,2026-04-08 21:27:56.566480+00:00,2026-04-10 10:37:57.182913+00:00
186,0a0c2bd6-9d51-441b-83d0-68db4cd99256,170d2f68-2e8a-4567-81c1-cd4a0016ee2d,2,Objectifs utiles mais présentation à clarifier. Catégorie : Culture d’entreprise. Point de référence : Rencontre culture interne onboarding culturel - édition 0105.,True,2026-03-09 08:30:11.510393+00:00,2026-03-11 17:11:32.015392+00:00
187,c55301a7-c74d-4ff0-8635-daafc502b6db,3f41bf71-321e-42aa-9bc9-08d233bda92b,5,"Très bonne session, bien organisée et enrichissante. Catégorie : Webinaire. Point de référence : Webinaire reporting financier - édition 0578.",False,2026-03-11 15:03:53.471484+00:00,2026-03-17 12:13:23.640279+00:00
188,9c310c8a-230b-4fa5-83e3-97417739fdd1,67ef2ce8-8158-4061-b39f-1648161b988a,3,Contenu utile mais parfois trop général. Catégorie : Afterwork. Point de référence : Rencontre informelle finance et business - Développement - édition 0886.,True,2026-03-30 07:51:53.092702+00:00,2026-04-05 14:07:41.562197+00:00
189,39bfc35e-8bb4-403e-b418-4d800493599f,5cfa3cf8-4522-4c4c-8087-ae79149ab327,2,Organisation perfectible et interaction limitée. Catégorie : Atelier. Point de référence : Atelier collaboratif gestion budgétaire - édition 0888.,True,2026-03-28 14:07:42.780894+00:00,2026-04-01 00:34:59.361912+00:00
190,2a993f2e-58c0-4268-a821-34a46d9e99b3,7497f43c-158d-489b-b70c-fe3b4c138821,5,"Très bonne session, bien organisée et enrichissante. Catégorie : Afterwork. Point de référence : Moment convivial équipes projet - édition 0073.",False,2026-04-19 17:02:32.707931+00:00,2026-04-20 01:08:32.159345+00:00
191,0a0c2bd6-9d51-441b-83d0-68db4cd99256,edc57913-68cf-4b04-a356-052f6ffdbcff,3,Expérience satisfaisante avec davantage d’exemples souhaités. Catégorie : Culture d’entreprise. Point de référence : Rencontre culture interne onboarding culturel - édition 0105.,False,2026-03-04 05:21:06.820549+00:00,2026-03-06 00:07:34.770143+00:00
192,c63b2370-25af-4d8f-9320-7226692b196b,2620e675-d3ba-4ca5-85bf-2dd08f05bca7,3,"Bon thème, mais le rythme pourrait être mieux équilibré. Catégorie : Conférence. Point de référence : Table ronde finance durable - édition 0697.",False,2026-04-30 22:20:03.347564+00:00,2026-05-01 04:29:39.580667+00:00
193,40d339c6-9f7e-4c65-80aa-eeed3589bc0a,35b84825-f888-46e4-90d7-f9a8cd6a7762,5,Intervention de qualité avec des exemples concrets. Catégorie : Culture d’entreprise. Point de référence : Rencontre culture interne ambassadeurs culture - édition 0406.,True,2026-04-08 10:17:58.393897+00:00,2026-04-11 00:48:30.777033+00:00
194,9d3098e0-1636-4cc4-afda-35b15eccbcc4,1a5ca586-55ef-4c1b-9c5f-2f5b56931420,4,Session utile et bien structurée. Catégorie : Culture d’entreprise. Point de référence : Session valeurs collaboration transversale - édition 0127.,False,2026-03-23 14:38:26.630732+00:00,2026-03-25 21:08:26.066764+00:00
195,0a0c2bd6-9d51-441b-83d0-68db4cd99256,b85064cb-2497-4073-9f57-26339c4d0da4,5,"Très bonne session, bien organisée et enrichissante. Catégorie : Culture d’entreprise. Point de référence : Rencontre culture interne onboarding culturel - édition 0105.",True,2026-03-08 12:03:28.339392+00:00,2026-03-10 06:39:56.261891+00:00
196,4dc60709-3167-41bb-aa8f-653175b97d40,41bbe326-5123-4001-a1ca-3c7de3d60835,4,Bonne animation avec des points pratiques. Catégorie : Networking. Point de référence : Speed meeting forum projets - édition 0900.,False,2026-04-22 11:31:29.092856+00:00,2026-04-30 18:23:21.213070+00:00
197,359e99c9-a8e0-464c-a3e4-0cf90413eda0,d038d3e8-db0f-4824-9216-4de208fd6652,3,Session correcte avec quelques pistes d’amélioration. Catégorie : Conférence. Point de référence : Keynote interne finance durable - IoT - édition 0998.,True,2026-04-09 01:40:01.801680+00:00,2026-04-11 00:14:24.897304+00:00
198,73ed9e10-d7dd-4f35-812a-0836380719a5,a6c81a36-4a3a-4684-8a2a-15a4167abc2c,1,Le contenu ne répondait pas vraiment aux attentes. Catégorie : Webinaire. Point de référence : Session en ligne bien-être au travail - édition 0366.,False,2026-04-14 03:49:25.116282+00:00,2026-04-16 23:54:50.686355+00:00
199,35aa3585-3880-466e-a4f8-b30d6b45c62b,c8179126-6db5-4378-878a-06984c582910,5,Intervention de qualité avec des exemples concrets. Catégorie : Afterwork. Point de référence : Soirée réseau finance et business - édition 0858.,True,2026-04-03 12:18:59.776607+00:00,2026-04-04 05:51:37.104382+00:00
200,c55301a7-c74d-4ff0-8635-daafc502b6db,f2d45b59-75cd-44be-b428-acaecb458fb7,4,Session utile et bien structurée. Catégorie : Webinaire. Point de référence : Webinaire reporting financier - édition 0578.,True,2026-03-10 06:03:09.908597+00:00,2026-03-13 12:20:12.370747+00:00
201,ccd46cab-c742-472f-8b66-729694b1c18b,320540a7-1daa-4726-b502-7fecc0270091,5,Format dynamique et échanges très constructifs. Catégorie : RSE. Point de référence : Initiative durable inclusion - édition 0736.,True,2026-04-07 06:45:56.005614+00:00,2026-04-13 08:08:34.033830+00:00
202,2662f2f2-e147-4bfb-a3b6-41a7cba757de,a1c5d618-8d96-458c-8e77-e2adbc9f6c23,4,Événement intéressant et globalement réussi. Catégorie : Bien-être. Point de référence : Rencontre santé au travail équilibre professionnel - édition 0453.,False,2026-04-17 09:36:42.606963+00:00,2026-04-21 04:18:33.592833+00:00
203,c55301a7-c74d-4ff0-8635-daafc502b6db,8eb23e0d-e7bd-4642-b245-6338a02daf5d,4,Événement intéressant et globalement réussi. Catégorie : Webinaire. Point de référence : Webinaire reporting financier - édition 0578.,False,2026-03-14 20:34:37.248632+00:00,2026-03-16 23:33:09.672773+00:00
204,0a0c2bd6-9d51-441b-83d0-68db4cd99256,c96c33b2-deb4-4624-905a-4bb4eba9b66b,2,Session trop courte pour couvrir le sujet correctement. Catégorie : Culture d’entreprise. Point de référence : Rencontre culture interne onboarding culturel - édition 0105.,True,2026-03-09 07:14:49.317005+00:00,2026-03-10 14:17:37.537375+00:00
205,5c16972b-3360-4fab-9157-7a2fe4be1ed7,da6180bb-789f-4ba7-887c-08f5033ce3bd,5,Intervention de qualité avec des exemples concrets. Catégorie : Conférence. Point de référence : Table ronde marque employeur - édition 0726.,True,2026-03-16 23:03:18.785672+00:00,2026-03-18 09:27:21.121559+00:00
206,14a26d46-5b31-499f-ad00-fc30c8e863e4,4732e98c-1b0b-4a04-9010-a3ac17db092b,2,Organisation perfectible et interaction limitée. Catégorie : RSE. Point de référence : Atelier RSE économie d’énergie - édition 0966.,True,2026-04-29 04:08:34.027230+00:00,2026-04-29 12:00:12.773090+00:00
207,0d190215-dd65-4aca-a803-d461f0c97c68,054fbfd5-4987-4e74-981e-7720556bff7c,3,Session correcte avec quelques pistes d’amélioration. Catégorie : RSE. Point de référence : Action RSE économie d’énergie - édition 0501.,True,2026-03-19 21:24:14.927633+00:00,2026-03-23 07:37:58.270310+00:00
208,14a26d46-5b31-499f-ad00-fc30c8e863e4,9dd603d9-070f-421c-9578-652d098d33ae,1,Organisation insuffisante pour tirer profit du sujet. Catégorie : RSE. Point de référence : Atelier RSE économie d’énergie - édition 0966.,False,2026-04-29 01:01:02.875482+00:00,2026-04-29 23:49:22.766927+00:00
209,5c16972b-3360-4fab-9157-7a2fe4be1ed7,066a8584-2f31-4a5b-81a3-bfcffb97ceb0,4,Bon événement avec un contenu pertinent. Catégorie : Conférence. Point de référence : Table ronde marque employeur - édition 0726.,True,2026-03-15 01:18:06.197276+00:00,2026-03-15 23:23:39.154482+00:00
210,39bfc35e-8bb4-403e-b418-4d800493599f,f0e0881e-5be2-4c7e-9a12-6c8d41853e5b,3,Session correcte avec quelques pistes d’amélioration. Catégorie : Atelier. Point de référence : Atelier collaboratif gestion budgétaire - édition 0888.,False,2026-03-25 12:08:21.530384+00:00,2026-03-25 17:26:55.310617+00:00
211,7dd6c375-bc30-4b54-9918-bfaebbc54d99,b84486da-21ec-4b82-bf29-a0ba711862f5,1,Session difficile à suivre et peu pratique. Catégorie : Formation. Point de référence : Formation cybersécurité - édition 0507.,True,2026-03-29 16:44:13.900786+00:00,2026-03-31 21:04:34.496306+00:00
212,a779c006-7510-4048-94bc-ffdc9259f64a,523b8c7a-c2fe-456d-b96a-d35efdae8e10,5,Intervention de qualité avec des exemples concrets. Catégorie : Innovation. Point de référence : Atelier innovation prototypage rapide - édition 0286.,False,2026-03-09 11:56:54.042678+00:00,2026-03-14 01:50:44.699650+00:00
213,32550296-6435-4ef2-90e1-028656282c7f,e8dda1ab-4e22-4b44-b642-16d429b530e6,4,Événement intéressant et globalement réussi. Catégorie : Networking. Point de référence : Forum d’échanges petit-déjeuner business - édition 0357.,False,2026-03-21 10:08:17.907064+00:00,2026-03-23 20:33:36.941164+00:00
214,73ed9e10-d7dd-4f35-812a-0836380719a5,f2b06dee-e475-4ddf-9811-39467ec5c4b3,5,Intervention de qualité avec des exemples concrets. Catégorie : Webinaire. Point de référence : Session en ligne bien-être au travail - édition 0366.,True,2026-04-16 02:19:43.193603+00:00,2026-04-19 12:08:37.004811+00:00
215,4dc60709-3167-41bb-aa8f-653175b97d40,d04fc3d7-1126-4cb3-9932-981657c916cf,4,Bonne animation avec des points pratiques. Catégorie : Networking. Point de référence : Speed meeting forum projets - édition 0900.,False,2026-04-16 05:33:09.167698+00:00,2026-04-18 05:32:12.265204+00:00
216,359e99c9-a8e0-464c-a3e4-0cf90413eda0,eb85b268-bb88-4119-939d-492d2322518f,1,Session difficile à suivre et peu pratique. Catégorie : Conférence. Point de référence : Keynote interne finance durable - IoT - édition 0998.,False,2026-04-07 22:01:11.370662+00:00,2026-04-08 09:11:53.811111+00:00
217,5c16972b-3360-4fab-9157-7a2fe4be1ed7,59566cb1-e2b4-4f2a-80be-6b9dcc4429c7,1,Organisation insuffisante pour tirer profit du sujet. Catégorie : Conférence. Point de référence : Table ronde marque employeur - édition 0726.,False,2026-03-15 11:16:44.698127+00:00,2026-03-18 08:16:49.501149+00:00
218,c55301a7-c74d-4ff0-8635-daafc502b6db,f5fabd31-c937-4924-a2a4-7cd151d87d06,3,Session correcte avec quelques pistes d’amélioration. Catégorie : Webinaire. Point de référence : Webinaire reporting financier - édition 0578.,False,2026-03-11 04:15:18.426102+00:00,2026-03-14 20:22:26.624705+00:00
219,73ed9e10-d7dd-4f35-812a-0836380719a5,9a1159ca-5027-4cc5-acce-0e458cb282f9,1,Organisation insuffisante pour tirer profit du sujet. Catégorie : Webinaire. Point de référence : Session en ligne bien-être au travail - édition 0366.,True,2026-04-19 22:54:24.646181+00:00,2026-04-22 18:49:47.196848+00:00
220,ccd46cab-c742-472f-8b66-729694b1c18b,b6a8879c-3ed7-476d-8f1c-47f8f344f70d,5,"Excellente expérience, contenu clair et directement utile. Catégorie : RSE. Point de référence : Initiative durable inclusion - édition 0736.",False,2026-04-15 15:26:03.346568+00:00,2026-04-16 00:35:54.692759+00:00
221,9d3098e0-1636-4cc4-afda-35b15eccbcc4,342b5161-320b-428c-a3a4-897f848e1286,2,Session trop courte pour couvrir le sujet correctement. Catégorie : Culture d’entreprise. Point de référence : Session valeurs collaboration transversale - édition 0127.,False,2026-03-26 09:07:24.923162+00:00,2026-03-31 08:13:03.833281+00:00
222,0a0c2bd6-9d51-441b-83d0-68db4cd99256,7a896dbe-f0e6-49e6-be1b-41feb6e585a7,1,Organisation insuffisante pour tirer profit du sujet. Catégorie : Culture d’entreprise. Point de référence : Rencontre culture interne onboarding culturel - édition 0105.,True,2026-03-04 06:29:26.731860+00:00,2026-03-04 13:47:57.512808+00:00
223,2a993f2e-58c0-4268-a821-34a46d9e99b3,28ac5ef3-c8dc-4aa9-97a4-4bd90a55268b,4,Bonne animation avec des points pratiques. Catégorie : Afterwork. Point de référence : Moment convivial équipes projet - édition 0073.,False,2026-04-25 02:07:06.335625+00:00,2026-04-27 18:44:36.821208+00:00
224,bd1a3473-a2be-43bf-9f69-fbd42e9fb520,b84486da-21ec-4b82-bf29-a0ba711862f5,3,Contenu utile mais parfois trop général. Catégorie : Afterwork. Point de référence : Rencontre informelle réseau interne - édition 0224.,True,2026-03-29 00:00:44.552736+00:00,2026-04-04 11:26:48.786123+00:00
225,5c16972b-3360-4fab-9157-7a2fe4be1ed7,7b5a28c5-3946-4a3b-ad59-fc33a2e44d00,1,Le contenu ne répondait pas vraiment aux attentes. Catégorie : Conférence. Point de référence : Table ronde marque employeur - édition 0726.,False,2026-03-16 05:16:30.212616+00:00,2026-03-19 02:21:37.802176+00:00
226,fc34e1fc-4661-4a79-8177-57658ee1d856,473aea92-b352-4816-84a6-998d6674e016,4,Événement intéressant et globalement réussi. Catégorie : Webinaire. Point de référence : Live interne IoT et capteurs - édition 0063.,False,2026-03-02 18:17:36.305144+00:00,2026-03-12 05:25:15.116688+00:00
227,14a26d46-5b31-499f-ad00-fc30c8e863e4,fd139f69-a02f-403a-a413-19b49a716926,5,Format dynamique et échanges très constructifs. Catégorie : RSE. Point de référence : Atelier RSE économie d’énergie - édition 0966.,False,2026-04-27 09:12:02.697186+00:00,2026-04-27 21:05:19.519690+00:00
228,4dc60709-3167-41bb-aa8f-653175b97d40,0737a7a1-e7e6-43a8-ade5-027ff9fba167,4,Bon événement avec un contenu pertinent. Catégorie : Networking. Point de référence : Speed meeting forum projets - édition 0900.,False,2026-04-17 10:15:41.459124+00:00,2026-04-17 19:26:25.818470+00:00
229,c63b2370-25af-4d8f-9320-7226692b196b,de60686f-1075-42f6-8d70-c65c29ff1620,2,Contenu intéressant mais pas assez approfondi. Catégorie : Conférence. Point de référence : Table ronde finance durable - édition 0697.,False,2026-04-30 12:14:05.859195+00:00,2026-04-30 21:14:31.492606+00:00
230,9d3098e0-1636-4cc4-afda-35b15eccbcc4,16f1ef83-2744-47e3-a8fa-a79542e39c6e,4,Session utile et bien structurée. Catégorie : Culture d’entreprise. Point de référence : Session valeurs collaboration transversale - édition 0127.,False,2026-03-27 00:22:12.515365+00:00,2026-03-27 12:58:17.943757+00:00
231,980787db-d4eb-4aa9-ab2e-45126ad1567a,efe3f27d-9b61-4dcc-bdee-66d1ff6634b6,5,Intervention de qualité avec des exemples concrets. Catégorie : Networking. Point de référence : Speed meeting forum projets - édition 0867.,False,2026-03-26 22:20:42.148250+00:00,2026-04-03 08:56:55.208336+00:00
232,df9061ce-768a-48f5-85fa-9e84b27f3c82,3e5fe20d-95f7-4fea-a0b1-f764d3af1ede,3,Expérience satisfaisante avec davantage d’exemples souhaités. Catégorie : Atelier. Point de référence : Workshop gestion budgétaire - édition 0104.,True,2026-04-02 12:16:07.274252+00:00,2026-04-02 15:31:19.662826+00:00
233,0a0c2bd6-9d51-441b-83d0-68db4cd99256,ea12320a-4a0d-419c-bf03-96d78e585918,2,Objectifs utiles mais présentation à clarifier. Catégorie : Culture d’entreprise. Point de référence : Rencontre culture interne onboarding culturel - édition 0105.,False,2026-03-08 15:21:30.442438+00:00,2026-03-13 19:51:50.034943+00:00
234,980787db-d4eb-4aa9-ab2e-45126ad1567a,11a37724-d4a2-4571-9734-d56b460e4a73,5,"Très bonne session, bien organisée et enrichissante. Catégorie : Networking. Point de référence : Speed meeting forum projets - édition 0867.",False,2026-03-24 22:06:37.202108+00:00,2026-03-31 15:22:09.925621+00:00
235,2a993f2e-58c0-4268-a821-34a46d9e99b3,ae923cee-de34-4666-b2f5-d8b68dd987f9,2,Organisation perfectible et interaction limitée. Catégorie : Afterwork. Point de référence : Moment convivial équipes projet - édition 0073.,True,2026-04-18 17:42:48.531084+00:00,2026-04-22 20:09:41.746929+00:00
236,558f4ece-d28f-4f60-a1ed-0fc59ecd077f,d39a524e-7c94-4fbb-ae92-88b5fbdeaeb8,2,Objectifs utiles mais présentation à clarifier. Catégorie : Bien-être. Point de référence : Pause prévention santé mentale - édition 0717.,False,2026-04-22 18:16:05.845140+00:00,2026-04-25 04:28:51.440025+00:00
237,20381396-b550-4218-898a-872e373af9ec,d432410f-620e-49df-9646-346e8457b3bf,2,Contenu intéressant mais pas assez approfondi. Catégorie : Conférence. Point de référence : Rencontre expert expérience client - édition 0472.,True,2026-04-14 13:03:07.427276+00:00,2026-04-15 03:51:36.230895+00:00
238,359e99c9-a8e0-464c-a3e4-0cf90413eda0,f93fc94f-b705-49f5-954a-4683273857f4,2,Contenu intéressant mais pas assez approfondi. Catégorie : Conférence. Point de référence : Keynote interne finance durable - IoT - édition 0998.,True,2026-04-08 16:37:42.164008+00:00,2026-04-09 19:11:15.928296+00:00
239,2a993f2e-58c0-4268-a821-34a46d9e99b3,0280d734-a9d4-4fa0-ab8b-772dff7f7954,4,Session utile et bien structurée. Catégorie : Afterwork. Point de référence : Moment convivial équipes projet - édition 0073.,False,2026-04-22 09:22:41.579087+00:00,2026-04-27 22:32:47.334407+00:00
240,10440011-36d1-45cd-b0f9-29469dc42429,33f7c853-3ff8-4418-bdb9-d83a6f30531c,4,Bon événement avec un contenu pertinent. Catégorie : Conférence. Point de référence : Table ronde leadership responsable - édition 0678.,False,2026-05-01 11:05:41.822776+00:00,2026-05-01 11:46:55.089591+00:00
241,a779c006-7510-4048-94bc-ffdc9259f64a,85b757d0-f583-4082-88db-1422127834d3,2,Contenu intéressant mais pas assez approfondi. Catégorie : Innovation. Point de référence : Atelier innovation prototypage rapide - édition 0286.,False,2026-03-16 01:06:34.197287+00:00,2026-03-19 01:03:55.790636+00:00
242,0ecd8622-7de2-4bd2-83ae-31ca4925c47e,5e61724f-7287-442f-963a-0d5dd803249c,4,Événement intéressant et globalement réussi. Catégorie : Bien-être. Point de référence : Rencontre santé au travail équilibre professionnel - édition 0312.,True,2026-04-16 06:25:02.371250+00:00,2026-04-18 17:24:57.783017+00:00
243,40d339c6-9f7e-4c65-80aa-eeed3589bc0a,83591bb5-b0a5-432a-9670-a236e11cbb0b,3,Expérience satisfaisante avec davantage d’exemples souhaités. Catégorie : Culture d’entreprise. Point de référence : Rencontre culture interne ambassadeurs culture - édition 0406.,False,2026-03-30 01:31:02.869423+00:00,2026-03-31 21:56:30.645327+00:00
244,79e4e9e1-01be-46d8-bd8c-84a914c0397a,368b0c1f-2b18-45ae-8c55-7445a2e631bc,5,"Très bonne session, bien organisée et enrichissante. Catégorie : Afterwork. Point de référence : Soirée réseau convivialité - édition 0011.",False,2026-04-26 10:17:01.331689+00:00,2026-04-30 16:48:44.557964+00:00
245,bb83982e-c8cc-4fda-98aa-0a54f2b673c1,a1a5a881-54f7-465a-9473-7397b5bd6d3e,4,Session utile et bien structurée. Catégorie : RSE. Point de référence : Atelier RSE réduction carbone - édition 0399.,True,2026-03-28 03:14:26.262852+00:00,2026-03-28 09:29:47.673546+00:00
246,0ecd8622-7de2-4bd2-83ae-31ca4925c47e,649114ae-3449-49ab-a8e8-f4c931409e3d,5,Format dynamique et échanges très constructifs. Catégorie : Bien-être. Point de référence : Rencontre santé au travail équilibre professionnel - édition 0312.,True,2026-04-07 21:36:20.965253+00:00,2026-04-09 13:24:54.683971+00:00
247,558f4ece-d28f-4f60-a1ed-0fc59ecd077f,e50d8d05-5cc4-4343-b6bc-1df1b3f3d22f,5,Intervention de qualité avec des exemples concrets. Catégorie : Bien-être. Point de référence : Pause prévention santé mentale - édition 0717.,True,2026-04-26 00:19:55.580086+00:00,2026-05-01 09:20:33.532839+00:00
248,0a0c2bd6-9d51-441b-83d0-68db4cd99256,21e93a46-e401-457d-ad44-d22012a753d7,5,Format dynamique et échanges très constructifs. Catégorie : Culture d’entreprise. Point de référence : Rencontre culture interne onboarding culturel - édition 0105.,True,2026-03-06 02:23:46.449325+00:00,2026-03-07 11:21:56.301444+00:00
249,ccd46cab-c742-472f-8b66-729694b1c18b,ba465ba6-c272-4a1d-a2a5-154d5850d7fc,4,Bonne animation avec des points pratiques. Catégorie : RSE. Point de référence : Initiative durable inclusion - édition 0736.,True,2026-04-07 08:13:55.607486+00:00,2026-04-13 01:38:17.065319+00:00
250,14a26d46-5b31-499f-ad00-fc30c8e863e4,86c5b659-a2b1-435e-ad5f-6550a8be0606,3,Contenu utile mais parfois trop général. Catégorie : RSE. Point de référence : Atelier RSE économie d’énergie - édition 0966.,False,2026-04-28 18:03:01.391854+00:00,2026-05-01 07:15:35.403968+00:00
251,2662f2f2-e147-4bfb-a3b6-41a7cba757de,ad077160-525d-4c40-8102-623ecef44a68,1,Le contenu ne répondait pas vraiment aux attentes. Catégorie : Bien-être. Point de référence : Rencontre santé au travail équilibre professionnel - édition 0453.,True,2026-04-09 15:44:25.976903+00:00,2026-04-10 14:17:43.998282+00:00
252,79e4e9e1-01be-46d8-bd8c-84a914c0397a,c3f44d1a-e988-4b73-a7f1-9fe2fbfeaaca,4,Événement intéressant et globalement réussi. Catégorie : Afterwork. Point de référence : Soirée réseau convivialité - édition 0011.,True,2026-04-20 23:56:39.222926+00:00,2026-04-23 22:00:10.541741+00:00
253,0a0c2bd6-9d51-441b-83d0-68db4cd99256,67b9e613-4792-4b7e-88f0-54df3f761ed0,5,Format dynamique et échanges très constructifs. Catégorie : Culture d’entreprise. Point de référence : Rencontre culture interne onboarding culturel - édition 0105.,True,2026-03-09 19:50:40.679058+00:00,2026-03-14 16:45:30.932334+00:00
254,c55301a7-c74d-4ff0-8635-daafc502b6db,eb85b268-bb88-4119-939d-492d2322518f,1,Le contenu ne répondait pas vraiment aux attentes. Catégorie : Webinaire. Point de référence : Webinaire reporting financier - édition 0578.,False,2026-03-09 07:05:11.850634+00:00,2026-03-13 15:44:55.437625+00:00
255,4dc60709-3167-41bb-aa8f-653175b97d40,3f24b106-d0fe-4f00-822d-c9d256babef7,1,Organisation insuffisante pour tirer profit du sujet. Catégorie : Networking. Point de référence : Speed meeting forum projets - édition 0900.,False,2026-04-22 13:05:43.421942+00:00,2026-04-28 23:38:11.629944+00:00
256,14a26d46-5b31-499f-ad00-fc30c8e863e4,11938edb-7027-491c-9527-eaf7738ea9cd,4,Session utile et bien structurée. Catégorie : RSE. Point de référence : Atelier RSE économie d’énergie - édition 0966.,False,2026-04-28 22:12:52.307702+00:00,2026-04-29 18:57:52.168444+00:00
257,359e99c9-a8e0-464c-a3e4-0cf90413eda0,ee1c4d3b-ec68-41f3-b7f1-58779c7a6bd9,5,"Très bonne session, bien organisée et enrichissante. Catégorie : Conférence. Point de référence : Keynote interne finance durable - IoT - édition 0998.",False,2026-04-10 10:57:07.533099+00:00,2026-04-12 01:14:12.537721+00:00
258,ccd46cab-c742-472f-8b66-729694b1c18b,b273077f-41d4-4b27-99b4-fa52d85d84e2,5,Format dynamique et échanges très constructifs. Catégorie : RSE. Point de référence : Initiative durable inclusion - édition 0736.,True,2026-04-15 02:17:05.421418+00:00,2026-04-16 18:10:06.958071+00:00
259,9d3098e0-1636-4cc4-afda-35b15eccbcc4,b78c727b-e0cf-4632-95c8-6d754d1b626c,1,Session difficile à suivre et peu pratique. Catégorie : Culture d’entreprise. Point de référence : Session valeurs collaboration transversale - édition 0127.,False,2026-03-24 18:53:42.863790+00:00,2026-03-27 04:20:52.353106+00:00
260,0a0c2bd6-9d51-441b-83d0-68db4cd99256,9dd603d9-070f-421c-9578-652d098d33ae,5,"Très bonne session, bien organisée et enrichissante. Catégorie : Culture d’entreprise. Point de référence : Rencontre culture interne onboarding culturel - édition 0105.",False,2026-03-08 15:52:37.140747+00:00,2026-03-14 00:19:45.931517+00:00
261,0a0c2bd6-9d51-441b-83d0-68db4cd99256,99ce0eb9-db3b-4ba1-9d7e-a6e10271bb8c,4,Événement intéressant et globalement réussi. Catégorie : Culture d’entreprise. Point de référence : Rencontre culture interne onboarding culturel - édition 0105.,True,2026-03-05 02:47:19.951724+00:00,2026-03-06 17:07:22.768348+00:00
262,5c16972b-3360-4fab-9157-7a2fe4be1ed7,61175dd3-69f9-4b64-8fa2-09b08ee9b450,5,"Excellente expérience, contenu clair et directement utile. Catégorie : Conférence. Point de référence : Table ronde marque employeur - édition 0726.",True,2026-03-15 11:11:59.456356+00:00,2026-03-16 18:55:49.454993+00:00
263,c55301a7-c74d-4ff0-8635-daafc502b6db,e9bcf6db-9a70-402b-96e0-5fad1e21ca31,2,Session trop courte pour couvrir le sujet correctement. Catégorie : Webinaire. Point de référence : Webinaire reporting financier - édition 0578.,True,2026-03-09 07:31:16.275916+00:00,2026-03-09 12:14:52.414637+00:00
264,bb83982e-c8cc-4fda-98aa-0a54f2b673c1,4d294b5a-0c54-442e-997e-8a8190b5f36e,1,Le contenu ne répondait pas vraiment aux attentes. Catégorie : RSE. Point de référence : Atelier RSE réduction carbone - édition 0399.,True,2026-03-29 09:24:33.128375+00:00,2026-03-30 20:10:00.851529+00:00
265,9d3098e0-1636-4cc4-afda-35b15eccbcc4,ea40f618-7f28-4677-9945-8b26e9dad431,5,"Très bonne session, bien organisée et enrichissante. Catégorie : Culture d’entreprise. Point de référence : Session valeurs collaboration transversale - édition 0127.",False,2026-03-22 12:35:42.161602+00:00,2026-03-24 11:22:56.227369+00:00
266,359e99c9-a8e0-464c-a3e4-0cf90413eda0,f6e7d21d-ffa2-40da-a777-6cd561fc7ca2,3,"Bon thème, mais le rythme pourrait être mieux équilibré. Catégorie : Conférence. Point de référence : Keynote interne finance durable - IoT - édition 0998.",False,2026-04-11 16:25:04.261378+00:00,2026-04-13 22:58:01.004200+00:00
267,9d3098e0-1636-4cc4-afda-35b15eccbcc4,61a0e073-e937-4bac-ada2-d1c10bf8a9ed,3,Expérience satisfaisante avec davantage d’exemples souhaités. Catégorie : Culture d’entreprise. Point de référence : Session valeurs collaboration transversale - édition 0127.,True,2026-03-24 05:08:38.355651+00:00,2026-03-28 04:49:23.677756+00:00
268,ccd46cab-c742-472f-8b66-729694b1c18b,40bd5505-6dbf-49ae-817e-6ca216a5630f,2,Objectifs utiles mais présentation à clarifier. Catégorie : RSE. Point de référence : Initiative durable inclusion - édition 0736.,True,2026-04-09 05:51:01.942871+00:00,2026-04-11 21:45:57.328797+00:00
269,73ed9e10-d7dd-4f35-812a-0836380719a5,ea40f618-7f28-4677-9945-8b26e9dad431,5,Intervention de qualité avec des exemples concrets. Catégorie : Webinaire. Point de référence : Session en ligne bien-être au travail - édition 0366.,False,2026-04-17 20:57:55.176772+00:00,2026-04-23 02:39:35.338718+00:00
270,7d256949-75b2-4833-a44c-2cee42b2281e,d2143c02-7643-4dad-9edd-73d7e485eec7,1,Le contenu ne répondait pas vraiment aux attentes. Catégorie : Team building. Point de référence : Team building résolution de problèmes - Juridique - édition 0869.,False,2026-03-21 22:28:37.771205+00:00,2026-03-23 06:18:31.127681+00:00
271,b5a07b22-e8b4-4066-9f47-dfab0796c1c3,d39a524e-7c94-4fbb-ae92-88b5fbdeaeb8,2,Objectifs utiles mais présentation à clarifier. Catégorie : Networking. Point de référence : Networking experts internes - édition 0810.,False,2026-04-30 13:34:24.593953+00:00,2026-04-30 23:53:58.100134+00:00
272,35aa3585-3880-466e-a4f8-b30d6b45c62b,c2c17b8a-e8e3-4734-8a5d-558dcb795104,2,Contenu intéressant mais pas assez approfondi. Catégorie : Afterwork. Point de référence : Soirée réseau finance et business - édition 0858.,True,2026-04-07 10:48:25.174484+00:00,2026-04-09 17:28:54.757112+00:00
273,73ed9e10-d7dd-4f35-812a-0836380719a5,8c98e8b0-861d-4d8c-9844-76deb537a1db,2,Organisation perfectible et interaction limitée. Catégorie : Webinaire. Point de référence : Session en ligne bien-être au travail - édition 0366.,True,2026-04-15 00:10:48.156429+00:00,2026-04-16 10:51:09.886249+00:00
274,bb83982e-c8cc-4fda-98aa-0a54f2b673c1,6ed2246c-0899-4390-bcd4-1c784aa4dcbf,2,Contenu intéressant mais pas assez approfondi. Catégorie : RSE. Point de référence : Atelier RSE réduction carbone - édition 0399.,True,2026-03-28 05:27:57.067844+00:00,2026-03-28 18:33:28.589645+00:00
275,14a26d46-5b31-499f-ad00-fc30c8e863e4,3828eac9-779d-4dee-8a85-97444f82ce68,4,Événement intéressant et globalement réussi. Catégorie : RSE. Point de référence : Atelier RSE économie d’énergie - édition 0966.,False,2026-04-26 21:08:33.080321+00:00,2026-04-27 23:45:25.343794+00:00
276,fb518144-8d76-42a9-a016-6da13e385137,aea65023-ce55-417a-a93c-d43c8afc615f,4,Événement intéressant et globalement réussi. Catégorie : Networking. Point de référence : Forum d’échanges partage d’expérience - Support client - édition 0533.,False,2026-04-14 08:07:37.205914+00:00,2026-04-15 22:21:08.614821+00:00
277,40d339c6-9f7e-4c65-80aa-eeed3589bc0a,d35f769d-d320-4357-a8ad-0db3cd7e1bcf,2,Organisation perfectible et interaction limitée. Catégorie : Culture d’entreprise. Point de référence : Rencontre culture interne ambassadeurs culture - édition 0406.,True,2026-03-30 12:19:56.957804+00:00,2026-03-31 04:34:24.671553+00:00
278,9c310c8a-230b-4fa5-83e3-97417739fdd1,c31a8997-aa4f-4fcd-af44-2a2e36479c4d,1,Expérience limitée avec trop peu de valeur opérationnelle. Catégorie : Afterwork. Point de référence : Rencontre informelle finance et business - Développement - édition 0886.,False,2026-03-28 01:23:01.818679+00:00,2026-03-28 04:00:55.769103+00:00
279,ec82a583-604f-437f-a255-66b4a7459372,b129122c-5e22-4eac-ada4-bdeab206bf97,5,Format dynamique et échanges très constructifs. Catégorie : Afterwork. Point de référence : Moment convivial communauté tech - édition 0190.,False,2026-03-12 15:00:52.930266+00:00,2026-03-13 03:07:35.411151+00:00
280,2a993f2e-58c0-4268-a821-34a46d9e99b3,182f7f8c-7ece-40b1-9940-ad0854333381,3,"Bon thème, mais le rythme pourrait être mieux équilibré. Catégorie : Afterwork. Point de référence : Moment convivial équipes projet - édition 0073.",False,2026-04-27 06:42:04.718095+00:00,2026-05-01 01:40:05.026426+00:00
281,40d339c6-9f7e-4c65-80aa-eeed3589bc0a,1265fdd8-49bb-4b65-8420-9820ac749a6a,3,Session correcte avec quelques pistes d’amélioration. Catégorie : Culture d’entreprise. Point de référence : Rencontre culture interne ambassadeurs culture - édition 0406.,True,2026-04-03 03:45:30.492924+00:00,2026-04-04 03:24:51.659848+00:00
282,40d339c6-9f7e-4c65-80aa-eeed3589bc0a,5783b7bc-8de7-40b5-b1e8-896921098bd2,1,Organisation insuffisante pour tirer profit du sujet. Catégorie : Culture d’entreprise. Point de référence : Rencontre culture interne ambassadeurs culture - édition 0406.,True,2026-03-29 19:50:32.358660+00:00,2026-03-31 12:41:22.078991+00:00
283,c55301a7-c74d-4ff0-8635-daafc502b6db,4f401a8b-a036-4ae4-ac18-f69336a55209,5,Format dynamique et échanges très constructifs. Catégorie : Webinaire. Point de référence : Webinaire reporting financier - édition 0578.,True,2026-03-13 08:28:10.978406+00:00,2026-03-14 08:23:08.663896+00:00
284,bb83982e-c8cc-4fda-98aa-0a54f2b673c1,eb0df4f4-149a-40ce-ab54-70d49d31204a,4,Événement intéressant et globalement réussi. Catégorie : RSE. Point de référence : Atelier RSE réduction carbone - édition 0399.,False,2026-03-28 07:43:42.860051+00:00,2026-03-31 07:39:25.204770+00:00
285,4dfd9a7c-50c9-41e3-9125-2ebbe63e128b,a1a5a881-54f7-465a-9473-7397b5bd6d3e,2,Session trop courte pour couvrir le sujet correctement. Catégorie : Team building. Point de référence : Défi collaboratif résolution de problèmes - édition 0162.,False,2026-04-19 20:51:32.511092+00:00,2026-04-24 02:06:30.805315+00:00
286,7c74f05d-bfb8-4726-8c16-e95b17f5e4be,f88e79f6-5cdb-401c-9b0a-0035434d7b18,1,Le contenu ne répondait pas vraiment aux attentes. Catégorie : Team building. Point de référence : Défi collaboratif confiance et coopération - édition 0331.,True,2026-04-30 03:39:16.606119+00:00,2026-05-01 01:54:45.859241+00:00
287,c55301a7-c74d-4ff0-8635-daafc502b6db,d4a71d21-d547-4736-9c69-2ae754d8e3f0,3,Session correcte avec quelques pistes d’amélioration. Catégorie : Webinaire. Point de référence : Webinaire reporting financier - édition 0578.,True,2026-03-18 20:27:36.425582+00:00,2026-03-20 01:49:05.526755+00:00
288,4dc60709-3167-41bb-aa8f-653175b97d40,d7187d09-a013-49c8-a1b3-d822b39752f7,4,Bon événement avec un contenu pertinent. Catégorie : Networking. Point de référence : Speed meeting forum projets - édition 0900.,False,2026-04-19 16:33:34.379685+00:00,2026-04-23 06:54:26.416541+00:00
289,4dc60709-3167-41bb-aa8f-653175b97d40,98096adb-c347-4b91-b157-13d91467faa7,4,Bon événement avec un contenu pertinent. Catégorie : Networking. Point de référence : Speed meeting forum projets - édition 0900.,True,2026-04-19 23:43:29.083631+00:00,2026-04-23 06:33:18.076342+00:00
290,14a26d46-5b31-499f-ad00-fc30c8e863e4,b877de62-103a-4774-b161-65d240e35474,5,Format dynamique et échanges très constructifs. Catégorie : RSE. Point de référence : Atelier RSE économie d’énergie - édition 0966.,False,2026-04-26 06:04:34.631518+00:00,2026-04-27 22:17:21.941039+00:00
291,c63b2370-25af-4d8f-9320-7226692b196b,036311af-4d37-429f-bcee-1957beb2bdf5,3,"Bon thème, mais le rythme pourrait être mieux équilibré. Catégorie : Conférence. Point de référence : Table ronde finance durable - édition 0697.",False,2026-04-29 20:13:06.617672+00:00,2026-04-30 09:18:24.450615+00:00
292,40d339c6-9f7e-4c65-80aa-eeed3589bc0a,0e1e47d1-e0f8-4547-aa65-ac319dba27f6,1,Session difficile à suivre et peu pratique. Catégorie : Culture d’entreprise. Point de référence : Rencontre culture interne ambassadeurs culture - édition 0406.,True,2026-03-30 08:38:31.403023+00:00,2026-04-07 20:15:09.792742+00:00
293,39bfc35e-8bb4-403e-b418-4d800493599f,07f0e359-3ca2-4c08-b113-4b4f9ace8bfe,3,Expérience satisfaisante avec davantage d’exemples souhaités. Catégorie : Atelier. Point de référence : Atelier collaboratif gestion budgétaire - édition 0888.,True,2026-03-28 05:50:43.639726+00:00,2026-04-01 06:53:00.391753+00:00
294,b5a07b22-e8b4-4066-9f47-dfab0796c1c3,7f5ff8e9-537d-4aa6-b713-4dfdab32e67a,4,Événement intéressant et globalement réussi. Catégorie : Networking. Point de référence : Networking experts internes - édition 0810.,False,2026-05-01 01:06:23.394526+00:00,2026-05-01 11:12:57.198395+00:00
295,20381396-b550-4218-898a-872e373af9ec,99be4c11-8624-4a8a-a33e-833f5dd5a1e5,1,Le contenu ne répondait pas vraiment aux attentes. Catégorie : Conférence. Point de référence : Rencontre expert expérience client - édition 0472.,True,2026-04-15 03:41:51.658767+00:00,2026-04-19 10:04:26.063221+00:00
296,359e99c9-a8e0-464c-a3e4-0cf90413eda0,ea40f618-7f28-4677-9945-8b26e9dad431,1,Session difficile à suivre et peu pratique. Catégorie : Conférence. Point de référence : Keynote interne finance durable - IoT - édition 0998.,False,2026-04-10 06:55:57.860707+00:00,2026-04-14 19:33:35.820840+00:00
297,0a0c2bd6-9d51-441b-83d0-68db4cd99256,539b3526-9e3d-45bd-baef-ec9d16abc2eb,4,Session utile et bien structurée. Catégorie : Culture d’entreprise. Point de référence : Rencontre culture interne onboarding culturel - édition 0105.,True,2026-03-08 22:39:51.695740+00:00,2026-03-14 11:21:35.144298+00:00
298,8ab14006-b776-448d-9d93-d01d7cd90426,7fe85746-fe19-422b-8bf2-d167d79a2d1a,1,Session difficile à suivre et peu pratique. Catégorie : Team building. Point de référence : Défi collaboratif résolution de problèmes - Informatique - édition 0463.,False,2026-03-13 12:15:46.414428+00:00,2026-03-14 07:13:23.903754+00:00
299,df9061ce-768a-48f5-85fa-9e84b27f3c82,5e61724f-7287-442f-963a-0d5dd803249c,4,Bon événement avec un contenu pertinent. Catégorie : Atelier. Point de référence : Workshop gestion budgétaire - édition 0104.,False,2026-04-09 13:07:07.143934+00:00,2026-04-16 19:05:35.344878+00:00
300,7fe2252b-36f4-4da7-80e4-6ac72b4eeb71,f2d45b59-75cd-44be-b428-acaecb458fb7,2,Session trop courte pour couvrir le sujet correctement. Catégorie : Formation. Point de référence : Parcours pratique analyse de données - édition 0109.,True,2026-04-01 23:11:47.440872+00:00,2026-04-05 21:02:34.925570+00:00
301,c55301a7-c74d-4ff0-8635-daafc502b6db,f93fc94f-b705-49f5-954a-4683273857f4,3,Contenu utile mais parfois trop général. Catégorie : Webinaire. Point de référence : Webinaire reporting financier - édition 0578.,False,2026-03-15 11:35:48.657304+00:00,2026-03-16 21:04:12.135250+00:00
302,abf32af2-e35f-4b07-af36-278cd1c95202,f1ea7bc8-4511-4946-992a-69c581e26bef,1,Expérience limitée avec trop peu de valeur opérationnelle. Catégorie : Networking. Point de référence : Forum d’échanges experts internes - édition 0272.,False,2026-03-30 14:17:01.400682+00:00,2026-03-31 15:12:47.869942+00:00
303,fc34e1fc-4661-4a79-8177-57658ee1d856,9630d3c5-3a6f-4cba-bd6b-09ef4505332e,2,Objectifs utiles mais présentation à clarifier. Catégorie : Webinaire. Point de référence : Live interne IoT et capteurs - édition 0063.,True,2026-03-02 12:58:55.143021+00:00,2026-03-03 05:14:59.368833+00:00
304,0d190215-dd65-4aca-a803-d461f0c97c68,6c72c3eb-81e1-402e-8b91-1b315094e27e,3,Expérience satisfaisante avec davantage d’exemples souhaités. Catégorie : RSE. Point de référence : Action RSE économie d’énergie - édition 0501.,True,2026-03-14 10:45:10.137779+00:00,2026-03-14 22:14:16.133879+00:00
305,40d339c6-9f7e-4c65-80aa-eeed3589bc0a,71c79692-c503-4f92-9e3b-427e5c06bcf3,4,Bon événement avec un contenu pertinent. Catégorie : Culture d’entreprise. Point de référence : Rencontre culture interne ambassadeurs culture - édition 0406.,True,2026-03-30 06:51:03.332611+00:00,2026-03-30 17:15:04.813645+00:00
306,40d339c6-9f7e-4c65-80aa-eeed3589bc0a,48ecf4f9-3692-43b7-ae68-8199908358ec,4,Événement intéressant et globalement réussi. Catégorie : Culture d’entreprise. Point de référence : Rencontre culture interne ambassadeurs culture - édition 0406.,False,2026-03-31 01:13:00.070592+00:00,2026-04-04 23:50:59.290299+00:00
307,df9061ce-768a-48f5-85fa-9e84b27f3c82,50773668-ccfb-4603-bfcb-0f0535410c84,2,Session trop courte pour couvrir le sujet correctement. Catégorie : Atelier. Point de référence : Workshop gestion budgétaire - édition 0104.,False,2026-03-31 22:53:23.319947+00:00,2026-04-02 18:54:59.242035+00:00
308,9d3098e0-1636-4cc4-afda-35b15eccbcc4,d3db882a-0f69-4757-86d7-7684ed050599,3,Contenu utile mais parfois trop général. Catégorie : Culture d’entreprise. Point de référence : Session valeurs collaboration transversale - édition 0127.,False,2026-03-27 03:25:16.188752+00:00,2026-04-02 18:12:05.155500+00:00
309,abf32af2-e35f-4b07-af36-278cd1c95202,2529ad7b-3e69-4b87-9e44-0259ec755de2,2,Objectifs utiles mais présentation à clarifier. Catégorie : Networking. Point de référence : Forum d’échanges experts internes - édition 0272.,False,2026-04-03 16:04:58.044132+00:00,2026-04-03 22:25:33.487455+00:00
310,77eff7bb-309d-4c5d-bcb8-b49951ccb903,b129122c-5e22-4eac-ada4-bdeab206bf97,2,Session trop courte pour couvrir le sujet correctement. Catégorie : RSE. Point de référence : Atelier RSE achats responsables - édition 0942.,True,2026-03-11 05:22:25.816166+00:00,2026-03-15 23:42:43.629628+00:00
311,c63b2370-25af-4d8f-9320-7226692b196b,622dbe54-2ae7-45b3-9c3e-e10174715762,1,Expérience limitée avec trop peu de valeur opérationnelle. Catégorie : Conférence. Point de référence : Table ronde finance durable - édition 0697.,False,2026-04-30 02:21:10.489220+00:00,2026-05-01 02:29:56.459904+00:00
312,b5a07b22-e8b4-4066-9f47-dfab0796c1c3,44e180ab-f87f-4906-959a-d4208112dfeb,4,Bon événement avec un contenu pertinent. Catégorie : Networking. Point de référence : Networking experts internes - édition 0810.,True,2026-04-30 14:39:20.350386+00:00,2026-05-01 02:40:02.771643+00:00
313,0a0c2bd6-9d51-441b-83d0-68db4cd99256,14d940d1-b6b9-46db-ad09-0f473052b4b5,1,Organisation insuffisante pour tirer profit du sujet. Catégorie : Culture d’entreprise. Point de référence : Rencontre culture interne onboarding culturel - édition 0105.,False,2026-03-05 08:55:34.818095+00:00,2026-03-07 16:05:46.886603+00:00
314,9d3098e0-1636-4cc4-afda-35b15eccbcc4,542706cb-ff1a-4d9a-9b3d-621e4e7fe4bb,2,Contenu intéressant mais pas assez approfondi. Catégorie : Culture d’entreprise. Point de référence : Session valeurs collaboration transversale - édition 0127.,True,2026-03-28 04:32:22.766120+00:00,2026-03-31 05:43:31.063414+00:00
315,0a0c2bd6-9d51-441b-83d0-68db4cd99256,c33a2e16-11ad-42aa-86ff-912411bdea48,5,Format dynamique et échanges très constructifs. Catégorie : Culture d’entreprise. Point de référence : Rencontre culture interne onboarding culturel - édition 0105.,True,2026-03-10 12:06:37.543533+00:00,2026-03-12 03:52:18.202215+00:00
316,ccd46cab-c742-472f-8b66-729694b1c18b,4abcf7de-7bd9-4a8b-8086-69d62985a420,5,"Excellente expérience, contenu clair et directement utile. Catégorie : RSE. Point de référence : Initiative durable inclusion - édition 0736.",False,2026-04-10 19:16:41.716810+00:00,2026-04-15 06:37:05.095714+00:00
317,79e4e9e1-01be-46d8-bd8c-84a914c0397a,136f0269-75a4-4b80-bd35-7c42da9c9843,1,Le contenu ne répondait pas vraiment aux attentes. Catégorie : Afterwork. Point de référence : Soirée réseau convivialité - édition 0011.,True,2026-04-23 07:14:09.840247+00:00,2026-04-23 13:47:57.231166+00:00
318,9c310c8a-230b-4fa5-83e3-97417739fdd1,bc70bf9e-59c4-4c98-a89c-92f271b748cc,3,Contenu utile mais parfois trop général. Catégorie : Afterwork. Point de référence : Rencontre informelle finance et business - Développement - édition 0886.,False,2026-03-27 04:14:54.449060+00:00,2026-04-04 23:01:02.491328+00:00
319,bd1a3473-a2be-43bf-9f69-fbd42e9fb520,d7f518f6-8981-4973-9c42-b49423f7f23e,5,"Excellente expérience, contenu clair et directement utile. Catégorie : Afterwork. Point de référence : Rencontre informelle réseau interne - édition 0224.",True,2026-04-02 12:48:30.946619+00:00,2026-04-03 20:49:49.110551+00:00
320,b5a07b22-e8b4-4066-9f47-dfab0796c1c3,036311af-4d37-429f-bcee-1957beb2bdf5,2,Organisation perfectible et interaction limitée. Catégorie : Networking. Point de référence : Networking experts internes - édition 0810.,True,2026-04-30 20:33:59.757101+00:00,2026-05-01 10:45:31.227450+00:00
321,f7a54488-0611-449e-bf85-c0398fd517a2,320540a7-1daa-4726-b502-7fecc0270091,5,"Très bonne session, bien organisée et enrichissante. Catégorie : Atelier. Point de référence : Workshop prise de parole - édition 0144.",False,2026-03-06 10:04:04.339314+00:00,2026-03-12 06:04:25.495338+00:00
322,c63b2370-25af-4d8f-9320-7226692b196b,b03521e4-0ebe-4648-ac5a-5daa0bee8b89,5,Format dynamique et échanges très constructifs. Catégorie : Conférence. Point de référence : Table ronde finance durable - édition 0697.,True,2026-04-29 18:47:02.572093+00:00,2026-04-30 14:42:13.929011+00:00
323,0a0c2bd6-9d51-441b-83d0-68db4cd99256,ce175c8f-1175-4928-bf29-79fe69406339,2,Session trop courte pour couvrir le sujet correctement. Catégorie : Culture d’entreprise. Point de référence : Rencontre culture interne onboarding culturel - édition 0105.,True,2026-03-03 17:55:47.346419+00:00,2026-03-08 13:58:36.356291+00:00
324,c63b2370-25af-4d8f-9320-7226692b196b,7f5ff8e9-537d-4aa6-b713-4dfdab32e67a,1,Expérience limitée avec trop peu de valeur opérationnelle. Catégorie : Conférence. Point de référence : Table ronde finance durable - édition 0697.,False,2026-04-30 14:48:24.534390+00:00,2026-05-01 06:40:49.621791+00:00
325,14a26d46-5b31-499f-ad00-fc30c8e863e4,a7f7f5a9-460c-4634-86dd-96133ca51131,2,Organisation perfectible et interaction limitée. Catégorie : RSE. Point de référence : Atelier RSE économie d’énergie - édition 0966.,True,2026-04-26 19:40:49.402499+00:00,2026-04-27 04:25:06.175456+00:00
326,0ecd8622-7de2-4bd2-83ae-31ca4925c47e,74164678-a923-474f-9942-ef98874b21a7,2,Session trop courte pour couvrir le sujet correctement. Catégorie : Bien-être. Point de référence : Rencontre santé au travail équilibre professionnel - édition 0312.,False,2026-04-07 14:36:19.277563+00:00,2026-04-10 22:36:54.591637+00:00
327,685eab0b-417d-4cb4-916d-1e7ea0e5e5d7,f5856cb1-16f0-45c5-83c8-8332602c0554,2,Organisation perfectible et interaction limitée. Catégorie : Formation. Point de référence : Session de formation contrats et conformité - édition 0058.,True,2026-03-19 18:33:02.789362+00:00,2026-03-20 22:02:00.989103+00:00
328,32550296-6435-4ef2-90e1-028656282c7f,d39a524e-7c94-4fbb-ae92-88b5fbdeaeb8,4,Session utile et bien structurée. Catégorie : Networking. Point de référence : Forum d’échanges petit-déjeuner business - édition 0357.,False,2026-03-17 20:26:22.769522+00:00,2026-03-19 12:56:58.872276+00:00
329,bb83982e-c8cc-4fda-98aa-0a54f2b673c1,02d451b1-b91e-4dde-aaba-83945a6ff820,1,Expérience limitée avec trop peu de valeur opérationnelle. Catégorie : RSE. Point de référence : Atelier RSE réduction carbone - édition 0399.,True,2026-03-30 06:14:29.123284+00:00,2026-03-31 08:35:19.613481+00:00
330,b5a07b22-e8b4-4066-9f47-dfab0796c1c3,432c2cf9-dd95-45fd-9867-4bb233d84a2f,5,Format dynamique et échanges très constructifs. Catégorie : Networking. Point de référence : Networking experts internes - édition 0810.,True,2026-05-01 09:15:46.876405+00:00,2026-05-01 11:57:31.612233+00:00
331,c63b2370-25af-4d8f-9320-7226692b196b,ac16955a-100a-49c4-9550-f3e3c118b812,3,Contenu utile mais parfois trop général. Catégorie : Conférence. Point de référence : Table ronde finance durable - édition 0697.,True,2026-04-29 21:37:04.659861+00:00,2026-04-30 16:06:10.288914+00:00
332,40d339c6-9f7e-4c65-80aa-eeed3589bc0a,ebf39313-cfca-46a7-a1ef-36e0bb511d9d,3,Expérience satisfaisante avec davantage d’exemples souhaités. Catégorie : Culture d’entreprise. Point de référence : Rencontre culture interne ambassadeurs culture - édition 0406.,True,2026-04-03 02:04:26.670708+00:00,2026-04-08 15:56:36.949236+00:00
333,c63b2370-25af-4d8f-9320-7226692b196b,a6d83b47-4658-4d4e-833d-7ef6e7cf2e94,3,Contenu utile mais parfois trop général. Catégorie : Conférence. Point de référence : Table ronde finance durable - édition 0697.,False,2026-04-30 03:00:11.556097+00:00,2026-05-01 02:23:00.512825+00:00
334,10440011-36d1-45cd-b0f9-29469dc42429,969f9cbb-d414-4484-aee9-fa12b5505b3e,1,Le contenu ne répondait pas vraiment aux attentes. Catégorie : Conférence. Point de référence : Table ronde leadership responsable - édition 0678.,True,2026-04-28 11:11:00.009661+00:00,2026-04-28 18:15:50.344147+00:00
335,df9061ce-768a-48f5-85fa-9e84b27f3c82,385f81d4-6aef-41cb-a04f-f1dc4b4c392c,3,Session correcte avec quelques pistes d’amélioration. Catégorie : Atelier. Point de référence : Workshop gestion budgétaire - édition 0104.,False,2026-04-01 06:45:57.028827+00:00,2026-04-02 17:57:26.865853+00:00
336,0a0c2bd6-9d51-441b-83d0-68db4cd99256,11938edb-7027-491c-9527-eaf7738ea9cd,2,Contenu intéressant mais pas assez approfondi. Catégorie : Culture d’entreprise. Point de référence : Rencontre culture interne onboarding culturel - édition 0105.,True,2026-03-06 01:03:53.232448+00:00,2026-03-08 07:32:58.568390+00:00
337,c63b2370-25af-4d8f-9320-7226692b196b,83591bb5-b0a5-432a-9670-a236e11cbb0b,2,Contenu intéressant mais pas assez approfondi. Catégorie : Conférence. Point de référence : Table ronde finance durable - édition 0697.,False,2026-04-30 22:41:36.156190+00:00,2026-05-01 06:55:52.057873+00:00
338,558f4ece-d28f-4f60-a1ed-0fc59ecd077f,65f45148-d34d-4ca8-b231-ff27af7e1083,3,Expérience satisfaisante avec davantage d’exemples souhaités. Catégorie : Bien-être. Point de référence : Pause prévention santé mentale - édition 0717.,False,2026-04-21 20:30:54.999556+00:00,2026-04-24 06:42:29.996424+00:00
339,2bf86b0c-d22a-4f62-894f-818dcf351857,1bf756ca-dbef-4935-bac3-a3b692010a75,3,"Bon thème, mais le rythme pourrait être mieux équilibré. Catégorie : Formation. Point de référence : Module d’apprentissage SQL avancé - édition 0065.",False,2026-03-17 14:22:58.931229+00:00,2026-03-18 13:46:11.098027+00:00
340,3d511cb8-71cf-4f9c-9e3e-2243ccc0c3ba,6c7cb4fb-9e6a-4fe0-b7fd-e2495b748576,4,Événement intéressant et globalement réussi. Catégorie : Atelier. Point de référence : Workshop prise de parole - édition 0784.,True,2026-04-01 09:39:18.819232+00:00,2026-04-08 21:36:18.206872+00:00
341,40d339c6-9f7e-4c65-80aa-eeed3589bc0a,11938edb-7027-491c-9527-eaf7738ea9cd,3,Expérience satisfaisante avec davantage d’exemples souhaités. Catégorie : Culture d’entreprise. Point de référence : Rencontre culture interne ambassadeurs culture - édition 0406.,False,2026-03-31 03:53:46.951639+00:00,2026-04-01 21:32:56.904146+00:00
342,2a993f2e-58c0-4268-a821-34a46d9e99b3,f2adb223-abf2-4dde-8eb2-d0e031d07e62,2,Session trop courte pour couvrir le sujet correctement. Catégorie : Afterwork. Point de référence : Moment convivial équipes projet - édition 0073.,True,2026-04-19 22:24:42.531563+00:00,2026-04-21 02:33:54.862073+00:00
343,0d190215-dd65-4aca-a803-d461f0c97c68,eb0e5714-103d-4cc9-9b7e-b0267f027196,3,"Bon thème, mais le rythme pourrait être mieux équilibré. Catégorie : RSE. Point de référence : Action RSE économie d’énergie - édition 0501.",True,2026-03-18 04:16:04.740880+00:00,2026-03-18 11:28:18.506262+00:00
344,0a0c2bd6-9d51-441b-83d0-68db4cd99256,8f774f8b-da2a-4c78-929b-0896a8c710b9,4,Bon événement avec un contenu pertinent. Catégorie : Culture d’entreprise. Point de référence : Rencontre culture interne onboarding culturel - édition 0105.,True,2026-03-06 02:41:33.062348+00:00,2026-03-06 04:12:28.746305+00:00
345,fb518144-8d76-42a9-a016-6da13e385137,136f0269-75a4-4b80-bd35-7c42da9c9843,3,Contenu utile mais parfois trop général. Catégorie : Networking. Point de référence : Forum d’échanges partage d’expérience - Support client - édition 0533.,True,2026-04-15 12:14:01.719157+00:00,2026-04-15 22:43:43.786956+00:00
346,4dc60709-3167-41bb-aa8f-653175b97d40,1601dd67-4724-4d1d-a0bc-461e96081aed,1,Expérience limitée avec trop peu de valeur opérationnelle. Catégorie : Networking. Point de référence : Speed meeting forum projets - édition 0900.,False,2026-04-16 18:04:11.837486+00:00,2026-04-17 00:19:50.526111+00:00
347,5c16972b-3360-4fab-9157-7a2fe4be1ed7,8954a352-4311-4f3c-a1bf-25bad61c44c0,3,"Bon thème, mais le rythme pourrait être mieux équilibré. Catégorie : Conférence. Point de référence : Table ronde marque employeur - édition 0726.",False,2026-03-19 13:58:40.736608+00:00,2026-03-25 19:39:02.689431+00:00
348,0a0c2bd6-9d51-441b-83d0-68db4cd99256,fbbaaa64-8cee-4669-9d6e-59242b284466,5,"Très bonne session, bien organisée et enrichissante. Catégorie : Culture d’entreprise. Point de référence : Rencontre culture interne onboarding culturel - édition 0105.",False,2026-03-10 20:48:44.586652+00:00,2026-03-17 10:49:04.288988+00:00
349,73ed9e10-d7dd-4f35-812a-0836380719a5,40bd5505-6dbf-49ae-817e-6ca216a5630f,2,Contenu intéressant mais pas assez approfondi. Catégorie : Webinaire. Point de référence : Session en ligne bien-être au travail - édition 0366.,False,2026-04-13 05:37:51.725178+00:00,2026-04-15 20:48:19.966895+00:00
350,c55301a7-c74d-4ff0-8635-daafc502b6db,2a9d41e6-bbad-409a-9305-7d1453de3fff,1,Le contenu ne répondait pas vraiment aux attentes. Catégorie : Webinaire. Point de référence : Webinaire reporting financier - édition 0578.,False,2026-03-11 20:16:05.159847+00:00,2026-03-13 14:08:17.422853+00:00
351,39bfc35e-8bb4-403e-b418-4d800493599f,f3ee8d81-bce1-4705-a1dd-180f42249038,4,Événement intéressant et globalement réussi. Catégorie : Atelier. Point de référence : Atelier collaboratif gestion budgétaire - édition 0888.,True,2026-03-26 21:03:42.180366+00:00,2026-03-28 12:01:44.018780+00:00
352,2bf86b0c-d22a-4f62-894f-818dcf351857,56e09b90-5896-4653-a6d0-833a2aaf2380,3,Session correcte avec quelques pistes d’amélioration. Catégorie : Formation. Point de référence : Module d’apprentissage SQL avancé - édition 0065.,True,2026-03-14 23:42:48.974292+00:00,2026-03-15 14:09:57.424845+00:00
353,0d190215-dd65-4aca-a803-d461f0c97c68,985eaa3f-7b48-432c-980e-612cac39b2d6,3,Contenu utile mais parfois trop général. Catégorie : RSE. Point de référence : Action RSE économie d’énergie - édition 0501.,True,2026-03-14 19:09:14.448628+00:00,2026-03-19 02:28:06.601096+00:00
354,9d3098e0-1636-4cc4-afda-35b15eccbcc4,4c166401-3fd9-47c6-993a-883bd0d2ca29,1,Session difficile à suivre et peu pratique. Catégorie : Culture d’entreprise. Point de référence : Session valeurs collaboration transversale - édition 0127.,True,2026-03-23 07:17:53.762617+00:00,2026-03-26 05:00:10.123095+00:00
355,73ed9e10-d7dd-4f35-812a-0836380719a5,00a63ee3-b72e-4d31-b5f3-e2c9113709fa,3,Expérience satisfaisante avec davantage d’exemples souhaités. Catégorie : Webinaire. Point de référence : Session en ligne bien-être au travail - édition 0366.,True,2026-04-12 07:17:53.868577+00:00,2026-04-13 19:03:09.420511+00:00
356,9d3098e0-1636-4cc4-afda-35b15eccbcc4,b4288a6b-52f0-44ab-821f-5bb760918a76,1,Expérience limitée avec trop peu de valeur opérationnelle. Catégorie : Culture d’entreprise. Point de référence : Session valeurs collaboration transversale - édition 0127.,True,2026-03-27 07:02:49.571512+00:00,2026-03-28 15:16:55.162914+00:00
357,ab26d383-f377-446d-ba9c-43a38f47967d,b129122c-5e22-4eac-ada4-bdeab206bf97,4,Bon événement avec un contenu pertinent. Catégorie : Bien-être. Point de référence : Pause prévention gestion du stress - édition 0394.,False,2026-04-29 15:50:33.069562+00:00,2026-04-30 04:38:27.347333+00:00
358,9d3098e0-1636-4cc4-afda-35b15eccbcc4,3577cac5-0476-4aff-b030-5793997dce28,2,Objectifs utiles mais présentation à clarifier. Catégorie : Culture d’entreprise. Point de référence : Session valeurs collaboration transversale - édition 0127.,True,2026-03-26 22:54:32.286616+00:00,2026-03-27 11:27:23.769461+00:00
359,35aa3585-3880-466e-a4f8-b30d6b45c62b,82262980-bc3c-49fb-a210-28daa74d1ba3,3,"Bon thème, mais le rythme pourrait être mieux équilibré. Catégorie : Afterwork. Point de référence : Soirée réseau finance et business - édition 0858.",False,2026-04-06 23:23:50.450380+00:00,2026-04-11 12:41:32.962803+00:00
360,9d3098e0-1636-4cc4-afda-35b15eccbcc4,28ac5ef3-c8dc-4aa9-97a4-4bd90a55268b,1,Organisation insuffisante pour tirer profit du sujet. Catégorie : Culture d’entreprise. Point de référence : Session valeurs collaboration transversale - édition 0127.,True,2026-04-01 06:32:58.231392+00:00,2026-04-02 10:05:15.350719+00:00
361,0a0c2bd6-9d51-441b-83d0-68db4cd99256,d39a524e-7c94-4fbb-ae92-88b5fbdeaeb8,5,Format dynamique et échanges très constructifs. Catégorie : Culture d’entreprise. Point de référence : Rencontre culture interne onboarding culturel - édition 0105.,False,2026-03-07 03:07:51.544997+00:00,2026-03-12 11:04:52.656207+00:00
362,bd1a3473-a2be-43bf-9f69-fbd42e9fb520,d432410f-620e-49df-9646-346e8457b3bf,2,Organisation perfectible et interaction limitée. Catégorie : Afterwork. Point de référence : Rencontre informelle réseau interne - édition 0224.,False,2026-04-02 04:18:24.632625+00:00,2026-04-04 20:52:53.371090+00:00
363,9d3098e0-1636-4cc4-afda-35b15eccbcc4,c58bb0f6-4d0a-48af-8710-da23e9acd1d0,4,Bon événement avec un contenu pertinent. Catégorie : Culture d’entreprise. Point de référence : Session valeurs collaboration transversale - édition 0127.,True,2026-03-24 15:49:38.920009+00:00,2026-03-30 19:26:42.156052+00:00
364,14a26d46-5b31-499f-ad00-fc30c8e863e4,578da049-e513-4249-a1cf-ad5d43e8fb14,1,Session difficile à suivre et peu pratique. Catégorie : RSE. Point de référence : Atelier RSE économie d’énergie - édition 0966.,False,2026-04-28 03:39:10.371318+00:00,2026-05-01 02:40:46.812545+00:00
365,0a0c2bd6-9d51-441b-83d0-68db4cd99256,b3d93062-a120-4b9f-8188-3421e21ae870,1,Expérience limitée avec trop peu de valeur opérationnelle. Catégorie : Culture d’entreprise. Point de référence : Rencontre culture interne onboarding culturel - édition 0105.,True,2026-03-05 06:14:27.477109+00:00,2026-03-11 12:51:53.175270+00:00
366,fc34e1fc-4661-4a79-8177-57658ee1d856,181e7e03-af2a-43ee-9324-840d14c267d3,2,Session trop courte pour couvrir le sujet correctement. Catégorie : Webinaire. Point de référence : Live interne IoT et capteurs - édition 0063.,False,2026-03-03 04:33:05.608833+00:00,2026-03-12 03:12:50.862404+00:00
367,73ed9e10-d7dd-4f35-812a-0836380719a5,a76c196d-d55a-489a-9e41-2892f1411a8b,3,Expérience satisfaisante avec davantage d’exemples souhaités. Catégorie : Webinaire. Point de référence : Session en ligne bien-être au travail - édition 0366.,True,2026-04-13 21:30:15.193597+00:00,2026-04-16 04:10:09.228030+00:00
368,0d190215-dd65-4aca-a803-d461f0c97c68,3577cac5-0476-4aff-b030-5793997dce28,5,"Excellente expérience, contenu clair et directement utile. Catégorie : RSE. Point de référence : Action RSE économie d’énergie - édition 0501.",False,2026-03-19 16:53:29.898762+00:00,2026-03-21 21:04:55.911253+00:00
369,b5a07b22-e8b4-4066-9f47-dfab0796c1c3,b78c727b-e0cf-4632-95c8-6d754d1b626c,1,Expérience limitée avec trop peu de valeur opérationnelle. Catégorie : Networking. Point de référence : Networking experts internes - édition 0810.,False,2026-05-01 08:37:01.414553+00:00,2026-05-01 12:00:00.000000+00:00
370,558f4ece-d28f-4f60-a1ed-0fc59ecd077f,bec21b43-0b9a-4b14-aec4-4493b6192e37,5,Intervention de qualité avec des exemples concrets. Catégorie : Bien-être. Point de référence : Pause prévention santé mentale - édition 0717.,False,2026-04-20 04:22:33.263388+00:00,2026-04-20 19:41:58.316263+00:00
371,32550296-6435-4ef2-90e1-028656282c7f,ef6c19c9-41fb-4663-b095-fd6f807954ec,3,Session correcte avec quelques pistes d’amélioration. Catégorie : Networking. Point de référence : Forum d’échanges petit-déjeuner business - édition 0357.,False,2026-03-19 09:33:47.846055+00:00,2026-03-19 11:05:03.214869+00:00
372,abf32af2-e35f-4b07-af36-278cd1c95202,53bc19ae-6115-4448-91c2-079f930260b9,1,Organisation insuffisante pour tirer profit du sujet. Catégorie : Networking. Point de référence : Forum d’échanges experts internes - édition 0272.,True,2026-03-30 12:17:32.058863+00:00,2026-03-31 02:28:19.078268+00:00
373,ccd46cab-c742-472f-8b66-729694b1c18b,544f4247-a6c8-459e-997a-f558b28f1006,2,Contenu intéressant mais pas assez approfondi. Catégorie : RSE. Point de référence : Initiative durable inclusion - édition 0736.,True,2026-04-09 10:58:04.744672+00:00,2026-04-11 05:49:19.201980+00:00
374,5c16972b-3360-4fab-9157-7a2fe4be1ed7,99ce0eb9-db3b-4ba1-9d7e-a6e10271bb8c,3,Expérience satisfaisante avec davantage d’exemples souhaités. Catégorie : Conférence. Point de référence : Table ronde marque employeur - édition 0726.,True,2026-03-12 05:39:05.240296+00:00,2026-03-14 13:13:05.111264+00:00
375,9d3098e0-1636-4cc4-afda-35b15eccbcc4,b0953e8e-335d-49b9-b394-fc0fe62b5e1e,2,Contenu intéressant mais pas assez approfondi. Catégorie : Culture d’entreprise. Point de référence : Session valeurs collaboration transversale - édition 0127.,False,2026-03-23 16:46:49.150733+00:00,2026-03-26 06:28:28.887364+00:00
376,0d190215-dd65-4aca-a803-d461f0c97c68,d39a524e-7c94-4fbb-ae92-88b5fbdeaeb8,1,Expérience limitée avec trop peu de valeur opérationnelle. Catégorie : RSE. Point de référence : Action RSE économie d’énergie - édition 0501.,False,2026-03-14 16:23:55.510004+00:00,2026-03-15 21:40:15.787521+00:00
377,73ed9e10-d7dd-4f35-812a-0836380719a5,0e1e47d1-e0f8-4547-aa65-ac319dba27f6,3,Session correcte avec quelques pistes d’amélioration. Catégorie : Webinaire. Point de référence : Session en ligne bien-être au travail - édition 0366.,False,2026-04-14 23:40:17.537761+00:00,2026-04-22 14:13:47.075963+00:00
378,c55301a7-c74d-4ff0-8635-daafc502b6db,f43ba2e8-ea91-43b3-9232-e8fd777feb12,5,"Excellente expérience, contenu clair et directement utile. Catégorie : Webinaire. Point de référence : Webinaire reporting financier - édition 0578.",True,2026-03-18 21:04:34.757506+00:00,2026-03-23 06:19:41.601464+00:00
379,c9a732be-5800-47d3-ad7a-16bbea76b88c,1139ba1c-108d-408a-bcce-dc297a47ae0b,2,Objectifs utiles mais présentation à clarifier. Catégorie : Networking. Point de référence : Forum d’échanges réseau inter-départements - Ventes - édition 0804.,False,2026-04-18 05:27:57.114161+00:00,2026-04-23 22:43:01.847889+00:00
380,73ed9e10-d7dd-4f35-812a-0836380719a5,f4ff8b53-48fb-46e8-9ea0-bc7c51ea9fee,4,Bonne animation avec des points pratiques. Catégorie : Webinaire. Point de référence : Session en ligne bien-être au travail - édition 0366.,False,2026-04-14 14:50:05.172839+00:00,2026-04-17 07:18:53.728483+00:00
381,a779c006-7510-4048-94bc-ffdc9259f64a,5a279486-f19e-477b-ada8-50c908151f96,1,Organisation insuffisante pour tirer profit du sujet. Catégorie : Innovation. Point de référence : Atelier innovation prototypage rapide - édition 0286.,False,2026-03-09 21:29:29.259687+00:00,2026-03-14 19:07:25.960746+00:00
382,ccd46cab-c742-472f-8b66-729694b1c18b,05ebad91-5c0a-406d-b835-141c19b231e0,5,"Excellente expérience, contenu clair et directement utile. Catégorie : RSE. Point de référence : Initiative durable inclusion - édition 0736.",False,2026-04-11 13:12:07.493823+00:00,2026-04-15 05:50:18.401231+00:00
383,14a26d46-5b31-499f-ad00-fc30c8e863e4,36a7aa14-d53e-4d7a-9df0-346370185c99,4,Bonne animation avec des points pratiques. Catégorie : RSE. Point de référence : Atelier RSE économie d’énergie - édition 0966.,True,2026-04-30 21:45:21.726924+00:00,2026-05-01 08:17:10.318021+00:00
384,3d511cb8-71cf-4f9c-9e3e-2243ccc0c3ba,e1146103-3e33-4ed7-9a4c-3426f5922da9,4,Bon événement avec un contenu pertinent. Catégorie : Atelier. Point de référence : Workshop prise de parole - édition 0784.,True,2026-04-04 08:22:50.752333+00:00,2026-04-12 01:57:15.442154+00:00
385,4dfd9a7c-50c9-41e3-9125-2ebbe63e128b,ef84d501-5809-42c6-811a-459fc59c8de1,2,Session trop courte pour couvrir le sujet correctement. Catégorie : Team building. Point de référence : Défi collaboratif résolution de problèmes - édition 0162.,True,2026-04-22 04:39:06.095739+00:00,2026-04-29 08:35:53.324134+00:00
386,7d256949-75b2-4833-a44c-2cee42b2281e,ad077160-525d-4c40-8102-623ecef44a68,1,Session difficile à suivre et peu pratique. Catégorie : Team building. Point de référence : Team building résolution de problèmes - Juridique - édition 0869.,False,2026-03-14 15:54:08.101053+00:00,2026-03-21 19:24:16.697242+00:00
387,c9a732be-5800-47d3-ad7a-16bbea76b88c,32b25946-4e38-41dc-be6e-68aa7a85c5b4,5,Format dynamique et échanges très constructifs. Catégorie : Networking. Point de référence : Forum d’échanges réseau inter-départements - Ventes - édition 0804.,False,2026-04-22 08:53:17.518316+00:00,2026-04-27 04:30:34.603981+00:00
388,40d339c6-9f7e-4c65-80aa-eeed3589bc0a,e85bf3a0-343f-43c6-9d3c-0139253eb5fe,4,Bonne animation avec des points pratiques. Catégorie : Culture d’entreprise. Point de référence : Rencontre culture interne ambassadeurs culture - édition 0406.,False,2026-04-08 06:49:59.266516+00:00,2026-04-14 04:31:43.570695+00:00
389,ac26fd8d-c517-4688-bef2-c5c201e2ff96,7c907411-53e7-4a2f-9fb2-368bef893ae6,1,Le contenu ne répondait pas vraiment aux attentes. Catégorie : Innovation. Point de référence : Lab innovation automatisation métier - édition 0066.,False,2026-04-26 10:31:06.575873+00:00,2026-04-26 15:53:32.806029+00:00
390,fc34e1fc-4661-4a79-8177-57658ee1d856,b2d5b34b-d258-4bcf-8d4a-ef4e46a9dfff,3,"Bon thème, mais le rythme pourrait être mieux équilibré. Catégorie : Webinaire. Point de référence : Live interne IoT et capteurs - édition 0063.",False,2026-03-02 15:36:40.119101+00:00,2026-03-05 21:55:29.434655+00:00
391,0d190215-dd65-4aca-a803-d461f0c97c68,9cca5d9d-2083-45f2-baf5-a904076fa298,1,Le contenu ne répondait pas vraiment aux attentes. Catégorie : RSE. Point de référence : Action RSE économie d’énergie - édition 0501.,False,2026-03-14 20:12:22.818806+00:00,2026-03-17 19:35:50.451295+00:00
392,f7a54488-0611-449e-bf85-c0398fd517a2,cdceb895-35d8-4e18-b3c1-c6e0cb902595,1,Expérience limitée avec trop peu de valeur opérationnelle. Catégorie : Atelier. Point de référence : Workshop prise de parole - édition 0144.,False,2026-03-14 11:28:07.610546+00:00,2026-03-19 20:17:57.532602+00:00
393,73ed9e10-d7dd-4f35-812a-0836380719a5,083adc5e-4f88-4bb2-98cc-7d2b6713765f,4,Bonne animation avec des points pratiques. Catégorie : Webinaire. Point de référence : Session en ligne bien-être au travail - édition 0366.,False,2026-04-14 10:08:19.060591+00:00,2026-04-19 23:51:25.273712+00:00
394,14a26d46-5b31-499f-ad00-fc30c8e863e4,542706cb-ff1a-4d9a-9b3d-621e4e7fe4bb,5,Format dynamique et échanges très constructifs. Catégorie : RSE. Point de référence : Atelier RSE économie d’énergie - édition 0966.,True,2026-04-26 03:18:46.197788+00:00,2026-04-29 13:29:23.395041+00:00
395,4dfd9a7c-50c9-41e3-9125-2ebbe63e128b,e50d8d05-5cc4-4343-b6bc-1df1b3f3d22f,5,"Excellente expérience, contenu clair et directement utile. Catégorie : Team building. Point de référence : Défi collaboratif résolution de problèmes - édition 0162.",True,2026-04-22 06:25:51.477948+00:00,2026-04-23 18:07:56.615913+00:00
396,73ed9e10-d7dd-4f35-812a-0836380719a5,ff547326-c297-4923-8b93-97313a467f80,4,Session utile et bien structurée. Catégorie : Webinaire. Point de référence : Session en ligne bien-être au travail - édition 0366.,True,2026-04-16 23:32:10.780117+00:00,2026-04-17 03:47:26.198697+00:00
397,14a26d46-5b31-499f-ad00-fc30c8e863e4,d0f4fbc4-456a-46ec-83cb-fa4972235dcc,5,"Très bonne session, bien organisée et enrichissante. Catégorie : RSE. Point de référence : Atelier RSE économie d’énergie - édition 0966.",False,2026-04-26 00:54:45.720677+00:00,2026-04-26 06:04:05.001742+00:00
398,a779c006-7510-4048-94bc-ffdc9259f64a,77912841-0831-4559-9152-00fd23a9a51c,5,Intervention de qualité avec des exemples concrets. Catégorie : Innovation. Point de référence : Atelier innovation prototypage rapide - édition 0286.,False,2026-03-09 11:37:02.688831+00:00,2026-03-10 10:33:05.000890+00:00
399,14a26d46-5b31-499f-ad00-fc30c8e863e4,876555c2-25f1-4f17-a598-ae5ea4457ee0,4,Événement intéressant et globalement réussi. Catégorie : RSE. Point de référence : Atelier RSE économie d’énergie - édition 0966.,False,2026-04-25 18:09:16.811140+00:00,2026-04-26 03:32:26.900616+00:00
400,32550296-6435-4ef2-90e1-028656282c7f,79ecd19f-9a6a-4019-aeab-38a61af2036b,3,"Bon thème, mais le rythme pourrait être mieux équilibré. Catégorie : Networking. Point de référence : Forum d’échanges petit-déjeuner business - édition 0357.",False,2026-03-17 14:24:49.886781+00:00,2026-03-22 12:04:42.134917+00:00
401,4dc60709-3167-41bb-aa8f-653175b97d40,efc9f989-2e92-4dbb-b001-56b7f766c6cd,3,"Bon thème, mais le rythme pourrait être mieux équilibré. Catégorie : Networking. Point de référence : Speed meeting forum projets - édition 0900.",False,2026-04-19 13:45:28.540566+00:00,2026-04-21 00:19:36.169763+00:00
402,0a0c2bd6-9d51-441b-83d0-68db4cd99256,72efd112-3855-4a02-9572-9799474fbdf0,2,Organisation perfectible et interaction limitée. Catégorie : Culture d’entreprise. Point de référence : Rencontre culture interne onboarding culturel - édition 0105.,False,2026-03-09 16:33:57.481887+00:00,2026-03-10 07:07:41.805769+00:00
403,ac26fd8d-c517-4688-bef2-c5c201e2ff96,d2b19326-abcc-4c08-ac49-a94f14bc8481,3,Expérience satisfaisante avec davantage d’exemples souhaités. Catégorie : Innovation. Point de référence : Lab innovation automatisation métier - édition 0066.,True,2026-04-22 18:31:06.698464+00:00,2026-04-26 20:37:21.103603+00:00
404,685eab0b-417d-4cb4-916d-1e7ea0e5e5d7,ad077160-525d-4c40-8102-623ecef44a68,2,Organisation perfectible et interaction limitée. Catégorie : Formation. Point de référence : Session de formation contrats et conformité - édition 0058.,True,2026-03-17 01:05:42.590444+00:00,2026-03-17 14:50:30.839984+00:00
405,40d339c6-9f7e-4c65-80aa-eeed3589bc0a,b1b3abf0-bf40-43df-bd09-1bd861e99e17,4,Bonne animation avec des points pratiques. Catégorie : Culture d’entreprise. Point de référence : Rencontre culture interne ambassadeurs culture - édition 0406.,True,2026-04-07 06:30:17.190824+00:00,2026-04-12 08:44:16.579615+00:00
406,2889f7a5-c66f-4fbd-bdb9-414935805d06,d3a11e22-80f0-4ba2-bbb9-8e0549c5deb0,1,Expérience limitée avec trop peu de valeur opérationnelle. Catégorie : RSE. Point de référence : Initiative durable inclusion - édition 0753.,True,2026-04-02 04:18:32.522097+00:00,2026-04-02 09:23:06.524927+00:00
407,58c345d7-c707-4350-8a43-eacf36cfa897,074ac71d-aafc-47a0-9056-0c48ad4084ce,3,Expérience satisfaisante avec davantage d’exemples souhaités. Catégorie : Bien-être. Point de référence : Session bien-être gestion du stress - édition 0077.,True,2026-03-14 04:43:03.124802+00:00,2026-03-19 00:50:57.228476+00:00
408,39bfc35e-8bb4-403e-b418-4d800493599f,c347dd6b-20d6-49f1-b00c-10e9d401a28a,3,Session correcte avec quelques pistes d’amélioration. Catégorie : Atelier. Point de référence : Atelier collaboratif gestion budgétaire - édition 0888.,False,2026-04-01 11:30:46.259735+00:00,2026-04-06 07:08:41.224578+00:00
409,c9a732be-5800-47d3-ad7a-16bbea76b88c,27e57f44-3711-4937-96be-d80bcf09b05d,2,Objectifs utiles mais présentation à clarifier. Catégorie : Networking. Point de référence : Forum d’échanges réseau inter-départements - Ventes - édition 0804.,True,2026-04-20 00:10:39.223178+00:00,2026-04-22 18:45:31.293823+00:00
410,785cfbf1-488c-41df-aacd-31498c90fb44,8e39130a-e867-4106-91d8-13206ebbc96a,3,Expérience satisfaisante avec davantage d’exemples souhaités. Catégorie : Networking. Point de référence : Speed meeting communautés internes - Ressources humaines - édition 0449.,False,2026-03-31 12:31:29.630965+00:00,2026-04-01 04:33:28.894567+00:00
411,9d3098e0-1636-4cc4-afda-35b15eccbcc4,549a7925-348b-43cd-a3b9-dd25c12212b3,4,Bon événement avec un contenu pertinent. Catégorie : Culture d’entreprise. Point de référence : Session valeurs collaboration transversale - édition 0127.,True,2026-03-25 02:26:28.916591+00:00,2026-03-28 14:54:09.915127+00:00
412,9d3098e0-1636-4cc4-afda-35b15eccbcc4,d0f286e9-aeb3-4658-8f6c-b7a7d6120051,3,Contenu utile mais parfois trop général. Catégorie : Culture d’entreprise. Point de référence : Session valeurs collaboration transversale - édition 0127.,True,2026-03-29 08:08:04.214732+00:00,2026-04-05 22:00:39.229329+00:00
413,32550296-6435-4ef2-90e1-028656282c7f,9f62bec9-e71d-4e58-8eb0-f51c0c93bd4e,5,Intervention de qualité avec des exemples concrets. Catégorie : Networking. Point de référence : Forum d’échanges petit-déjeuner business - édition 0357.,True,2026-03-21 06:48:44.276708+00:00,2026-03-22 03:47:59.463315+00:00
414,0a0c2bd6-9d51-441b-83d0-68db4cd99256,79813442-5e34-470e-ae19-fde9bd8d21e8,5,Format dynamique et échanges très constructifs. Catégorie : Culture d’entreprise. Point de référence : Rencontre culture interne onboarding culturel - édition 0105.,True,2026-03-04 15:56:06.574509+00:00,2026-03-04 23:10:00.548652+00:00
415,2bf86b0c-d22a-4f62-894f-818dcf351857,4939d78a-0c57-4ce5-bee3-d1fe244be125,5,"Très bonne session, bien organisée et enrichissante. Catégorie : Formation. Point de référence : Module d’apprentissage SQL avancé - édition 0065.",True,2026-03-15 12:51:44.276080+00:00,2026-03-17 00:11:47.239644+00:00
416,bb83982e-c8cc-4fda-98aa-0a54f2b673c1,61175dd3-69f9-4b64-8fa2-09b08ee9b450,2,Objectifs utiles mais présentation à clarifier. Catégorie : RSE. Point de référence : Atelier RSE réduction carbone - édition 0399.,True,2026-03-31 05:46:30.602423+00:00,2026-04-01 03:48:01.473137+00:00
417,10440011-36d1-45cd-b0f9-29469dc42429,83591bb5-b0a5-432a-9670-a236e11cbb0b,2,Contenu intéressant mais pas assez approfondi. Catégorie : Conférence. Point de référence : Table ronde leadership responsable - édition 0678.,False,2026-04-29 04:49:24.609950+00:00,2026-04-30 13:50:27.222471+00:00
418,14a26d46-5b31-499f-ad00-fc30c8e863e4,0758c702-8abe-48eb-8498-0241319134d6,4,Bon événement avec un contenu pertinent. Catégorie : RSE. Point de référence : Atelier RSE économie d’énergie - édition 0966.,False,2026-04-28 14:38:15.693857+00:00,2026-04-29 00:45:52.064450+00:00
419,ccd46cab-c742-472f-8b66-729694b1c18b,4284538a-2eb5-4ac7-9e74-d9148261af39,4,Événement intéressant et globalement réussi. Catégorie : RSE. Point de référence : Initiative durable inclusion - édition 0736.,True,2026-04-10 21:40:21.841482+00:00,2026-04-14 03:43:51.374844+00:00
420,c55301a7-c74d-4ff0-8635-daafc502b6db,c33a2e16-11ad-42aa-86ff-912411bdea48,4,Session utile et bien structurée. Catégorie : Webinaire. Point de référence : Webinaire reporting financier - édition 0578.,True,2026-03-10 05:41:10.388278+00:00,2026-03-15 01:25:53.886159+00:00
421,73ed9e10-d7dd-4f35-812a-0836380719a5,ab6db78b-7377-4bd2-b600-5e71d3b60e91,4,Événement intéressant et globalement réussi. Catégorie : Webinaire. Point de référence : Session en ligne bien-être au travail - édition 0366.,True,2026-04-11 19:55:05.848293+00:00,2026-04-12 09:03:46.001087+00:00
422,b5a07b22-e8b4-4066-9f47-dfab0796c1c3,de60686f-1075-42f6-8d70-c65c29ff1620,4,Événement intéressant et globalement réussi. Catégorie : Networking. Point de référence : Networking experts internes - édition 0810.,True,2026-04-30 17:05:56.676449+00:00,2026-05-01 02:00:59.330857+00:00
423,ec82a583-604f-437f-a255-66b4a7459372,53bc19ae-6115-4448-91c2-079f930260b9,3,"Bon thème, mais le rythme pourrait être mieux équilibré. Catégorie : Afterwork. Point de référence : Moment convivial communauté tech - édition 0190.",True,2026-03-10 12:51:51.626324+00:00,2026-03-10 22:58:07.584047+00:00
424,4dc60709-3167-41bb-aa8f-653175b97d40,16aecb05-9ec8-4d03-8476-a54437617f6a,3,Expérience satisfaisante avec davantage d’exemples souhaités. Catégorie : Networking. Point de référence : Speed meeting forum projets - édition 0900.,False,2026-04-20 00:58:05.404518+00:00,2026-04-24 03:14:53.243419+00:00
425,c63b2370-25af-4d8f-9320-7226692b196b,c3b0f176-69f0-4028-872a-0091128bf3a7,1,Expérience limitée avec trop peu de valeur opérationnelle. Catégorie : Conférence. Point de référence : Table ronde finance durable - édition 0697.,True,2026-04-29 22:23:56.892669+00:00,2026-04-30 12:52:26.791121+00:00
426,df9061ce-768a-48f5-85fa-9e84b27f3c82,a3ff7146-5c5d-4b32-aa8d-e1dc67bae50e,4,Session utile et bien structurée. Catégorie : Atelier. Point de référence : Workshop gestion budgétaire - édition 0104.,False,2026-03-31 09:34:26.554423+00:00,2026-04-01 07:12:15.182451+00:00
427,0d190215-dd65-4aca-a803-d461f0c97c68,db865006-8f7f-49f3-a2b6-c29e656c8004,3,"Bon thème, mais le rythme pourrait être mieux équilibré. Catégorie : RSE. Point de référence : Action RSE économie d’énergie - édition 0501.",True,2026-03-21 04:08:06.581519+00:00,2026-03-23 11:20:17.504938+00:00
428,0d190215-dd65-4aca-a803-d461f0c97c68,33611d4a-b72d-4868-8862-37dc6da35c82,4,Bon événement avec un contenu pertinent. Catégorie : RSE. Point de référence : Action RSE économie d’énergie - édition 0501.,True,2026-03-24 06:51:22.823742+00:00,2026-03-25 11:43:31.891290+00:00
429,2a993f2e-58c0-4268-a821-34a46d9e99b3,c79bf178-2ad7-46c5-a8bc-69d76f5a35b2,3,Contenu utile mais parfois trop général. Catégorie : Afterwork. Point de référence : Moment convivial équipes projet - édition 0073.,False,2026-04-21 02:12:57.243001+00:00,2026-04-26 23:35:06.276050+00:00
430,40d339c6-9f7e-4c65-80aa-eeed3589bc0a,ebabeeab-3d61-4de8-9cc1-9896c30de71c,4,Événement intéressant et globalement réussi. Catégorie : Culture d’entreprise. Point de référence : Rencontre culture interne ambassadeurs culture - édition 0406.,False,2026-03-30 10:30:13.722400+00:00,2026-04-02 04:40:31.321684+00:00
431,c63b2370-25af-4d8f-9320-7226692b196b,27450660-9126-425f-8a4c-ee13055c3619,4,Bon événement avec un contenu pertinent. Catégorie : Conférence. Point de référence : Table ronde finance durable - édition 0697.,False,2026-04-29 21:40:41.096207+00:00,2026-04-30 00:54:31.165348+00:00
432,5c16972b-3360-4fab-9157-7a2fe4be1ed7,9dd603d9-070f-421c-9578-652d098d33ae,5,"Excellente expérience, contenu clair et directement utile. Catégorie : Conférence. Point de référence : Table ronde marque employeur - édition 0726.",True,2026-03-15 15:04:27.112966+00:00,2026-03-21 01:56:52.316654+00:00
433,2a993f2e-58c0-4268-a821-34a46d9e99b3,f26d448f-05f1-49b5-915f-c47667f8a942,4,Session utile et bien structurée. Catégorie : Afterwork. Point de référence : Moment convivial équipes projet - édition 0073.,True,2026-04-22 00:25:46.727046+00:00,2026-04-25 18:45:36.247193+00:00
434,14a26d46-5b31-499f-ad00-fc30c8e863e4,de3055d4-4360-4203-a8f8-a1dab9fcf241,3,Contenu utile mais parfois trop général. Catégorie : RSE. Point de référence : Atelier RSE économie d’énergie - édition 0966.,True,2026-04-26 04:10:07.253669+00:00,2026-05-01 00:29:41.904270+00:00
435,73ed9e10-d7dd-4f35-812a-0836380719a5,fd337d25-a333-4d37-94b8-71f30778f874,4,Bon événement avec un contenu pertinent. Catégorie : Webinaire. Point de référence : Session en ligne bien-être au travail - édition 0366.,True,2026-04-14 01:47:14.526569+00:00,2026-04-15 04:29:45.003667+00:00
436,9d3098e0-1636-4cc4-afda-35b15eccbcc4,e6693802-b58f-4be6-8509-975c7975dc5b,2,Objectifs utiles mais présentation à clarifier. Catégorie : Culture d’entreprise. Point de référence : Session valeurs collaboration transversale - édition 0127.,True,2026-03-24 03:23:24.627281+00:00,2026-03-26 07:47:52.660183+00:00
437,5c16972b-3360-4fab-9157-7a2fe4be1ed7,5147885c-e8a5-473d-88c2-92f1ac8aaab2,5,"Excellente expérience, contenu clair et directement utile. Catégorie : Conférence. Point de référence : Table ronde marque employeur - édition 0726.",True,2026-03-13 08:29:16.811187+00:00,2026-03-15 00:59:54.325409+00:00
438,359e99c9-a8e0-464c-a3e4-0cf90413eda0,94df617c-7422-4cee-8fff-551c271661f6,5,"Excellente expérience, contenu clair et directement utile. Catégorie : Conférence. Point de référence : Keynote interne finance durable - IoT - édition 0998.",False,2026-04-09 02:30:47.157670+00:00,2026-04-10 23:45:10.229409+00:00
439,7e26e7c2-9106-42f4-b316-f4e374e83380,0b3a5337-8158-4195-b718-c1f64fec5d76,2,Session trop courte pour couvrir le sujet correctement. Catégorie : Bien-être. Point de référence : Rencontre santé au travail nutrition et énergie - édition 0659.,False,2026-03-05 22:19:40.432835+00:00,2026-03-06 20:52:23.126395+00:00
440,5c16972b-3360-4fab-9157-7a2fe4be1ed7,08dc70fc-64c7-4fb3-ab1f-76c43226fdbf,3,Session correcte avec quelques pistes d’amélioration. Catégorie : Conférence. Point de référence : Table ronde marque employeur - édition 0726.,True,2026-03-19 19:10:27.685843+00:00,2026-03-24 09:41:38.065068+00:00
441,9d3098e0-1636-4cc4-afda-35b15eccbcc4,49f84812-c3fe-4a66-b400-497728964a71,1,Organisation insuffisante pour tirer profit du sujet. Catégorie : Culture d’entreprise. Point de référence : Session valeurs collaboration transversale - édition 0127.,True,2026-03-29 04:48:58.004141+00:00,2026-03-29 12:59:55.605622+00:00
442,7fe2252b-36f4-4da7-80e4-6ac72b4eeb71,24142aac-d1c8-42ac-a86d-f1049fd901a2,2,Objectifs utiles mais présentation à clarifier. Catégorie : Formation. Point de référence : Parcours pratique analyse de données - édition 0109.,False,2026-04-03 09:08:18.140207+00:00,2026-04-04 15:23:06.345559+00:00
443,5c16972b-3360-4fab-9157-7a2fe4be1ed7,449ac75e-578d-423f-8bc4-b4c90d6ac229,4,Bon événement avec un contenu pertinent. Catégorie : Conférence. Point de référence : Table ronde marque employeur - édition 0726.,True,2026-03-13 01:49:41.161050+00:00,2026-03-14 04:16:43.423581+00:00
444,558f4ece-d28f-4f60-a1ed-0fc59ecd077f,dc77d7ee-0010-4612-9a40-e655be92d3eb,1,Session difficile à suivre et peu pratique. Catégorie : Bien-être. Point de référence : Pause prévention santé mentale - édition 0717.,False,2026-04-20 04:55:18.523038+00:00,2026-04-23 10:38:21.203539+00:00
445,4dc60709-3167-41bb-aa8f-653175b97d40,0198bc4b-8443-4754-8317-49b56f81ecea,3,Session correcte avec quelques pistes d’amélioration. Catégorie : Networking. Point de référence : Speed meeting forum projets - édition 0900.,False,2026-04-16 22:22:07.284547+00:00,2026-04-17 15:22:53.476918+00:00
446,9c310c8a-230b-4fa5-83e3-97417739fdd1,b54fdc5c-e828-48f4-8b75-28fe75c046a8,4,Bon événement avec un contenu pertinent. Catégorie : Afterwork. Point de référence : Rencontre informelle finance et business - Développement - édition 0886.,True,2026-04-06 04:18:55.524133+00:00,2026-04-10 07:36:33.225043+00:00
447,b5a07b22-e8b4-4066-9f47-dfab0796c1c3,d8f6a1f6-2bba-4d6b-8516-7202830f5ffb,3,Session correcte avec quelques pistes d’amélioration. Catégorie : Networking. Point de référence : Networking experts internes - édition 0810.,True,2026-05-01 05:14:41.782049+00:00,2026-05-01 11:06:27.137215+00:00
448,c55301a7-c74d-4ff0-8635-daafc502b6db,273af618-b029-48bf-9f93-07a654f545f4,3,Expérience satisfaisante avec davantage d’exemples souhaités. Catégorie : Webinaire. Point de référence : Webinaire reporting financier - édition 0578.,False,2026-03-09 08:38:20.753336+00:00,2026-03-10 21:03:16.575850+00:00
449,359e99c9-a8e0-464c-a3e4-0cf90413eda0,e9259942-8396-473b-9057-48dcaca6a4b8,5,"Très bonne session, bien organisée et enrichissante. Catégorie : Conférence. Point de référence : Keynote interne finance durable - IoT - édition 0998.",False,2026-04-15 11:56:02.770761+00:00,2026-04-19 05:43:56.580995+00:00
450,f7a54488-0611-449e-bf85-c0398fd517a2,8447be2e-4776-47d8-b0e5-e6a88f3e7d22,3,Contenu utile mais parfois trop général. Catégorie : Atelier. Point de référence : Workshop prise de parole - édition 0144.,False,2026-03-06 12:09:18.976438+00:00,2026-03-07 15:17:31.917736+00:00
451,20381396-b550-4218-898a-872e373af9ec,5a279486-f19e-477b-ada8-50c908151f96,2,Organisation perfectible et interaction limitée. Catégorie : Conférence. Point de référence : Rencontre expert expérience client - édition 0472.,False,2026-04-23 09:48:24.271768+00:00,2026-04-24 06:55:23.778558+00:00
452,73ed9e10-d7dd-4f35-812a-0836380719a5,8fb6c560-14f4-4ef9-bab1-bda6ae55864c,2,Session trop courte pour couvrir le sujet correctement. Catégorie : Webinaire. Point de référence : Session en ligne bien-être au travail - édition 0366.,False,2026-04-12 18:47:14.081353+00:00,2026-04-13 11:34:14.122846+00:00
453,40d339c6-9f7e-4c65-80aa-eeed3589bc0a,ed50a04f-41be-4ee7-89ae-aed7531faa34,2,Contenu intéressant mais pas assez approfondi. Catégorie : Culture d’entreprise. Point de référence : Rencontre culture interne ambassadeurs culture - édition 0406.,False,2026-04-03 15:59:55.129188+00:00,2026-04-04 05:53:59.886665+00:00
454,df9061ce-768a-48f5-85fa-9e84b27f3c82,009106ed-775c-4434-bfde-f95de8733d4b,1,Session difficile à suivre et peu pratique. Catégorie : Atelier. Point de référence : Workshop gestion budgétaire - édition 0104.,False,2026-04-03 16:58:16.394472+00:00,2026-04-11 11:04:16.886507+00:00
455,ac26fd8d-c517-4688-bef2-c5c201e2ff96,fa28ce57-bb38-4d8a-a0f3-a2d5cd14c061,1,Le contenu ne répondait pas vraiment aux attentes. Catégorie : Innovation. Point de référence : Lab innovation automatisation métier - édition 0066.,False,2026-04-23 06:55:07.616956+00:00,2026-04-23 22:02:49.242260+00:00
456,14a26d46-5b31-499f-ad00-fc30c8e863e4,e6cbc23c-448f-475b-9d8d-a739cbc80407,3,"Bon thème, mais le rythme pourrait être mieux équilibré. Catégorie : RSE. Point de référence : Atelier RSE économie d’énergie - édition 0966.",False,2026-04-25 22:40:56.001095+00:00,2026-04-27 20:54:58.086412+00:00
457,9c310c8a-230b-4fa5-83e3-97417739fdd1,80d67e75-1cd6-4308-ace2-c8929c58a1fc,3,Session correcte avec quelques pistes d’amélioration. Catégorie : Afterwork. Point de référence : Rencontre informelle finance et business - Développement - édition 0886.,False,2026-03-27 00:50:25.213882+00:00,2026-03-27 03:40:11.743428+00:00
458,ccd46cab-c742-472f-8b66-729694b1c18b,51e00143-3f66-4030-bf3a-b154f7d7512a,1,Expérience limitée avec trop peu de valeur opérationnelle. Catégorie : RSE. Point de référence : Initiative durable inclusion - édition 0736.,True,2026-04-10 01:07:39.467286+00:00,2026-04-10 21:21:55.942448+00:00
459,ccd46cab-c742-472f-8b66-729694b1c18b,b877de62-103a-4774-b161-65d240e35474,1,Le contenu ne répondait pas vraiment aux attentes. Catégorie : RSE. Point de référence : Initiative durable inclusion - édition 0736.,True,2026-04-10 12:23:13.977523+00:00,2026-04-12 11:10:42.154563+00:00
460,bd1a3473-a2be-43bf-9f69-fbd42e9fb520,a04f5eda-a557-4705-92b5-88cc55ea6558,5,Format dynamique et échanges très constructifs. Catégorie : Afterwork. Point de référence : Rencontre informelle réseau interne - édition 0224.,False,2026-03-30 02:10:56.657229+00:00,2026-04-03 23:49:46.151200+00:00
461,9d3098e0-1636-4cc4-afda-35b15eccbcc4,f2aba7e0-43cb-45a1-8ed2-80e2b36e4be9,3,"Bon thème, mais le rythme pourrait être mieux équilibré. Catégorie : Culture d’entreprise. Point de référence : Session valeurs collaboration transversale - édition 0127.",True,2026-03-31 20:50:56.243270+00:00,2026-04-01 14:19:20.053065+00:00
462,20381396-b550-4218-898a-872e373af9ec,284ef197-5fe6-404b-92da-1fd69387091d,3,Session correcte avec quelques pistes d’amélioration. Catégorie : Conférence. Point de référence : Rencontre expert expérience client - édition 0472.,False,2026-04-12 21:21:16.774025+00:00,2026-04-16 21:07:07.921769+00:00
463,14a26d46-5b31-499f-ad00-fc30c8e863e4,1bdd1aba-8056-4ec1-b09d-02acb85a9eab,5,Intervention de qualité avec des exemples concrets. Catégorie : RSE. Point de référence : Atelier RSE économie d’énergie - édition 0966.,True,2026-04-29 14:08:54.276971+00:00,2026-04-30 13:35:17.758400+00:00
464,14a26d46-5b31-499f-ad00-fc30c8e863e4,d55047e0-37be-40fb-a90b-d53653e77f3c,5,"Très bonne session, bien organisée et enrichissante. Catégorie : RSE. Point de référence : Atelier RSE économie d’énergie - édition 0966.",True,2026-04-28 17:54:02.437998+00:00,2026-04-29 22:33:24.979030+00:00
465,9d3098e0-1636-4cc4-afda-35b15eccbcc4,04bb8b7a-cd4c-4a01-91d4-4704fda80686,3,"Bon thème, mais le rythme pourrait être mieux équilibré. Catégorie : Culture d’entreprise. Point de référence : Session valeurs collaboration transversale - édition 0127.",False,2026-03-24 05:35:34.520016+00:00,2026-03-27 00:13:01.435961+00:00
466,9d3098e0-1636-4cc4-afda-35b15eccbcc4,64d309e9-1dd7-4572-9479-4d2164c080b8,5,"Excellente expérience, contenu clair et directement utile. Catégorie : Culture d’entreprise. Point de référence : Session valeurs collaboration transversale - édition 0127.",True,2026-03-23 08:29:41.704733+00:00,2026-03-26 06:14:37.984867+00:00
467,fc34e1fc-4661-4a79-8177-57658ee1d856,94df617c-7422-4cee-8fff-551c271661f6,4,Bon événement avec un contenu pertinent. Catégorie : Webinaire. Point de référence : Live interne IoT et capteurs - édition 0063.,True,2026-03-06 01:27:45.997212+00:00,2026-03-08 11:32:23.284844+00:00
468,558f4ece-d28f-4f60-a1ed-0fc59ecd077f,cba90a11-1840-4896-baf9-ad4c1723a01f,3,"Bon thème, mais le rythme pourrait être mieux équilibré. Catégorie : Bien-être. Point de référence : Pause prévention santé mentale - édition 0717.",True,2026-04-21 10:04:33.792862+00:00,2026-04-25 18:58:15.346411+00:00
469,bd1a3473-a2be-43bf-9f69-fbd42e9fb520,e63e4f83-e0ba-4644-a46a-7413de243920,1,Session difficile à suivre et peu pratique. Catégorie : Afterwork. Point de référence : Rencontre informelle réseau interne - édition 0224.,False,2026-03-29 11:12:57.897820+00:00,2026-03-30 12:06:14.309380+00:00
470,35aa3585-3880-466e-a4f8-b30d6b45c62b,63c7f6a6-1fb9-467e-a32c-b7f7fbd263d6,5,"Très bonne session, bien organisée et enrichissante. Catégorie : Afterwork. Point de référence : Soirée réseau finance et business - édition 0858.",False,2026-04-04 15:48:55.107883+00:00,2026-04-09 14:31:32.144864+00:00
471,32550296-6435-4ef2-90e1-028656282c7f,553aa3f4-b0d4-4902-96eb-9580f1ab5102,1,Session difficile à suivre et peu pratique. Catégorie : Networking. Point de référence : Forum d’échanges petit-déjeuner business - édition 0357.,False,2026-03-24 00:50:48.733261+00:00,2026-03-24 06:50:16.373237+00:00
472,fb518144-8d76-42a9-a016-6da13e385137,c3f44d1a-e988-4b73-a7f1-9fe2fbfeaaca,1,Session difficile à suivre et peu pratique. Catégorie : Networking. Point de référence : Forum d’échanges partage d’expérience - Support client - édition 0533.,True,2026-04-14 07:01:20.757788+00:00,2026-04-14 20:01:13.767467+00:00
473,14a26d46-5b31-499f-ad00-fc30c8e863e4,7c907411-53e7-4a2f-9fb2-368bef893ae6,1,Expérience limitée avec trop peu de valeur opérationnelle. Catégorie : RSE. Point de référence : Atelier RSE économie d’énergie - édition 0966.,False,2026-04-27 09:08:10.828683+00:00,2026-04-30 13:26:15.087550+00:00
474,3d511cb8-71cf-4f9c-9e3e-2243ccc0c3ba,3fe14d18-0cfa-492c-9c98-5c09e18406f4,2,Objectifs utiles mais présentation à clarifier. Catégorie : Atelier. Point de référence : Workshop prise de parole - édition 0784.,True,2026-04-07 15:41:02.485703+00:00,2026-04-08 17:17:40.668195+00:00
475,77eff7bb-309d-4c5d-bcb8-b49951ccb903,13376738-828d-4cdb-b40c-24d0da2a5573,1,Organisation insuffisante pour tirer profit du sujet. Catégorie : RSE. Point de référence : Atelier RSE achats responsables - édition 0942.,False,2026-03-11 06:54:45.232545+00:00,2026-03-14 13:52:59.518408+00:00
476,0a0c2bd6-9d51-441b-83d0-68db4cd99256,f2aba7e0-43cb-45a1-8ed2-80e2b36e4be9,3,"Bon thème, mais le rythme pourrait être mieux équilibré. Catégorie : Culture d’entreprise. Point de référence : Rencontre culture interne onboarding culturel - édition 0105.",True,2026-03-06 23:38:08.192878+00:00,2026-03-09 04:27:09.796620+00:00
477,558f4ece-d28f-4f60-a1ed-0fc59ecd077f,da7d8ca8-db94-48b0-87a9-6c6a4d12c1cb,5,"Très bonne session, bien organisée et enrichissante. Catégorie : Bien-être. Point de référence : Pause prévention santé mentale - édition 0717.",True,2026-04-20 11:49:00.353306+00:00,2026-04-21 14:37:30.587864+00:00
478,7e26e7c2-9106-42f4-b316-f4e374e83380,f2d45b59-75cd-44be-b428-acaecb458fb7,4,Bonne animation avec des points pratiques. Catégorie : Bien-être. Point de référence : Rencontre santé au travail nutrition et énergie - édition 0659.,False,2026-03-14 21:51:12.377111+00:00,2026-03-18 11:23:58.024043+00:00
479,0d190215-dd65-4aca-a803-d461f0c97c68,aa4e1ebb-5f2c-431e-b14c-49099924347c,5,"Excellente expérience, contenu clair et directement utile. Catégorie : RSE. Point de référence : Action RSE économie d’énergie - édition 0501.",False,2026-03-20 01:30:44.911070+00:00,2026-03-24 10:28:11.187127+00:00
480,73ed9e10-d7dd-4f35-812a-0836380719a5,93c2ea2c-f36b-43fb-8081-333512ad6dfe,5,Format dynamique et échanges très constructifs. Catégorie : Webinaire. Point de référence : Session en ligne bien-être au travail - édition 0366.,True,2026-04-13 01:32:37.578850+00:00,2026-04-13 14:51:43.764388+00:00
481,5c16972b-3360-4fab-9157-7a2fe4be1ed7,113c738a-c462-4ce1-8d84-bd0ba9a11de9,2,Objectifs utiles mais présentation à clarifier. Catégorie : Conférence. Point de référence : Table ronde marque employeur - édition 0726.,True,2026-03-11 15:20:19.524913+00:00,2026-03-13 23:12:08.173080+00:00
482,a779c006-7510-4048-94bc-ffdc9259f64a,1bdd1aba-8056-4ec1-b09d-02acb85a9eab,1,Organisation insuffisante pour tirer profit du sujet. Catégorie : Innovation. Point de référence : Atelier innovation prototypage rapide - édition 0286.,False,2026-03-10 21:16:53.298359+00:00,2026-03-12 00:32:14.431760+00:00
483,40d339c6-9f7e-4c65-80aa-eeed3589bc0a,d045ce18-decd-4a51-b04a-c4a0b10839a7,3,"Bon thème, mais le rythme pourrait être mieux équilibré. Catégorie : Culture d’entreprise. Point de référence : Rencontre culture interne ambassadeurs culture - édition 0406.",True,2026-04-02 05:08:05.992470+00:00,2026-04-06 00:45:17.709623+00:00
484,9d3098e0-1636-4cc4-afda-35b15eccbcc4,966251e0-21da-4b33-8c4f-5acafc653771,5,"Très bonne session, bien organisée et enrichissante. Catégorie : Culture d’entreprise. Point de référence : Session valeurs collaboration transversale - édition 0127.",True,2026-03-23 03:31:58.431861+00:00,2026-03-29 19:10:45.001805+00:00
485,ab26d383-f377-446d-ba9c-43a38f47967d,6d282e57-ae58-47d1-b0b0-71588701cd4b,4,Événement intéressant et globalement réussi. Catégorie : Bien-être. Point de référence : Pause prévention gestion du stress - édition 0394.,False,2026-05-01 06:13:50.709209+00:00,2026-05-01 08:14:58.411317+00:00
486,7d256949-75b2-4833-a44c-2cee42b2281e,fe585dc9-87c1-4767-acfc-0cb180014620,5,Format dynamique et échanges très constructifs. Catégorie : Team building. Point de référence : Team building résolution de problèmes - Juridique - édition 0869.,False,2026-03-18 02:32:43.625635+00:00,2026-03-24 06:07:39.376176+00:00
487,0a0c2bd6-9d51-441b-83d0-68db4cd99256,32093958-cbbd-4c22-a8c5-3659bb18aae5,2,Contenu intéressant mais pas assez approfondi. Catégorie : Culture d’entreprise. Point de référence : Rencontre culture interne onboarding culturel - édition 0105.,False,2026-03-07 00:48:12.377938+00:00,2026-03-07 22:30:04.220836+00:00
488,4dc60709-3167-41bb-aa8f-653175b97d40,cdceb895-35d8-4e18-b3c1-c6e0cb902595,1,Organisation insuffisante pour tirer profit du sujet. Catégorie : Networking. Point de référence : Speed meeting forum projets - édition 0900.,False,2026-04-17 10:22:29.520519+00:00,2026-04-18 17:59:47.852421+00:00
489,40d339c6-9f7e-4c65-80aa-eeed3589bc0a,b108c01c-8d8b-44d9-b7b4-c8ff2f95bdfa,4,Bonne animation avec des points pratiques. Catégorie : Culture d’entreprise. Point de référence : Rencontre culture interne ambassadeurs culture - édition 0406.,False,2026-03-30 13:35:58.733991+00:00,2026-04-03 23:44:09.258642+00:00
490,73ed9e10-d7dd-4f35-812a-0836380719a5,5e3a8bbe-4747-4f6c-a52f-e982db7f63be,3,Contenu utile mais parfois trop général. Catégorie : Webinaire. Point de référence : Session en ligne bien-être au travail - édition 0366.,True,2026-04-15 23:54:11.480754+00:00,2026-04-22 12:12:47.059851+00:00
491,bb83982e-c8cc-4fda-98aa-0a54f2b673c1,3a08652a-01d6-4fac-9ce5-fcbee3269ae4,5,"Très bonne session, bien organisée et enrichissante. Catégorie : RSE. Point de référence : Atelier RSE réduction carbone - édition 0399.",False,2026-03-27 22:43:38.622946+00:00,2026-03-29 19:17:16.329338+00:00
492,0a0c2bd6-9d51-441b-83d0-68db4cd99256,9670db24-9fbd-4eae-8798-eee73b7f38b0,4,Session utile et bien structurée. Catégorie : Culture d’entreprise. Point de référence : Rencontre culture interne onboarding culturel - édition 0105.,True,2026-03-04 10:57:37.642165+00:00,2026-03-08 19:05:16.113574+00:00
493,77eff7bb-309d-4c5d-bcb8-b49951ccb903,8447be2e-4776-47d8-b0e5-e6a88f3e7d22,1,Expérience limitée avec trop peu de valeur opérationnelle. Catégorie : RSE. Point de référence : Atelier RSE achats responsables - édition 0942.,True,2026-03-08 20:37:59.129216+00:00,2026-03-11 18:36:10.852322+00:00
494,0a0c2bd6-9d51-441b-83d0-68db4cd99256,d00211fe-b443-439e-afb4-0eaa14b471eb,2,Session trop courte pour couvrir le sujet correctement. Catégorie : Culture d’entreprise. Point de référence : Rencontre culture interne onboarding culturel - édition 0105.,True,2026-03-15 08:03:29.322828+00:00,2026-03-22 22:13:14.081655+00:00
495,c55301a7-c74d-4ff0-8635-daafc502b6db,64d309e9-1dd7-4572-9479-4d2164c080b8,3,Session correcte avec quelques pistes d’amélioration. Catégorie : Webinaire. Point de référence : Webinaire reporting financier - édition 0578.,False,2026-03-09 11:32:46.101090+00:00,2026-03-09 19:54:23.468421+00:00
496,73ed9e10-d7dd-4f35-812a-0836380719a5,3b6ac1b8-60cb-45ad-8f33-24086fa4d575,2,Session trop courte pour couvrir le sujet correctement. Catégorie : Webinaire. Point de référence : Session en ligne bien-être au travail - édition 0366.,False,2026-04-16 17:57:07.222390+00:00,2026-04-20 01:29:42.293850+00:00
497,32550296-6435-4ef2-90e1-028656282c7f,eb004ec6-6884-44b6-8aae-0caf60444601,3,Contenu utile mais parfois trop général. Catégorie : Networking. Point de référence : Forum d’échanges petit-déjeuner business - édition 0357.,True,2026-03-28 06:28:16.993049+00:00,2026-03-30 08:13:03.421029+00:00
498,9bde9d91-ca5a-4267-9ab0-6937934ec32a,d5d7156b-757a-4b4f-9950-c3a38b7b858d,5,"Très bonne session, bien organisée et enrichissante. Catégorie : Formation. Point de référence : Session de formation cloud computing - Communication interne - édition 0519.",False,2026-03-04 19:52:17.267309+00:00,2026-03-08 13:28:04.438913+00:00
499,412f7996-b4f2-44ec-be37-0aa199ec8998,6bd3493e-fd88-4531-b028-16a597e8c121,4,Bonne animation avec des points pratiques. Catégorie : Atelier. Point de référence : Session pratique design thinking - édition 0892.,False,2026-03-28 06:43:28.970720+00:00,2026-04-06 03:25:31.235797+00:00
500,4dfd9a7c-50c9-41e3-9125-2ebbe63e128b,c5722e37-67de-4703-9c3e-8bfefb98abe1,2,Organisation perfectible et interaction limitée. Catégorie : Team building. Point de référence : Défi collaboratif résolution de problèmes - édition 0162.,False,2026-04-22 21:59:05.324717+00:00,2026-04-23 08:10:14.566216+00:00
501,14a26d46-5b31-499f-ad00-fc30c8e863e4,4c066895-d413-435c-a54a-7085ccebb310,4,Bon événement avec un contenu pertinent. Catégorie : RSE. Point de référence : Atelier RSE économie d’énergie - édition 0966.,False,2026-04-26 03:36:28.595292+00:00,2026-04-27 16:53:13.222635+00:00
502,0a0c2bd6-9d51-441b-83d0-68db4cd99256,ae923cee-de34-4666-b2f5-d8b68dd987f9,5,"Très bonne session, bien organisée et enrichissante. Catégorie : Culture d’entreprise. Point de référence : Rencontre culture interne onboarding culturel - édition 0105.",False,2026-03-11 05:44:57.625513+00:00,2026-03-16 19:11:09.126304+00:00
503,fc34e1fc-4661-4a79-8177-57658ee1d856,d10a4f93-a536-4542-b5ff-c16717ab9f40,5,Intervention de qualité avec des exemples concrets. Catégorie : Webinaire. Point de référence : Live interne IoT et capteurs - édition 0063.,True,2026-03-03 12:04:35.888301+00:00,2026-03-11 00:13:17.348495+00:00
504,4dc60709-3167-41bb-aa8f-653175b97d40,4d667ed7-ec6b-4add-aae1-3807ff1a161c,3,Expérience satisfaisante avec davantage d’exemples souhaités. Catégorie : Networking. Point de référence : Speed meeting forum projets - édition 0900.,True,2026-04-19 17:39:08.335921+00:00,2026-04-19 22:46:47.576292+00:00
505,4dc60709-3167-41bb-aa8f-653175b97d40,ae0998f5-ac8d-41f3-ac2d-777a7f7ca079,4,Événement intéressant et globalement réussi. Catégorie : Networking. Point de référence : Speed meeting forum projets - édition 0900.,False,2026-04-16 13:03:15.923222+00:00,2026-04-17 09:03:41.453914+00:00
506,4dc60709-3167-41bb-aa8f-653175b97d40,85fcc4be-726c-4bcd-9bc6-c969daa3cd3e,2,Contenu intéressant mais pas assez approfondi. Catégorie : Networking. Point de référence : Speed meeting forum projets - édition 0900.,False,2026-04-18 18:01:07.155498+00:00,2026-04-25 00:22:18.569675+00:00
507,785cfbf1-488c-41df-aacd-31498c90fb44,e3a19585-197c-4218-9d75-752360108ba0,4,Session utile et bien structurée. Catégorie : Networking. Point de référence : Speed meeting communautés internes - Ressources humaines - édition 0449.,False,2026-03-30 07:23:20.105233+00:00,2026-03-31 05:55:57.091966+00:00
508,0d190215-dd65-4aca-a803-d461f0c97c68,62f0f942-5b08-4351-9bfb-920a9b2364ec,5,"Très bonne session, bien organisée et enrichissante. Catégorie : RSE. Point de référence : Action RSE économie d’énergie - édition 0501.",False,2026-03-17 07:57:39.901849+00:00,2026-03-17 22:55:08.535754+00:00
509,40d339c6-9f7e-4c65-80aa-eeed3589bc0a,175a4d5b-a9b8-482f-bb16-09ead09c462d,1,Session difficile à suivre et peu pratique. Catégorie : Culture d’entreprise. Point de référence : Rencontre culture interne ambassadeurs culture - édition 0406.,False,2026-04-07 12:52:29.988565+00:00,2026-04-09 10:02:11.670098+00:00
510,4dc60709-3167-41bb-aa8f-653175b97d40,cb6d8e05-1472-47ff-b732-cb920eb596dd,2,Contenu intéressant mais pas assez approfondi. Catégorie : Networking. Point de référence : Speed meeting forum projets - édition 0900.,True,2026-04-20 10:08:23.133915+00:00,2026-04-25 22:55:30.943916+00:00
511,0a0c2bd6-9d51-441b-83d0-68db4cd99256,93c2ea2c-f36b-43fb-8081-333512ad6dfe,5,Intervention de qualité avec des exemples concrets. Catégorie : Culture d’entreprise. Point de référence : Rencontre culture interne onboarding culturel - édition 0105.,True,2026-03-04 18:53:34.729209+00:00,2026-03-07 01:16:43.979970+00:00
512,3d511cb8-71cf-4f9c-9e3e-2243ccc0c3ba,912a90c4-9c49-4b06-b8aa-4363306047bd,3,"Bon thème, mais le rythme pourrait être mieux équilibré. Catégorie : Atelier. Point de référence : Workshop prise de parole - édition 0784.",False,2026-04-04 14:33:13.723725+00:00,2026-04-11 05:02:58.276134+00:00
513,9d3098e0-1636-4cc4-afda-35b15eccbcc4,1350d9cc-bc62-4dbc-b818-0ec25656b4c8,4,Bon événement avec un contenu pertinent. Catégorie : Culture d’entreprise. Point de référence : Session valeurs collaboration transversale - édition 0127.,True,2026-03-24 00:59:15.740203+00:00,2026-03-29 08:17:11.003007+00:00
514,0a0c2bd6-9d51-441b-83d0-68db4cd99256,cb6d8e05-1472-47ff-b732-cb920eb596dd,5,Format dynamique et échanges très constructifs. Catégorie : Culture d’entreprise. Point de référence : Rencontre culture interne onboarding culturel - édition 0105.,True,2026-03-14 11:11:42.808274+00:00,2026-03-20 04:36:42.288843+00:00
515,5c16972b-3360-4fab-9157-7a2fe4be1ed7,3215d909-b0ac-4c4e-a139-afd4230fe685,3,Session correcte avec quelques pistes d’amélioration. Catégorie : Conférence. Point de référence : Table ronde marque employeur - édition 0726.,True,2026-03-22 07:06:08.470547+00:00,2026-03-24 01:05:10.172196+00:00
516,9c310c8a-230b-4fa5-83e3-97417739fdd1,3153eaad-facb-4e77-bf73-9a19018c032d,4,Session utile et bien structurée. Catégorie : Afterwork. Point de référence : Rencontre informelle finance et business - Développement - édition 0886.,True,2026-03-27 04:51:57.676906+00:00,2026-03-27 11:14:06.264674+00:00
517,14a26d46-5b31-499f-ad00-fc30c8e863e4,3f86e892-6ecb-4028-b135-17c98a50e599,3,Contenu utile mais parfois trop général. Catégorie : RSE. Point de référence : Atelier RSE économie d’énergie - édition 0966.,True,2026-04-26 10:12:43.067293+00:00,2026-04-27 07:54:20.627661+00:00
518,b5a07b22-e8b4-4066-9f47-dfab0796c1c3,a7450ed8-f67b-4a15-a99a-a9fa649b6fd6,1,Expérience limitée avec trop peu de valeur opérationnelle. Catégorie : Networking. Point de référence : Networking experts internes - édition 0810.,True,2026-05-01 08:32:13.245367+00:00,2026-05-01 11:38:51.426831+00:00
519,0ecd8622-7de2-4bd2-83ae-31ca4925c47e,da4776f2-e6b8-4c43-abd8-a693f8b71f5f,3,Expérience satisfaisante avec davantage d’exemples souhaités. Catégorie : Bien-être. Point de référence : Rencontre santé au travail équilibre professionnel - édition 0312.,False,2026-04-19 00:26:03.514073+00:00,2026-04-19 06:55:08.017164+00:00
520,558f4ece-d28f-4f60-a1ed-0fc59ecd077f,4bd7d747-9088-4441-a4ca-12c5a3c80cfb,2,Objectifs utiles mais présentation à clarifier. Catégorie : Bien-être. Point de référence : Pause prévention santé mentale - édition 0717.,False,2026-04-17 22:38:44.832279+00:00,2026-04-26 13:48:58.450993+00:00
521,c63b2370-25af-4d8f-9320-7226692b196b,1b521727-2b9c-4bae-a8f2-c0b975bf998b,2,Session trop courte pour couvrir le sujet correctement. Catégorie : Conférence. Point de référence : Table ronde finance durable - édition 0697.,True,2026-05-01 05:05:29.849596+00:00,2026-05-01 10:45:16.219393+00:00
522,359e99c9-a8e0-464c-a3e4-0cf90413eda0,7497f43c-158d-489b-b70c-fe3b4c138821,4,Session utile et bien structurée. Catégorie : Conférence. Point de référence : Keynote interne finance durable - IoT - édition 0998.,True,2026-04-11 04:40:01.965248+00:00,2026-04-11 13:29:48.307761+00:00
523,c63b2370-25af-4d8f-9320-7226692b196b,ebabeeab-3d61-4de8-9cc1-9896c30de71c,1,Expérience limitée avec trop peu de valeur opérationnelle. Catégorie : Conférence. Point de référence : Table ronde finance durable - édition 0697.,True,2026-04-29 19:23:32.467106+00:00,2026-04-30 11:02:28.881915+00:00
524,abf32af2-e35f-4b07-af36-278cd1c95202,8195d324-ed95-44b5-a354-9232cab4e1c0,4,Bonne animation avec des points pratiques. Catégorie : Networking. Point de référence : Forum d’échanges experts internes - édition 0272.,False,2026-03-30 20:42:42.357635+00:00,2026-04-02 12:54:38.954622+00:00
525,14a26d46-5b31-499f-ad00-fc30c8e863e4,04d1e3f4-5420-4b71-a3a5-85f2ed790744,4,Bonne animation avec des points pratiques. Catégorie : RSE. Point de référence : Atelier RSE économie d’énergie - édition 0966.,False,2026-04-25 21:40:40.835825+00:00,2026-04-30 17:50:11.926892+00:00
526,4dc60709-3167-41bb-aa8f-653175b97d40,2f9348fd-73c7-4bee-b63f-b880e839a3f8,4,Événement intéressant et globalement réussi. Catégorie : Networking. Point de référence : Speed meeting forum projets - édition 0900.,True,2026-04-15 22:02:10.491901+00:00,2026-04-17 20:07:11.015239+00:00
527,4dc60709-3167-41bb-aa8f-653175b97d40,e405908c-8072-4c93-8cd7-6a0b541a50ee,4,Session utile et bien structurée. Catégorie : Networking. Point de référence : Speed meeting forum projets - édition 0900.,False,2026-04-16 07:00:04.300056+00:00,2026-04-20 01:44:20.514176+00:00
528,9c310c8a-230b-4fa5-83e3-97417739fdd1,cb6d8e05-1472-47ff-b732-cb920eb596dd,2,Organisation perfectible et interaction limitée. Catégorie : Afterwork. Point de référence : Rencontre informelle finance et business - Développement - édition 0886.,True,2026-04-01 06:01:31.921063+00:00,2026-04-02 05:10:31.208934+00:00
529,558f4ece-d28f-4f60-a1ed-0fc59ecd077f,6487383a-0fb9-4616-a52e-d9a0ba69cc53,2,Organisation perfectible et interaction limitée. Catégorie : Bien-être. Point de référence : Pause prévention santé mentale - édition 0717.,True,2026-04-21 05:41:41.425753+00:00,2026-04-24 05:11:05.202871+00:00
530,7dd6c375-bc30-4b54-9918-bfaebbc54d99,542134d1-b226-400c-8d7c-4e24b1a088a6,3,Contenu utile mais parfois trop général. Catégorie : Formation. Point de référence : Formation cybersécurité - édition 0507.,False,2026-04-04 00:09:01.487345+00:00,2026-04-07 01:41:39.795852+00:00
531,7d256949-75b2-4833-a44c-2cee42b2281e,ada33a22-047d-41f7-9001-c78a46d52ecc,1,Session difficile à suivre et peu pratique. Catégorie : Team building. Point de référence : Team building résolution de problèmes - Juridique - édition 0869.,False,2026-03-17 17:37:12.815470+00:00,2026-03-21 08:51:25.143583+00:00
532,14a26d46-5b31-499f-ad00-fc30c8e863e4,b0953e8e-335d-49b9-b394-fc0fe62b5e1e,3,Contenu utile mais parfois trop général. Catégorie : RSE. Point de référence : Atelier RSE économie d’énergie - édition 0966.,True,2026-04-28 17:28:24.247493+00:00,2026-04-29 05:30:06.025620+00:00
533,9d3098e0-1636-4cc4-afda-35b15eccbcc4,e684e654-4778-457f-88f4-600f7b349c6a,3,"Bon thème, mais le rythme pourrait être mieux équilibré. Catégorie : Culture d’entreprise. Point de référence : Session valeurs collaboration transversale - édition 0127.",True,2026-03-27 07:35:14.270530+00:00,2026-03-27 12:35:40.999544+00:00
534,b4460a6b-789c-4b16-bca0-3794329f0ab3,3c0142b7-95e6-4f7f-b870-c04bcbdf37c3,4,Session utile et bien structurée. Catégorie : Bien-être. Point de référence : Pause prévention équilibre professionnel - édition 0249.,True,2026-04-26 18:37:31.826728+00:00,2026-04-28 13:51:55.533696+00:00
535,9d3098e0-1636-4cc4-afda-35b15eccbcc4,801da756-704e-490d-a6e0-da0816bd7066,5,"Très bonne session, bien organisée et enrichissante. Catégorie : Culture d’entreprise. Point de référence : Session valeurs collaboration transversale - édition 0127.",True,2026-03-24 07:42:49.769940+00:00,2026-03-25 07:18:50.745339+00:00
536,7c74f05d-bfb8-4726-8c16-e95b17f5e4be,1878e9de-abc1-4dcc-b6d3-1113c76c1a59,3,Expérience satisfaisante avec davantage d’exemples souhaités. Catégorie : Team building. Point de référence : Défi collaboratif confiance et coopération - édition 0331.,True,2026-04-30 00:05:04.749831+00:00,2026-04-30 08:00:25.440308+00:00
537,df9061ce-768a-48f5-85fa-9e84b27f3c82,649114ae-3449-49ab-a8e8-f4c931409e3d,1,Le contenu ne répondait pas vraiment aux attentes. Catégorie : Atelier. Point de référence : Workshop gestion budgétaire - édition 0104.,False,2026-04-05 16:03:10.261118+00:00,2026-04-07 18:52:27.895854+00:00
538,0a0c2bd6-9d51-441b-83d0-68db4cd99256,0f5dcdfd-9397-4997-853c-278f6e224fe8,4,Bonne animation avec des points pratiques. Catégorie : Culture d’entreprise. Point de référence : Rencontre culture interne onboarding culturel - édition 0105.,False,2026-03-08 16:44:55.481569+00:00,2026-03-10 13:28:28.251377+00:00
539,40d339c6-9f7e-4c65-80aa-eeed3589bc0a,d3db882a-0f69-4757-86d7-7684ed050599,5,Format dynamique et échanges très constructifs. Catégorie : Culture d’entreprise. Point de référence : Rencontre culture interne ambassadeurs culture - édition 0406.,True,2026-04-03 16:38:36.558770+00:00,2026-04-07 16:53:10.316594+00:00
540,5c16972b-3360-4fab-9157-7a2fe4be1ed7,9500eed0-ba6a-4e02-904a-16af00d46e3e,5,Format dynamique et échanges très constructifs. Catégorie : Conférence. Point de référence : Table ronde marque employeur - édition 0726.,True,2026-03-13 23:59:10.803412+00:00,2026-03-15 11:57:49.633517+00:00
541,980787db-d4eb-4aa9-ab2e-45126ad1567a,1f9f1987-7506-4d70-81a9-f58c2de19219,3,Session correcte avec quelques pistes d’amélioration. Catégorie : Networking. Point de référence : Speed meeting forum projets - édition 0867.,True,2026-03-30 11:13:59.834576+00:00,2026-04-01 01:26:08.781829+00:00
542,40d339c6-9f7e-4c65-80aa-eeed3589bc0a,7bf1e94f-695d-4afe-9fb2-f60aff59abb9,3,Expérience satisfaisante avec davantage d’exemples souhaités. Catégorie : Culture d’entreprise. Point de référence : Rencontre culture interne ambassadeurs culture - édition 0406.,False,2026-04-01 16:09:55.949412+00:00,2026-04-04 17:39:49.121374+00:00
543,fc34e1fc-4661-4a79-8177-57658ee1d856,d7f518f6-8981-4973-9c42-b49423f7f23e,4,Bon événement avec un contenu pertinent. Catégorie : Webinaire. Point de référence : Live interne IoT et capteurs - édition 0063.,False,2026-03-05 03:39:30.835268+00:00,2026-03-14 00:43:04.188419+00:00
544,7d256949-75b2-4833-a44c-2cee42b2281e,23ce8810-f0b8-4d2e-8e2b-68771418b437,2,Organisation perfectible et interaction limitée. Catégorie : Team building. Point de référence : Team building résolution de problèmes - Juridique - édition 0869.,True,2026-03-23 23:03:33.464482+00:00,2026-03-25 12:23:54.969797+00:00
545,10440011-36d1-45cd-b0f9-29469dc42429,c21e317f-9f79-44d5-b20a-71aa31f20d74,3,Contenu utile mais parfois trop général. Catégorie : Conférence. Point de référence : Table ronde leadership responsable - édition 0678.,False,2026-04-29 23:26:02.464302+00:00,2026-05-01 00:39:56.930827+00:00
546,5c16972b-3360-4fab-9157-7a2fe4be1ed7,67ef2ce8-8158-4061-b39f-1648161b988a,4,Bon événement avec un contenu pertinent. Catégorie : Conférence. Point de référence : Table ronde marque employeur - édition 0726.,True,2026-03-13 07:09:12.201775+00:00,2026-03-19 10:58:00.681191+00:00
547,fc34e1fc-4661-4a79-8177-57658ee1d856,c5722e37-67de-4703-9c3e-8bfefb98abe1,1,Expérience limitée avec trop peu de valeur opérationnelle. Catégorie : Webinaire. Point de référence : Live interne IoT et capteurs - édition 0063.,True,2026-03-07 01:59:35.044146+00:00,2026-03-10 01:11:08.419828+00:00
548,c63b2370-25af-4d8f-9320-7226692b196b,d37584ec-a50a-4b61-84db-4ad4f2629fd7,5,"Excellente expérience, contenu clair et directement utile. Catégorie : Conférence. Point de référence : Table ronde finance durable - édition 0697.",False,2026-04-29 21:27:48.195687+00:00,2026-04-30 11:14:19.748079+00:00
549,14a26d46-5b31-499f-ad00-fc30c8e863e4,99c5d90c-a8d4-4f31-8abd-cc6d6cbad26b,5,"Excellente expérience, contenu clair et directement utile. Catégorie : RSE. Point de référence : Atelier RSE économie d’énergie - édition 0966.",True,2026-04-26 20:40:49.858982+00:00,2026-04-27 18:21:12.793329+00:00
550,40d339c6-9f7e-4c65-80aa-eeed3589bc0a,1282a9e9-9325-4f3d-94ee-887a13d79265,3,Contenu utile mais parfois trop général. Catégorie : Culture d’entreprise. Point de référence : Rencontre culture interne ambassadeurs culture - édition 0406.,False,2026-04-10 16:36:01.295841+00:00,2026-04-16 02:29:59.826153+00:00
551,c55301a7-c74d-4ff0-8635-daafc502b6db,94df617c-7422-4cee-8fff-551c271661f6,3,Session correcte avec quelques pistes d’amélioration. Catégorie : Webinaire. Point de référence : Webinaire reporting financier - édition 0578.,False,2026-03-10 03:06:04.418222+00:00,2026-03-11 13:16:44.150324+00:00
552,359e99c9-a8e0-464c-a3e4-0cf90413eda0,0b8e3edc-e13f-433c-bcda-bf4510acface,2,Session trop courte pour couvrir le sujet correctement. Catégorie : Conférence. Point de référence : Keynote interne finance durable - IoT - édition 0998.,False,2026-04-11 21:30:33.144045+00:00,2026-04-16 19:23:05.641262+00:00
553,0a0c2bd6-9d51-441b-83d0-68db4cd99256,dbb62cac-e512-454a-a2dd-cd278e6b0b3e,3,Session correcte avec quelques pistes d’amélioration. Catégorie : Culture d’entreprise. Point de référence : Rencontre culture interne onboarding culturel - édition 0105.,False,2026-03-04 01:38:59.589727+00:00,2026-03-05 00:30:56.368809+00:00
554,a779c006-7510-4048-94bc-ffdc9259f64a,0d89d375-2da9-4e6e-bf17-55801c583b8e,4,Bon événement avec un contenu pertinent. Catégorie : Innovation. Point de référence : Atelier innovation prototypage rapide - édition 0286.,False,2026-03-17 17:15:44.379380+00:00,2026-03-18 02:59:20.495442+00:00
555,0a0c2bd6-9d51-441b-83d0-68db4cd99256,2620e675-d3ba-4ca5-85bf-2dd08f05bca7,3,Contenu utile mais parfois trop général. Catégorie : Culture d’entreprise. Point de référence : Rencontre culture interne onboarding culturel - édition 0105.,False,2026-03-05 05:37:44.561195+00:00,2026-03-11 22:08:07.527136+00:00
556,73ed9e10-d7dd-4f35-812a-0836380719a5,9e386737-237f-4416-ad22-3e4e59f3de3a,4,Session utile et bien structurée. Catégorie : Webinaire. Point de référence : Session en ligne bien-être au travail - édition 0366.,False,2026-04-19 08:39:28.301213+00:00,2026-04-21 07:30:10.856958+00:00
557,10440011-36d1-45cd-b0f9-29469dc42429,f2aba7e0-43cb-45a1-8ed2-80e2b36e4be9,3,Contenu utile mais parfois trop général. Catégorie : Conférence. Point de référence : Table ronde leadership responsable - édition 0678.,False,2026-04-29 01:23:48.239634+00:00,2026-04-29 23:17:14.591123+00:00
558,b6075cac-0d08-42ad-bb6f-72d804a4abb6,7c907411-53e7-4a2f-9fb2-368bef893ae6,5,"Très bonne session, bien organisée et enrichissante. Catégorie : Formation. Point de référence : Formation contrats et conformité - édition 0071.",False,2026-03-20 06:49:59.775732+00:00,2026-03-20 21:38:28.232788+00:00
559,4dc60709-3167-41bb-aa8f-653175b97d40,c7d4b081-bb87-4340-9a1f-0649f6113b13,5,Intervention de qualité avec des exemples concrets. Catégorie : Networking. Point de référence : Speed meeting forum projets - édition 0900.,False,2026-04-17 19:23:43.196653+00:00,2026-04-18 11:40:00.653838+00:00
560,2bf86b0c-d22a-4f62-894f-818dcf351857,d420025c-f809-4d32-9066-98749e88aeb9,3,Session correcte avec quelques pistes d’amélioration. Catégorie : Formation. Point de référence : Module d’apprentissage SQL avancé - édition 0065.,False,2026-03-15 13:25:18.050055+00:00,2026-03-21 12:32:05.131009+00:00
561,5c16972b-3360-4fab-9157-7a2fe4be1ed7,7f5ff8e9-537d-4aa6-b713-4dfdab32e67a,4,Session utile et bien structurée. Catégorie : Conférence. Point de référence : Table ronde marque employeur - édition 0726.,True,2026-03-14 14:19:20.266394+00:00,2026-03-15 20:04:43.147970+00:00
562,0d190215-dd65-4aca-a803-d461f0c97c68,0255ba23-f10c-4e55-a632-f39545ad53f2,5,"Excellente expérience, contenu clair et directement utile. Catégorie : RSE. Point de référence : Action RSE économie d’énergie - édition 0501.",False,2026-03-18 00:21:35.669399+00:00,2026-03-23 05:14:20.279933+00:00
563,77eff7bb-309d-4c5d-bcb8-b49951ccb903,4bd7d747-9088-4441-a4ca-12c5a3c80cfb,2,Objectifs utiles mais présentation à clarifier. Catégorie : RSE. Point de référence : Atelier RSE achats responsables - édition 0942.,True,2026-03-13 07:51:15.929564+00:00,2026-03-21 22:27:14.893912+00:00
564,b5a07b22-e8b4-4066-9f47-dfab0796c1c3,71c79692-c503-4f92-9e3b-427e5c06bcf3,1,Organisation insuffisante pour tirer profit du sujet. Catégorie : Networking. Point de référence : Networking experts internes - édition 0810.,False,2026-04-30 19:06:19.547950+00:00,2026-05-01 06:45:04.009622+00:00
565,4dc60709-3167-41bb-aa8f-653175b97d40,be819bb5-4387-4c8b-aff9-250ac5ddc5c2,1,Organisation insuffisante pour tirer profit du sujet. Catégorie : Networking. Point de référence : Speed meeting forum projets - édition 0900.,False,2026-04-20 17:31:29.910392+00:00,2026-04-21 05:56:12.568439+00:00
566,c63b2370-25af-4d8f-9320-7226692b196b,76cbf7c4-1a28-4125-bb2c-8e192a892807,2,Objectifs utiles mais présentation à clarifier. Catégorie : Conférence. Point de référence : Table ronde finance durable - édition 0697.,True,2026-05-01 03:04:49.376572+00:00,2026-05-01 08:19:40.621205+00:00
567,9d3098e0-1636-4cc4-afda-35b15eccbcc4,1c9ec459-2c6a-47a7-b3cb-6090d55196b1,2,Organisation perfectible et interaction limitée. Catégorie : Culture d’entreprise. Point de référence : Session valeurs collaboration transversale - édition 0127.,True,2026-03-25 13:30:49.578022+00:00,2026-04-01 07:07:07.159342+00:00
568,a779c006-7510-4048-94bc-ffdc9259f64a,542134d1-b226-400c-8d7c-4e24b1a088a6,5,Format dynamique et échanges très constructifs. Catégorie : Innovation. Point de référence : Atelier innovation prototypage rapide - édition 0286.,False,2026-03-10 11:50:19.105133+00:00,2026-03-13 18:23:26.405539+00:00
569,4dc60709-3167-41bb-aa8f-653175b97d40,1cf69dca-1008-4088-ab2d-72f1112b1abb,4,Événement intéressant et globalement réussi. Catégorie : Networking. Point de référence : Speed meeting forum projets - édition 0900.,False,2026-04-17 11:26:17.129856+00:00,2026-04-21 01:49:32.890316+00:00
570,fc34e1fc-4661-4a79-8177-57658ee1d856,62f0f942-5b08-4351-9bfb-920a9b2364ec,2,Session trop courte pour couvrir le sujet correctement. Catégorie : Webinaire. Point de référence : Live interne IoT et capteurs - édition 0063.,False,2026-03-04 06:23:42.351338+00:00,2026-03-05 12:31:49.344336+00:00
571,0d190215-dd65-4aca-a803-d461f0c97c68,d03f66d8-d99b-4671-a0db-107d9ed5e8e4,4,Événement intéressant et globalement réussi. Catégorie : RSE. Point de référence : Action RSE économie d’énergie - édition 0501.,True,2026-03-15 23:11:17.349830+00:00,2026-03-20 05:43:55.851811+00:00
572,7c74f05d-bfb8-4726-8c16-e95b17f5e4be,0aa6c832-d272-493b-af96-e53a16a8ba84,2,Session trop courte pour couvrir le sujet correctement. Catégorie : Team building. Point de référence : Défi collaboratif confiance et coopération - édition 0331.,True,2026-04-30 12:36:10.241331+00:00,2026-04-30 23:18:07.097795+00:00
573,785cfbf1-488c-41df-aacd-31498c90fb44,b877de62-103a-4774-b161-65d240e35474,1,Le contenu ne répondait pas vraiment aux attentes. Catégorie : Networking. Point de référence : Speed meeting communautés internes - Ressources humaines - édition 0449.,False,2026-03-29 04:16:14.585698+00:00,2026-04-05 18:20:28.264435+00:00
574,685eab0b-417d-4cb4-916d-1e7ea0e5e5d7,8e9296c5-bcd9-48b9-a595-2c11e6d596ef,2,Contenu intéressant mais pas assez approfondi. Catégorie : Formation. Point de référence : Session de formation contrats et conformité - édition 0058.,True,2026-03-16 00:18:29.968693+00:00,2026-03-16 06:13:02.614420+00:00
575,5c16972b-3360-4fab-9157-7a2fe4be1ed7,53bc19ae-6115-4448-91c2-079f930260b9,5,"Très bonne session, bien organisée et enrichissante. Catégorie : Conférence. Point de référence : Table ronde marque employeur - édition 0726.",True,2026-03-12 12:30:11.100120+00:00,2026-03-15 00:29:11.013949+00:00
576,2bf86b0c-d22a-4f62-894f-818dcf351857,67b9e613-4792-4b7e-88f0-54df3f761ed0,3,Session correcte avec quelques pistes d’amélioration. Catégorie : Formation. Point de référence : Module d’apprentissage SQL avancé - édition 0065.,False,2026-03-13 22:07:12.074673+00:00,2026-03-18 21:17:54.445782+00:00
577,c63b2370-25af-4d8f-9320-7226692b196b,82acf793-5875-4b86-a2c7-7bfc77ca1687,5,"Très bonne session, bien organisée et enrichissante. Catégorie : Conférence. Point de référence : Table ronde finance durable - édition 0697.",True,2026-04-30 06:20:46.750721+00:00,2026-05-01 02:10:49.038533+00:00
578,4dc60709-3167-41bb-aa8f-653175b97d40,6a808ecc-aa5f-46f7-9473-e17d132330cd,1,Le contenu ne répondait pas vraiment aux attentes. Catégorie : Networking. Point de référence : Speed meeting forum projets - édition 0900.,False,2026-04-16 18:56:08.680820+00:00,2026-04-18 18:22:00.255623+00:00
579,0a0c2bd6-9d51-441b-83d0-68db4cd99256,2924ebf4-7416-4911-9fb8-c3bd86f39111,2,Session trop courte pour couvrir le sujet correctement. Catégorie : Culture d’entreprise. Point de référence : Rencontre culture interne onboarding culturel - édition 0105.,True,2026-03-03 17:18:25.772454+00:00,2026-03-04 03:14:22.655107+00:00
580,0a0c2bd6-9d51-441b-83d0-68db4cd99256,dea563e5-75d4-4009-859c-5370f9952466,1,Session difficile à suivre et peu pratique. Catégorie : Culture d’entreprise. Point de référence : Rencontre culture interne onboarding culturel - édition 0105.,False,2026-03-09 07:24:05.748395+00:00,2026-03-12 01:33:27.821595+00:00
581,0d190215-dd65-4aca-a803-d461f0c97c68,57ba55cf-425f-48e2-9ed7-0fc2e1c80530,5,"Très bonne session, bien organisée et enrichissante. Catégorie : RSE. Point de référence : Action RSE économie d’énergie - édition 0501.",False,2026-03-17 01:34:58.511736+00:00,2026-03-21 00:35:25.928097+00:00
582,10440011-36d1-45cd-b0f9-29469dc42429,f94cae4d-1651-4cf9-829f-4b10982ab3a1,5,Format dynamique et échanges très constructifs. Catégorie : Conférence. Point de référence : Table ronde leadership responsable - édition 0678.,True,2026-05-01 11:12:54.260473+00:00,2026-05-01 12:00:00.000000+00:00
583,a779c006-7510-4048-94bc-ffdc9259f64a,e63e4f83-e0ba-4644-a46a-7413de243920,4,Événement intéressant et globalement réussi. Catégorie : Innovation. Point de référence : Atelier innovation prototypage rapide - édition 0286.,True,2026-03-15 05:44:18.377381+00:00,2026-03-20 22:23:24.325351+00:00
584,b5a07b22-e8b4-4066-9f47-dfab0796c1c3,79456f8d-6ac6-4880-873b-04763ea7326d,5,"Très bonne session, bien organisée et enrichissante. Catégorie : Networking. Point de référence : Networking experts internes - édition 0810.",False,2026-04-30 12:19:02.445136+00:00,2026-05-01 04:50:51.579832+00:00
585,9d3098e0-1636-4cc4-afda-35b15eccbcc4,2fbcc1cb-3f24-49ae-8318-d9d8b3352464,3,Expérience satisfaisante avec davantage d’exemples souhaités. Catégorie : Culture d’entreprise. Point de référence : Session valeurs collaboration transversale - édition 0127.,False,2026-03-25 12:50:16.679023+00:00,2026-03-27 08:20:17.113369+00:00
586,14a26d46-5b31-499f-ad00-fc30c8e863e4,f11017f7-2d00-4f17-9c8e-53b9e06a8ca4,4,Session utile et bien structurée. Catégorie : RSE. Point de référence : Atelier RSE économie d’énergie - édition 0966.,False,2026-04-26 00:57:39.126190+00:00,2026-04-30 20:09:59.821806+00:00
587,c63b2370-25af-4d8f-9320-7226692b196b,96f88851-c0d4-41cf-be20-b08886bc6e6c,5,Intervention de qualité avec des exemples concrets. Catégorie : Conférence. Point de référence : Table ronde finance durable - édition 0697.,False,2026-04-30 02:54:46.101561+00:00,2026-05-01 09:31:57.860058+00:00
588,4dc60709-3167-41bb-aa8f-653175b97d40,91859730-a2c4-46b6-855a-a89620a317df,3,Session correcte avec quelques pistes d’amélioration. Catégorie : Networking. Point de référence : Speed meeting forum projets - édition 0900.,True,2026-04-16 21:40:17.423367+00:00,2026-04-22 03:35:32.023423+00:00
589,73ed9e10-d7dd-4f35-812a-0836380719a5,5b4a4141-7738-4083-ae9c-db997fb64b4a,5,Intervention de qualité avec des exemples concrets. Catégorie : Webinaire. Point de référence : Session en ligne bien-être au travail - édition 0366.,False,2026-04-16 02:05:55.272800+00:00,2026-04-17 20:34:11.104638+00:00
590,9d3098e0-1636-4cc4-afda-35b15eccbcc4,d00211fe-b443-439e-afb4-0eaa14b471eb,2,Objectifs utiles mais présentation à clarifier. Catégorie : Culture d’entreprise. Point de référence : Session valeurs collaboration transversale - édition 0127.,True,2026-03-26 19:40:36.805656+00:00,2026-03-30 00:19:19.217684+00:00
591,5c16972b-3360-4fab-9157-7a2fe4be1ed7,67a9bdfe-c1f6-4192-8df9-d2341b9bf61f,2,Contenu intéressant mais pas assez approfondi. Catégorie : Conférence. Point de référence : Table ronde marque employeur - édition 0726.,False,2026-03-17 03:29:28.665544+00:00,2026-03-22 14:30:07.548025+00:00
592,ec82a583-604f-437f-a255-66b4a7459372,db0a6297-8193-47c9-a815-151141095ca6,1,Organisation insuffisante pour tirer profit du sujet. Catégorie : Afterwork. Point de référence : Moment convivial communauté tech - édition 0190.,True,2026-03-11 13:51:09.929335+00:00,2026-03-12 20:29:13.839230+00:00
593,9bde9d91-ca5a-4267-9ab0-6937934ec32a,67218b7a-eda7-4eed-b37b-939fba1ef9ce,1,Session difficile à suivre et peu pratique. Catégorie : Formation. Point de référence : Session de formation cloud computing - Communication interne - édition 0519.,True,2026-03-15 00:33:29.925773+00:00,2026-03-15 20:23:53.688910+00:00
594,8ab14006-b776-448d-9d93-d01d7cd90426,ea36f8c9-4d00-4fba-b63b-acf0a7b24913,3,Contenu utile mais parfois trop général. Catégorie : Team building. Point de référence : Défi collaboratif résolution de problèmes - Informatique - édition 0463.,True,2026-03-10 16:29:52.557275+00:00,2026-03-10 19:05:52.589625+00:00
595,73ed9e10-d7dd-4f35-812a-0836380719a5,c98070f7-ea93-464b-9719-8e5817cb346a,4,Événement intéressant et globalement réussi. Catégorie : Webinaire. Point de référence : Session en ligne bien-être au travail - édition 0366.,True,2026-04-14 16:38:55.117706+00:00,2026-04-14 22:16:44.041273+00:00
596,fc34e1fc-4661-4a79-8177-57658ee1d856,5e3a8bbe-4747-4f6c-a52f-e982db7f63be,4,Bon événement avec un contenu pertinent. Catégorie : Webinaire. Point de référence : Live interne IoT et capteurs - édition 0063.,True,2026-03-09 03:28:12.473963+00:00,2026-03-09 07:38:38.072366+00:00
597,ccd46cab-c742-472f-8b66-729694b1c18b,a3ff7146-5c5d-4b32-aa8d-e1dc67bae50e,1,Expérience limitée avec trop peu de valeur opérationnelle. Catégorie : RSE. Point de référence : Initiative durable inclusion - édition 0736.,False,2026-04-10 13:05:09.404360+00:00,2026-04-12 20:11:35.215594+00:00
598,b5a07b22-e8b4-4066-9f47-dfab0796c1c3,622dbe54-2ae7-45b3-9c3e-e10174715762,4,Bonne animation avec des points pratiques. Catégorie : Networking. Point de référence : Networking experts internes - édition 0810.,False,2026-05-01 11:11:44.525408+00:00,2026-05-01 12:00:00.000000+00:00
599,2a993f2e-58c0-4268-a821-34a46d9e99b3,4b1a88ac-4167-4eac-a0d2-4e293ef8f000,5,"Excellente expérience, contenu clair et directement utile. Catégorie : Afterwork. Point de référence : Moment convivial équipes projet - édition 0073.",False,2026-04-25 05:04:22.865914+00:00,2026-04-30 16:22:18.965002+00:00
600,fc34e1fc-4661-4a79-8177-57658ee1d856,83181837-ca9a-4a93-95ef-82c0c1624078,3,"Bon thème, mais le rythme pourrait être mieux équilibré. Catégorie : Webinaire. Point de référence : Live interne IoT et capteurs - édition 0063.",True,2026-03-09 08:25:48.214190+00:00,2026-03-16 17:23:56.072046+00:00
601,b4460a6b-789c-4b16-bca0-3794329f0ab3,2ef6e49e-2db4-4aba-9300-2be6b73234f7,5,Intervention de qualité avec des exemples concrets. Catégorie : Bien-être. Point de référence : Pause prévention équilibre professionnel - édition 0249.,False,2026-04-26 18:43:33.046073+00:00,2026-04-30 10:52:31.166184+00:00
602,b5a07b22-e8b4-4066-9f47-dfab0796c1c3,320bb62b-bc55-479e-a685-a27deaf87f3a,5,"Très bonne session, bien organisée et enrichissante. Catégorie : Networking. Point de référence : Networking experts internes - édition 0810.",False,2026-05-01 03:48:36.660789+00:00,2026-05-01 05:50:05.027837+00:00
603,32550296-6435-4ef2-90e1-028656282c7f,3f6cb692-1581-4462-b260-3cad29f36489,2,Session trop courte pour couvrir le sujet correctement. Catégorie : Networking. Point de référence : Forum d’échanges petit-déjeuner business - édition 0357.,True,2026-03-19 23:19:57.509776+00:00,2026-03-22 07:27:04.742756+00:00
604,558f4ece-d28f-4f60-a1ed-0fc59ecd077f,db865006-8f7f-49f3-a2b6-c29e656c8004,4,Session utile et bien structurée. Catégorie : Bien-être. Point de référence : Pause prévention santé mentale - édition 0717.,False,2026-04-21 19:26:06.511389+00:00,2026-04-23 04:34:17.565427+00:00
605,14a26d46-5b31-499f-ad00-fc30c8e863e4,de28480c-d0d0-4780-9b2f-53c70c8b5ed5,3,Contenu utile mais parfois trop général. Catégorie : RSE. Point de référence : Atelier RSE économie d’énergie - édition 0966.,True,2026-04-28 05:11:33.139118+00:00,2026-04-30 18:16:50.165237+00:00
606,0a0c2bd6-9d51-441b-83d0-68db4cd99256,83591bb5-b0a5-432a-9670-a236e11cbb0b,5,"Très bonne session, bien organisée et enrichissante. Catégorie : Culture d’entreprise. Point de référence : Rencontre culture interne onboarding culturel - édition 0105.",False,2026-03-09 18:58:11.108642+00:00,2026-03-17 04:32:34.083772+00:00
607,14a26d46-5b31-499f-ad00-fc30c8e863e4,e0b47f14-ef2d-49fc-b298-7e81497f4563,4,Bon événement avec un contenu pertinent. Catégorie : RSE. Point de référence : Atelier RSE économie d’énergie - édition 0966.,False,2026-04-27 05:04:29.205909+00:00,2026-04-28 14:10:35.360265+00:00
608,0a0c2bd6-9d51-441b-83d0-68db4cd99256,8195d324-ed95-44b5-a354-9232cab4e1c0,4,Événement intéressant et globalement réussi. Catégorie : Culture d’entreprise. Point de référence : Rencontre culture interne onboarding culturel - édition 0105.,False,2026-03-08 22:43:38.042276+00:00,2026-03-09 23:57:37.701449+00:00
609,558f4ece-d28f-4f60-a1ed-0fc59ecd077f,9c80f797-b35a-496e-a518-bd9b32ba13b9,2,Organisation perfectible et interaction limitée. Catégorie : Bien-être. Point de référence : Pause prévention santé mentale - édition 0717.,False,2026-04-25 04:08:56.003619+00:00,2026-04-28 05:21:31.255837+00:00
610,73ed9e10-d7dd-4f35-812a-0836380719a5,be819bb5-4387-4c8b-aff9-250ac5ddc5c2,3,Expérience satisfaisante avec davantage d’exemples souhaités. Catégorie : Webinaire. Point de référence : Session en ligne bien-être au travail - édition 0366.,False,2026-04-12 13:43:38.815674+00:00,2026-04-13 19:10:33.349408+00:00
611,fc34e1fc-4661-4a79-8177-57658ee1d856,ea31e60e-7c45-4d0d-a72a-9b1bff423649,1,Le contenu ne répondait pas vraiment aux attentes. Catégorie : Webinaire. Point de référence : Live interne IoT et capteurs - édition 0063.,True,2026-03-02 16:04:40.756375+00:00,2026-03-07 22:56:24.570540+00:00
612,df9061ce-768a-48f5-85fa-9e84b27f3c82,57b45e22-215a-4f53-8bf0-2a6895527cf0,2,Session trop courte pour couvrir le sujet correctement. Catégorie : Atelier. Point de référence : Workshop gestion budgétaire - édition 0104.,True,2026-04-08 00:04:07.340787+00:00,2026-04-13 15:33:33.912128+00:00
613,fb518144-8d76-42a9-a016-6da13e385137,cd89616a-bb20-4989-b720-04dac27a609b,3,"Bon thème, mais le rythme pourrait être mieux équilibré. Catégorie : Networking. Point de référence : Forum d’échanges partage d’expérience - Support client - édition 0533.",False,2026-04-14 02:04:46.149397+00:00,2026-04-14 18:28:34.962281+00:00
614,32550296-6435-4ef2-90e1-028656282c7f,d8f6a1f6-2bba-4d6b-8516-7202830f5ffb,3,"Bon thème, mais le rythme pourrait être mieux équilibré. Catégorie : Networking. Point de référence : Forum d’échanges petit-déjeuner business - édition 0357.",True,2026-03-24 03:15:42.385645+00:00,2026-03-30 00:31:47.773576+00:00
615,b6075cac-0d08-42ad-bb6f-72d804a4abb6,f2a1a80b-ee11-4d4d-934b-4728eb24d690,4,Bonne animation avec des points pratiques. Catégorie : Formation. Point de référence : Formation contrats et conformité - édition 0071.,False,2026-03-19 14:34:17.580786+00:00,2026-03-26 23:27:55.213898+00:00
616,0ecd8622-7de2-4bd2-83ae-31ca4925c47e,bc70bf9e-59c4-4c98-a89c-92f271b748cc,4,Session utile et bien structurée. Catégorie : Bien-être. Point de référence : Rencontre santé au travail équilibre professionnel - édition 0312.,False,2026-04-09 05:31:34.467162+00:00,2026-04-10 14:47:39.937920+00:00
617,ccd46cab-c742-472f-8b66-729694b1c18b,4cc0e55c-8eeb-4f90-96d2-dedd8a565e1b,1,Organisation insuffisante pour tirer profit du sujet. Catégorie : RSE. Point de référence : Initiative durable inclusion - édition 0736.,True,2026-04-12 00:09:02.828041+00:00,2026-04-20 08:03:41.252261+00:00
618,785cfbf1-488c-41df-aacd-31498c90fb44,fdaa0ab3-4f74-427f-8610-07c992b50bf5,1,Le contenu ne répondait pas vraiment aux attentes. Catégorie : Networking. Point de référence : Speed meeting communautés internes - Ressources humaines - édition 0449.,True,2026-03-30 09:35:17.227864+00:00,2026-04-05 04:16:44.041089+00:00
619,b4460a6b-789c-4b16-bca0-3794329f0ab3,bc157ecf-7954-494e-a055-311a276bf358,4,Session utile et bien structurée. Catégorie : Bien-être. Point de référence : Pause prévention équilibre professionnel - édition 0249.,False,2026-04-27 06:59:41.378894+00:00,2026-04-29 18:47:06.997500+00:00
620,9d3098e0-1636-4cc4-afda-35b15eccbcc4,db51b55f-fef8-478b-b35a-f2511f4012c2,1,Session difficile à suivre et peu pratique. Catégorie : Culture d’entreprise. Point de référence : Session valeurs collaboration transversale - édition 0127.,False,2026-03-23 07:39:29.736122+00:00,2026-03-24 09:57:12.414437+00:00
621,53b72b57-ba17-47d8-ba23-2382ac956667,85fcc4be-726c-4bcd-9bc6-c969daa3cd3e,5,"Très bonne session, bien organisée et enrichissante. Catégorie : Atelier. Point de référence : Atelier amélioration continue - édition 0117.",False,2026-04-16 07:24:25.555315+00:00,2026-04-19 02:06:31.635719+00:00
622,73ed9e10-d7dd-4f35-812a-0836380719a5,241a414d-fb4b-4547-8d2a-86a522a57210,1,Organisation insuffisante pour tirer profit du sujet. Catégorie : Webinaire. Point de référence : Session en ligne bien-être au travail - édition 0366.,False,2026-04-18 22:26:38.211423+00:00,2026-04-20 21:13:31.518382+00:00
623,32550296-6435-4ef2-90e1-028656282c7f,02af81eb-661b-43df-96f9-ae3e16e670eb,4,Session utile et bien structurée. Catégorie : Networking. Point de référence : Forum d’échanges petit-déjeuner business - édition 0357.,True,2026-03-17 15:43:06.642134+00:00,2026-03-22 02:22:40.512362+00:00
624,9c310c8a-230b-4fa5-83e3-97417739fdd1,d1d788a6-dd4c-4608-94bc-b1fd10c2a24e,4,Bonne animation avec des points pratiques. Catégorie : Afterwork. Point de référence : Rencontre informelle finance et business - Développement - édition 0886.,True,2026-04-01 04:45:47.898041+00:00,2026-04-03 15:18:14.840822+00:00
625,40d339c6-9f7e-4c65-80aa-eeed3589bc0a,c13abe7d-3c09-4714-9eb5-f4811cd6ae6b,5,Format dynamique et échanges très constructifs. Catégorie : Culture d’entreprise. Point de référence : Rencontre culture interne ambassadeurs culture - édition 0406.,True,2026-03-30 20:13:07.421930+00:00,2026-04-01 04:18:30.788348+00:00
626,abf32af2-e35f-4b07-af36-278cd1c95202,db0a6297-8193-47c9-a815-151141095ca6,3,Session correcte avec quelques pistes d’amélioration. Catégorie : Networking. Point de référence : Forum d’échanges experts internes - édition 0272.,True,2026-03-30 19:43:48.599201+00:00,2026-04-01 21:40:18.233448+00:00
627,4dc60709-3167-41bb-aa8f-653175b97d40,eb85b268-bb88-4119-939d-492d2322518f,1,Expérience limitée avec trop peu de valeur opérationnelle. Catégorie : Networking. Point de référence : Speed meeting forum projets - édition 0900.,False,2026-04-15 20:34:47.459454+00:00,2026-04-17 06:12:14.176171+00:00
628,c63b2370-25af-4d8f-9320-7226692b196b,04ebe506-cbfc-450e-9f9f-21e8320c892b,2,Contenu intéressant mais pas assez approfondi. Catégorie : Conférence. Point de référence : Table ronde finance durable - édition 0697.,False,2026-05-01 01:07:11.997327+00:00,2026-05-01 05:21:59.115259+00:00
629,8ab14006-b776-448d-9d93-d01d7cd90426,37984151-0631-4f6f-b709-904ba8c61676,4,Bon événement avec un contenu pertinent. Catégorie : Team building. Point de référence : Défi collaboratif résolution de problèmes - Informatique - édition 0463.,False,2026-03-13 00:00:27.383176+00:00,2026-03-16 19:24:00.508860+00:00
630,0a0c2bd6-9d51-441b-83d0-68db4cd99256,dafc105e-50d6-45fc-881b-f8c7648a1d01,5,Intervention de qualité avec des exemples concrets. Catégorie : Culture d’entreprise. Point de référence : Rencontre culture interne onboarding culturel - édition 0105.,True,2026-03-05 02:31:24.813740+00:00,2026-03-05 21:18:36.876392+00:00
631,9d3098e0-1636-4cc4-afda-35b15eccbcc4,542134d1-b226-400c-8d7c-4e24b1a088a6,5,"Excellente expérience, contenu clair et directement utile. Catégorie : Culture d’entreprise. Point de référence : Session valeurs collaboration transversale - édition 0127.",True,2026-03-25 07:08:35.443971+00:00,2026-03-31 06:22:44.012756+00:00
632,0a0c2bd6-9d51-441b-83d0-68db4cd99256,dadc6b32-cbe4-4de4-a808-13de29ec16d0,4,Bon événement avec un contenu pertinent. Catégorie : Culture d’entreprise. Point de référence : Rencontre culture interne onboarding culturel - édition 0105.,True,2026-03-03 22:08:33.750195+00:00,2026-03-06 20:19:51.104781+00:00
633,40d339c6-9f7e-4c65-80aa-eeed3589bc0a,4c9ed491-fd91-409f-a4ce-61dddd56f08f,2,Objectifs utiles mais présentation à clarifier. Catégorie : Culture d’entreprise. Point de référence : Rencontre culture interne ambassadeurs culture - édition 0406.,True,2026-04-01 07:51:55.975925+00:00,2026-04-01 18:40:08.443161+00:00
634,412f7996-b4f2-44ec-be37-0aa199ec8998,ea40f618-7f28-4677-9945-8b26e9dad431,3,"Bon thème, mais le rythme pourrait être mieux équilibré. Catégorie : Atelier. Point de référence : Session pratique design thinking - édition 0892.",True,2026-03-24 17:03:51.914089+00:00,2026-03-25 18:57:20.890854+00:00
635,14a26d46-5b31-499f-ad00-fc30c8e863e4,4a9e86b6-080d-430e-bcb2-e2ee310d6672,3,"Bon thème, mais le rythme pourrait être mieux équilibré. Catégorie : RSE. Point de référence : Atelier RSE économie d’énergie - édition 0966.",True,2026-04-28 15:05:59.528999+00:00,2026-04-30 01:32:48.343329+00:00
636,0a0c2bd6-9d51-441b-83d0-68db4cd99256,91e9323a-e856-492f-b6b6-379bc6570add,4,Bon événement avec un contenu pertinent. Catégorie : Culture d’entreprise. Point de référence : Rencontre culture interne onboarding culturel - édition 0105.,True,2026-03-04 02:12:36.961547+00:00,2026-03-12 13:53:22.077501+00:00
637,412f7996-b4f2-44ec-be37-0aa199ec8998,cb6d8e05-1472-47ff-b732-cb920eb596dd,5,Intervention de qualité avec des exemples concrets. Catégorie : Atelier. Point de référence : Session pratique design thinking - édition 0892.,True,2026-03-22 23:52:39.800575+00:00,2026-03-23 08:47:40.325652+00:00
638,20381396-b550-4218-898a-872e373af9ec,21e93a46-e401-457d-ad44-d22012a753d7,4,Événement intéressant et globalement réussi. Catégorie : Conférence. Point de référence : Rencontre expert expérience client - édition 0472.,True,2026-04-14 05:30:45.996139+00:00,2026-04-14 20:07:21.262950+00:00
639,40d339c6-9f7e-4c65-80aa-eeed3589bc0a,d17fb9bc-4d75-4c84-a425-1d1973803d5a,5,Format dynamique et échanges très constructifs. Catégorie : Culture d’entreprise. Point de référence : Rencontre culture interne ambassadeurs culture - édition 0406.,False,2026-03-30 09:57:32.831553+00:00,2026-04-01 03:52:16.848882+00:00
640,bb83982e-c8cc-4fda-98aa-0a54f2b673c1,efc9f989-2e92-4dbb-b001-56b7f766c6cd,2,Objectifs utiles mais présentation à clarifier. Catégorie : RSE. Point de référence : Atelier RSE réduction carbone - édition 0399.,True,2026-04-01 08:13:24.827718+00:00,2026-04-03 22:08:58.198930+00:00
641,4dc60709-3167-41bb-aa8f-653175b97d40,ef6c19c9-41fb-4663-b095-fd6f807954ec,1,Session difficile à suivre et peu pratique. Catégorie : Networking. Point de référence : Speed meeting forum projets - édition 0900.,True,2026-04-22 15:48:31.816952+00:00,2026-04-24 23:14:58.040029+00:00
642,3d511cb8-71cf-4f9c-9e3e-2243ccc0c3ba,82adceda-344c-469a-a34d-6c5d0776f855,2,Organisation perfectible et interaction limitée. Catégorie : Atelier. Point de référence : Workshop prise de parole - édition 0784.,False,2026-04-01 18:27:47.772294+00:00,2026-04-03 19:30:45.977141+00:00
643,9c310c8a-230b-4fa5-83e3-97417739fdd1,a8d3e377-0e26-45b7-bd86-63aae9be7dbb,4,Événement intéressant et globalement réussi. Catégorie : Afterwork. Point de référence : Rencontre informelle finance et business - Développement - édition 0886.,False,2026-03-29 22:08:22.395994+00:00,2026-04-06 15:09:32.184641+00:00
644,40d339c6-9f7e-4c65-80aa-eeed3589bc0a,fc076384-0f92-412b-9cd2-b54ac7597f75,2,Session trop courte pour couvrir le sujet correctement. Catégorie : Culture d’entreprise. Point de référence : Rencontre culture interne ambassadeurs culture - édition 0406.,True,2026-03-31 14:18:35.787671+00:00,2026-04-01 02:48:00.079539+00:00
645,a779c006-7510-4048-94bc-ffdc9259f64a,ca7c15d4-b63c-43b9-a154-a9f6ec9bd46d,1,Session difficile à suivre et peu pratique. Catégorie : Innovation. Point de référence : Atelier innovation prototypage rapide - édition 0286.,True,2026-03-11 03:49:23.564559+00:00,2026-03-12 23:41:27.374542+00:00
646,b4460a6b-789c-4b16-bca0-3794329f0ab3,e0b47f14-ef2d-49fc-b298-7e81497f4563,3,Session correcte avec quelques pistes d’amélioration. Catégorie : Bien-être. Point de référence : Pause prévention équilibre professionnel - édition 0249.,True,2026-04-30 06:10:52.885157+00:00,2026-05-01 02:04:30.706640+00:00
647,0d190215-dd65-4aca-a803-d461f0c97c68,1282a9e9-9325-4f3d-94ee-887a13d79265,2,Organisation perfectible et interaction limitée. Catégorie : RSE. Point de référence : Action RSE économie d’énergie - édition 0501.,False,2026-03-22 04:55:57.745368+00:00,2026-03-24 06:22:34.620535+00:00
648,5c16972b-3360-4fab-9157-7a2fe4be1ed7,acbfcf92-50ae-44fd-b9a5-7c398170cfd5,5,"Très bonne session, bien organisée et enrichissante. Catégorie : Conférence. Point de référence : Table ronde marque employeur - édition 0726.",False,2026-03-12 09:35:35.948517+00:00,2026-03-13 17:58:42.657728+00:00
649,b5a07b22-e8b4-4066-9f47-dfab0796c1c3,76cbf7c4-1a28-4125-bb2c-8e192a892807,5,"Très bonne session, bien organisée et enrichissante. Catégorie : Networking. Point de référence : Networking experts internes - édition 0810.",True,2026-05-01 08:04:38.643695+00:00,2026-05-01 11:42:07.026301+00:00
650,39bfc35e-8bb4-403e-b418-4d800493599f,04bb8b7a-cd4c-4a01-91d4-4704fda80686,4,Bon événement avec un contenu pertinent. Catégorie : Atelier. Point de référence : Atelier collaboratif gestion budgétaire - édition 0888.,False,2026-03-30 09:18:16.049109+00:00,2026-04-01 04:57:31.835540+00:00
651,2662f2f2-e147-4bfb-a3b6-41a7cba757de,50b973db-8479-47e1-8c19-f51f4998a03c,4,Session utile et bien structurée. Catégorie : Bien-être. Point de référence : Rencontre santé au travail équilibre professionnel - édition 0453.,False,2026-04-09 17:00:57.355568+00:00,2026-04-10 22:24:00.125835+00:00
652,58c345d7-c707-4350-8a43-eacf36cfa897,16f1ef83-2744-47e3-a8fa-a79542e39c6e,5,Format dynamique et échanges très constructifs. Catégorie : Bien-être. Point de référence : Session bien-être gestion du stress - édition 0077.,True,2026-03-14 19:05:15.777115+00:00,2026-03-18 16:37:03.136280+00:00
653,0a0c2bd6-9d51-441b-83d0-68db4cd99256,91859730-a2c4-46b6-855a-a89620a317df,4,Session utile et bien structurée. Catégorie : Culture d’entreprise. Point de référence : Rencontre culture interne onboarding culturel - édition 0105.,False,2026-03-04 03:58:38.142416+00:00,2026-03-04 23:01:43.069421+00:00
654,685eab0b-417d-4cb4-916d-1e7ea0e5e5d7,f6be51eb-5ff8-4a8e-a90d-11214c8c8539,4,Événement intéressant et globalement réussi. Catégorie : Formation. Point de référence : Session de formation contrats et conformité - édition 0058.,True,2026-03-18 02:36:44.606527+00:00,2026-03-21 12:37:43.439922+00:00
655,9d3098e0-1636-4cc4-afda-35b15eccbcc4,8a3bbec3-4136-45f6-b098-bbb2be370926,1,Organisation insuffisante pour tirer profit du sujet. Catégorie : Culture d’entreprise. Point de référence : Session valeurs collaboration transversale - édition 0127.,False,2026-03-22 11:04:15.037651+00:00,2026-03-25 23:41:53.651378+00:00
656,0d190215-dd65-4aca-a803-d461f0c97c68,cd925f76-6a4a-4b65-b4d7-839f7aa778fc,3,Expérience satisfaisante avec davantage d’exemples souhaités. Catégorie : RSE. Point de référence : Action RSE économie d’énergie - édition 0501.,True,2026-03-20 13:40:41.560762+00:00,2026-03-24 07:24:32.285677+00:00
657,2a993f2e-58c0-4268-a821-34a46d9e99b3,549a7925-348b-43cd-a3b9-dd25c12212b3,4,Bonne animation avec des points pratiques. Catégorie : Afterwork. Point de référence : Moment convivial équipes projet - édition 0073.,True,2026-04-21 03:25:14.629139+00:00,2026-04-25 06:01:56.814838+00:00
658,bb83982e-c8cc-4fda-98aa-0a54f2b673c1,1ee0455f-7a11-42b3-883e-1a778adfa225,3,Expérience satisfaisante avec davantage d’exemples souhaités. Catégorie : RSE. Point de référence : Atelier RSE réduction carbone - édition 0399.,True,2026-03-31 23:32:20.237541+00:00,2026-04-03 06:11:54.371109+00:00
659,5c16972b-3360-4fab-9157-7a2fe4be1ed7,9ac7d884-9c16-4fa3-b896-884afda9c096,1,Expérience limitée avec trop peu de valeur opérationnelle. Catégorie : Conférence. Point de référence : Table ronde marque employeur - édition 0726.,True,2026-03-12 13:11:56.484833+00:00,2026-03-14 23:56:07.489687+00:00
660,4dc60709-3167-41bb-aa8f-653175b97d40,bd2d8a8f-cc69-4d59-9057-8cac5815b213,2,Session trop courte pour couvrir le sujet correctement. Catégorie : Networking. Point de référence : Speed meeting forum projets - édition 0900.,False,2026-04-17 08:23:41.774457+00:00,2026-04-21 09:58:22.475038+00:00
661,9d3098e0-1636-4cc4-afda-35b15eccbcc4,c848b20c-f059-4930-95e5-93f28ae465c9,2,Objectifs utiles mais présentation à clarifier. Catégorie : Culture d’entreprise. Point de référence : Session valeurs collaboration transversale - édition 0127.,False,2026-03-26 14:06:36.337262+00:00,2026-03-30 15:57:23.565474+00:00
662,c63b2370-25af-4d8f-9320-7226692b196b,702b5919-6fb5-46fa-8a5a-e0c7f8f37c74,3,Session correcte avec quelques pistes d’amélioration. Catégorie : Conférence. Point de référence : Table ronde finance durable - édition 0697.,False,2026-04-30 21:24:23.160398+00:00,2026-05-01 10:10:41.231136+00:00
663,359e99c9-a8e0-464c-a3e4-0cf90413eda0,3f86e892-6ecb-4028-b135-17c98a50e599,1,Le contenu ne répondait pas vraiment aux attentes. Catégorie : Conférence. Point de référence : Keynote interne finance durable - IoT - édition 0998.,False,2026-04-11 13:01:08.005134+00:00,2026-04-12 03:24:45.879184+00:00
664,40d339c6-9f7e-4c65-80aa-eeed3589bc0a,449ac75e-578d-423f-8bc4-b4c90d6ac229,1,Organisation insuffisante pour tirer profit du sujet. Catégorie : Culture d’entreprise. Point de référence : Rencontre culture interne ambassadeurs culture - édition 0406.,True,2026-04-02 13:16:48.967223+00:00,2026-04-06 08:33:16.865709+00:00
665,f7a54488-0611-449e-bf85-c0398fd517a2,93c2ea2c-f36b-43fb-8081-333512ad6dfe,3,"Bon thème, mais le rythme pourrait être mieux équilibré. Catégorie : Atelier. Point de référence : Workshop prise de parole - édition 0144.",True,2026-03-07 19:11:33.927477+00:00,2026-03-08 05:55:49.842776+00:00
666,b5a07b22-e8b4-4066-9f47-dfab0796c1c3,8e9296c5-bcd9-48b9-a595-2c11e6d596ef,2,Objectifs utiles mais présentation à clarifier. Catégorie : Networking. Point de référence : Networking experts internes - édition 0810.,True,2026-04-30 14:05:51.930481+00:00,2026-04-30 23:03:13.342805+00:00
667,df9061ce-768a-48f5-85fa-9e84b27f3c82,96f88851-c0d4-41cf-be20-b08886bc6e6c,4,Bon événement avec un contenu pertinent. Catégorie : Atelier. Point de référence : Workshop gestion budgétaire - édition 0104.,False,2026-04-06 21:07:11.693524+00:00,2026-04-15 20:54:20.678294+00:00
668,bb83982e-c8cc-4fda-98aa-0a54f2b673c1,7df083a9-7340-4dac-917d-70552e3183a5,3,Expérience satisfaisante avec davantage d’exemples souhaités. Catégorie : RSE. Point de référence : Atelier RSE réduction carbone - édition 0399.,False,2026-03-28 10:27:25.635861+00:00,2026-03-29 00:26:45.649685+00:00
669,558f4ece-d28f-4f60-a1ed-0fc59ecd077f,0b0392ac-a14f-455e-86b0-ae00fdfdf1f6,1,Organisation insuffisante pour tirer profit du sujet. Catégorie : Bien-être. Point de référence : Pause prévention santé mentale - édition 0717.,False,2026-04-23 15:30:36.582274+00:00,2026-04-25 19:48:26.763727+00:00
670,c55301a7-c74d-4ff0-8635-daafc502b6db,ee1c4d3b-ec68-41f3-b7f1-58779c7a6bd9,3,Contenu utile mais parfois trop général. Catégorie : Webinaire. Point de référence : Webinaire reporting financier - édition 0578.,False,2026-03-09 09:50:18.323491+00:00,2026-03-12 19:27:44.554430+00:00
671,df9061ce-768a-48f5-85fa-9e84b27f3c82,27e57f44-3711-4937-96be-d80bcf09b05d,5,Intervention de qualité avec des exemples concrets. Catégorie : Atelier. Point de référence : Workshop gestion budgétaire - édition 0104.,True,2026-03-31 11:41:50.726484+00:00,2026-04-07 20:32:25.084902+00:00
672,5c16972b-3360-4fab-9157-7a2fe4be1ed7,ab9a105c-5f0d-4478-9b04-9f0953d430cb,2,Contenu intéressant mais pas assez approfondi. Catégorie : Conférence. Point de référence : Table ronde marque employeur - édition 0726.,False,2026-03-11 21:02:52.128141+00:00,2026-03-15 12:17:43.372963+00:00
673,4dc60709-3167-41bb-aa8f-653175b97d40,14982b70-3b85-4fff-9449-0f42ce2dd336,2,Objectifs utiles mais présentation à clarifier. Catégorie : Networking. Point de référence : Speed meeting forum projets - édition 0900.,True,2026-04-15 20:30:20.375266+00:00,2026-04-21 07:27:37.671249+00:00
674,79e4e9e1-01be-46d8-bd8c-84a914c0397a,75c4fd88-9e44-46ab-b324-a068f16ab956,5,"Très bonne session, bien organisée et enrichissante. Catégorie : Afterwork. Point de référence : Soirée réseau convivialité - édition 0011.",True,2026-04-23 09:43:10.516012+00:00,2026-04-24 08:00:32.907954+00:00
675,b4460a6b-789c-4b16-bca0-3794329f0ab3,ae62feb9-2fe5-4f14-9abc-6d3de60551e9,3,Session correcte avec quelques pistes d’amélioration. Catégorie : Bien-être. Point de référence : Pause prévention équilibre professionnel - édition 0249.,False,2026-04-25 14:08:44.277175+00:00,2026-04-27 23:37:13.396252+00:00
676,14a26d46-5b31-499f-ad00-fc30c8e863e4,8e755df7-d353-4b98-b399-336164ee4a93,3,Expérience satisfaisante avec davantage d’exemples souhaités. Catégorie : RSE. Point de référence : Atelier RSE économie d’énergie - édition 0966.,False,2026-04-27 19:35:57.902470+00:00,2026-04-28 01:29:19.277421+00:00
677,a779c006-7510-4048-94bc-ffdc9259f64a,85d69c98-5b99-4368-9470-a023a0faaa39,5,Format dynamique et échanges très constructifs. Catégorie : Innovation. Point de référence : Atelier innovation prototypage rapide - édition 0286.,True,2026-03-13 07:32:17.803525+00:00,2026-03-21 04:45:55.801380+00:00
678,4dc60709-3167-41bb-aa8f-653175b97d40,0b0392ac-a14f-455e-86b0-ae00fdfdf1f6,1,Expérience limitée avec trop peu de valeur opérationnelle. Catégorie : Networking. Point de référence : Speed meeting forum projets - édition 0900.,False,2026-04-22 12:04:51.894711+00:00,2026-04-23 20:10:38.878433+00:00
679,c63b2370-25af-4d8f-9320-7226692b196b,c58f7dbd-9a6d-4c3f-bed8-75f484e20259,3,Contenu utile mais parfois trop général. Catégorie : Conférence. Point de référence : Table ronde finance durable - édition 0697.,False,2026-04-30 05:26:51.521222+00:00,2026-05-01 05:00:04.770924+00:00
680,10440011-36d1-45cd-b0f9-29469dc42429,14d940d1-b6b9-46db-ad09-0f473052b4b5,3,Contenu utile mais parfois trop général. Catégorie : Conférence. Point de référence : Table ronde leadership responsable - édition 0678.,True,2026-04-28 18:09:22.613293+00:00,2026-04-29 13:46:24.034758+00:00
681,4dc60709-3167-41bb-aa8f-653175b97d40,b273077f-41d4-4b27-99b4-fa52d85d84e2,5,"Très bonne session, bien organisée et enrichissante. Catégorie : Networking. Point de référence : Speed meeting forum projets - édition 0900.",True,2026-04-24 20:15:45.058806+00:00,2026-04-26 17:11:55.540338+00:00
682,7c599268-f746-4e6a-9127-104998e1ca41,e8a80a6e-ee71-4373-8db9-cb211b8b0d92,5,Intervention de qualité avec des exemples concrets. Catégorie : Formation. Point de référence : Formation SQL avancé - édition 0860.,True,2026-04-19 00:48:26.176651+00:00,2026-04-19 09:25:06.518811+00:00
683,fb518144-8d76-42a9-a016-6da13e385137,eaaf4ff9-389b-4404-8570-7d2997f37220,5,Format dynamique et échanges très constructifs. Catégorie : Networking. Point de référence : Forum d’échanges partage d’expérience - Support client - édition 0533.,True,2026-04-14 11:28:06.767392+00:00,2026-04-18 21:55:03.788259+00:00
684,73ed9e10-d7dd-4f35-812a-0836380719a5,d14d3d68-bc4f-4869-b1ec-aa8b4936f3cf,3,Contenu utile mais parfois trop général. Catégorie : Webinaire. Point de référence : Session en ligne bien-être au travail - édition 0366.,True,2026-04-18 16:18:10.522443+00:00,2026-04-20 11:00:13.372278+00:00
685,40d339c6-9f7e-4c65-80aa-eeed3589bc0a,53234d32-ce6e-4a41-989f-d1958715bab4,5,Intervention de qualité avec des exemples concrets. Catégorie : Culture d’entreprise. Point de référence : Rencontre culture interne ambassadeurs culture - édition 0406.,False,2026-04-02 18:25:55.850215+00:00,2026-04-05 00:44:35.281927+00:00
686,73ed9e10-d7dd-4f35-812a-0836380719a5,124d31c9-67e3-4463-a3dc-e5d31d3560a1,2,Objectifs utiles mais présentation à clarifier. Catégorie : Webinaire. Point de référence : Session en ligne bien-être au travail - édition 0366.,False,2026-04-13 18:13:14.654893+00:00,2026-04-18 03:54:16.321163+00:00
687,9d3098e0-1636-4cc4-afda-35b15eccbcc4,d35f769d-d320-4357-a8ad-0db3cd7e1bcf,5,Format dynamique et échanges très constructifs. Catégorie : Culture d’entreprise. Point de référence : Session valeurs collaboration transversale - édition 0127.,False,2026-03-23 09:43:34.519935+00:00,2026-03-30 12:50:49.844835+00:00
688,fc34e1fc-4661-4a79-8177-57658ee1d856,99ce0eb9-db3b-4ba1-9d7e-a6e10271bb8c,1,Expérience limitée avec trop peu de valeur opérationnelle. Catégorie : Webinaire. Point de référence : Live interne IoT et capteurs - édition 0063.,False,2026-03-04 11:07:21.252178+00:00,2026-03-11 23:04:50.592176+00:00
689,b22a565b-8fff-497d-a61d-83781fd9a616,a3ff7146-5c5d-4b32-aa8d-e1dc67bae50e,5,Format dynamique et échanges très constructifs. Catégorie : Afterwork. Point de référence : Soirée réseau nouveaux arrivants - édition 0201.,False,2026-04-28 09:07:31.997833+00:00,2026-04-28 16:00:04.659925+00:00
690,2662f2f2-e147-4bfb-a3b6-41a7cba757de,85fcc4be-726c-4bcd-9bc6-c969daa3cd3e,5,Format dynamique et échanges très constructifs. Catégorie : Bien-être. Point de référence : Rencontre santé au travail équilibre professionnel - édition 0453.,False,2026-04-17 09:13:14.107129+00:00,2026-04-21 03:41:42.371105+00:00
691,bb83982e-c8cc-4fda-98aa-0a54f2b673c1,c21e317f-9f79-44d5-b20a-71aa31f20d74,5,"Très bonne session, bien organisée et enrichissante. Catégorie : RSE. Point de référence : Atelier RSE réduction carbone - édition 0399.",True,2026-03-29 00:36:14.173070+00:00,2026-03-30 12:04:47.345923+00:00
692,5c16972b-3360-4fab-9157-7a2fe4be1ed7,b3d93062-a120-4b9f-8188-3421e21ae870,3,"Bon thème, mais le rythme pourrait être mieux équilibré. Catégorie : Conférence. Point de référence : Table ronde marque employeur - édition 0726.",True,2026-03-14 12:12:27.648822+00:00,2026-03-22 02:31:39.784164+00:00
693,10440011-36d1-45cd-b0f9-29469dc42429,1d623cd5-7c52-4925-a204-0c46c3869a1d,2,Contenu intéressant mais pas assez approfondi. Catégorie : Conférence. Point de référence : Table ronde leadership responsable - édition 0678.,True,2026-04-28 21:07:33.829789+00:00,2026-05-01 03:22:55.049973+00:00
694,ccd46cab-c742-472f-8b66-729694b1c18b,770a3736-dd6c-443d-92ff-d84e014a53e9,4,Bon événement avec un contenu pertinent. Catégorie : RSE. Point de référence : Initiative durable inclusion - édition 0736.,True,2026-04-07 22:11:33.522766+00:00,2026-04-11 06:10:44.785810+00:00
695,35aa3585-3880-466e-a4f8-b30d6b45c62b,88ca13bd-4e60-4303-800f-294b5b96f80d,5,"Excellente expérience, contenu clair et directement utile. Catégorie : Afterwork. Point de référence : Soirée réseau finance et business - édition 0858.",True,2026-04-05 05:24:29.570004+00:00,2026-04-13 10:51:52.328895+00:00
696,a779c006-7510-4048-94bc-ffdc9259f64a,cabfbbfa-d76d-4f74-a0ec-910dd89f4794,3,Session correcte avec quelques pistes d’amélioration. Catégorie : Innovation. Point de référence : Atelier innovation prototypage rapide - édition 0286.,True,2026-03-11 01:27:27.356990+00:00,2026-03-13 22:59:40.730905+00:00
697,c55301a7-c74d-4ff0-8635-daafc502b6db,f3525842-5ccf-4d32-b3c0-eb58cb4ae783,1,Expérience limitée avec trop peu de valeur opérationnelle. Catégorie : Webinaire. Point de référence : Webinaire reporting financier - édition 0578.,False,2026-03-10 20:42:15.215447+00:00,2026-03-12 05:03:47.456598+00:00
698,39bfc35e-8bb4-403e-b418-4d800493599f,78af47a7-ad8d-4faf-a4eb-52cb18a6a2cd,1,Session difficile à suivre et peu pratique. Catégorie : Atelier. Point de référence : Atelier collaboratif gestion budgétaire - édition 0888.,True,2026-03-28 11:09:00.739815+00:00,2026-03-28 13:54:52.511539+00:00
699,7c599268-f746-4e6a-9127-104998e1ca41,3153eaad-facb-4e77-bf73-9a19018c032d,4,Bonne animation avec des points pratiques. Catégorie : Formation. Point de référence : Formation SQL avancé - édition 0860.,True,2026-04-18 19:26:09.163733+00:00,2026-04-20 22:08:54.333530+00:00
700,b5a07b22-e8b4-4066-9f47-dfab0796c1c3,82acf793-5875-4b86-a2c7-7bfc77ca1687,1,Session difficile à suivre et peu pratique. Catégorie : Networking. Point de référence : Networking experts internes - édition 0810.,True,2026-04-30 12:56:23.443694+00:00,2026-05-01 01:26:01.474164+00:00
701,a779c006-7510-4048-94bc-ffdc9259f64a,13d27dae-abb6-45aa-8a42-aabcca05524a,4,Bon événement avec un contenu pertinent. Catégorie : Innovation. Point de référence : Atelier innovation prototypage rapide - édition 0286.,False,2026-03-15 08:01:26.061579+00:00,2026-03-15 20:09:48.406660+00:00
702,0a0c2bd6-9d51-441b-83d0-68db4cd99256,2a5fc018-eeb8-406f-83fc-1862252f93b0,5,"Très bonne session, bien organisée et enrichissante. Catégorie : Culture d’entreprise. Point de référence : Rencontre culture interne onboarding culturel - édition 0105.",False,2026-03-07 19:21:12.172927+00:00,2026-03-08 18:49:30.383396+00:00
703,c63b2370-25af-4d8f-9320-7226692b196b,542706cb-ff1a-4d9a-9b3d-621e4e7fe4bb,5,Format dynamique et échanges très constructifs. Catégorie : Conférence. Point de référence : Table ronde finance durable - édition 0697.,False,2026-04-30 22:08:12.358983+00:00,2026-05-01 07:19:36.567001+00:00
704,73ed9e10-d7dd-4f35-812a-0836380719a5,f19708c8-85b2-4faa-825b-a2fefaac0687,3,Contenu utile mais parfois trop général. Catégorie : Webinaire. Point de référence : Session en ligne bien-être au travail - édition 0366.,True,2026-04-20 05:11:01.119833+00:00,2026-04-20 16:16:37.312831+00:00
705,10440011-36d1-45cd-b0f9-29469dc42429,f403a135-e2fa-4427-9cb5-9d55455f9b66,5,Format dynamique et échanges très constructifs. Catégorie : Conférence. Point de référence : Table ronde leadership responsable - édition 0678.,True,2026-04-29 02:10:26.414087+00:00,2026-05-01 07:50:02.422656+00:00
706,0d190215-dd65-4aca-a803-d461f0c97c68,18461a76-23dd-484e-ac0a-37f832c9ef57,4,Événement intéressant et globalement réussi. Catégorie : RSE. Point de référence : Action RSE économie d’énergie - édition 0501.,True,2026-03-23 09:49:13.428597+00:00,2026-03-23 14:22:34.896371+00:00
707,7d256949-75b2-4833-a44c-2cee42b2281e,a1c5d618-8d96-458c-8e77-e2adbc9f6c23,1,Organisation insuffisante pour tirer profit du sujet. Catégorie : Team building. Point de référence : Team building résolution de problèmes - Juridique - édition 0869.,True,2026-03-22 09:21:02.920064+00:00,2026-03-23 06:04:27.731903+00:00
708,bb83982e-c8cc-4fda-98aa-0a54f2b673c1,786cfe59-0bda-4930-9ccd-c6d0ff02b662,3,Contenu utile mais parfois trop général. Catégorie : RSE. Point de référence : Atelier RSE réduction carbone - édition 0399.,True,2026-03-27 22:44:58.571685+00:00,2026-03-28 22:09:21.678248+00:00
709,fc34e1fc-4661-4a79-8177-57658ee1d856,c024ae2f-747f-4e78-b09d-430b0eca3860,2,Organisation perfectible et interaction limitée. Catégorie : Webinaire. Point de référence : Live interne IoT et capteurs - édition 0063.,False,2026-03-04 15:15:25.655665+00:00,2026-03-05 16:21:54.157677+00:00
710,14a26d46-5b31-499f-ad00-fc30c8e863e4,702b5919-6fb5-46fa-8a5a-e0c7f8f37c74,2,Contenu intéressant mais pas assez approfondi. Catégorie : RSE. Point de référence : Atelier RSE économie d’énergie - édition 0966.,True,2026-04-28 10:28:17.304188+00:00,2026-04-30 05:24:29.721522+00:00
711,df9061ce-768a-48f5-85fa-9e84b27f3c82,17f812f6-c3b4-4bc7-a54b-f1133fe132f8,3,Session correcte avec quelques pistes d’amélioration. Catégorie : Atelier. Point de référence : Workshop gestion budgétaire - édition 0104.,False,2026-03-31 18:00:07.122752+00:00,2026-04-06 18:33:00.345088+00:00
712,40d339c6-9f7e-4c65-80aa-eeed3589bc0a,2ddc0de1-b086-459e-8934-d9b7c1771d9d,5,Intervention de qualité avec des exemples concrets. Catégorie : Culture d’entreprise. Point de référence : Rencontre culture interne ambassadeurs culture - édition 0406.,False,2026-03-31 07:40:03.681916+00:00,2026-04-03 07:14:09.911334+00:00
713,14a26d46-5b31-499f-ad00-fc30c8e863e4,00f7fbed-d7cd-4b53-9344-aa42ba92c94d,4,Bon événement avec un contenu pertinent. Catégorie : RSE. Point de référence : Atelier RSE économie d’énergie - édition 0966.,False,2026-04-27 13:17:04.825712+00:00,2026-04-28 09:35:26.411896+00:00
714,40d339c6-9f7e-4c65-80aa-eeed3589bc0a,e9259942-8396-473b-9057-48dcaca6a4b8,3,Contenu utile mais parfois trop général. Catégorie : Culture d’entreprise. Point de référence : Rencontre culture interne ambassadeurs culture - édition 0406.,False,2026-04-05 06:59:47.587712+00:00,2026-04-05 14:22:17.510187+00:00
715,558f4ece-d28f-4f60-a1ed-0fc59ecd077f,77eda781-2f0d-483f-8875-14af3485c071,4,Session utile et bien structurée. Catégorie : Bien-être. Point de référence : Pause prévention santé mentale - édition 0717.,True,2026-04-22 10:28:25.569734+00:00,2026-04-27 09:05:46.657264+00:00
716,9d3098e0-1636-4cc4-afda-35b15eccbcc4,9af4b494-b502-4444-9cfd-9e6df7e6f022,1,Organisation insuffisante pour tirer profit du sujet. Catégorie : Culture d’entreprise. Point de référence : Session valeurs collaboration transversale - édition 0127.,True,2026-03-31 11:52:44.978841+00:00,2026-04-02 05:03:32.154749+00:00
717,14a26d46-5b31-499f-ad00-fc30c8e863e4,b129122c-5e22-4eac-ada4-bdeab206bf97,1,Organisation insuffisante pour tirer profit du sujet. Catégorie : RSE. Point de référence : Atelier RSE économie d’énergie - édition 0966.,False,2026-04-26 02:33:54.065739+00:00,2026-04-30 08:37:30.062359+00:00
718,fc34e1fc-4661-4a79-8177-57658ee1d856,ac16955a-100a-49c4-9550-f3e3c118b812,3,Session correcte avec quelques pistes d’amélioration. Catégorie : Webinaire. Point de référence : Live interne IoT et capteurs - édition 0063.,False,2026-03-06 12:00:40.618112+00:00,2026-03-06 16:45:18.292314+00:00
719,2bf86b0c-d22a-4f62-894f-818dcf351857,ac70585c-869a-4f1d-97f0-bd11808c3625,1,Session difficile à suivre et peu pratique. Catégorie : Formation. Point de référence : Module d’apprentissage SQL avancé - édition 0065.,False,2026-03-19 20:50:45.655968+00:00,2026-03-21 23:42:55.068623+00:00
720,10440011-36d1-45cd-b0f9-29469dc42429,97810494-626f-45ab-bb4d-e0c09e642c34,5,Intervention de qualité avec des exemples concrets. Catégorie : Conférence. Point de référence : Table ronde leadership responsable - édition 0678.,False,2026-04-30 14:25:56.525094+00:00,2026-05-01 08:08:53.219557+00:00
721,14a26d46-5b31-499f-ad00-fc30c8e863e4,4fd46ebc-f590-48ab-9c20-b28ac7350ca8,5,"Excellente expérience, contenu clair et directement utile. Catégorie : RSE. Point de référence : Atelier RSE économie d’énergie - édition 0966.",True,2026-04-27 10:10:31.106505+00:00,2026-04-30 15:45:29.743172+00:00
722,39bfc35e-8bb4-403e-b418-4d800493599f,aea65023-ce55-417a-a93c-d43c8afc615f,5,Format dynamique et échanges très constructifs. Catégorie : Atelier. Point de référence : Atelier collaboratif gestion budgétaire - édition 0888.,True,2026-03-30 07:06:29.985861+00:00,2026-04-01 08:17:10.917181+00:00
723,9d3098e0-1636-4cc4-afda-35b15eccbcc4,c590c49a-6aa2-4b9e-b7ef-8de08d64a34f,2,Session trop courte pour couvrir le sujet correctement. Catégorie : Culture d’entreprise. Point de référence : Session valeurs collaboration transversale - édition 0127.,False,2026-03-23 22:47:35.483601+00:00,2026-03-30 00:53:43.537377+00:00
724,32550296-6435-4ef2-90e1-028656282c7f,63c7f6a6-1fb9-467e-a32c-b7f7fbd263d6,3,"Bon thème, mais le rythme pourrait être mieux équilibré. Catégorie : Networking. Point de référence : Forum d’échanges petit-déjeuner business - édition 0357.",False,2026-03-18 06:53:37.860953+00:00,2026-03-21 15:46:57.668907+00:00
725,7d256949-75b2-4833-a44c-2cee42b2281e,f2adb223-abf2-4dde-8eb2-d0e031d07e62,1,Organisation insuffisante pour tirer profit du sujet. Catégorie : Team building. Point de référence : Team building résolution de problèmes - Juridique - édition 0869.,False,2026-03-14 12:55:34.971059+00:00,2026-03-18 04:26:39.547202+00:00
726,fc34e1fc-4661-4a79-8177-57658ee1d856,a05fb95c-ba9f-4e27-a689-3cf5fc1b5a26,5,Intervention de qualité avec des exemples concrets. Catégorie : Webinaire. Point de référence : Live interne IoT et capteurs - édition 0063.,False,2026-03-05 18:43:35.198259+00:00,2026-03-11 06:44:09.077971+00:00
727,9d3098e0-1636-4cc4-afda-35b15eccbcc4,ce175c8f-1175-4928-bf29-79fe69406339,1,Expérience limitée avec trop peu de valeur opérationnelle. Catégorie : Culture d’entreprise. Point de référence : Session valeurs collaboration transversale - édition 0127.,False,2026-03-22 20:10:46.425656+00:00,2026-03-25 10:38:21.465206+00:00
728,40d339c6-9f7e-4c65-80aa-eeed3589bc0a,ff547326-c297-4923-8b93-97313a467f80,2,Objectifs utiles mais présentation à clarifier. Catégorie : Culture d’entreprise. Point de référence : Rencontre culture interne ambassadeurs culture - édition 0406.,False,2026-03-30 13:32:34.282995+00:00,2026-04-08 13:45:43.104554+00:00
729,0a0c2bd6-9d51-441b-83d0-68db4cd99256,00f7fbed-d7cd-4b53-9344-aa42ba92c94d,3,Session correcte avec quelques pistes d’amélioration. Catégorie : Culture d’entreprise. Point de référence : Rencontre culture interne onboarding culturel - édition 0105.,True,2026-03-04 11:14:59.449192+00:00,2026-03-05 03:59:41.458247+00:00
730,7c74f05d-bfb8-4726-8c16-e95b17f5e4be,dc305b07-816b-4ee2-869d-98231db9d646,3,Expérience satisfaisante avec davantage d’exemples souhaités. Catégorie : Team building. Point de référence : Défi collaboratif confiance et coopération - édition 0331.,True,2026-04-29 23:16:11.720450+00:00,2026-05-01 06:46:52.958157+00:00
731,c63b2370-25af-4d8f-9320-7226692b196b,3f6cb692-1581-4462-b260-3cad29f36489,3,"Bon thème, mais le rythme pourrait être mieux équilibré. Catégorie : Conférence. Point de référence : Table ronde finance durable - édition 0697.",True,2026-04-30 11:49:54.228311+00:00,2026-05-01 11:48:02.486008+00:00
732,40d339c6-9f7e-4c65-80aa-eeed3589bc0a,5bfb3b47-b622-4dea-bcef-0b3827189ab1,4,Événement intéressant et globalement réussi. Catégorie : Culture d’entreprise. Point de référence : Rencontre culture interne ambassadeurs culture - édition 0406.,True,2026-03-31 17:46:45.804149+00:00,2026-04-07 15:18:52.307145+00:00
733,a779c006-7510-4048-94bc-ffdc9259f64a,a7019b71-bdec-45fd-aa1f-46c39d0046c3,1,Le contenu ne répondait pas vraiment aux attentes. Catégorie : Innovation. Point de référence : Atelier innovation prototypage rapide - édition 0286.,True,2026-03-09 15:02:16.744945+00:00,2026-03-10 02:18:43.712136+00:00
734,df9061ce-768a-48f5-85fa-9e84b27f3c82,ae0998f5-ac8d-41f3-ac2d-777a7f7ca079,5,Intervention de qualité avec des exemples concrets. Catégorie : Atelier. Point de référence : Workshop gestion budgétaire - édition 0104.,False,2026-04-02 11:41:52.755605+00:00,2026-04-10 03:56:10.529282+00:00
735,14a26d46-5b31-499f-ad00-fc30c8e863e4,5d703c5b-8047-4ae3-8d64-bd4389210efb,5,Intervention de qualité avec des exemples concrets. Catégorie : RSE. Point de référence : Atelier RSE économie d’énergie - édition 0966.,False,2026-04-28 01:05:08.654317+00:00,2026-04-30 15:53:27.780608+00:00
736,a779c006-7510-4048-94bc-ffdc9259f64a,03eeb36f-1602-4d94-af8d-fa5e5db432b8,4,Événement intéressant et globalement réussi. Catégorie : Innovation. Point de référence : Atelier innovation prototypage rapide - édition 0286.,True,2026-03-09 17:03:47.263069+00:00,2026-03-12 17:47:01.760225+00:00
737,73ed9e10-d7dd-4f35-812a-0836380719a5,bc4f2415-4186-4d74-ba12-52a4a7b18bc6,4,Bon événement avec un contenu pertinent. Catégorie : Webinaire. Point de référence : Session en ligne bien-être au travail - édition 0366.,False,2026-04-14 16:05:43.003997+00:00,2026-04-16 08:13:05.903872+00:00
738,5c16972b-3360-4fab-9157-7a2fe4be1ed7,2924ebf4-7416-4911-9fb8-c3bd86f39111,2,Session trop courte pour couvrir le sujet correctement. Catégorie : Conférence. Point de référence : Table ronde marque employeur - édition 0726.,False,2026-03-14 03:45:05.247041+00:00,2026-03-20 07:42:34.132934+00:00
739,58c345d7-c707-4350-8a43-eacf36cfa897,f4cd3bad-4dac-4e03-9295-0b1a528ef4eb,4,Session utile et bien structurée. Catégorie : Bien-être. Point de référence : Session bien-être gestion du stress - édition 0077.,False,2026-03-13 11:06:45.298224+00:00,2026-03-13 18:25:13.236789+00:00
740,0a0c2bd6-9d51-441b-83d0-68db4cd99256,29f74c43-1a2b-4d01-b448-078c38c9e28a,1,Organisation insuffisante pour tirer profit du sujet. Catégorie : Culture d’entreprise. Point de référence : Rencontre culture interne onboarding culturel - édition 0105.,False,2026-03-07 22:53:30.244883+00:00,2026-03-08 12:50:55.982550+00:00
741,bb83982e-c8cc-4fda-98aa-0a54f2b673c1,8006d300-c0ae-4a0d-ba53-074804f86119,2,Objectifs utiles mais présentation à clarifier. Catégorie : RSE. Point de référence : Atelier RSE réduction carbone - édition 0399.,False,2026-03-31 03:26:13.438325+00:00,2026-04-05 10:42:49.883049+00:00
742,0ecd8622-7de2-4bd2-83ae-31ca4925c47e,76a9bda7-4fee-4da7-a23d-97f4c3bfc3a1,4,Événement intéressant et globalement réussi. Catégorie : Bien-être. Point de référence : Rencontre santé au travail équilibre professionnel - édition 0312.,True,2026-04-11 11:39:15.505477+00:00,2026-04-18 20:32:21.491987+00:00
743,9c310c8a-230b-4fa5-83e3-97417739fdd1,29f74c43-1a2b-4d01-b448-078c38c9e28a,4,Événement intéressant et globalement réussi. Catégorie : Afterwork. Point de référence : Rencontre informelle finance et business - Développement - édition 0886.,True,2026-03-27 11:22:15.800728+00:00,2026-03-29 19:06:24.165040+00:00
744,5c16972b-3360-4fab-9157-7a2fe4be1ed7,9a6ea003-a666-4c29-8ae5-e7fa86361a43,4,Bonne animation avec des points pratiques. Catégorie : Conférence. Point de référence : Table ronde marque employeur - édition 0726.,True,2026-03-12 23:15:57.674195+00:00,2026-03-14 06:58:10.870121+00:00
745,9d3098e0-1636-4cc4-afda-35b15eccbcc4,bc82679b-60ac-4cb8-a2c8-90cf85491d9f,5,"Excellente expérience, contenu clair et directement utile. Catégorie : Culture d’entreprise. Point de référence : Session valeurs collaboration transversale - édition 0127.",False,2026-03-23 23:36:21.873704+00:00,2026-03-31 11:54:08.070221+00:00
746,c55301a7-c74d-4ff0-8635-daafc502b6db,3e5fe20d-95f7-4fea-a0b1-f764d3af1ede,4,Bonne animation avec des points pratiques. Catégorie : Webinaire. Point de référence : Webinaire reporting financier - édition 0578.,False,2026-03-11 12:25:51.562856+00:00,2026-03-15 08:04:06.450973+00:00
747,0ecd8622-7de2-4bd2-83ae-31ca4925c47e,4c324c73-2dc1-425d-8e1b-f3224f6128ec,4,Événement intéressant et globalement réussi. Catégorie : Bien-être. Point de référence : Rencontre santé au travail équilibre professionnel - édition 0312.,True,2026-04-12 07:59:08.986639+00:00,2026-04-22 03:06:18.510313+00:00
748,9d3098e0-1636-4cc4-afda-35b15eccbcc4,d4a71d21-d547-4736-9c69-2ae754d8e3f0,1,Organisation insuffisante pour tirer profit du sujet. Catégorie : Culture d’entreprise. Point de référence : Session valeurs collaboration transversale - édition 0127.,False,2026-04-01 18:21:44.997723+00:00,2026-04-03 08:56:27.677818+00:00
749,359e99c9-a8e0-464c-a3e4-0cf90413eda0,510ae9dd-0fef-4647-ab59-c05d2f715afe,3,Expérience satisfaisante avec davantage d’exemples souhaités. Catégorie : Conférence. Point de référence : Keynote interne finance durable - IoT - édition 0998.,True,2026-04-12 04:50:40.165046+00:00,2026-04-15 04:28:12.003523+00:00
750,10440011-36d1-45cd-b0f9-29469dc42429,9164ed25-60b7-490a-8cd1-097fbea158ab,1,Le contenu ne répondait pas vraiment aux attentes. Catégorie : Conférence. Point de référence : Table ronde leadership responsable - édition 0678.,False,2026-04-30 01:52:11.886131+00:00,2026-04-30 16:47:52.525275+00:00
751,fc34e1fc-4661-4a79-8177-57658ee1d856,649114ae-3449-49ab-a8e8-f4c931409e3d,4,Bon événement avec un contenu pertinent. Catégorie : Webinaire. Point de référence : Live interne IoT et capteurs - édition 0063.,True,2026-03-03 20:36:59.959446+00:00,2026-03-06 19:16:27.909586+00:00
752,0a0c2bd6-9d51-441b-83d0-68db4cd99256,16027d3d-1f20-426f-a1bf-3b8acac085b6,5,Format dynamique et échanges très constructifs. Catégorie : Culture d’entreprise. Point de référence : Rencontre culture interne onboarding culturel - édition 0105.,True,2026-03-12 21:25:52.869607+00:00,2026-03-14 15:30:40.131392+00:00
753,412f7996-b4f2-44ec-be37-0aa199ec8998,da6180bb-789f-4ba7-887c-08f5033ce3bd,2,Contenu intéressant mais pas assez approfondi. Catégorie : Atelier. Point de référence : Session pratique design thinking - édition 0892.,True,2026-03-23 20:49:05.579496+00:00,2026-03-27 04:49:44.564822+00:00
754,0d190215-dd65-4aca-a803-d461f0c97c68,44bd7edf-b40c-4e70-80b5-06cef76b4c8c,3,Session correcte avec quelques pistes d’amélioration. Catégorie : RSE. Point de référence : Action RSE économie d’énergie - édition 0501.,True,2026-03-19 20:34:53.702541+00:00,2026-03-20 16:22:41.500176+00:00
755,20381396-b550-4218-898a-872e373af9ec,6a1ea467-ea53-40e2-9b4e-81c03e3120f5,1,Le contenu ne répondait pas vraiment aux attentes. Catégorie : Conférence. Point de référence : Rencontre expert expérience client - édition 0472.,True,2026-04-15 04:11:53.661403+00:00,2026-04-16 02:42:53.567517+00:00
756,bb83982e-c8cc-4fda-98aa-0a54f2b673c1,ea36f8c9-4d00-4fba-b63b-acf0a7b24913,4,Session utile et bien structurée. Catégorie : RSE. Point de référence : Atelier RSE réduction carbone - édition 0399.,False,2026-03-29 23:04:40.888271+00:00,2026-04-05 21:10:43.515004+00:00
757,c55301a7-c74d-4ff0-8635-daafc502b6db,549a7925-348b-43cd-a3b9-dd25c12212b3,1,Session difficile à suivre et peu pratique. Catégorie : Webinaire. Point de référence : Webinaire reporting financier - édition 0578.,False,2026-03-11 17:58:43.911102+00:00,2026-03-12 20:08:47.218151+00:00
758,0a0c2bd6-9d51-441b-83d0-68db4cd99256,d420025c-f809-4d32-9066-98749e88aeb9,5,Format dynamique et échanges très constructifs. Catégorie : Culture d’entreprise. Point de référence : Rencontre culture interne onboarding culturel - édition 0105.,True,2026-03-03 22:50:27.695742+00:00,2026-03-04 04:52:02.824806+00:00
759,c55301a7-c74d-4ff0-8635-daafc502b6db,e9d2ff70-2c2b-4bd5-ba0f-ea608ddccc9a,4,Bon événement avec un contenu pertinent. Catégorie : Webinaire. Point de référence : Webinaire reporting financier - édition 0578.,True,2026-03-10 22:16:37.198144+00:00,2026-03-12 02:44:18.708866+00:00
760,fc34e1fc-4661-4a79-8177-57658ee1d856,ae8476f4-9a83-4f9f-a68f-08866cdec032,3,Expérience satisfaisante avec davantage d’exemples souhaités. Catégorie : Webinaire. Point de référence : Live interne IoT et capteurs - édition 0063.,False,2026-03-09 04:09:08.874718+00:00,2026-03-16 15:18:36.646785+00:00
761,bd1a3473-a2be-43bf-9f69-fbd42e9fb520,3cb20e66-1f63-4917-96a0-d76276f9e1ec,3,Session correcte avec quelques pistes d’amélioration. Catégorie : Afterwork. Point de référence : Rencontre informelle réseau interne - édition 0224.,False,2026-04-04 06:32:28.155603+00:00,2026-04-12 18:05:49.795547+00:00
762,fc34e1fc-4661-4a79-8177-57658ee1d856,3fed2f1f-ed8e-425e-a9c7-8401c4bea33c,5,Intervention de qualité avec des exemples concrets. Catégorie : Webinaire. Point de référence : Live interne IoT et capteurs - édition 0063.,False,2026-03-04 14:29:09.497801+00:00,2026-03-06 11:34:33.097470+00:00
763,4dc60709-3167-41bb-aa8f-653175b97d40,d3db882a-0f69-4757-86d7-7684ed050599,3,Contenu utile mais parfois trop général. Catégorie : Networking. Point de référence : Speed meeting forum projets - édition 0900.,True,2026-04-17 06:04:36.915720+00:00,2026-04-25 01:27:04.260399+00:00
764,5c16972b-3360-4fab-9157-7a2fe4be1ed7,3ed1a5be-d9c3-4c39-9e85-87c9b144f119,5,Format dynamique et échanges très constructifs. Catégorie : Conférence. Point de référence : Table ronde marque employeur - édition 0726.,True,2026-03-11 15:57:00.444781+00:00,2026-03-16 06:17:53.579432+00:00
765,bb83982e-c8cc-4fda-98aa-0a54f2b673c1,c316d911-6157-4923-83d0-94e475c6acc5,3,Expérience satisfaisante avec davantage d’exemples souhaités. Catégorie : RSE. Point de référence : Atelier RSE réduction carbone - édition 0399.,False,2026-04-03 03:43:02.767067+00:00,2026-04-07 02:46:46.869476+00:00
766,4dc60709-3167-41bb-aa8f-653175b97d40,2924ebf4-7416-4911-9fb8-c3bd86f39111,4,Session utile et bien structurée. Catégorie : Networking. Point de référence : Speed meeting forum projets - édition 0900.,False,2026-04-16 11:46:27.654850+00:00,2026-04-19 16:19:59.733699+00:00
767,2a993f2e-58c0-4268-a821-34a46d9e99b3,de4286de-b923-4053-93ef-12d2821eb39f,1,Organisation insuffisante pour tirer profit du sujet. Catégorie : Afterwork. Point de référence : Moment convivial équipes projet - édition 0073.,True,2026-04-19 15:30:00.084075+00:00,2026-04-20 13:27:41.022519+00:00
768,5c16972b-3360-4fab-9157-7a2fe4be1ed7,edc57913-68cf-4b04-a356-052f6ffdbcff,4,Session utile et bien structurée. Catégorie : Conférence. Point de référence : Table ronde marque employeur - édition 0726.,False,2026-03-13 10:12:33.771890+00:00,2026-03-20 08:33:32.849698+00:00
769,ccd46cab-c742-472f-8b66-729694b1c18b,0bbae24c-66cb-42bc-8f35-4e9d6e77ac24,4,Événement intéressant et globalement réussi. Catégorie : RSE. Point de référence : Initiative durable inclusion - édition 0736.,True,2026-04-15 06:21:02.956423+00:00,2026-04-20 22:14:19.416952+00:00
770,ccd46cab-c742-472f-8b66-729694b1c18b,ce737a66-340f-45b5-b53a-c9066f05836b,5,Format dynamique et échanges très constructifs. Catégorie : RSE. Point de référence : Initiative durable inclusion - édition 0736.,True,2026-04-10 17:39:14.518907+00:00,2026-04-14 09:01:56.523023+00:00
771,5c16972b-3360-4fab-9157-7a2fe4be1ed7,8f0f60eb-864b-4f40-8a52-83b880ef9342,3,Expérience satisfaisante avec davantage d’exemples souhaités. Catégorie : Conférence. Point de référence : Table ronde marque employeur - édition 0726.,False,2026-03-15 01:31:14.155531+00:00,2026-03-20 13:06:49.924555+00:00
772,14a26d46-5b31-499f-ad00-fc30c8e863e4,6f1c92a2-1730-457e-af80-22ceee52065e,3,"Bon thème, mais le rythme pourrait être mieux équilibré. Catégorie : RSE. Point de référence : Atelier RSE économie d’énergie - édition 0966.",True,2026-04-26 19:16:24.185943+00:00,2026-04-26 23:41:03.415073+00:00
773,9d3098e0-1636-4cc4-afda-35b15eccbcc4,514d1d62-3100-4b79-9ace-199ed15abd30,1,Session difficile à suivre et peu pratique. Catégorie : Culture d’entreprise. Point de référence : Session valeurs collaboration transversale - édition 0127.,False,2026-03-31 04:46:52.758819+00:00,2026-04-06 22:45:32.696472+00:00
774,980787db-d4eb-4aa9-ab2e-45126ad1567a,d420025c-f809-4d32-9066-98749e88aeb9,5,"Très bonne session, bien organisée et enrichissante. Catégorie : Networking. Point de référence : Speed meeting forum projets - édition 0867.",True,2026-03-28 02:14:14.559472+00:00,2026-04-01 22:59:21.543783+00:00
775,5c16972b-3360-4fab-9157-7a2fe4be1ed7,d045ce18-decd-4a51-b04a-c4a0b10839a7,4,Session utile et bien structurée. Catégorie : Conférence. Point de référence : Table ronde marque employeur - édition 0726.,True,2026-03-17 13:26:13.384289+00:00,2026-03-18 21:49:46.974538+00:00
776,14a26d46-5b31-499f-ad00-fc30c8e863e4,b9c5c31c-70c5-4d31-b5fa-06019974af0a,1,Expérience limitée avec trop peu de valeur opérationnelle. Catégorie : RSE. Point de référence : Atelier RSE économie d’énergie - édition 0966.,False,2026-04-26 02:20:32.813116+00:00,2026-04-26 20:36:05.263650+00:00
777,2bf86b0c-d22a-4f62-894f-818dcf351857,6ee92483-e78b-46ce-baa0-0aac70b7049e,1,Organisation insuffisante pour tirer profit du sujet. Catégorie : Formation. Point de référence : Module d’apprentissage SQL avancé - édition 0065.,True,2026-03-16 01:19:47.316647+00:00,2026-03-20 17:12:21.133376+00:00
778,4dc60709-3167-41bb-aa8f-653175b97d40,b028e6d5-941b-4894-816c-80a8024ffabd,3,Session correcte avec quelques pistes d’amélioration. Catégorie : Networking. Point de référence : Speed meeting forum projets - édition 0900.,True,2026-04-18 13:44:13.811563+00:00,2026-04-19 00:43:45.976058+00:00
779,40d339c6-9f7e-4c65-80aa-eeed3589bc0a,4b525688-1acd-4981-b213-0ea3aa8ecb43,2,Session trop courte pour couvrir le sujet correctement. Catégorie : Culture d’entreprise. Point de référence : Rencontre culture interne ambassadeurs culture - édition 0406.,False,2026-04-01 04:50:27.321831+00:00,2026-04-08 19:57:14.917618+00:00
780,0a0c2bd6-9d51-441b-83d0-68db4cd99256,1601dd67-4724-4d1d-a0bc-461e96081aed,1,Organisation insuffisante pour tirer profit du sujet. Catégorie : Culture d’entreprise. Point de référence : Rencontre culture interne onboarding culturel - édition 0105.,True,2026-03-06 02:01:01.916960+00:00,2026-03-06 07:29:33.037717+00:00
781,359e99c9-a8e0-464c-a3e4-0cf90413eda0,8eb23e0d-e7bd-4642-b245-6338a02daf5d,2,Contenu intéressant mais pas assez approfondi. Catégorie : Conférence. Point de référence : Keynote interne finance durable - IoT - édition 0998.,True,2026-04-15 01:49:26.221686+00:00,2026-04-15 13:39:02.608059+00:00
782,b5a07b22-e8b4-4066-9f47-dfab0796c1c3,f88e79f6-5cdb-401c-9b0a-0035434d7b18,2,Contenu intéressant mais pas assez approfondi. Catégorie : Networking. Point de référence : Networking experts internes - édition 0810.,True,2026-05-01 05:24:21.256689+00:00,2026-05-01 09:10:38.518991+00:00
783,0a0c2bd6-9d51-441b-83d0-68db4cd99256,74164678-a923-474f-9942-ef98874b21a7,4,Événement intéressant et globalement réussi. Catégorie : Culture d’entreprise. Point de référence : Rencontre culture interne onboarding culturel - édition 0105.,False,2026-03-03 18:17:25.064588+00:00,2026-03-04 16:31:12.829506+00:00
784,5c16972b-3360-4fab-9157-7a2fe4be1ed7,91859730-a2c4-46b6-855a-a89620a317df,2,Session trop courte pour couvrir le sujet correctement. Catégorie : Conférence. Point de référence : Table ronde marque employeur - édition 0726.,False,2026-03-17 02:27:05.496723+00:00,2026-03-19 12:16:14.433675+00:00
785,ccd46cab-c742-472f-8b66-729694b1c18b,d03f66d8-d99b-4671-a0db-107d9ed5e8e4,4,Événement intéressant et globalement réussi. Catégorie : RSE. Point de référence : Initiative durable inclusion - édition 0736.,False,2026-04-07 10:12:17.954090+00:00,2026-04-08 12:01:40.526769+00:00
786,14a26d46-5b31-499f-ad00-fc30c8e863e4,67a9bdfe-c1f6-4192-8df9-d2341b9bf61f,4,Session utile et bien structurée. Catégorie : RSE. Point de référence : Atelier RSE économie d’énergie - édition 0966.,False,2026-04-27 03:00:25.136504+00:00,2026-04-29 17:42:41.918253+00:00
787,df9061ce-768a-48f5-85fa-9e84b27f3c82,2b2c1a3c-9712-41b8-86c7-afa44d9e0665,4,Session utile et bien structurée. Catégorie : Atelier. Point de référence : Workshop gestion budgétaire - édition 0104.,False,2026-04-01 10:35:53.359622+00:00,2026-04-03 12:59:03.805927+00:00
788,9d3098e0-1636-4cc4-afda-35b15eccbcc4,c0f17624-388d-4a76-833d-00a5d20ecc26,3,Expérience satisfaisante avec davantage d’exemples souhaités. Catégorie : Culture d’entreprise. Point de référence : Session valeurs collaboration transversale - édition 0127.,True,2026-03-29 06:56:17.911426+00:00,2026-03-29 13:42:26.060296+00:00
789,40d339c6-9f7e-4c65-80aa-eeed3589bc0a,23ce8810-f0b8-4d2e-8e2b-68771418b437,4,Bon événement avec un contenu pertinent. Catégorie : Culture d’entreprise. Point de référence : Rencontre culture interne ambassadeurs culture - édition 0406.,False,2026-03-30 08:03:37.046095+00:00,2026-04-01 06:54:02.476706+00:00
790,f7a54488-0611-449e-bf85-c0398fd517a2,6d282e57-ae58-47d1-b0b0-71588701cd4b,2,Session trop courte pour couvrir le sujet correctement. Catégorie : Atelier. Point de référence : Workshop prise de parole - édition 0144.,True,2026-03-05 01:15:40.696500+00:00,2026-03-06 16:57:38.520941+00:00
791,40d339c6-9f7e-4c65-80aa-eeed3589bc0a,0642ecad-a158-4e54-85b7-a07bbaf1092f,2,Session trop courte pour couvrir le sujet correctement. Catégorie : Culture d’entreprise. Point de référence : Rencontre culture interne ambassadeurs culture - édition 0406.,False,2026-03-30 17:01:31.226744+00:00,2026-04-01 15:51:12.617678+00:00
792,5c16972b-3360-4fab-9157-7a2fe4be1ed7,b47acf12-a3eb-4e7e-b774-7fd911ef71bd,3,Session correcte avec quelques pistes d’amélioration. Catégorie : Conférence. Point de référence : Table ronde marque employeur - édition 0726.,False,2026-03-13 22:36:05.870036+00:00,2026-03-22 16:11:48.626151+00:00
793,40d339c6-9f7e-4c65-80aa-eeed3589bc0a,debfdb17-41a8-47ec-a914-677fa4a8b9d1,5,Intervention de qualité avec des exemples concrets. Catégorie : Culture d’entreprise. Point de référence : Rencontre culture interne ambassadeurs culture - édition 0406.,True,2026-04-01 08:18:50.847321+00:00,2026-04-01 11:13:16.035730+00:00
794,5c16972b-3360-4fab-9157-7a2fe4be1ed7,9a1159ca-5027-4cc5-acce-0e458cb282f9,1,Expérience limitée avec trop peu de valeur opérationnelle. Catégorie : Conférence. Point de référence : Table ronde marque employeur - édition 0726.,True,2026-03-16 21:46:31.205750+00:00,2026-03-19 00:06:28.466392+00:00
795,20381396-b550-4218-898a-872e373af9ec,3cb20e66-1f63-4917-96a0-d76276f9e1ec,4,Session utile et bien structurée. Catégorie : Conférence. Point de référence : Rencontre expert expérience client - édition 0472.,True,2026-04-17 15:21:00.367542+00:00,2026-04-18 17:19:32.352441+00:00
796,fc34e1fc-4661-4a79-8177-57658ee1d856,233057b7-c1c0-40c2-9d82-b5af2946ba7d,5,"Très bonne session, bien organisée et enrichissante. Catégorie : Webinaire. Point de référence : Live interne IoT et capteurs - édition 0063.",True,2026-03-03 05:10:04.221513+00:00,2026-03-06 22:23:10.774249+00:00
797,c63b2370-25af-4d8f-9320-7226692b196b,a40aa065-08ee-47e0-9fe4-04100a58e6f1,3,"Bon thème, mais le rythme pourrait être mieux équilibré. Catégorie : Conférence. Point de référence : Table ronde finance durable - édition 0697.",False,2026-04-30 05:48:14.551881+00:00,2026-05-01 04:05:43.172470+00:00
798,79e4e9e1-01be-46d8-bd8c-84a914c0397a,5b666a1b-6391-46d4-8c0c-b2e34ab3fb1b,3,Contenu utile mais parfois trop général. Catégorie : Afterwork. Point de référence : Soirée réseau convivialité - édition 0011.,True,2026-04-23 06:22:15.121325+00:00,2026-04-24 07:47:26.871805+00:00
799,73ed9e10-d7dd-4f35-812a-0836380719a5,a6d83b47-4658-4d4e-833d-7ef6e7cf2e94,5,"Très bonne session, bien organisée et enrichissante. Catégorie : Webinaire. Point de référence : Session en ligne bien-être au travail - édition 0366.",True,2026-04-12 05:40:43.585438+00:00,2026-04-16 19:22:17.751872+00:00
800,0a0c2bd6-9d51-441b-83d0-68db4cd99256,68188865-471e-41c4-ab21-d803009fe1ae,5,"Excellente expérience, contenu clair et directement utile. Catégorie : Culture d’entreprise. Point de référence : Rencontre culture interne onboarding culturel - édition 0105.",True,2026-03-04 12:22:32.910594+00:00,2026-03-07 23:23:52.794383+00:00
801,5c16972b-3360-4fab-9157-7a2fe4be1ed7,b85064cb-2497-4073-9f57-26339c4d0da4,2,Session trop courte pour couvrir le sujet correctement. Catégorie : Conférence. Point de référence : Table ronde marque employeur - édition 0726.,False,2026-03-11 17:35:15.987647+00:00,2026-03-12 08:33:18.488411+00:00
802,73ed9e10-d7dd-4f35-812a-0836380719a5,465f2a51-6e74-4cea-b466-c62c29193b73,1,Session difficile à suivre et peu pratique. Catégorie : Webinaire. Point de référence : Session en ligne bien-être au travail - édition 0366.,True,2026-04-12 23:29:26.653824+00:00,2026-04-13 09:59:43.586102+00:00
803,5c16972b-3360-4fab-9157-7a2fe4be1ed7,1b030e36-9144-4f9e-b30f-599f3b124204,4,Bonne animation avec des points pratiques. Catégorie : Conférence. Point de référence : Table ronde marque employeur - édition 0726.,True,2026-03-13 05:41:37.907581+00:00,2026-03-13 17:01:53.298132+00:00
804,40d339c6-9f7e-4c65-80aa-eeed3589bc0a,8953121f-1a21-4cf5-9842-a8bab20d555c,4,Bonne animation avec des points pratiques. Catégorie : Culture d’entreprise. Point de référence : Rencontre culture interne ambassadeurs culture - édition 0406.,False,2026-03-30 13:42:39.023633+00:00,2026-03-30 15:41:08.476357+00:00
805,bd1a3473-a2be-43bf-9f69-fbd42e9fb520,830b26e2-0a20-44ba-bebb-2eb0e55eb5eb,4,Bon événement avec un contenu pertinent. Catégorie : Afterwork. Point de référence : Rencontre informelle réseau interne - édition 0224.,True,2026-03-29 08:04:07.824345+00:00,2026-03-29 23:35:18.690052+00:00
806,0a0c2bd6-9d51-441b-83d0-68db4cd99256,7120f862-693b-4518-8e4c-e2bfe7963695,1,Session difficile à suivre et peu pratique. Catégorie : Culture d’entreprise. Point de référence : Rencontre culture interne onboarding culturel - édition 0105.,False,2026-03-06 13:53:13.833579+00:00,2026-03-14 13:39:36.092775+00:00
807,2a993f2e-58c0-4268-a821-34a46d9e99b3,284ef197-5fe6-404b-92da-1fd69387091d,5,Format dynamique et échanges très constructifs. Catégorie : Afterwork. Point de référence : Moment convivial équipes projet - édition 0073.,True,2026-04-22 15:31:29.414056+00:00,2026-04-23 02:30:19.267520+00:00
808,4dc60709-3167-41bb-aa8f-653175b97d40,519b9a11-2a24-4779-b6be-e9dbde661345,5,"Excellente expérience, contenu clair et directement utile. Catégorie : Networking. Point de référence : Speed meeting forum projets - édition 0900.",True,2026-04-17 07:10:34.277572+00:00,2026-04-23 22:13:49.904839+00:00
809,785cfbf1-488c-41df-aacd-31498c90fb44,978615d9-0394-47fb-a990-7b91e37cbcf3,3,Session correcte avec quelques pistes d’amélioration. Catégorie : Networking. Point de référence : Speed meeting communautés internes - Ressources humaines - édition 0449.,False,2026-04-03 18:41:07.623331+00:00,2026-04-06 23:49:44.577252+00:00
810,0d190215-dd65-4aca-a803-d461f0c97c68,16aecb05-9ec8-4d03-8476-a54437617f6a,2,Session trop courte pour couvrir le sujet correctement. Catégorie : RSE. Point de référence : Action RSE économie d’énergie - édition 0501.,False,2026-03-16 10:16:36.005218+00:00,2026-03-17 12:48:48.634975+00:00
811,7dd6c375-bc30-4b54-9918-bfaebbc54d99,1c17e3b7-1ace-4929-8a17-4b637e56b0b6,1,Organisation insuffisante pour tirer profit du sujet. Catégorie : Formation. Point de référence : Formation cybersécurité - édition 0507.,True,2026-03-29 23:44:05.157000+00:00,2026-04-01 05:24:30.016092+00:00
812,4dc60709-3167-41bb-aa8f-653175b97d40,f1ea7bc8-4511-4946-992a-69c581e26bef,1,Expérience limitée avec trop peu de valeur opérationnelle. Catégorie : Networking. Point de référence : Speed meeting forum projets - édition 0900.,True,2026-04-20 10:19:58.158060+00:00,2026-04-21 13:42:22.320899+00:00
813,0ecd8622-7de2-4bd2-83ae-31ca4925c47e,cb6d8e05-1472-47ff-b732-cb920eb596dd,4,Bonne animation avec des points pratiques. Catégorie : Bien-être. Point de référence : Rencontre santé au travail équilibre professionnel - édition 0312.,True,2026-04-08 12:41:42.192566+00:00,2026-04-09 06:39:04.493342+00:00
814,a779c006-7510-4048-94bc-ffdc9259f64a,57ba55cf-425f-48e2-9ed7-0fc2e1c80530,2,Session trop courte pour couvrir le sujet correctement. Catégorie : Innovation. Point de référence : Atelier innovation prototypage rapide - édition 0286.,True,2026-03-15 04:19:13.044731+00:00,2026-03-19 01:28:06.386272+00:00
815,40d339c6-9f7e-4c65-80aa-eeed3589bc0a,de28480c-d0d0-4780-9b2f-53c70c8b5ed5,2,Session trop courte pour couvrir le sujet correctement. Catégorie : Culture d’entreprise. Point de référence : Rencontre culture interne ambassadeurs culture - édition 0406.,True,2026-03-31 00:16:57.407577+00:00,2026-04-03 02:39:25.790913+00:00
816,0ecd8622-7de2-4bd2-83ae-31ca4925c47e,6ff3f4c3-324c-4f23-9667-106f6600724b,5,"Très bonne session, bien organisée et enrichissante. Catégorie : Bien-être. Point de référence : Rencontre santé au travail équilibre professionnel - édition 0312.",False,2026-04-09 00:11:23.087592+00:00,2026-04-10 09:23:36.697856+00:00
817,14a26d46-5b31-499f-ad00-fc30c8e863e4,2ef6e49e-2db4-4aba-9300-2be6b73234f7,3,Expérience satisfaisante avec davantage d’exemples souhaités. Catégorie : RSE. Point de référence : Atelier RSE économie d’énergie - édition 0966.,False,2026-04-29 14:27:24.514842+00:00,2026-04-30 20:57:12.884775+00:00
818,10440011-36d1-45cd-b0f9-29469dc42429,19599c23-5a07-447f-8730-c23290710835,2,Organisation perfectible et interaction limitée. Catégorie : Conférence. Point de référence : Table ronde leadership responsable - édition 0678.,False,2026-04-28 12:36:19.003518+00:00,2026-04-29 08:08:17.235690+00:00
819,0a0c2bd6-9d51-441b-83d0-68db4cd99256,9dfc227f-7a2c-4af9-81e9-aaf98bdb8fda,1,Session difficile à suivre et peu pratique. Catégorie : Culture d’entreprise. Point de référence : Rencontre culture interne onboarding culturel - édition 0105.,False,2026-03-03 19:00:33.044253+00:00,2026-03-04 12:31:25.451485+00:00
820,ccd46cab-c742-472f-8b66-729694b1c18b,13376738-828d-4cdb-b40c-24d0da2a5573,4,Session utile et bien structurée. Catégorie : RSE. Point de référence : Initiative durable inclusion - édition 0736.,False,2026-04-13 17:46:04.965679+00:00,2026-04-16 01:18:52.861575+00:00
821,df9061ce-768a-48f5-85fa-9e84b27f3c82,9f62bec9-e71d-4e58-8eb0-f51c0c93bd4e,4,Bonne animation avec des points pratiques. Catégorie : Atelier. Point de référence : Workshop gestion budgétaire - édition 0104.,False,2026-03-30 19:10:14.178027+00:00,2026-03-31 21:41:05.571887+00:00
822,20381396-b550-4218-898a-872e373af9ec,66254aec-711c-4731-ad1b-12358695cff5,4,Bonne animation avec des points pratiques. Catégorie : Conférence. Point de référence : Rencontre expert expérience client - édition 0472.,True,2026-04-15 21:26:09.606609+00:00,2026-04-17 10:07:01.518873+00:00
823,9c310c8a-230b-4fa5-83e3-97417739fdd1,09c9c2e9-4239-482d-891d-56063049a724,5,Format dynamique et échanges très constructifs. Catégorie : Afterwork. Point de référence : Rencontre informelle finance et business - Développement - édition 0886.,False,2026-03-31 19:10:01.654336+00:00,2026-04-02 16:11:07.527807+00:00
824,40d339c6-9f7e-4c65-80aa-eeed3589bc0a,8d156397-31ce-4b22-917d-ddbd85670e15,5,Format dynamique et échanges très constructifs. Catégorie : Culture d’entreprise. Point de référence : Rencontre culture interne ambassadeurs culture - édition 0406.,False,2026-03-30 20:57:03.830697+00:00,2026-04-01 23:51:39.769097+00:00
825,c63b2370-25af-4d8f-9320-7226692b196b,553aa3f4-b0d4-4902-96eb-9580f1ab5102,4,Événement intéressant et globalement réussi. Catégorie : Conférence. Point de référence : Table ronde finance durable - édition 0697.,False,2026-04-30 09:34:49.112460+00:00,2026-05-01 09:44:35.600708+00:00
826,2a993f2e-58c0-4268-a821-34a46d9e99b3,8f21075b-8c2d-4291-98de-3f070ea2a227,2,Contenu intéressant mais pas assez approfondi. Catégorie : Afterwork. Point de référence : Moment convivial équipes projet - édition 0073.,False,2026-04-21 04:18:27.308619+00:00,2026-04-25 00:39:55.622683+00:00
827,fb518144-8d76-42a9-a016-6da13e385137,05ebad91-5c0a-406d-b835-141c19b231e0,1,Organisation insuffisante pour tirer profit du sujet. Catégorie : Networking. Point de référence : Forum d’échanges partage d’expérience - Support client - édition 0533.,True,2026-04-13 12:07:27.687448+00:00,2026-04-16 18:53:51.390512+00:00
828,fb518144-8d76-42a9-a016-6da13e385137,f11017f7-2d00-4f17-9c8e-53b9e06a8ca4,3,Expérience satisfaisante avec davantage d’exemples souhaités. Catégorie : Networking. Point de référence : Forum d’échanges partage d’expérience - Support client - édition 0533.,False,2026-04-19 09:18:49.755008+00:00,2026-04-23 08:10:19.015212+00:00
829,ccd46cab-c742-472f-8b66-729694b1c18b,7df083a9-7340-4dac-917d-70552e3183a5,2,Organisation perfectible et interaction limitée. Catégorie : RSE. Point de référence : Initiative durable inclusion - édition 0736.,True,2026-04-07 18:43:41.301251+00:00,2026-04-16 12:58:08.838011+00:00
830,c55301a7-c74d-4ff0-8635-daafc502b6db,ea40f618-7f28-4677-9945-8b26e9dad431,3,Contenu utile mais parfois trop général. Catégorie : Webinaire. Point de référence : Webinaire reporting financier - édition 0578.,True,2026-03-11 00:22:19.845376+00:00,2026-03-17 16:05:27.411408+00:00
831,ac26fd8d-c517-4688-bef2-c5c201e2ff96,f6be51eb-5ff8-4a8e-a90d-11214c8c8539,2,Objectifs utiles mais présentation à clarifier. Catégorie : Innovation. Point de référence : Lab innovation automatisation métier - édition 0066.,True,2026-04-27 16:32:47.452826+00:00,2026-04-29 06:54:21.618393+00:00
832,20381396-b550-4218-898a-872e373af9ec,a3befb78-1e74-4bd2-88bc-ea49d60ed7d7,4,Bonne animation avec des points pratiques. Catégorie : Conférence. Point de référence : Rencontre expert expérience client - édition 0472.,True,2026-04-13 07:42:52.585771+00:00,2026-04-15 12:19:34.701596+00:00
833,14a26d46-5b31-499f-ad00-fc30c8e863e4,af533c93-0a75-475d-b87d-b1decc84048b,1,Expérience limitée avec trop peu de valeur opérationnelle. Catégorie : RSE. Point de référence : Atelier RSE économie d’énergie - édition 0966.,False,2026-04-28 20:37:51.997865+00:00,2026-04-30 20:20:47.886806+00:00
834,c55301a7-c74d-4ff0-8635-daafc502b6db,b8586f4e-0b8d-4c49-99b4-58e4ac4db671,2,Contenu intéressant mais pas assez approfondi. Catégorie : Webinaire. Point de référence : Webinaire reporting financier - édition 0578.,False,2026-03-11 06:33:21.423973+00:00,2026-03-14 03:37:49.408527+00:00
835,7e26e7c2-9106-42f4-b316-f4e374e83380,d37584ec-a50a-4b61-84db-4ad4f2629fd7,3,Session correcte avec quelques pistes d’amélioration. Catégorie : Bien-être. Point de référence : Rencontre santé au travail nutrition et énergie - édition 0659.,False,2026-03-05 18:38:06.164028+00:00,2026-03-06 03:59:07.986871+00:00
836,b5a07b22-e8b4-4066-9f47-dfab0796c1c3,0280d734-a9d4-4fa0-ab8b-772dff7f7954,3,Expérience satisfaisante avec davantage d’exemples souhaités. Catégorie : Networking. Point de référence : Networking experts internes - édition 0810.,False,2026-04-30 21:41:20.919418+00:00,2026-05-01 08:11:12.316642+00:00
837,40d339c6-9f7e-4c65-80aa-eeed3589bc0a,a7450ed8-f67b-4a15-a99a-a9fa649b6fd6,3,Session correcte avec quelques pistes d’amélioration. Catégorie : Culture d’entreprise. Point de référence : Rencontre culture interne ambassadeurs culture - édition 0406.,True,2026-03-30 06:15:35.362649+00:00,2026-03-30 23:21:15.279529+00:00
838,20381396-b550-4218-898a-872e373af9ec,28719ef7-aaa2-49fe-b12a-4c8df12ddbbe,4,Bon événement avec un contenu pertinent. Catégorie : Conférence. Point de référence : Rencontre expert expérience client - édition 0472.,False,2026-04-13 10:19:23.216275+00:00,2026-04-17 08:18:36.343129+00:00
839,5c16972b-3360-4fab-9157-7a2fe4be1ed7,20272eee-ae06-4fca-93c0-854b118bb324,4,Session utile et bien structurée. Catégorie : Conférence. Point de référence : Table ronde marque employeur - édition 0726.,False,2026-03-15 10:58:28.217500+00:00,2026-03-16 15:02:50.179108+00:00
840,9c310c8a-230b-4fa5-83e3-97417739fdd1,9cca5d9d-2083-45f2-baf5-a904076fa298,4,Bonne animation avec des points pratiques. Catégorie : Afterwork. Point de référence : Rencontre informelle finance et business - Développement - édition 0886.,True,2026-03-30 00:36:39.587758+00:00,2026-04-01 10:16:39.849540+00:00
841,0d190215-dd65-4aca-a803-d461f0c97c68,f1ea7bc8-4511-4946-992a-69c581e26bef,4,Session utile et bien structurée. Catégorie : RSE. Point de référence : Action RSE économie d’énergie - édition 0501.,False,2026-03-16 04:12:04.165175+00:00,2026-03-19 14:56:29.776859+00:00
842,4dc60709-3167-41bb-aa8f-653175b97d40,8f1b219c-c56a-41c1-88e4-b541304785b8,2,Objectifs utiles mais présentation à clarifier. Catégorie : Networking. Point de référence : Speed meeting forum projets - édition 0900.,True,2026-04-23 23:24:07.903411+00:00,2026-04-24 12:07:43.052274+00:00
843,14a26d46-5b31-499f-ad00-fc30c8e863e4,6923b135-0a80-41b6-a29d-108910d3481e,3,Expérience satisfaisante avec davantage d’exemples souhaités. Catégorie : RSE. Point de référence : Atelier RSE économie d’énergie - édition 0966.,True,2026-04-27 09:55:37.704298+00:00,2026-04-29 04:33:08.210824+00:00
844,0d190215-dd65-4aca-a803-d461f0c97c68,9d9f828f-6d17-4846-b840-5c49524aebe1,5,Format dynamique et échanges très constructifs. Catégorie : RSE. Point de référence : Action RSE économie d’énergie - édition 0501.,False,2026-03-15 15:20:51.146542+00:00,2026-03-19 09:43:23.826102+00:00
845,14a26d46-5b31-499f-ad00-fc30c8e863e4,8447be2e-4776-47d8-b0e5-e6a88f3e7d22,5,Format dynamique et échanges très constructifs. Catégorie : RSE. Point de référence : Atelier RSE économie d’énergie - édition 0966.,True,2026-04-29 02:02:39.313158+00:00,2026-04-29 08:47:30.150277+00:00
846,35aa3585-3880-466e-a4f8-b30d6b45c62b,d39a524e-7c94-4fbb-ae92-88b5fbdeaeb8,5,"Excellente expérience, contenu clair et directement utile. Catégorie : Afterwork. Point de référence : Soirée réseau finance et business - édition 0858.",True,2026-04-04 22:09:40.805565+00:00,2026-04-09 19:21:30.254782+00:00
847,10440011-36d1-45cd-b0f9-29469dc42429,cb17d7d1-9663-46f6-8a78-677490248001,1,Expérience limitée avec trop peu de valeur opérationnelle. Catégorie : Conférence. Point de référence : Table ronde leadership responsable - édition 0678.,True,2026-04-30 04:31:20.229776+00:00,2026-04-30 12:34:31.657865+00:00
848,b5a07b22-e8b4-4066-9f47-dfab0796c1c3,e51471b8-8541-4d90-8b64-727da5b9cb07,1,Organisation insuffisante pour tirer profit du sujet. Catégorie : Networking. Point de référence : Networking experts internes - édition 0810.,True,2026-05-01 08:31:05.830061+00:00,2026-05-01 12:00:00.000000+00:00
849,7d256949-75b2-4833-a44c-2cee42b2281e,b9c5c31c-70c5-4d31-b5fa-06019974af0a,3,Session correcte avec quelques pistes d’amélioration. Catégorie : Team building. Point de référence : Team building résolution de problèmes - Juridique - édition 0869.,True,2026-03-17 15:22:30.746577+00:00,2026-03-19 05:11:28.197238+00:00
850,359e99c9-a8e0-464c-a3e4-0cf90413eda0,3e5fe20d-95f7-4fea-a0b1-f764d3af1ede,1,Session difficile à suivre et peu pratique. Catégorie : Conférence. Point de référence : Keynote interne finance durable - IoT - édition 0998.,False,2026-04-07 18:18:23.674514+00:00,2026-04-08 14:37:18.718073+00:00
851,ac26fd8d-c517-4688-bef2-c5c201e2ff96,c96c33b2-deb4-4624-905a-4bb4eba9b66b,2,Contenu intéressant mais pas assez approfondi. Catégorie : Innovation. Point de référence : Lab innovation automatisation métier - édition 0066.,True,2026-04-26 23:14:57.187019+00:00,2026-04-27 12:00:34.437634+00:00
852,2a993f2e-58c0-4268-a821-34a46d9e99b3,c5ec37ad-d7cc-4309-bff5-cff9fdf99c93,3,Expérience satisfaisante avec davantage d’exemples souhaités. Catégorie : Afterwork. Point de référence : Moment convivial équipes projet - édition 0073.,True,2026-04-21 16:31:35.270655+00:00,2026-04-25 09:37:52.660447+00:00
853,20381396-b550-4218-898a-872e373af9ec,3784474d-e825-475d-9698-3cd025b65f95,2,Contenu intéressant mais pas assez approfondi. Catégorie : Conférence. Point de référence : Rencontre expert expérience client - édition 0472.,True,2026-04-16 22:06:35.164023+00:00,2026-04-17 12:52:37.687491+00:00
854,0ecd8622-7de2-4bd2-83ae-31ca4925c47e,dac9ce9c-3e17-44ed-ac45-a48a89ca4b8d,2,Session trop courte pour couvrir le sujet correctement. Catégorie : Bien-être. Point de référence : Rencontre santé au travail équilibre professionnel - édition 0312.,False,2026-04-08 00:23:04.328639+00:00,2026-04-10 08:16:21.201816+00:00
855,bb83982e-c8cc-4fda-98aa-0a54f2b673c1,dd44faee-f20f-47e5-94ff-6945e2284b01,5,Format dynamique et échanges très constructifs. Catégorie : RSE. Point de référence : Atelier RSE réduction carbone - édition 0399.,True,2026-03-27 19:39:25.766948+00:00,2026-03-28 07:17:56.276166+00:00
856,b6075cac-0d08-42ad-bb6f-72d804a4abb6,dd44faee-f20f-47e5-94ff-6945e2284b01,2,Contenu intéressant mais pas assez approfondi. Catégorie : Formation. Point de référence : Formation contrats et conformité - édition 0071.,False,2026-03-24 08:03:48.497309+00:00,2026-03-25 10:46:11.945491+00:00
857,fb518144-8d76-42a9-a016-6da13e385137,e684e654-4778-457f-88f4-600f7b349c6a,3,"Bon thème, mais le rythme pourrait être mieux équilibré. Catégorie : Networking. Point de référence : Forum d’échanges partage d’expérience - Support client - édition 0533.",False,2026-04-18 19:03:09.472027+00:00,2026-04-20 17:59:54.634392+00:00
858,bb83982e-c8cc-4fda-98aa-0a54f2b673c1,af9d7f38-32f1-49e9-974f-0bb83155d6eb,2,Objectifs utiles mais présentation à clarifier. Catégorie : RSE. Point de référence : Atelier RSE réduction carbone - édition 0399.,False,2026-04-04 15:06:30.465272+00:00,2026-04-10 02:57:44.170234+00:00
859,c63b2370-25af-4d8f-9320-7226692b196b,36a7aa14-d53e-4d7a-9df0-346370185c99,5,Intervention de qualité avec des exemples concrets. Catégorie : Conférence. Point de référence : Table ronde finance durable - édition 0697.,True,2026-05-01 05:04:13.851322+00:00,2026-05-01 11:10:27.166818+00:00
860,5c16972b-3360-4fab-9157-7a2fe4be1ed7,fd139f69-a02f-403a-a413-19b49a716926,4,Session utile et bien structurée. Catégorie : Conférence. Point de référence : Table ronde marque employeur - édition 0726.,False,2026-03-11 20:36:19.840132+00:00,2026-03-14 10:33:00.633712+00:00
861,ccd46cab-c742-472f-8b66-729694b1c18b,2b6d1065-0b7d-4434-8df1-5b0f01a68955,5,Format dynamique et échanges très constructifs. Catégorie : RSE. Point de référence : Initiative durable inclusion - édition 0736.,True,2026-04-10 17:14:29.720850+00:00,2026-04-11 04:34:30.259711+00:00
862,73ed9e10-d7dd-4f35-812a-0836380719a5,273af618-b029-48bf-9f93-07a654f545f4,3,Contenu utile mais parfois trop général. Catégorie : Webinaire. Point de référence : Session en ligne bien-être au travail - édition 0366.,True,2026-04-16 09:19:22.213728+00:00,2026-04-22 02:03:09.476936+00:00
863,a779c006-7510-4048-94bc-ffdc9259f64a,21e93a46-e401-457d-ad44-d22012a753d7,3,Expérience satisfaisante avec davantage d’exemples souhaités. Catégorie : Innovation. Point de référence : Atelier innovation prototypage rapide - édition 0286.,False,2026-03-14 15:20:26.010453+00:00,2026-03-15 06:22:43.811797+00:00
864,40d339c6-9f7e-4c65-80aa-eeed3589bc0a,6f1f4dc0-4b42-4147-b573-37a2915f8a50,1,Session difficile à suivre et peu pratique. Catégorie : Culture d’entreprise. Point de référence : Rencontre culture interne ambassadeurs culture - édition 0406.,True,2026-03-31 22:08:02.788724+00:00,2026-04-01 08:58:01.904160+00:00
865,0d190215-dd65-4aca-a803-d461f0c97c68,dd44faee-f20f-47e5-94ff-6945e2284b01,4,Bon événement avec un contenu pertinent. Catégorie : RSE. Point de référence : Action RSE économie d’énergie - édition 0501.,True,2026-03-20 07:49:46.830813+00:00,2026-03-27 18:11:54.197725+00:00
866,ccd46cab-c742-472f-8b66-729694b1c18b,28ed3041-bf44-4e82-90cd-dbc09eec2534,1,Organisation insuffisante pour tirer profit du sujet. Catégorie : RSE. Point de référence : Initiative durable inclusion - édition 0736.,False,2026-04-07 05:43:58.982051+00:00,2026-04-08 10:32:06.611572+00:00
867,73ed9e10-d7dd-4f35-812a-0836380719a5,2d2ef5e3-a9fa-454f-9d27-96ad5903a226,1,Expérience limitée avec trop peu de valeur opérationnelle. Catégorie : Webinaire. Point de référence : Session en ligne bien-être au travail - édition 0366.,False,2026-04-12 11:53:45.083482+00:00,2026-04-14 10:58:10.981046+00:00
868,40d339c6-9f7e-4c65-80aa-eeed3589bc0a,15faaccb-2bbf-40c2-8ccd-d84e51bfe1a3,4,Bon événement avec un contenu pertinent. Catégorie : Culture d’entreprise. Point de référence : Rencontre culture interne ambassadeurs culture - édition 0406.,True,2026-04-01 08:32:14.650119+00:00,2026-04-03 17:12:00.523373+00:00
869,4dc60709-3167-41bb-aa8f-653175b97d40,0deea514-779a-4aa2-b500-353e426c4bb8,4,Session utile et bien structurée. Catégorie : Networking. Point de référence : Speed meeting forum projets - édition 0900.,True,2026-04-19 00:28:51.597515+00:00,2026-04-21 18:33:57.627203+00:00
870,0a0c2bd6-9d51-441b-83d0-68db4cd99256,e4f84c7d-fddd-4aec-b66c-9e63b0300989,2,Session trop courte pour couvrir le sujet correctement. Catégorie : Culture d’entreprise. Point de référence : Rencontre culture interne onboarding culturel - édition 0105.,False,2026-03-07 13:35:19.776197+00:00,2026-03-11 14:14:10.169279+00:00
871,9d3098e0-1636-4cc4-afda-35b15eccbcc4,12f5d09b-3a9f-46b1-98f3-f1fcb7df3201,4,Session utile et bien structurée. Catégorie : Culture d’entreprise. Point de référence : Session valeurs collaboration transversale - édition 0127.,False,2026-03-24 01:36:16.537446+00:00,2026-03-31 05:22:14.158059+00:00
872,14a26d46-5b31-499f-ad00-fc30c8e863e4,da6180bb-789f-4ba7-887c-08f5033ce3bd,4,Session utile et bien structurée. Catégorie : RSE. Point de référence : Atelier RSE économie d’énergie - édition 0966.,True,2026-04-28 16:50:29.425869+00:00,2026-04-28 23:22:23.485596+00:00
873,359e99c9-a8e0-464c-a3e4-0cf90413eda0,1488e2ee-e5fc-4fda-a6c5-2e6dbdbec50b,2,Objectifs utiles mais présentation à clarifier. Catégorie : Conférence. Point de référence : Keynote interne finance durable - IoT - édition 0998.,False,2026-04-10 08:01:06.858371+00:00,2026-04-16 02:48:23.443735+00:00
874,c63b2370-25af-4d8f-9320-7226692b196b,ef6c19c9-41fb-4663-b095-fd6f807954ec,2,Organisation perfectible et interaction limitée. Catégorie : Conférence. Point de référence : Table ronde finance durable - édition 0697.,False,2026-04-30 18:06:51.882657+00:00,2026-04-30 23:58:04.624100+00:00
875,10440011-36d1-45cd-b0f9-29469dc42429,876555c2-25f1-4f17-a598-ae5ea4457ee0,3,"Bon thème, mais le rythme pourrait être mieux équilibré. Catégorie : Conférence. Point de référence : Table ronde leadership responsable - édition 0678.",True,2026-04-30 13:16:15.538641+00:00,2026-05-01 05:36:53.015160+00:00
876,9c310c8a-230b-4fa5-83e3-97417739fdd1,2b6d1065-0b7d-4434-8df1-5b0f01a68955,1,Session difficile à suivre et peu pratique. Catégorie : Afterwork. Point de référence : Rencontre informelle finance et business - Développement - édition 0886.,False,2026-03-30 15:08:59.548776+00:00,2026-04-02 14:34:31.867569+00:00
877,14a26d46-5b31-499f-ad00-fc30c8e863e4,23f999be-8f3a-4135-a109-48825f2b5ce3,3,Session correcte avec quelques pistes d’amélioration. Catégorie : RSE. Point de référence : Atelier RSE économie d’énergie - édition 0966.,True,2026-04-28 11:41:12.521774+00:00,2026-04-29 07:58:49.925714+00:00
878,ccd46cab-c742-472f-8b66-729694b1c18b,80773d69-c298-4c18-89cd-2c5d7b1186c9,3,Session correcte avec quelques pistes d’amélioration. Catégorie : RSE. Point de référence : Initiative durable inclusion - édition 0736.,False,2026-04-09 17:01:29.314230+00:00,2026-04-10 12:06:57.889465+00:00
879,0a0c2bd6-9d51-441b-83d0-68db4cd99256,c316d911-6157-4923-83d0-94e475c6acc5,2,Objectifs utiles mais présentation à clarifier. Catégorie : Culture d’entreprise. Point de référence : Rencontre culture interne onboarding culturel - édition 0105.,True,2026-03-08 05:53:34.083634+00:00,2026-03-10 20:38:05.838749+00:00
880,c63b2370-25af-4d8f-9320-7226692b196b,da6180bb-789f-4ba7-887c-08f5033ce3bd,2,Organisation perfectible et interaction limitée. Catégorie : Conférence. Point de référence : Table ronde finance durable - édition 0697.,True,2026-04-30 17:25:45.470826+00:00,2026-05-01 11:26:33.520046+00:00
881,c63b2370-25af-4d8f-9320-7226692b196b,71c79692-c503-4f92-9e3b-427e5c06bcf3,4,Bonne animation avec des points pratiques. Catégorie : Conférence. Point de référence : Table ronde finance durable - édition 0697.,False,2026-04-30 12:29:50.302691+00:00,2026-04-30 17:22:14.455557+00:00
882,fb518144-8d76-42a9-a016-6da13e385137,d3a11e22-80f0-4ba2-bbb9-8e0549c5deb0,3,Contenu utile mais parfois trop général. Catégorie : Networking. Point de référence : Forum d’échanges partage d’expérience - Support client - édition 0533.,False,2026-04-17 05:04:39.535079+00:00,2026-04-19 21:23:24.043862+00:00
883,32550296-6435-4ef2-90e1-028656282c7f,7dddaa8e-deb1-42ed-88bb-dc5a16514cdc,4,Événement intéressant et globalement réussi. Catégorie : Networking. Point de référence : Forum d’échanges petit-déjeuner business - édition 0357.,True,2026-03-18 22:26:31.610292+00:00,2026-03-22 18:38:08.680542+00:00
884,bb83982e-c8cc-4fda-98aa-0a54f2b673c1,c6c4c07d-3b41-4f86-8ba6-5dee77d99dd6,4,Événement intéressant et globalement réussi. Catégorie : RSE. Point de référence : Atelier RSE réduction carbone - édition 0399.,False,2026-03-31 01:47:27.725218+00:00,2026-04-05 18:54:16.907618+00:00
885,ccd46cab-c742-472f-8b66-729694b1c18b,c21e317f-9f79-44d5-b20a-71aa31f20d74,3,Contenu utile mais parfois trop général. Catégorie : RSE. Point de référence : Initiative durable inclusion - édition 0736.,False,2026-04-12 01:18:53.985368+00:00,2026-04-13 23:48:38.196198+00:00
886,40d339c6-9f7e-4c65-80aa-eeed3589bc0a,569ecf53-8fa2-437c-b040-27ed48d0b96f,1,Organisation insuffisante pour tirer profit du sujet. Catégorie : Culture d’entreprise. Point de référence : Rencontre culture interne ambassadeurs culture - édition 0406.,True,2026-03-30 10:43:54.025227+00:00,2026-03-31 23:10:30.804129+00:00
887,412f7996-b4f2-44ec-be37-0aa199ec8998,4126b992-e218-4090-8952-12b50eedb60c,4,Session utile et bien structurée. Catégorie : Atelier. Point de référence : Session pratique design thinking - édition 0892.,True,2026-03-29 13:12:00.303604+00:00,2026-04-03 10:49:26.466840+00:00
888,73ed9e10-d7dd-4f35-812a-0836380719a5,4d667ed7-ec6b-4add-aae1-3807ff1a161c,2,Session trop courte pour couvrir le sujet correctement. Catégorie : Webinaire. Point de référence : Session en ligne bien-être au travail - édition 0366.,True,2026-04-11 12:06:01.030699+00:00,2026-04-13 19:29:02.802344+00:00
889,14a26d46-5b31-499f-ad00-fc30c8e863e4,dc305b07-816b-4ee2-869d-98231db9d646,1,Session difficile à suivre et peu pratique. Catégorie : RSE. Point de référence : Atelier RSE économie d’énergie - édition 0966.,False,2026-04-27 14:28:15.778452+00:00,2026-04-28 10:31:06.686733+00:00
890,3d511cb8-71cf-4f9c-9e3e-2243ccc0c3ba,5f776928-4b7a-41f4-a20d-06c3a6b003bf,1,Organisation insuffisante pour tirer profit du sujet. Catégorie : Atelier. Point de référence : Workshop prise de parole - édition 0784.,False,2026-04-01 13:14:27.441005+00:00,2026-04-04 05:45:44.062291+00:00
891,b5a07b22-e8b4-4066-9f47-dfab0796c1c3,542706cb-ff1a-4d9a-9b3d-621e4e7fe4bb,4,Bon événement avec un contenu pertinent. Catégorie : Networking. Point de référence : Networking experts internes - édition 0810.,True,2026-04-30 21:57:08.242104+00:00,2026-05-01 10:59:02.462568+00:00
892,10440011-36d1-45cd-b0f9-29469dc42429,4d294b5a-0c54-442e-997e-8a8190b5f36e,4,Session utile et bien structurée. Catégorie : Conférence. Point de référence : Table ronde leadership responsable - édition 0678.,True,2026-04-29 12:37:19.434134+00:00,2026-04-30 11:02:20.098074+00:00
893,fb518144-8d76-42a9-a016-6da13e385137,8f774f8b-da2a-4c78-929b-0896a8c710b9,3,"Bon thème, mais le rythme pourrait être mieux équilibré. Catégorie : Networking. Point de référence : Forum d’échanges partage d’expérience - Support client - édition 0533.",False,2026-04-14 09:25:17.540940+00:00,2026-04-18 03:17:46.137833+00:00
894,ac26fd8d-c517-4688-bef2-c5c201e2ff96,d17fb9bc-4d75-4c84-a425-1d1973803d5a,1,Session difficile à suivre et peu pratique. Catégorie : Innovation. Point de référence : Lab innovation automatisation métier - édition 0066.,True,2026-04-25 14:31:55.106622+00:00,2026-04-29 20:17:42.428257+00:00
895,2662f2f2-e147-4bfb-a3b6-41a7cba757de,4284538a-2eb5-4ac7-9e74-d9148261af39,2,Organisation perfectible et interaction limitée. Catégorie : Bien-être. Point de référence : Rencontre santé au travail équilibre professionnel - édition 0453.,False,2026-04-13 08:33:48.258287+00:00,2026-04-19 15:52:12.080083+00:00
896,4dc60709-3167-41bb-aa8f-653175b97d40,dc77d7ee-0010-4612-9a40-e655be92d3eb,1,Session difficile à suivre et peu pratique. Catégorie : Networking. Point de référence : Speed meeting forum projets - édition 0900.,False,2026-04-17 15:28:26.456046+00:00,2026-04-22 09:57:19.777634+00:00
897,53b72b57-ba17-47d8-ba23-2382ac956667,11e4bafe-f46f-4714-ae79-46782f98afcc,3,Expérience satisfaisante avec davantage d’exemples souhaités. Catégorie : Atelier. Point de référence : Atelier amélioration continue - édition 0117.,False,2026-04-14 20:29:22.659191+00:00,2026-04-21 10:24:26.322769+00:00
898,73ed9e10-d7dd-4f35-812a-0836380719a5,549a7925-348b-43cd-a3b9-dd25c12212b3,3,Expérience satisfaisante avec davantage d’exemples souhaités. Catégorie : Webinaire. Point de référence : Session en ligne bien-être au travail - édition 0366.,False,2026-04-18 21:47:19.304948+00:00,2026-04-19 11:33:52.203739+00:00
899,fc34e1fc-4661-4a79-8177-57658ee1d856,2b6d1065-0b7d-4434-8df1-5b0f01a68955,5,"Très bonne session, bien organisée et enrichissante. Catégorie : Webinaire. Point de référence : Live interne IoT et capteurs - édition 0063.",False,2026-03-07 23:54:24.356045+00:00,2026-03-14 23:24:30.153000+00:00
900,79e4e9e1-01be-46d8-bd8c-84a914c0397a,d3a11e22-80f0-4ba2-bbb9-8e0549c5deb0,2,Session trop courte pour couvrir le sujet correctement. Catégorie : Afterwork. Point de référence : Soirée réseau convivialité - édition 0011.,True,2026-04-20 07:18:27.715236+00:00,2026-04-20 16:51:09.485933+00:00
901,df9061ce-768a-48f5-85fa-9e84b27f3c82,ce27506a-6bbb-4843-9346-2fd118966745,1,Le contenu ne répondait pas vraiment aux attentes. Catégorie : Atelier. Point de référence : Workshop gestion budgétaire - édition 0104.,True,2026-04-02 08:24:24.068278+00:00,2026-04-10 01:22:15.596581+00:00
902,73ed9e10-d7dd-4f35-812a-0836380719a5,e8dda1ab-4e22-4b44-b642-16d429b530e6,3,Session correcte avec quelques pistes d’amélioration. Catégorie : Webinaire. Point de référence : Session en ligne bien-être au travail - édition 0366.,True,2026-04-11 20:17:38.619370+00:00,2026-04-19 06:02:12.578145+00:00
903,ac26fd8d-c517-4688-bef2-c5c201e2ff96,eaa9cc85-b28c-4878-9ca7-f4d797d0e0d9,1,Session difficile à suivre et peu pratique. Catégorie : Innovation. Point de référence : Lab innovation automatisation métier - édition 0066.,False,2026-04-27 17:44:45.066914+00:00,2026-04-29 01:32:27.167714+00:00
904,0d190215-dd65-4aca-a803-d461f0c97c68,a9eb667c-0911-4e4e-955e-a556167a78c0,2,Contenu intéressant mais pas assez approfondi. Catégorie : RSE. Point de référence : Action RSE économie d’énergie - édition 0501.,True,2026-03-22 08:46:54.805654+00:00,2026-03-24 23:18:27.415070+00:00
905,ccd46cab-c742-472f-8b66-729694b1c18b,44e180ab-f87f-4906-959a-d4208112dfeb,4,Bon événement avec un contenu pertinent. Catégorie : RSE. Point de référence : Initiative durable inclusion - édition 0736.,False,2026-04-09 00:37:21.302568+00:00,2026-04-18 20:49:48.165194+00:00
906,be73a2ad-0c60-4ba7-b1c4-b301012d88ec,e9d2ff70-2c2b-4bd5-ba0f-ea608ddccc9a,3,"Bon thème, mais le rythme pourrait être mieux équilibré. Catégorie : Culture d’entreprise. Point de référence : Parcours engagement onboarding culturel - édition 0196.",True,2026-03-05 15:58:12.858421+00:00,2026-03-06 09:45:55.024326+00:00
907,7d256949-75b2-4833-a44c-2cee42b2281e,62f0f942-5b08-4351-9bfb-920a9b2364ec,2,Contenu intéressant mais pas assez approfondi. Catégorie : Team building. Point de référence : Team building résolution de problèmes - Juridique - édition 0869.,False,2026-03-16 18:46:47.864419+00:00,2026-03-17 02:54:45.038145+00:00
908,7e26e7c2-9106-42f4-b316-f4e374e83380,1a4b66de-c33c-49df-9b73-d52c3e699483,4,Bon événement avec un contenu pertinent. Catégorie : Bien-être. Point de référence : Rencontre santé au travail nutrition et énergie - édition 0659.,False,2026-03-10 11:14:01.995888+00:00,2026-03-10 23:16:17.320543+00:00
909,79e4e9e1-01be-46d8-bd8c-84a914c0397a,91e9323a-e856-492f-b6b6-379bc6570add,3,Expérience satisfaisante avec davantage d’exemples souhaités. Catégorie : Afterwork. Point de référence : Soirée réseau convivialité - édition 0011.,False,2026-04-28 19:26:21.511312+00:00,2026-04-30 12:38:14.969533+00:00
910,14a26d46-5b31-499f-ad00-fc30c8e863e4,b85064cb-2497-4073-9f57-26339c4d0da4,3,"Bon thème, mais le rythme pourrait être mieux équilibré. Catégorie : RSE. Point de référence : Atelier RSE économie d’énergie - édition 0966.",True,2026-05-01 08:53:46.025304+00:00,2026-05-01 12:00:00.000000+00:00
911,c55301a7-c74d-4ff0-8635-daafc502b6db,099e1b0f-acb5-4a7d-829c-134345792106,2,Session trop courte pour couvrir le sujet correctement. Catégorie : Webinaire. Point de référence : Webinaire reporting financier - édition 0578.,False,2026-03-16 21:49:49.536430+00:00,2026-03-19 17:02:47.376114+00:00
912,c55301a7-c74d-4ff0-8635-daafc502b6db,7c02e81b-64f2-451d-bbab-b807fd72ef10,3,Contenu utile mais parfois trop général. Catégorie : Webinaire. Point de référence : Webinaire reporting financier - édition 0578.,False,2026-03-15 01:18:44.862523+00:00,2026-03-15 14:38:03.447351+00:00
913,10440011-36d1-45cd-b0f9-29469dc42429,5783b7bc-8de7-40b5-b1e8-896921098bd2,4,Événement intéressant et globalement réussi. Catégorie : Conférence. Point de référence : Table ronde leadership responsable - édition 0678.,True,2026-04-30 19:05:58.936267+00:00,2026-05-01 06:35:16.956289+00:00
914,fb518144-8d76-42a9-a016-6da13e385137,b6a8879c-3ed7-476d-8f1c-47f8f344f70d,5,Format dynamique et échanges très constructifs. Catégorie : Networking. Point de référence : Forum d’échanges partage d’expérience - Support client - édition 0533.,True,2026-04-13 09:01:52.654993+00:00,2026-04-19 13:33:31.800646+00:00
915,359e99c9-a8e0-464c-a3e4-0cf90413eda0,a28bebfa-b4eb-4a1f-9fc2-0354999a2f57,2,Session trop courte pour couvrir le sujet correctement. Catégorie : Conférence. Point de référence : Keynote interne finance durable - IoT - édition 0998.,True,2026-04-13 03:41:46.307804+00:00,2026-04-16 03:05:28.255019+00:00
916,fc34e1fc-4661-4a79-8177-57658ee1d856,e7db6264-dd86-411f-b6ac-0f14ca8fdeef,1,Le contenu ne répondait pas vraiment aux attentes. Catégorie : Webinaire. Point de référence : Live interne IoT et capteurs - édition 0063.,False,2026-03-04 17:43:57.268287+00:00,2026-03-09 18:00:31.831910+00:00
917,73ed9e10-d7dd-4f35-812a-0836380719a5,4169b80d-0f44-4692-a9e4-5a0ff1391e96,3,Session correcte avec quelques pistes d’amélioration. Catégorie : Webinaire. Point de référence : Session en ligne bien-être au travail - édition 0366.,True,2026-04-16 07:16:03.169269+00:00,2026-04-21 00:18:25.419653+00:00
918,8ab14006-b776-448d-9d93-d01d7cd90426,9ae48ba1-0867-4c64-a244-f1510ff241c4,3,Expérience satisfaisante avec davantage d’exemples souhaités. Catégorie : Team building. Point de référence : Défi collaboratif résolution de problèmes - Informatique - édition 0463.,False,2026-03-08 01:02:17.019780+00:00,2026-03-09 17:13:14.738068+00:00
919,bd1a3473-a2be-43bf-9f69-fbd42e9fb520,c024ae2f-747f-4e78-b09d-430b0eca3860,3,"Bon thème, mais le rythme pourrait être mieux équilibré. Catégorie : Afterwork. Point de référence : Rencontre informelle réseau interne - édition 0224.",True,2026-03-30 05:34:13.699978+00:00,2026-03-30 23:41:04.505419+00:00
920,53b72b57-ba17-47d8-ba23-2382ac956667,915de5a6-4e56-45a3-9ec0-f304a3b83653,4,Session utile et bien structurée. Catégorie : Atelier. Point de référence : Atelier amélioration continue - édition 0117.,False,2026-04-21 06:49:29.348677+00:00,2026-04-25 11:29:45.337705+00:00
921,20381396-b550-4218-898a-872e373af9ec,a7019b71-bdec-45fd-aa1f-46c39d0046c3,4,Bonne animation avec des points pratiques. Catégorie : Conférence. Point de référence : Rencontre expert expérience client - édition 0472.,False,2026-04-13 00:43:59.269476+00:00,2026-04-19 20:53:52.261668+00:00
922,2889f7a5-c66f-4fbd-bdb9-414935805d06,921a0f6a-b2e3-4312-947d-dbb1a59b7f17,1,Session difficile à suivre et peu pratique. Catégorie : RSE. Point de référence : Initiative durable inclusion - édition 0753.,False,2026-04-02 02:31:28.281676+00:00,2026-04-03 16:27:08.688366+00:00
923,fc34e1fc-4661-4a79-8177-57658ee1d856,a8d3e377-0e26-45b7-bd86-63aae9be7dbb,3,Expérience satisfaisante avec davantage d’exemples souhaités. Catégorie : Webinaire. Point de référence : Live interne IoT et capteurs - édition 0063.,False,2026-03-05 11:31:44.469975+00:00,2026-03-10 10:52:05.718337+00:00
924,2a993f2e-58c0-4268-a821-34a46d9e99b3,bc70bf9e-59c4-4c98-a89c-92f271b748cc,2,Organisation perfectible et interaction limitée. Catégorie : Afterwork. Point de référence : Moment convivial équipes projet - édition 0073.,True,2026-04-26 00:31:37.355921+00:00,2026-04-26 15:53:22.122150+00:00
925,df9061ce-768a-48f5-85fa-9e84b27f3c82,514d1d62-3100-4b79-9ace-199ed15abd30,2,Organisation perfectible et interaction limitée. Catégorie : Atelier. Point de référence : Workshop gestion budgétaire - édition 0104.,True,2026-04-07 18:35:12.932204+00:00,2026-04-08 12:10:00.658370+00:00
926,14a26d46-5b31-499f-ad00-fc30c8e863e4,84e69d57-36b1-481d-a823-b2bb1e0eff7b,4,Bon événement avec un contenu pertinent. Catégorie : RSE. Point de référence : Atelier RSE économie d’énergie - édition 0966.,True,2026-04-28 23:32:46.291556+00:00,2026-05-01 03:45:18.142361+00:00
927,980787db-d4eb-4aa9-ab2e-45126ad1567a,43381f31-2dca-40f6-af9f-f06934befcd2,4,Événement intéressant et globalement réussi. Catégorie : Networking. Point de référence : Speed meeting forum projets - édition 0867.,True,2026-03-26 22:54:28.868143+00:00,2026-03-30 20:57:33.226725+00:00
928,c55301a7-c74d-4ff0-8635-daafc502b6db,342b5161-320b-428c-a3a4-897f848e1286,1,Le contenu ne répondait pas vraiment aux attentes. Catégorie : Webinaire. Point de référence : Webinaire reporting financier - édition 0578.,True,2026-03-17 17:37:01.259250+00:00,2026-03-18 10:28:16.183800+00:00
929,10440011-36d1-45cd-b0f9-29469dc42429,00a63ee3-b72e-4d31-b5f3-e2c9113709fa,5,"Excellente expérience, contenu clair et directement utile. Catégorie : Conférence. Point de référence : Table ronde leadership responsable - édition 0678.",False,2026-04-28 08:19:26.687570+00:00,2026-04-30 21:23:22.772388+00:00
930,c55301a7-c74d-4ff0-8635-daafc502b6db,6f1f4dc0-4b42-4147-b573-37a2915f8a50,3,Contenu utile mais parfois trop général. Catégorie : Webinaire. Point de référence : Webinaire reporting financier - édition 0578.,False,2026-03-19 10:03:11.200905+00:00,2026-03-19 16:52:08.519736+00:00
931,c63b2370-25af-4d8f-9320-7226692b196b,79456f8d-6ac6-4880-873b-04763ea7326d,5,"Excellente expérience, contenu clair et directement utile. Catégorie : Conférence. Point de référence : Table ronde finance durable - édition 0697.",False,2026-04-30 09:55:32.478258+00:00,2026-04-30 21:56:06.531065+00:00
932,0d190215-dd65-4aca-a803-d461f0c97c68,edc57913-68cf-4b04-a356-052f6ffdbcff,5,"Très bonne session, bien organisée et enrichissante. Catégorie : RSE. Point de référence : Action RSE économie d’énergie - édition 0501.",False,2026-03-17 10:16:11.305964+00:00,2026-03-19 22:57:49.735940+00:00
933,10440011-36d1-45cd-b0f9-29469dc42429,17f812f6-c3b4-4bc7-a54b-f1133fe132f8,1,Session difficile à suivre et peu pratique. Catégorie : Conférence. Point de référence : Table ronde leadership responsable - édition 0678.,False,2026-04-30 08:36:53.271541+00:00,2026-05-01 01:59:47.617612+00:00
934,c55301a7-c74d-4ff0-8635-daafc502b6db,510ae9dd-0fef-4647-ab59-c05d2f715afe,3,"Bon thème, mais le rythme pourrait être mieux équilibré. Catégorie : Webinaire. Point de référence : Webinaire reporting financier - édition 0578.",False,2026-03-12 05:15:05.477408+00:00,2026-03-12 13:40:44.817979+00:00
935,14a26d46-5b31-499f-ad00-fc30c8e863e4,3215d909-b0ac-4c4e-a139-afd4230fe685,1,Session difficile à suivre et peu pratique. Catégorie : RSE. Point de référence : Atelier RSE économie d’énergie - édition 0966.,True,2026-04-26 17:54:29.099360+00:00,2026-04-27 05:05:43.336475+00:00
936,4dc60709-3167-41bb-aa8f-653175b97d40,a4227edf-b1ca-4211-8668-7f5fc27b3661,4,Bonne animation avec des points pratiques. Catégorie : Networking. Point de référence : Speed meeting forum projets - édition 0900.,False,2026-04-16 14:51:49.897540+00:00,2026-04-23 04:54:01.224132+00:00
937,5c16972b-3360-4fab-9157-7a2fe4be1ed7,4f401a8b-a036-4ae4-ac18-f69336a55209,1,Session difficile à suivre et peu pratique. Catégorie : Conférence. Point de référence : Table ronde marque employeur - édition 0726.,False,2026-03-14 04:40:44.415316+00:00,2026-03-15 02:00:43.540059+00:00
938,40d339c6-9f7e-4c65-80aa-eeed3589bc0a,acbfcf92-50ae-44fd-b9a5-7c398170cfd5,4,Session utile et bien structurée. Catégorie : Culture d’entreprise. Point de référence : Rencontre culture interne ambassadeurs culture - édition 0406.,False,2026-03-30 22:12:38.145236+00:00,2026-04-02 02:40:04.833023+00:00
939,bb83982e-c8cc-4fda-98aa-0a54f2b673c1,7bf1e94f-695d-4afe-9fb2-f60aff59abb9,3,Contenu utile mais parfois trop général. Catégorie : RSE. Point de référence : Atelier RSE réduction carbone - édition 0399.,True,2026-04-06 07:29:27.057807+00:00,2026-04-08 21:26:12.622759+00:00
940,ec82a583-604f-437f-a255-66b4a7459372,e3327257-45ae-4912-b4c2-08f9cb4d8536,4,Événement intéressant et globalement réussi. Catégorie : Afterwork. Point de référence : Moment convivial communauté tech - édition 0190.,True,2026-03-16 06:39:35.539372+00:00,2026-03-17 09:10:35.767399+00:00
941,4dc60709-3167-41bb-aa8f-653175b97d40,1ba29722-dcc2-4239-905a-c56c23d4a6fb,5,Format dynamique et échanges très constructifs. Catégorie : Networking. Point de référence : Speed meeting forum projets - édition 0900.,True,2026-04-21 02:00:17.789631+00:00,2026-04-26 10:40:30.254291+00:00
942,c55301a7-c74d-4ff0-8635-daafc502b6db,24142aac-d1c8-42ac-a86d-f1049fd901a2,2,Organisation perfectible et interaction limitée. Catégorie : Webinaire. Point de référence : Webinaire reporting financier - édition 0578.,False,2026-03-09 02:28:49.784273+00:00,2026-03-11 10:11:53.778638+00:00
943,ccd46cab-c742-472f-8b66-729694b1c18b,53691fc5-65db-4948-a53d-05eb7c9cbafd,4,Bon événement avec un contenu pertinent. Catégorie : RSE. Point de référence : Initiative durable inclusion - édition 0736.,False,2026-04-08 20:31:41.418409+00:00,2026-04-11 13:46:01.450885+00:00
944,c9a732be-5800-47d3-ad7a-16bbea76b88c,92c00d82-349d-4eef-bcfb-103b7523b3d7,4,Session utile et bien structurée. Catégorie : Networking. Point de référence : Forum d’échanges réseau inter-départements - Ventes - édition 0804.,True,2026-04-19 17:14:09.318808+00:00,2026-04-20 22:08:15.697604+00:00
945,39bfc35e-8bb4-403e-b418-4d800493599f,47711962-da22-4bdd-bbff-0bab2bfb0355,4,Bonne animation avec des points pratiques. Catégorie : Atelier. Point de référence : Atelier collaboratif gestion budgétaire - édition 0888.,False,2026-03-26 01:12:00.548029+00:00,2026-03-28 02:05:18.654231+00:00
946,0a0c2bd6-9d51-441b-83d0-68db4cd99256,a912e90c-b716-4a56-8005-1c9111759dfd,4,Bon événement avec un contenu pertinent. Catégorie : Culture d’entreprise. Point de référence : Rencontre culture interne onboarding culturel - édition 0105.,True,2026-03-04 18:59:35.884111+00:00,2026-03-08 20:44:07.071626+00:00
947,53b72b57-ba17-47d8-ba23-2382ac956667,c3cebde2-04c5-4bd6-8742-5138c5699944,2,Session trop courte pour couvrir le sujet correctement. Catégorie : Atelier. Point de référence : Atelier amélioration continue - édition 0117.,False,2026-04-14 02:08:58.559445+00:00,2026-04-22 22:04:58.451764+00:00
948,9d3098e0-1636-4cc4-afda-35b15eccbcc4,c33a2e16-11ad-42aa-86ff-912411bdea48,5,"Très bonne session, bien organisée et enrichissante. Catégorie : Culture d’entreprise. Point de référence : Session valeurs collaboration transversale - édition 0127.",False,2026-03-28 18:05:05.172677+00:00,2026-03-30 05:16:48.088312+00:00
949,0a0c2bd6-9d51-441b-83d0-68db4cd99256,514d1d62-3100-4b79-9ace-199ed15abd30,2,Contenu intéressant mais pas assez approfondi. Catégorie : Culture d’entreprise. Point de référence : Rencontre culture interne onboarding culturel - édition 0105.,False,2026-03-04 09:18:51.563436+00:00,2026-03-05 18:54:03.913141+00:00
950,ccd46cab-c742-472f-8b66-729694b1c18b,d25b06d5-af6c-43d4-9ba8-d64bdd39a1a4,2,Objectifs utiles mais présentation à clarifier. Catégorie : RSE. Point de référence : Initiative durable inclusion - édition 0736.,False,2026-04-06 19:28:16.887459+00:00,2026-04-10 20:16:07.937649+00:00
951,40d339c6-9f7e-4c65-80aa-eeed3589bc0a,fd337d25-a333-4d37-94b8-71f30778f874,4,Bon événement avec un contenu pertinent. Catégorie : Culture d’entreprise. Point de référence : Rencontre culture interne ambassadeurs culture - édition 0406.,True,2026-03-31 00:36:04.928998+00:00,2026-04-03 05:34:30.174105+00:00
952,4dfd9a7c-50c9-41e3-9125-2ebbe63e128b,78c254c8-e08c-423c-b031-4de7e4eb1f25,1,Organisation insuffisante pour tirer profit du sujet. Catégorie : Team building. Point de référence : Défi collaboratif résolution de problèmes - édition 0162.,True,2026-04-26 05:29:26.261914+00:00,2026-04-28 14:23:45.696981+00:00
953,0d190215-dd65-4aca-a803-d461f0c97c68,1423a03e-cee5-47c1-8a33-c4e950c56923,3,"Bon thème, mais le rythme pourrait être mieux équilibré. Catégorie : RSE. Point de référence : Action RSE économie d’énergie - édition 0501.",True,2026-03-17 03:50:19.029533+00:00,2026-03-18 03:54:53.435779+00:00
954,980787db-d4eb-4aa9-ab2e-45126ad1567a,b312e220-ae63-4cad-98df-940d573360df,3,"Bon thème, mais le rythme pourrait être mieux équilibré. Catégorie : Networking. Point de référence : Speed meeting forum projets - édition 0867.",True,2026-03-24 16:58:41.840263+00:00,2026-03-27 14:53:25.264085+00:00
955,53b72b57-ba17-47d8-ba23-2382ac956667,a1c5d618-8d96-458c-8e77-e2adbc9f6c23,1,Expérience limitée avec trop peu de valeur opérationnelle. Catégorie : Atelier. Point de référence : Atelier amélioration continue - édition 0117.,False,2026-04-13 02:11:35.269867+00:00,2026-04-16 01:27:15.052158+00:00
956,0d190215-dd65-4aca-a803-d461f0c97c68,29e789b9-43d6-4d77-bba5-a8fe5bbec079,3,"Bon thème, mais le rythme pourrait être mieux équilibré. Catégorie : RSE. Point de référence : Action RSE économie d’énergie - édition 0501.",True,2026-03-19 09:57:44.669649+00:00,2026-03-22 01:50:14.249208+00:00
957,14a26d46-5b31-499f-ad00-fc30c8e863e4,c0f17624-388d-4a76-833d-00a5d20ecc26,4,Bon événement avec un contenu pertinent. Catégorie : RSE. Point de référence : Atelier RSE économie d’énergie - édition 0966.,True,2026-04-26 19:45:06.006376+00:00,2026-04-28 01:58:05.753319+00:00
958,2a993f2e-58c0-4268-a821-34a46d9e99b3,33cc0235-e8ce-4838-80c3-1a8a3f670822,4,Session utile et bien structurée. Catégorie : Afterwork. Point de référence : Moment convivial équipes projet - édition 0073.,False,2026-04-19 22:22:30.118719+00:00,2026-04-23 11:19:02.052032+00:00
959,73ed9e10-d7dd-4f35-812a-0836380719a5,80d67e75-1cd6-4308-ace2-c8929c58a1fc,4,Bonne animation avec des points pratiques. Catégorie : Webinaire. Point de référence : Session en ligne bien-être au travail - édition 0366.,False,2026-04-11 12:52:29.591810+00:00,2026-04-16 07:52:41.102895+00:00
960,df9061ce-768a-48f5-85fa-9e84b27f3c82,c0651ad3-8066-41be-bcae-d7c1a16aa7f5,3,"Bon thème, mais le rythme pourrait être mieux équilibré. Catégorie : Atelier. Point de référence : Workshop gestion budgétaire - édition 0104.",False,2026-04-05 00:13:15.272366+00:00,2026-04-05 14:53:34.019988+00:00
961,ac26fd8d-c517-4688-bef2-c5c201e2ff96,8a3bbec3-4136-45f6-b098-bbb2be370926,2,Contenu intéressant mais pas assez approfondi. Catégorie : Innovation. Point de référence : Lab innovation automatisation métier - édition 0066.,False,2026-04-27 06:49:55.704701+00:00,2026-04-30 15:35:47.655470+00:00
962,9c310c8a-230b-4fa5-83e3-97417739fdd1,074ac71d-aafc-47a0-9056-0c48ad4084ce,3,Contenu utile mais parfois trop général. Catégorie : Afterwork. Point de référence : Rencontre informelle finance et business - Développement - édition 0886.,True,2026-03-29 09:04:52.028526+00:00,2026-03-29 22:14:07.962894+00:00
963,bd1a3473-a2be-43bf-9f69-fbd42e9fb520,9fd6253e-a662-4cde-bf57-754afdda3595,3,Session correcte avec quelques pistes d’amélioration. Catégorie : Afterwork. Point de référence : Rencontre informelle réseau interne - édition 0224.,True,2026-04-05 21:59:09.087906+00:00,2026-04-06 20:27:00.011593+00:00
964,ccd46cab-c742-472f-8b66-729694b1c18b,ac16955a-100a-49c4-9550-f3e3c118b812,4,Session utile et bien structurée. Catégorie : RSE. Point de référence : Initiative durable inclusion - édition 0736.,True,2026-04-13 12:15:51.557259+00:00,2026-04-17 04:38:48.520817+00:00
965,0a0c2bd6-9d51-441b-83d0-68db4cd99256,d0f286e9-aeb3-4658-8f6c-b7a7d6120051,4,Événement intéressant et globalement réussi. Catégorie : Culture d’entreprise. Point de référence : Rencontre culture interne onboarding culturel - édition 0105.,False,2026-03-11 20:28:37.730381+00:00,2026-03-17 10:18:48.499320+00:00
966,58c345d7-c707-4350-8a43-eacf36cfa897,88ca13bd-4e60-4303-800f-294b5b96f80d,2,Organisation perfectible et interaction limitée. Catégorie : Bien-être. Point de référence : Session bien-être gestion du stress - édition 0077.,False,2026-03-14 14:28:23.080217+00:00,2026-03-15 23:39:10.329448+00:00
967,3d511cb8-71cf-4f9c-9e3e-2243ccc0c3ba,869f5770-ffbd-42b1-9908-f61f8fbbc8ea,2,Organisation perfectible et interaction limitée. Catégorie : Atelier. Point de référence : Workshop prise de parole - édition 0784.,False,2026-04-04 06:42:36.542727+00:00,2026-04-10 19:08:27.080599+00:00
968,2a993f2e-58c0-4268-a821-34a46d9e99b3,eb0df4f4-149a-40ce-ab54-70d49d31204a,4,Session utile et bien structurée. Catégorie : Afterwork. Point de référence : Moment convivial équipes projet - édition 0073.,True,2026-04-17 23:17:37.855566+00:00,2026-04-20 17:32:51.075469+00:00
969,14a26d46-5b31-499f-ad00-fc30c8e863e4,770a3736-dd6c-443d-92ff-d84e014a53e9,1,Organisation insuffisante pour tirer profit du sujet. Catégorie : RSE. Point de référence : Atelier RSE économie d’énergie - édition 0966.,False,2026-04-29 13:05:35.196351+00:00,2026-04-30 08:51:38.575670+00:00
970,5c16972b-3360-4fab-9157-7a2fe4be1ed7,767f6a60-4ed4-4d62-b89e-454933720617,5,Format dynamique et échanges très constructifs. Catégorie : Conférence. Point de référence : Table ronde marque employeur - édition 0726.,False,2026-03-11 15:25:01.811869+00:00,2026-03-12 06:27:06.329712+00:00
971,9d3098e0-1636-4cc4-afda-35b15eccbcc4,274ae9a0-e988-401e-abd7-6ebe2287f737,5,"Excellente expérience, contenu clair et directement utile. Catégorie : Culture d’entreprise. Point de référence : Session valeurs collaboration transversale - édition 0127.",True,2026-03-24 03:02:29.439883+00:00,2026-03-25 07:52:31.033848+00:00
972,0a0c2bd6-9d51-441b-83d0-68db4cd99256,9500eed0-ba6a-4e02-904a-16af00d46e3e,3,"Bon thème, mais le rythme pourrait être mieux équilibré. Catégorie : Culture d’entreprise. Point de référence : Rencontre culture interne onboarding culturel - édition 0105.",True,2026-03-13 05:45:23.639021+00:00,2026-03-17 01:22:41.720664+00:00
973,ec82a583-604f-437f-a255-66b4a7459372,aaf51b3f-54ec-45c3-8487-c08aaa05d8c7,2,Session trop courte pour couvrir le sujet correctement. Catégorie : Afterwork. Point de référence : Moment convivial communauté tech - édition 0190.,False,2026-03-09 01:57:53.876177+00:00,2026-03-12 21:33:53.264928+00:00
974,2bf86b0c-d22a-4f62-894f-818dcf351857,43381f31-2dca-40f6-af9f-f06934befcd2,4,Bonne animation avec des points pratiques. Catégorie : Formation. Point de référence : Module d’apprentissage SQL avancé - édition 0065.,True,2026-03-14 07:25:53.002305+00:00,2026-03-14 15:28:14.734890+00:00
975,df9061ce-768a-48f5-85fa-9e84b27f3c82,e8c415aa-cfd6-4935-9dbf-646291d2e9c0,3,Session correcte avec quelques pistes d’amélioration. Catégorie : Atelier. Point de référence : Workshop gestion budgétaire - édition 0104.,False,2026-04-04 00:39:15.079692+00:00,2026-04-05 21:23:07.182076+00:00
976,fb518144-8d76-42a9-a016-6da13e385137,368b0c1f-2b18-45ae-8c55-7445a2e631bc,2,Contenu intéressant mais pas assez approfondi. Catégorie : Networking. Point de référence : Forum d’échanges partage d’expérience - Support client - édition 0533.,True,2026-04-18 03:31:37.335895+00:00,2026-04-20 14:50:00.983789+00:00
977,9bde9d91-ca5a-4267-9ab0-6937934ec32a,b312e220-ae63-4cad-98df-940d573360df,1,Le contenu ne répondait pas vraiment aux attentes. Catégorie : Formation. Point de référence : Session de formation cloud computing - Communication interne - édition 0519.,True,2026-03-04 17:07:16.286261+00:00,2026-03-05 12:57:20.539778+00:00
978,14a26d46-5b31-499f-ad00-fc30c8e863e4,85b757d0-f583-4082-88db-1422127834d3,2,Organisation perfectible et interaction limitée. Catégorie : RSE. Point de référence : Atelier RSE économie d’énergie - édition 0966.,True,2026-04-26 14:06:11.551934+00:00,2026-05-01 11:30:32.883319+00:00
979,9d3098e0-1636-4cc4-afda-35b15eccbcc4,3dd95e2a-5330-4b89-abcd-aecc3361f37d,2,Organisation perfectible et interaction limitée. Catégorie : Culture d’entreprise. Point de référence : Session valeurs collaboration transversale - édition 0127.,True,2026-03-23 12:26:37.207531+00:00,2026-04-01 17:07:48.904499+00:00
980,fc34e1fc-4661-4a79-8177-57658ee1d856,8f1b219c-c56a-41c1-88e4-b541304785b8,4,Session utile et bien structurée. Catégorie : Webinaire. Point de référence : Live interne IoT et capteurs - édition 0063.,True,2026-03-08 23:56:08.705632+00:00,2026-03-09 08:23:40.997307+00:00
981,77eff7bb-309d-4c5d-bcb8-b49951ccb903,6d282e57-ae58-47d1-b0b0-71588701cd4b,1,Le contenu ne répondait pas vraiment aux attentes. Catégorie : RSE. Point de référence : Atelier RSE achats responsables - édition 0942.,False,2026-03-09 20:44:10.590181+00:00,2026-03-15 05:45:41.470710+00:00
982,40d339c6-9f7e-4c65-80aa-eeed3589bc0a,00f7fbed-d7cd-4b53-9344-aa42ba92c94d,1,Expérience limitée avec trop peu de valeur opérationnelle. Catégorie : Culture d’entreprise. Point de référence : Rencontre culture interne ambassadeurs culture - édition 0406.,True,2026-04-05 13:05:42.256119+00:00,2026-04-06 02:23:26.796907+00:00
983,4dc60709-3167-41bb-aa8f-653175b97d40,7ff2c490-b386-436c-86c2-79a11610b881,4,Bonne animation avec des points pratiques. Catégorie : Networking. Point de référence : Speed meeting forum projets - édition 0900.,True,2026-04-17 15:41:31.107238+00:00,2026-04-20 04:38:21.971885+00:00
984,abf32af2-e35f-4b07-af36-278cd1c95202,320540a7-1daa-4726-b502-7fecc0270091,4,Session utile et bien structurée. Catégorie : Networking. Point de référence : Forum d’échanges experts internes - édition 0272.,False,2026-03-29 06:37:23.356890+00:00,2026-04-01 05:50:15.878313+00:00
985,14a26d46-5b31-499f-ad00-fc30c8e863e4,4bd7d747-9088-4441-a4ca-12c5a3c80cfb,5,Intervention de qualité avec des exemples concrets. Catégorie : RSE. Point de référence : Atelier RSE économie d’énergie - édition 0966.,False,2026-04-26 07:14:32.456459+00:00,2026-04-26 12:02:45.027857+00:00
986,ec82a583-604f-437f-a255-66b4a7459372,4bd7d747-9088-4441-a4ca-12c5a3c80cfb,2,Objectifs utiles mais présentation à clarifier. Catégorie : Afterwork. Point de référence : Moment convivial communauté tech - édition 0190.,True,2026-03-12 10:49:36.821539+00:00,2026-03-14 16:16:51.996232+00:00
987,2662f2f2-e147-4bfb-a3b6-41a7cba757de,62f0f942-5b08-4351-9bfb-920a9b2364ec,5,Intervention de qualité avec des exemples concrets. Catégorie : Bien-être. Point de référence : Rencontre santé au travail équilibre professionnel - édition 0453.,True,2026-04-14 22:28:48.909863+00:00,2026-04-19 08:10:07.852440+00:00
988,79e4e9e1-01be-46d8-bd8c-84a914c0397a,9d77bbdb-a7c6-48dc-8333-69d2a53bae58,4,Événement intéressant et globalement réussi. Catégorie : Afterwork. Point de référence : Soirée réseau convivialité - édition 0011.,False,2026-04-28 03:04:45.849940+00:00,2026-04-28 12:36:57.884769+00:00
989,0a0c2bd6-9d51-441b-83d0-68db4cd99256,83181837-ca9a-4a93-95ef-82c0c1624078,5,Format dynamique et échanges très constructifs. Catégorie : Culture d’entreprise. Point de référence : Rencontre culture interne onboarding culturel - édition 0105.,False,2026-03-04 11:11:20.476391+00:00,2026-03-05 09:26:42.409402+00:00
990,a779c006-7510-4048-94bc-ffdc9259f64a,28719ef7-aaa2-49fe-b12a-4c8df12ddbbe,3,Session correcte avec quelques pistes d’amélioration. Catégorie : Innovation. Point de référence : Atelier innovation prototypage rapide - édition 0286.,True,2026-03-10 02:23:54.015140+00:00,2026-03-11 03:21:15.479519+00:00
991,fc34e1fc-4661-4a79-8177-57658ee1d856,e8dda1ab-4e22-4b44-b642-16d429b530e6,4,Bon événement avec un contenu pertinent. Catégorie : Webinaire. Point de référence : Live interne IoT et capteurs - édition 0063.,True,2026-03-02 23:18:06.901141+00:00,2026-03-10 06:01:07.990147+00:00
992,ccd46cab-c742-472f-8b66-729694b1c18b,a89515f9-4488-4475-881f-f37f70224a3f,1,Le contenu ne répondait pas vraiment aux attentes. Catégorie : RSE. Point de référence : Initiative durable inclusion - édition 0736.,True,2026-04-07 04:07:01.058854+00:00,2026-04-09 17:33:27.439332+00:00
993,359e99c9-a8e0-464c-a3e4-0cf90413eda0,06fcdd2c-53a6-496a-9efa-7dd79a271da4,4,Bonne animation avec des points pratiques. Catégorie : Conférence. Point de référence : Keynote interne finance durable - IoT - édition 0998.,True,2026-04-10 14:39:44.652133+00:00,2026-04-12 21:53:00.711048+00:00
994,ccd46cab-c742-472f-8b66-729694b1c18b,33611d4a-b72d-4868-8862-37dc6da35c82,3,Session correcte avec quelques pistes d’amélioration. Catégorie : RSE. Point de référence : Initiative durable inclusion - édition 0736.,False,2026-04-09 15:56:13.719307+00:00,2026-04-10 14:43:20.046350+00:00
995,ec82a583-604f-437f-a255-66b4a7459372,debfdb17-41a8-47ec-a914-677fa4a8b9d1,5,Format dynamique et échanges très constructifs. Catégorie : Afterwork. Point de référence : Moment convivial communauté tech - édition 0190.,False,2026-03-07 13:55:08.748469+00:00,2026-03-11 06:10:57.313626+00:00
996,9c310c8a-230b-4fa5-83e3-97417739fdd1,d0420627-79ac-4ec0-b46a-b70a49edb1d8,1,Organisation insuffisante pour tirer profit du sujet. Catégorie : Afterwork. Point de référence : Rencontre informelle finance et business - Développement - édition 0886.,True,2026-03-27 23:31:18.494723+00:00,2026-03-30 18:38:26.278874+00:00
997,4dc60709-3167-41bb-aa8f-653175b97d40,2b2c1a3c-9712-41b8-86c7-afa44d9e0665,1,Expérience limitée avec trop peu de valeur opérationnelle. Catégorie : Networking. Point de référence : Speed meeting forum projets - édition 0900.,True,2026-04-25 11:47:57.913627+00:00,2026-04-27 06:24:41.486829+00:00
998,ccd46cab-c742-472f-8b66-729694b1c18b,d2b19326-abcc-4c08-ac49-a94f14bc8481,2,Contenu intéressant mais pas assez approfondi. Catégorie : RSE. Point de référence : Initiative durable inclusion - édition 0736.,False,2026-04-09 17:12:08.489083+00:00,2026-04-12 02:39:33.223665+00:00
999,5c16972b-3360-4fab-9157-7a2fe4be1ed7,0b8e3edc-e13f-433c-bcda-bf4510acface,3,"Bon thème, mais le rythme pourrait être mieux équilibré. Catégorie : Conférence. Point de référence : Table ronde marque employeur - édition 0726.",False,2026-03-13 15:01:10.753608+00:00,2026-03-17 02:00:18.057721+00:00
1000,73ed9e10-d7dd-4f35-812a-0836380719a5,a9eb667c-0911-4e4e-955e-a556167a78c0,5,"Excellente expérience, contenu clair et directement utile. Catégorie : Webinaire. Point de référence : Session en ligne bien-être au travail - édition 0366.",True,2026-04-14 23:41:08.979701+00:00,2026-04-19 12:41:30.367988+00:00
1001,14a26d46-5b31-499f-ad00-fc30c8e863e4,66cca95d-9fc9-4eb7-9ec6-1a35ddebfc83,3,Session correcte avec quelques pistes d’amélioration. Catégorie : RSE. Point de référence : Atelier RSE économie d’énergie - édition 0966.,True,2026-04-26 04:07:43.060941+00:00,2026-04-28 05:30:04.157599+00:00
1002,14a26d46-5b31-499f-ad00-fc30c8e863e4,29f74c43-1a2b-4d01-b448-078c38c9e28a,4,Bonne animation avec des points pratiques. Catégorie : RSE. Point de référence : Atelier RSE économie d’énergie - édition 0966.,False,2026-04-30 17:32:04.438856+00:00,2026-05-01 01:51:59.461944+00:00
1003,2889f7a5-c66f-4fbd-bdb9-414935805d06,c98070f7-ea93-464b-9719-8e5817cb346a,5,"Très bonne session, bien organisée et enrichissante. Catégorie : RSE. Point de référence : Initiative durable inclusion - édition 0753.",False,2026-04-02 00:57:54.484680+00:00,2026-04-03 21:39:37.658809+00:00
1004,2889f7a5-c66f-4fbd-bdb9-414935805d06,6923b135-0a80-41b6-a29d-108910d3481e,3,Session correcte avec quelques pistes d’amélioration. Catégorie : RSE. Point de référence : Initiative durable inclusion - édition 0753.,False,2026-03-31 22:26:24.756188+00:00,2026-04-01 09:05:46.295045+00:00
1005,35aa3585-3880-466e-a4f8-b30d6b45c62b,85d69c98-5b99-4368-9470-a023a0faaa39,3,Expérience satisfaisante avec davantage d’exemples souhaités. Catégorie : Afterwork. Point de référence : Soirée réseau finance et business - édition 0858.,False,2026-04-03 10:22:41.280422+00:00,2026-04-05 06:11:59.638959+00:00
1006,a779c006-7510-4048-94bc-ffdc9259f64a,767e0eaf-7303-4417-832c-a8e02100fe09,5,"Très bonne session, bien organisée et enrichissante. Catégorie : Innovation. Point de référence : Atelier innovation prototypage rapide - édition 0286.",False,2026-03-12 13:44:26.119423+00:00,2026-03-14 00:09:41.674330+00:00
1007,fc34e1fc-4661-4a79-8177-57658ee1d856,a92d0de1-8406-42f3-a47a-eba53cfc918d,1,Expérience limitée avec trop peu de valeur opérationnelle. Catégorie : Webinaire. Point de référence : Live interne IoT et capteurs - édition 0063.,True,2026-03-06 05:51:15.218135+00:00,2026-03-07 05:25:35.394915+00:00
1008,558f4ece-d28f-4f60-a1ed-0fc59ecd077f,f13df37c-d98f-46b6-94f2-685c946a87c1,4,Bonne animation avec des points pratiques. Catégorie : Bien-être. Point de référence : Pause prévention santé mentale - édition 0717.,True,2026-04-18 14:22:23.160190+00:00,2026-04-22 04:13:59.706718+00:00
1009,32550296-6435-4ef2-90e1-028656282c7f,a7450ed8-f67b-4a15-a99a-a9fa649b6fd6,4,Événement intéressant et globalement réussi. Catégorie : Networking. Point de référence : Forum d’échanges petit-déjeuner business - édition 0357.,False,2026-03-18 02:14:17.573562+00:00,2026-03-18 08:41:45.174617+00:00
1010,14a26d46-5b31-499f-ad00-fc30c8e863e4,f3ee8d81-bce1-4705-a1dd-180f42249038,4,Session utile et bien structurée. Catégorie : RSE. Point de référence : Atelier RSE économie d’énergie - édition 0966.,True,2026-04-30 21:38:00.841429+00:00,2026-05-01 10:00:35.417084+00:00
1011,a779c006-7510-4048-94bc-ffdc9259f64a,1c17e3b7-1ace-4929-8a17-4b637e56b0b6,5,"Excellente expérience, contenu clair et directement utile. Catégorie : Innovation. Point de référence : Atelier innovation prototypage rapide - édition 0286.",True,2026-03-16 09:48:15.883028+00:00,2026-03-19 02:59:35.149835+00:00
1012,9d3098e0-1636-4cc4-afda-35b15eccbcc4,efe3f27d-9b61-4dcc-bdee-66d1ff6634b6,3,Session correcte avec quelques pistes d’amélioration. Catégorie : Culture d’entreprise. Point de référence : Session valeurs collaboration transversale - édition 0127.,True,2026-03-25 17:20:25.532829+00:00,2026-03-30 06:03:06.545560+00:00
1013,b4460a6b-789c-4b16-bca0-3794329f0ab3,dc77d7ee-0010-4612-9a40-e655be92d3eb,4,Bonne animation avec des points pratiques. Catégorie : Bien-être. Point de référence : Pause prévention équilibre professionnel - édition 0249.,True,2026-04-28 19:10:41.888042+00:00,2026-04-30 06:42:48.108663+00:00
1014,14a26d46-5b31-499f-ad00-fc30c8e863e4,82adceda-344c-469a-a34d-6c5d0776f855,2,Organisation perfectible et interaction limitée. Catégorie : RSE. Point de référence : Atelier RSE économie d’énergie - édition 0966.,True,2026-04-26 13:21:49.782671+00:00,2026-04-30 07:31:56.662138+00:00
1015,10440011-36d1-45cd-b0f9-29469dc42429,65f45148-d34d-4ca8-b231-ff27af7e1083,2,Organisation perfectible et interaction limitée. Catégorie : Conférence. Point de référence : Table ronde leadership responsable - édition 0678.,False,2026-05-01 10:21:15.639114+00:00,2026-05-01 12:00:00.000000+00:00
1016,9d3098e0-1636-4cc4-afda-35b15eccbcc4,76a9bda7-4fee-4da7-a23d-97f4c3bfc3a1,1,Organisation insuffisante pour tirer profit du sujet. Catégorie : Culture d’entreprise. Point de référence : Session valeurs collaboration transversale - édition 0127.,True,2026-03-28 08:48:31.690743+00:00,2026-03-28 22:24:01.004866+00:00
1017,c63b2370-25af-4d8f-9320-7226692b196b,6c72c3eb-81e1-402e-8b91-1b315094e27e,5,"Très bonne session, bien organisée et enrichissante. Catégorie : Conférence. Point de référence : Table ronde finance durable - édition 0697.",False,2026-04-30 02:15:48.587158+00:00,2026-05-01 04:42:30.140563+00:00
1018,9d3098e0-1636-4cc4-afda-35b15eccbcc4,13376738-828d-4cdb-b40c-24d0da2a5573,4,Événement intéressant et globalement réussi. Catégorie : Culture d’entreprise. Point de référence : Session valeurs collaboration transversale - édition 0127.,True,2026-03-25 19:27:39.789757+00:00,2026-03-27 06:39:07.004963+00:00
1019,0a0c2bd6-9d51-441b-83d0-68db4cd99256,53bc19ae-6115-4448-91c2-079f930260b9,4,Bon événement avec un contenu pertinent. Catégorie : Culture d’entreprise. Point de référence : Rencontre culture interne onboarding culturel - édition 0105.,False,2026-03-11 12:52:41.629273+00:00,2026-03-15 06:04:19.380612+00:00
1020,7fe2252b-36f4-4da7-80e4-6ac72b4eeb71,f93fc94f-b705-49f5-954a-4683273857f4,3,Session correcte avec quelques pistes d’amélioration. Catégorie : Formation. Point de référence : Parcours pratique analyse de données - édition 0109.,True,2026-04-04 12:03:09.097798+00:00,2026-04-04 16:16:47.556598+00:00
1021,14a26d46-5b31-499f-ad00-fc30c8e863e4,ce83a092-82c8-459d-a3f0-992a16e68c2c,3,Session correcte avec quelques pistes d’amélioration. Catégorie : RSE. Point de référence : Atelier RSE économie d’énergie - édition 0966.,True,2026-04-29 14:35:59.800159+00:00,2026-04-30 03:10:15.956872+00:00
1022,14a26d46-5b31-499f-ad00-fc30c8e863e4,5bfb3b47-b622-4dea-bcef-0b3827189ab1,5,"Excellente expérience, contenu clair et directement utile. Catégorie : RSE. Point de référence : Atelier RSE économie d’énergie - édition 0966.",False,2026-04-30 02:01:33.747785+00:00,2026-04-30 21:25:59.156666+00:00
1023,abf32af2-e35f-4b07-af36-278cd1c95202,6d282e57-ae58-47d1-b0b0-71588701cd4b,5,Format dynamique et échanges très constructifs. Catégorie : Networking. Point de référence : Forum d’échanges experts internes - édition 0272.,True,2026-03-29 06:25:04.770375+00:00,2026-03-31 20:56:43.227018+00:00
1024,fc34e1fc-4661-4a79-8177-57658ee1d856,eb85b268-bb88-4119-939d-492d2322518f,4,Session utile et bien structurée. Catégorie : Webinaire. Point de référence : Live interne IoT et capteurs - édition 0063.,False,2026-03-03 10:09:16.130145+00:00,2026-03-03 20:48:36.909160+00:00
1025,2bf86b0c-d22a-4f62-894f-818dcf351857,1f9f1987-7506-4d70-81a9-f58c2de19219,4,Session utile et bien structurée. Catégorie : Formation. Point de référence : Module d’apprentissage SQL avancé - édition 0065.,True,2026-03-19 00:30:19.198695+00:00,2026-03-20 07:02:41.041069+00:00
1026,10440011-36d1-45cd-b0f9-29469dc42429,6f1f4dc0-4b42-4147-b573-37a2915f8a50,2,Objectifs utiles mais présentation à clarifier. Catégorie : Conférence. Point de référence : Table ronde leadership responsable - édition 0678.,False,2026-05-01 10:40:22.527095+00:00,2026-05-01 12:00:00.000000+00:00
1027,0a0c2bd6-9d51-441b-83d0-68db4cd99256,c3b0f176-69f0-4028-872a-0091128bf3a7,3,Expérience satisfaisante avec davantage d’exemples souhaités. Catégorie : Culture d’entreprise. Point de référence : Rencontre culture interne onboarding culturel - édition 0105.,False,2026-03-07 09:07:18.026690+00:00,2026-03-11 03:04:58.236565+00:00
1028,9d3098e0-1636-4cc4-afda-35b15eccbcc4,95678daf-22ef-4265-aecc-265d306f786c,3,Expérience satisfaisante avec davantage d’exemples souhaités. Catégorie : Culture d’entreprise. Point de référence : Session valeurs collaboration transversale - édition 0127.,True,2026-03-31 02:11:19.460443+00:00,2026-04-02 18:38:10.669223+00:00
1029,40d339c6-9f7e-4c65-80aa-eeed3589bc0a,5e3a8bbe-4747-4f6c-a52f-e982db7f63be,2,Contenu intéressant mais pas assez approfondi. Catégorie : Culture d’entreprise. Point de référence : Rencontre culture interne ambassadeurs culture - édition 0406.,False,2026-03-30 17:29:58.869268+00:00,2026-04-03 15:03:40.181595+00:00
1030,7dd6c375-bc30-4b54-9918-bfaebbc54d99,4d667ed7-ec6b-4add-aae1-3807ff1a161c,5,Format dynamique et échanges très constructifs. Catégorie : Formation. Point de référence : Formation cybersécurité - édition 0507.,True,2026-04-08 06:35:57.348436+00:00,2026-04-15 02:17:24.477160+00:00
1031,0d190215-dd65-4aca-a803-d461f0c97c68,0f332dc1-8d8c-4d07-9e8e-61e2d0086221,1,Le contenu ne répondait pas vraiment aux attentes. Catégorie : RSE. Point de référence : Action RSE économie d’énergie - édition 0501.,False,2026-03-20 05:09:55.221582+00:00,2026-03-22 01:45:51.646646+00:00
1032,ccd46cab-c742-472f-8b66-729694b1c18b,77912841-0831-4559-9152-00fd23a9a51c,5,Format dynamique et échanges très constructifs. Catégorie : RSE. Point de référence : Initiative durable inclusion - édition 0736.,True,2026-04-13 11:45:17.779839+00:00,2026-04-17 16:45:48.719170+00:00
1033,0a0c2bd6-9d51-441b-83d0-68db4cd99256,5a279486-f19e-477b-ada8-50c908151f96,3,"Bon thème, mais le rythme pourrait être mieux équilibré. Catégorie : Culture d’entreprise. Point de référence : Rencontre culture interne onboarding culturel - édition 0105.",True,2026-03-04 11:48:34.249837+00:00,2026-03-05 00:14:45.209220+00:00
1034,0a0c2bd6-9d51-441b-83d0-68db4cd99256,65f45148-d34d-4ca8-b231-ff27af7e1083,5,Intervention de qualité avec des exemples concrets. Catégorie : Culture d’entreprise. Point de référence : Rencontre culture interne onboarding culturel - édition 0105.,True,2026-03-11 00:54:17.726766+00:00,2026-03-12 11:03:50.452360+00:00
1035,40d339c6-9f7e-4c65-80aa-eeed3589bc0a,9d09832f-ff19-4c77-9c05-12881b06c117,2,Contenu intéressant mais pas assez approfondi. Catégorie : Culture d’entreprise. Point de référence : Rencontre culture interne ambassadeurs culture - édition 0406.,True,2026-03-30 09:37:03.251473+00:00,2026-04-01 07:00:52.843614+00:00
1036,b5a07b22-e8b4-4066-9f47-dfab0796c1c3,4597622b-a50f-4a08-82d3-b202eb23c08b,3,Expérience satisfaisante avec davantage d’exemples souhaités. Catégorie : Networking. Point de référence : Networking experts internes - édition 0810.,True,2026-04-30 14:57:13.022177+00:00,2026-04-30 19:01:01.594486+00:00
1037,8ab14006-b776-448d-9d93-d01d7cd90426,3619dfe1-747a-4948-8c14-9a75c51a9710,4,Bon événement avec un contenu pertinent. Catégorie : Team building. Point de référence : Défi collaboratif résolution de problèmes - Informatique - édition 0463.,False,2026-03-08 01:15:24.414323+00:00,2026-03-17 17:14:51.306405+00:00
1038,73ed9e10-d7dd-4f35-812a-0836380719a5,1ba29722-dcc2-4239-905a-c56c23d4a6fb,3,Expérience satisfaisante avec davantage d’exemples souhaités. Catégorie : Webinaire. Point de référence : Session en ligne bien-être au travail - édition 0366.,False,2026-04-14 19:43:21.421761+00:00,2026-04-15 16:13:21.573498+00:00
1039,14a26d46-5b31-499f-ad00-fc30c8e863e4,f32fdb6b-d074-4fe9-9c58-dafa738bada1,3,Session correcte avec quelques pistes d’amélioration. Catégorie : RSE. Point de référence : Atelier RSE économie d’énergie - édition 0966.,True,2026-04-27 03:24:15.777468+00:00,2026-04-28 05:27:09.871545+00:00
1040,ccd46cab-c742-472f-8b66-729694b1c18b,db51b55f-fef8-478b-b35a-f2511f4012c2,4,Bon événement avec un contenu pertinent. Catégorie : RSE. Point de référence : Initiative durable inclusion - édition 0736.,True,2026-04-12 08:02:55.424740+00:00,2026-04-12 14:11:14.894260+00:00
1041,14a26d46-5b31-499f-ad00-fc30c8e863e4,88ca13bd-4e60-4303-800f-294b5b96f80d,2,Contenu intéressant mais pas assez approfondi. Catégorie : RSE. Point de référence : Atelier RSE économie d’énergie - édition 0966.,False,2026-04-26 06:51:15.187096+00:00,2026-04-27 06:13:14.867723+00:00
1042,40d339c6-9f7e-4c65-80aa-eeed3589bc0a,553aa3f4-b0d4-4902-96eb-9580f1ab5102,2,Session trop courte pour couvrir le sujet correctement. Catégorie : Culture d’entreprise. Point de référence : Rencontre culture interne ambassadeurs culture - édition 0406.,False,2026-04-02 02:49:54.712116+00:00,2026-04-02 19:51:21.391476+00:00
1043,14a26d46-5b31-499f-ad00-fc30c8e863e4,15422187-1dc9-46d5-8bf2-867217ee9f44,4,Bonne animation avec des points pratiques. Catégorie : RSE. Point de référence : Atelier RSE économie d’énergie - édition 0966.,True,2026-04-26 15:59:39.567574+00:00,2026-04-29 15:23:45.537243+00:00
1044,ccd46cab-c742-472f-8b66-729694b1c18b,85480232-8d0c-45e2-bb3b-62ccdcf67029,5,Intervention de qualité avec des exemples concrets. Catégorie : RSE. Point de référence : Initiative durable inclusion - édition 0736.,False,2026-04-07 21:06:26.583313+00:00,2026-04-10 00:33:40.917794+00:00
1045,ccd46cab-c742-472f-8b66-729694b1c18b,04d1e3f4-5420-4b71-a3a5-85f2ed790744,3,"Bon thème, mais le rythme pourrait être mieux équilibré. Catégorie : RSE. Point de référence : Initiative durable inclusion - édition 0736.",False,2026-04-08 21:22:29.011298+00:00,2026-04-09 02:17:14.443282+00:00
1046,14a26d46-5b31-499f-ad00-fc30c8e863e4,5783b7bc-8de7-40b5-b1e8-896921098bd2,5,Intervention de qualité avec des exemples concrets. Catégorie : RSE. Point de référence : Atelier RSE économie d’énergie - édition 0966.,False,2026-04-27 22:15:37.878219+00:00,2026-04-30 00:32:08.097178+00:00
1047,2a993f2e-58c0-4268-a821-34a46d9e99b3,5dc41219-d217-4f8f-a4d3-a9ec3b263384,5,Intervention de qualité avec des exemples concrets. Catégorie : Afterwork. Point de référence : Moment convivial équipes projet - édition 0073.,True,2026-04-22 09:15:38.596207+00:00,2026-04-23 11:42:08.677603+00:00
1048,9c310c8a-230b-4fa5-83e3-97417739fdd1,74164678-a923-474f-9942-ef98874b21a7,3,Expérience satisfaisante avec davantage d’exemples souhaités. Catégorie : Afterwork. Point de référence : Rencontre informelle finance et business - Développement - édition 0886.,False,2026-03-28 13:25:09.067576+00:00,2026-03-30 09:39:47.469852+00:00
1049,bd1a3473-a2be-43bf-9f69-fbd42e9fb520,0d89d375-2da9-4e6e-bf17-55801c583b8e,4,Événement intéressant et globalement réussi. Catégorie : Afterwork. Point de référence : Rencontre informelle réseau interne - édition 0224.,False,2026-04-03 03:26:50.765428+00:00,2026-04-03 23:45:54.507214+00:00
1050,40d339c6-9f7e-4c65-80aa-eeed3589bc0a,9670db24-9fbd-4eae-8798-eee73b7f38b0,4,Bon événement avec un contenu pertinent. Catégorie : Culture d’entreprise. Point de référence : Rencontre culture interne ambassadeurs culture - édition 0406.,False,2026-04-01 20:14:09.353762+00:00,2026-04-04 19:05:24.384430+00:00
1051,a779c006-7510-4048-94bc-ffdc9259f64a,e7809835-b2eb-469d-af70-252267401dcd,1,Session difficile à suivre et peu pratique. Catégorie : Innovation. Point de référence : Atelier innovation prototypage rapide - édition 0286.,False,2026-03-09 13:19:24.809784+00:00,2026-03-10 09:00:36.385006+00:00
1052,ac26fd8d-c517-4688-bef2-c5c201e2ff96,a8d3e377-0e26-45b7-bd86-63aae9be7dbb,5,"Excellente expérience, contenu clair et directement utile. Catégorie : Innovation. Point de référence : Lab innovation automatisation métier - édition 0066.",True,2026-04-24 07:35:53.400525+00:00,2026-04-26 03:50:54.140933+00:00
1053,10440011-36d1-45cd-b0f9-29469dc42429,aaf51b3f-54ec-45c3-8487-c08aaa05d8c7,4,Bon événement avec un contenu pertinent. Catégorie : Conférence. Point de référence : Table ronde leadership responsable - édition 0678.,False,2026-04-27 18:51:23.395702+00:00,2026-04-28 00:48:19.452738+00:00
1054,785cfbf1-488c-41df-aacd-31498c90fb44,3b4c8589-a29e-4f2a-9518-57ade939fcf8,1,Session difficile à suivre et peu pratique. Catégorie : Networking. Point de référence : Speed meeting communautés internes - Ressources humaines - édition 0449.,False,2026-04-02 15:52:10.594047+00:00,2026-04-06 01:40:00.928342+00:00
1055,ccd46cab-c742-472f-8b66-729694b1c18b,1a4b66de-c33c-49df-9b73-d52c3e699483,1,Session difficile à suivre et peu pratique. Catégorie : RSE. Point de référence : Initiative durable inclusion - édition 0736.,True,2026-04-15 20:52:00.167520+00:00,2026-04-19 00:47:56.672406+00:00
1056,ec82a583-604f-437f-a255-66b4a7459372,de793784-3e9c-4a5b-a50b-5e1a0437bd90,2,Organisation perfectible et interaction limitée. Catégorie : Afterwork. Point de référence : Moment convivial communauté tech - édition 0190.,False,2026-03-16 16:57:13.496620+00:00,2026-03-20 20:44:23.492542+00:00
1057,980787db-d4eb-4aa9-ab2e-45126ad1567a,67b9e613-4792-4b7e-88f0-54df3f761ed0,3,Contenu utile mais parfois trop général. Catégorie : Networking. Point de référence : Speed meeting forum projets - édition 0867.,False,2026-03-31 06:36:00.910447+00:00,2026-03-31 20:23:02.806704+00:00
1058,14a26d46-5b31-499f-ad00-fc30c8e863e4,c0278ba1-ce60-47e3-9f28-8dd3d2d45b37,4,Session utile et bien structurée. Catégorie : RSE. Point de référence : Atelier RSE économie d’énergie - édition 0966.,True,2026-04-28 23:10:33.483716+00:00,2026-04-29 05:08:18.300961+00:00
1059,a779c006-7510-4048-94bc-ffdc9259f64a,a04f5eda-a557-4705-92b5-88cc55ea6558,5,Intervention de qualité avec des exemples concrets. Catégorie : Innovation. Point de référence : Atelier innovation prototypage rapide - édition 0286.,True,2026-03-14 11:29:40.110724+00:00,2026-03-17 22:15:06.639377+00:00
1060,785cfbf1-488c-41df-aacd-31498c90fb44,206f3caa-e4f4-4c32-9bbe-a77b272bce88,1,Expérience limitée avec trop peu de valeur opérationnelle. Catégorie : Networking. Point de référence : Speed meeting communautés internes - Ressources humaines - édition 0449.,True,2026-03-29 07:41:51.041063+00:00,2026-04-06 02:11:39.777640+00:00
1061,0d190215-dd65-4aca-a803-d461f0c97c68,ca7c15d4-b63c-43b9-a154-a9f6ec9bd46d,2,Session trop courte pour couvrir le sujet correctement. Catégorie : RSE. Point de référence : Action RSE économie d’énergie - édition 0501.,False,2026-03-22 00:12:46.129024+00:00,2026-03-22 15:19:22.844391+00:00
1062,359e99c9-a8e0-464c-a3e4-0cf90413eda0,23cf3644-a5e7-4b7a-848c-b3c4ffc0d526,5,"Très bonne session, bien organisée et enrichissante. Catégorie : Conférence. Point de référence : Keynote interne finance durable - IoT - édition 0998.",True,2026-04-12 08:22:31.537956+00:00,2026-04-12 19:27:34.036926+00:00
1063,7dd6c375-bc30-4b54-9918-bfaebbc54d99,284ef197-5fe6-404b-92da-1fd69387091d,3,Expérience satisfaisante avec davantage d’exemples souhaités. Catégorie : Formation. Point de référence : Formation cybersécurité - édition 0507.,False,2026-03-31 17:29:49.959963+00:00,2026-04-01 08:56:15.334348+00:00
1064,0d190215-dd65-4aca-a803-d461f0c97c68,8006d300-c0ae-4a0d-ba53-074804f86119,5,Intervention de qualité avec des exemples concrets. Catégorie : RSE. Point de référence : Action RSE économie d’énergie - édition 0501.,True,2026-03-16 19:16:05.429595+00:00,2026-03-19 10:12:40.228107+00:00
1065,0d190215-dd65-4aca-a803-d461f0c97c68,12f5d09b-3a9f-46b1-98f3-f1fcb7df3201,5,"Très bonne session, bien organisée et enrichissante. Catégorie : RSE. Point de référence : Action RSE économie d’énergie - édition 0501.",True,2026-03-15 03:30:32.712924+00:00,2026-03-15 10:56:29.848236+00:00
1066,c63b2370-25af-4d8f-9320-7226692b196b,a76c196d-d55a-489a-9e41-2892f1411a8b,1,Session difficile à suivre et peu pratique. Catégorie : Conférence. Point de référence : Table ronde finance durable - édition 0697.,True,2026-04-30 17:03:19.356574+00:00,2026-05-01 01:17:39.520280+00:00
1067,0a0c2bd6-9d51-441b-83d0-68db4cd99256,4d667ed7-ec6b-4add-aae1-3807ff1a161c,2,Session trop courte pour couvrir le sujet correctement. Catégorie : Culture d’entreprise. Point de référence : Rencontre culture interne onboarding culturel - édition 0105.,True,2026-03-05 15:51:05.752172+00:00,2026-03-06 02:15:16.189638+00:00
1068,0d190215-dd65-4aca-a803-d461f0c97c68,3153eaad-facb-4e77-bf73-9a19018c032d,4,Bonne animation avec des points pratiques. Catégorie : RSE. Point de référence : Action RSE économie d’énergie - édition 0501.,True,2026-03-17 09:46:16.670384+00:00,2026-03-19 05:56:16.250381+00:00
1069,73ed9e10-d7dd-4f35-812a-0836380719a5,dfc8f475-9202-4a52-9002-24f557cc4c64,4,Bonne animation avec des points pratiques. Catégorie : Webinaire. Point de référence : Session en ligne bien-être au travail - édition 0366.,True,2026-04-12 12:32:18.227147+00:00,2026-04-14 23:24:34.769849+00:00
1070,412f7996-b4f2-44ec-be37-0aa199ec8998,e0b41b2a-0c7b-41b4-b605-9004a85a2f65,2,Organisation perfectible et interaction limitée. Catégorie : Atelier. Point de référence : Session pratique design thinking - édition 0892.,False,2026-03-26 18:37:24.231579+00:00,2026-03-27 08:42:03.074740+00:00
1071,5c16972b-3360-4fab-9157-7a2fe4be1ed7,cb9bfc83-d69e-4da2-b15e-b524df16c0e3,1,Expérience limitée avec trop peu de valeur opérationnelle. Catégorie : Conférence. Point de référence : Table ronde marque employeur - édition 0726.,True,2026-03-12 10:45:35.764912+00:00,2026-03-21 06:18:37.700791+00:00
1072,558f4ece-d28f-4f60-a1ed-0fc59ecd077f,be09ca96-c6bc-47f0-8da2-2fe50ad27d22,3,Contenu utile mais parfois trop général. Catégorie : Bien-être. Point de référence : Pause prévention santé mentale - édition 0717.,False,2026-04-21 11:57:24.501787+00:00,2026-04-24 10:22:19.220172+00:00
1073,2662f2f2-e147-4bfb-a3b6-41a7cba757de,3ce5d8ff-3af6-4183-83e3-d0fad13a6ef1,4,Bon événement avec un contenu pertinent. Catégorie : Bien-être. Point de référence : Rencontre santé au travail équilibre professionnel - édition 0453.,False,2026-04-10 15:09:33.666244+00:00,2026-04-11 12:10:03.691723+00:00
1074,0d190215-dd65-4aca-a803-d461f0c97c68,6e55651b-8ed1-4671-be45-9df63f4dbdb6,4,Session utile et bien structurée. Catégorie : RSE. Point de référence : Action RSE économie d’énergie - édition 0501.,True,2026-03-16 18:52:35.969894+00:00,2026-03-16 21:14:58.239791+00:00
1075,10440011-36d1-45cd-b0f9-29469dc42429,2b117fb4-0476-4220-9e19-f00fccae94a5,3,Contenu utile mais parfois trop général. Catégorie : Conférence. Point de référence : Table ronde leadership responsable - édition 0678.,True,2026-04-28 05:39:19.564569+00:00,2026-04-29 01:00:12.131049+00:00
1076,fb518144-8d76-42a9-a016-6da13e385137,6923b135-0a80-41b6-a29d-108910d3481e,5,"Très bonne session, bien organisée et enrichissante. Catégorie : Networking. Point de référence : Forum d’échanges partage d’expérience - Support client - édition 0533.",False,2026-04-14 20:44:59.241878+00:00,2026-04-20 19:47:21.092227+00:00
1077,bd1a3473-a2be-43bf-9f69-fbd42e9fb520,03eeb36f-1602-4d94-af8d-fa5e5db432b8,2,Organisation perfectible et interaction limitée. Catégorie : Afterwork. Point de référence : Rencontre informelle réseau interne - édition 0224.,True,2026-04-04 04:30:22.590566+00:00,2026-04-06 09:46:35.571333+00:00
1078,14a26d46-5b31-499f-ad00-fc30c8e863e4,c58bb0f6-4d0a-48af-8710-da23e9acd1d0,3,Expérience satisfaisante avec davantage d’exemples souhaités. Catégorie : RSE. Point de référence : Atelier RSE économie d’énergie - édition 0966.,True,2026-04-25 23:14:11.077424+00:00,2026-04-26 15:16:06.708958+00:00
1079,73ed9e10-d7dd-4f35-812a-0836380719a5,074ac71d-aafc-47a0-9056-0c48ad4084ce,1,Expérience limitée avec trop peu de valeur opérationnelle. Catégorie : Webinaire. Point de référence : Session en ligne bien-être au travail - édition 0366.,True,2026-04-15 22:22:03.052681+00:00,2026-04-16 09:29:52.089509+00:00
1080,77eff7bb-309d-4c5d-bcb8-b49951ccb903,cdceb895-35d8-4e18-b3c1-c6e0cb902595,2,Organisation perfectible et interaction limitée. Catégorie : RSE. Point de référence : Atelier RSE achats responsables - édition 0942.,False,2026-03-14 08:24:40.820737+00:00,2026-03-14 19:09:05.763020+00:00
1081,14a26d46-5b31-499f-ad00-fc30c8e863e4,d3db882a-0f69-4757-86d7-7684ed050599,1,Expérience limitée avec trop peu de valeur opérationnelle. Catégorie : RSE. Point de référence : Atelier RSE économie d’énergie - édition 0966.,True,2026-04-25 19:22:43.076219+00:00,2026-04-30 02:54:20.390921+00:00
1082,c63b2370-25af-4d8f-9320-7226692b196b,8de3a1bf-0867-4629-9291-42a74caf9008,2,Contenu intéressant mais pas assez approfondi. Catégorie : Conférence. Point de référence : Table ronde finance durable - édition 0697.,False,2026-05-01 06:42:11.021036+00:00,2026-05-01 12:00:00.000000+00:00
1083,39bfc35e-8bb4-403e-b418-4d800493599f,50e23573-ed49-4a5a-a274-62ac3d92fa00,3,Expérience satisfaisante avec davantage d’exemples souhaités. Catégorie : Atelier. Point de référence : Atelier collaboratif gestion budgétaire - édition 0888.,False,2026-03-31 22:02:56.527804+00:00,2026-04-01 17:29:09.612857+00:00
1084,ccd46cab-c742-472f-8b66-729694b1c18b,ea6a2151-71d0-4a29-bdab-6b249f5466e9,3,Expérience satisfaisante avec davantage d’exemples souhaités. Catégorie : RSE. Point de référence : Initiative durable inclusion - édition 0736.,True,2026-04-11 12:16:55.669195+00:00,2026-04-18 19:28:33.438381+00:00
1085,bd1a3473-a2be-43bf-9f69-fbd42e9fb520,8a674818-0a1b-475b-a8c9-cbe1e87d7943,3,Contenu utile mais parfois trop général. Catégorie : Afterwork. Point de référence : Rencontre informelle réseau interne - édition 0224.,False,2026-04-03 06:27:30.334328+00:00,2026-04-11 10:35:52.453938+00:00
1086,df9061ce-768a-48f5-85fa-9e84b27f3c82,4696641d-ca0e-4d94-9047-ade0d245ddb5,1,Le contenu ne répondait pas vraiment aux attentes. Catégorie : Atelier. Point de référence : Workshop gestion budgétaire - édition 0104.,False,2026-03-31 15:36:41.764270+00:00,2026-04-04 11:50:46.141255+00:00
1087,3d511cb8-71cf-4f9c-9e3e-2243ccc0c3ba,066a8584-2f31-4a5b-81a3-bfcffb97ceb0,4,Bonne animation avec des points pratiques. Catégorie : Atelier. Point de référence : Workshop prise de parole - édition 0784.,True,2026-04-04 22:39:43.747149+00:00,2026-04-07 10:39:58.109619+00:00
1088,b22a565b-8fff-497d-a61d-83781fd9a616,3153eaad-facb-4e77-bf73-9a19018c032d,4,Événement intéressant et globalement réussi. Catégorie : Afterwork. Point de référence : Soirée réseau nouveaux arrivants - édition 0201.,False,2026-04-20 17:50:07.675067+00:00,2026-04-24 16:23:16.953270+00:00
1089,2bf86b0c-d22a-4f62-894f-818dcf351857,67218b7a-eda7-4eed-b37b-939fba1ef9ce,4,Session utile et bien structurée. Catégorie : Formation. Point de référence : Module d’apprentissage SQL avancé - édition 0065.,True,2026-03-15 14:32:26.755926+00:00,2026-03-18 19:04:55.620136+00:00
1090,785cfbf1-488c-41df-aacd-31498c90fb44,28ed3041-bf44-4e82-90cd-dbc09eec2534,3,Session correcte avec quelques pistes d’amélioration. Catégorie : Networking. Point de référence : Speed meeting communautés internes - Ressources humaines - édition 0449.,True,2026-04-06 09:28:44.134165+00:00,2026-04-09 04:03:10.241418+00:00
1091,14a26d46-5b31-499f-ad00-fc30c8e863e4,2c6db120-61ac-4444-868a-bb75396aaae3,4,Bonne animation avec des points pratiques. Catégorie : RSE. Point de référence : Atelier RSE économie d’énergie - édition 0966.,True,2026-04-30 02:33:26.156288+00:00,2026-04-30 15:37:42.214351+00:00
1092,9c310c8a-230b-4fa5-83e3-97417739fdd1,586058b9-99bc-4600-9f37-87111fcaf37e,3,"Bon thème, mais le rythme pourrait être mieux équilibré. Catégorie : Afterwork. Point de référence : Rencontre informelle finance et business - Développement - édition 0886.",True,2026-03-31 13:15:09.452501+00:00,2026-04-06 07:46:38.098250+00:00
1093,f7a54488-0611-449e-bf85-c0398fd517a2,00a63ee3-b72e-4d31-b5f3-e2c9113709fa,3,Session correcte avec quelques pistes d’amélioration. Catégorie : Atelier. Point de référence : Workshop prise de parole - édition 0144.,False,2026-03-06 06:55:46.158063+00:00,2026-03-09 02:47:36.261349+00:00
1094,9c310c8a-230b-4fa5-83e3-97417739fdd1,d0461ae2-5c05-43f1-a230-208ef643b565,4,Événement intéressant et globalement réussi. Catégorie : Afterwork. Point de référence : Rencontre informelle finance et business - Développement - édition 0886.,True,2026-03-31 16:21:21.181251+00:00,2026-04-03 12:24:23.814808+00:00
1095,7e26e7c2-9106-42f4-b316-f4e374e83380,978615d9-0394-47fb-a990-7b91e37cbcf3,4,Bonne animation avec des points pratiques. Catégorie : Bien-être. Point de référence : Rencontre santé au travail nutrition et énergie - édition 0659.,False,2026-03-06 04:23:53.309072+00:00,2026-03-07 10:18:59.486763+00:00
1096,fc34e1fc-4661-4a79-8177-57658ee1d856,29e789b9-43d6-4d77-bba5-a8fe5bbec079,3,Expérience satisfaisante avec davantage d’exemples souhaités. Catégorie : Webinaire. Point de référence : Live interne IoT et capteurs - édition 0063.,False,2026-03-02 16:15:31.642326+00:00,2026-03-02 22:57:19.390086+00:00
1097,fb518144-8d76-42a9-a016-6da13e385137,5b666a1b-6391-46d4-8c0c-b2e34ab3fb1b,3,Session correcte avec quelques pistes d’amélioration. Catégorie : Networking. Point de référence : Forum d’échanges partage d’expérience - Support client - édition 0533.,False,2026-04-16 18:49:17.500753+00:00,2026-04-19 19:11:34.808714+00:00
1098,53b72b57-ba17-47d8-ba23-2382ac956667,8d96e8da-9993-495a-a0c2-848796ac710e,5,Format dynamique et échanges très constructifs. Catégorie : Atelier. Point de référence : Atelier amélioration continue - édition 0117.,True,2026-04-14 11:48:20.524035+00:00,2026-04-15 10:56:05.473814+00:00
1099,785cfbf1-488c-41df-aacd-31498c90fb44,c061b807-bf13-4062-83a1-8560217e80d8,4,Session utile et bien structurée. Catégorie : Networking. Point de référence : Speed meeting communautés internes - Ressources humaines - édition 0449.,True,2026-04-05 04:58:31.381955+00:00,2026-04-08 20:09:27.440317+00:00
1100,10440011-36d1-45cd-b0f9-29469dc42429,9d09832f-ff19-4c77-9c05-12881b06c117,4,Événement intéressant et globalement réussi. Catégorie : Conférence. Point de référence : Table ronde leadership responsable - édition 0678.,True,2026-04-28 20:17:07.296291+00:00,2026-04-29 16:29:00.276134+00:00
1101,5c16972b-3360-4fab-9157-7a2fe4be1ed7,bc4f2415-4186-4d74-ba12-52a4a7b18bc6,3,Expérience satisfaisante avec davantage d’exemples souhaités. Catégorie : Conférence. Point de référence : Table ronde marque employeur - édition 0726.,False,2026-03-18 02:42:25.842960+00:00,2026-03-25 21:46:13.428566+00:00
1102,7dd6c375-bc30-4b54-9918-bfaebbc54d99,15faaccb-2bbf-40c2-8ccd-d84e51bfe1a3,4,Bonne animation avec des points pratiques. Catégorie : Formation. Point de référence : Formation cybersécurité - édition 0507.,True,2026-04-01 22:34:43.462854+00:00,2026-04-03 18:23:31.417831+00:00
1103,10440011-36d1-45cd-b0f9-29469dc42429,97fc9842-4aa8-4e8a-984d-00e4ebae786f,3,"Bon thème, mais le rythme pourrait être mieux équilibré. Catégorie : Conférence. Point de référence : Table ronde leadership responsable - édition 0678.",False,2026-04-28 08:24:56.562860+00:00,2026-05-01 07:41:19.539254+00:00
1104,c55301a7-c74d-4ff0-8635-daafc502b6db,16027d3d-1f20-426f-a1bf-3b8acac085b6,3,Contenu utile mais parfois trop général. Catégorie : Webinaire. Point de référence : Webinaire reporting financier - édition 0578.,False,2026-03-12 20:14:43.765039+00:00,2026-03-13 05:48:49.556519+00:00
1105,558f4ece-d28f-4f60-a1ed-0fc59ecd077f,83d4670d-ba55-4ec7-9348-24a2b2c1d40f,5,Intervention de qualité avec des exemples concrets. Catégorie : Bien-être. Point de référence : Pause prévention santé mentale - édition 0717.,False,2026-04-21 02:12:39.870210+00:00,2026-04-23 14:01:08.032604+00:00
1106,9c310c8a-230b-4fa5-83e3-97417739fdd1,19599c23-5a07-447f-8730-c23290710835,4,Événement intéressant et globalement réussi. Catégorie : Afterwork. Point de référence : Rencontre informelle finance et business - Développement - édition 0886.,True,2026-04-03 14:16:34.492405+00:00,2026-04-04 14:51:36.718632+00:00
1107,c63b2370-25af-4d8f-9320-7226692b196b,e8dda1ab-4e22-4b44-b642-16d429b530e6,4,Événement intéressant et globalement réussi. Catégorie : Conférence. Point de référence : Table ronde finance durable - édition 0697.,True,2026-04-30 22:49:22.569589+00:00,2026-05-01 01:09:21.601560+00:00
1108,f7a54488-0611-449e-bf85-c0398fd517a2,debfdb17-41a8-47ec-a914-677fa4a8b9d1,5,Format dynamique et échanges très constructifs. Catégorie : Atelier. Point de référence : Workshop prise de parole - édition 0144.,False,2026-03-09 00:32:50.074109+00:00,2026-03-09 20:23:10.512019+00:00
1109,fb518144-8d76-42a9-a016-6da13e385137,0aa6c832-d272-493b-af96-e53a16a8ba84,5,Format dynamique et échanges très constructifs. Catégorie : Networking. Point de référence : Forum d’échanges partage d’expérience - Support client - édition 0533.,False,2026-04-22 05:39:25.964428+00:00,2026-04-22 22:48:43.587700+00:00
1110,79e4e9e1-01be-46d8-bd8c-84a914c0397a,dbb62cac-e512-454a-a2dd-cd278e6b0b3e,4,Événement intéressant et globalement réussi. Catégorie : Afterwork. Point de référence : Soirée réseau convivialité - édition 0011.,False,2026-04-19 23:38:07.685004+00:00,2026-04-22 22:15:25.920076+00:00
1111,bd1a3473-a2be-43bf-9f69-fbd42e9fb520,542134d1-b226-400c-8d7c-4e24b1a088a6,2,Organisation perfectible et interaction limitée. Catégorie : Afterwork. Point de référence : Rencontre informelle réseau interne - édition 0224.,True,2026-04-02 06:31:15.888951+00:00,2026-04-11 21:19:22.838868+00:00
1112,73ed9e10-d7dd-4f35-812a-0836380719a5,d0461ae2-5c05-43f1-a230-208ef643b565,5,Intervention de qualité avec des exemples concrets. Catégorie : Webinaire. Point de référence : Session en ligne bien-être au travail - édition 0366.,False,2026-04-17 22:12:09.416834+00:00,2026-04-20 02:53:28.122779+00:00
1113,0a0c2bd6-9d51-441b-83d0-68db4cd99256,622dbe54-2ae7-45b3-9c3e-e10174715762,2,Objectifs utiles mais présentation à clarifier. Catégorie : Culture d’entreprise. Point de référence : Rencontre culture interne onboarding culturel - édition 0105.,False,2026-03-10 20:58:52.041979+00:00,2026-03-14 09:09:46.277620+00:00
1114,14a26d46-5b31-499f-ad00-fc30c8e863e4,2f9348fd-73c7-4bee-b63f-b880e839a3f8,4,Événement intéressant et globalement réussi. Catégorie : RSE. Point de référence : Atelier RSE économie d’énergie - édition 0966.,False,2026-04-30 22:50:23.675142+00:00,2026-05-01 10:09:27.779084+00:00
1115,14a26d46-5b31-499f-ad00-fc30c8e863e4,e0b41b2a-0c7b-41b4-b605-9004a85a2f65,5,Format dynamique et échanges très constructifs. Catégorie : RSE. Point de référence : Atelier RSE économie d’énergie - édition 0966.,False,2026-04-26 13:48:03.527674+00:00,2026-04-27 03:23:27.503306+00:00
1116,32550296-6435-4ef2-90e1-028656282c7f,542706cb-ff1a-4d9a-9b3d-621e4e7fe4bb,2,Session trop courte pour couvrir le sujet correctement. Catégorie : Networking. Point de référence : Forum d’échanges petit-déjeuner business - édition 0357.,True,2026-03-18 06:40:03.268945+00:00,2026-03-18 19:36:47.295452+00:00
1117,9c310c8a-230b-4fa5-83e3-97417739fdd1,bcd22804-cb9b-430b-879b-fbdade368183,5,Format dynamique et échanges très constructifs. Catégorie : Afterwork. Point de référence : Rencontre informelle finance et business - Développement - édition 0886.,False,2026-03-31 17:53:12.381936+00:00,2026-04-01 07:30:15.025728+00:00
1118,0a0c2bd6-9d51-441b-83d0-68db4cd99256,7d15ce84-8e27-4d49-b5db-e0a53ce987cd,4,Session utile et bien structurée. Catégorie : Culture d’entreprise. Point de référence : Rencontre culture interne onboarding culturel - édition 0105.,False,2026-03-09 22:20:11.650174+00:00,2026-03-14 01:00:23.340474+00:00
1119,ccd46cab-c742-472f-8b66-729694b1c18b,5179d5b9-4f1e-4e23-9bd1-90c1af18e263,2,Session trop courte pour couvrir le sujet correctement. Catégorie : RSE. Point de référence : Initiative durable inclusion - édition 0736.,True,2026-04-08 18:03:23.602965+00:00,2026-04-09 03:27:08.984174+00:00
1120,ab26d383-f377-446d-ba9c-43a38f47967d,ea94002e-07bf-4277-9b9a-4f657eaa8125,3,"Bon thème, mais le rythme pourrait être mieux équilibré. Catégorie : Bien-être. Point de référence : Pause prévention gestion du stress - édition 0394.",False,2026-04-30 12:28:09.520236+00:00,2026-04-30 18:17:16.168032+00:00
1121,df9061ce-768a-48f5-85fa-9e84b27f3c82,13376738-828d-4cdb-b40c-24d0da2a5573,4,Session utile et bien structurée. Catégorie : Atelier. Point de référence : Workshop gestion budgétaire - édition 0104.,True,2026-03-31 00:07:48.403092+00:00,2026-04-04 08:43:44.007211+00:00
1122,0a0c2bd6-9d51-441b-83d0-68db4cd99256,e9bcf6db-9a70-402b-96e0-5fad1e21ca31,5,Intervention de qualité avec des exemples concrets. Catégorie : Culture d’entreprise. Point de référence : Rencontre culture interne onboarding culturel - édition 0105.,False,2026-03-03 23:28:53.869203+00:00,2026-03-05 15:36:01.898398+00:00
1123,10440011-36d1-45cd-b0f9-29469dc42429,ed50a04f-41be-4ee7-89ae-aed7531faa34,4,Bon événement avec un contenu pertinent. Catégorie : Conférence. Point de référence : Table ronde leadership responsable - édition 0678.,False,2026-04-28 05:20:42.448723+00:00,2026-05-01 11:55:07.671609+00:00
1124,5c16972b-3360-4fab-9157-7a2fe4be1ed7,96166042-3372-46a1-969f-c215f392ece8,1,Session difficile à suivre et peu pratique. Catégorie : Conférence. Point de référence : Table ronde marque employeur - édition 0726.,False,2026-03-12 12:06:20.932670+00:00,2026-03-16 13:01:14.352019+00:00
1125,558f4ece-d28f-4f60-a1ed-0fc59ecd077f,d3db882a-0f69-4757-86d7-7684ed050599,4,Session utile et bien structurée. Catégorie : Bien-être. Point de référence : Pause prévention santé mentale - édition 0717.,True,2026-04-27 12:27:44.922173+00:00,2026-04-28 02:08:10.923581+00:00
1126,10440011-36d1-45cd-b0f9-29469dc42429,1a7b75b9-6dfb-43ac-8df5-e9d9c7ef26d8,2,Objectifs utiles mais présentation à clarifier. Catégorie : Conférence. Point de référence : Table ronde leadership responsable - édition 0678.,False,2026-04-29 02:09:37.527322+00:00,2026-04-30 05:02:08.630406+00:00
1127,9c310c8a-230b-4fa5-83e3-97417739fdd1,11938edb-7027-491c-9527-eaf7738ea9cd,1,Organisation insuffisante pour tirer profit du sujet. Catégorie : Afterwork. Point de référence : Rencontre informelle finance et business - Développement - édition 0886.,False,2026-03-27 05:35:48.828157+00:00,2026-04-03 08:22:06.628810+00:00
1128,fc937cd7-7fab-4a8d-a852-2291c0925b8b,de793784-3e9c-4a5b-a50b-5e1a0437bd90,4,Bonne animation avec des points pratiques. Catégorie : Team building. Point de référence : Challenge collectif challenge collaboratif - édition 0572.,False,2026-03-30 11:37:30.521974+00:00,2026-04-01 13:45:03.886389+00:00
1129,0ecd8622-7de2-4bd2-83ae-31ca4925c47e,0deccb0f-28c2-4434-a9fc-b509e554f041,3,"Bon thème, mais le rythme pourrait être mieux équilibré. Catégorie : Bien-être. Point de référence : Rencontre santé au travail équilibre professionnel - édition 0312.",True,2026-04-09 15:37:40.865195+00:00,2026-04-13 09:07:30.902523+00:00
1130,558f4ece-d28f-4f60-a1ed-0fc59ecd077f,bfe891b4-9403-4989-a44e-4cc7c30638a2,5,"Excellente expérience, contenu clair et directement utile. Catégorie : Bien-être. Point de référence : Pause prévention santé mentale - édition 0717.",True,2026-04-18 01:28:47.411074+00:00,2026-04-18 13:13:44.056782+00:00
1131,ccd46cab-c742-472f-8b66-729694b1c18b,76cbf7c4-1a28-4125-bb2c-8e192a892807,2,Session trop courte pour couvrir le sujet correctement. Catégorie : RSE. Point de référence : Initiative durable inclusion - édition 0736.,True,2026-04-07 07:49:55.995182+00:00,2026-04-08 09:25:58.071270+00:00
1132,10440011-36d1-45cd-b0f9-29469dc42429,7fe85746-fe19-422b-8bf2-d167d79a2d1a,5,"Excellente expérience, contenu clair et directement utile. Catégorie : Conférence. Point de référence : Table ronde leadership responsable - édition 0678.",True,2026-04-28 04:37:07.645985+00:00,2026-04-29 06:33:30.087430+00:00
1133,4dc60709-3167-41bb-aa8f-653175b97d40,e6b32c11-c369-4ced-9813-924c8e864732,3,Expérience satisfaisante avec davantage d’exemples souhaités. Catégorie : Networking. Point de référence : Speed meeting forum projets - édition 0900.,True,2026-04-22 01:35:06.625746+00:00,2026-04-23 14:05:20.064013+00:00
1134,5c16972b-3360-4fab-9157-7a2fe4be1ed7,00a63ee3-b72e-4d31-b5f3-e2c9113709fa,2,Session trop courte pour couvrir le sujet correctement. Catégorie : Conférence. Point de référence : Table ronde marque employeur - édition 0726.,False,2026-03-12 08:33:58.549399+00:00,2026-03-16 21:45:25.115272+00:00
1135,9c310c8a-230b-4fa5-83e3-97417739fdd1,b3d93062-a120-4b9f-8188-3421e21ae870,3,Expérience satisfaisante avec davantage d’exemples souhaités. Catégorie : Afterwork. Point de référence : Rencontre informelle finance et business - Développement - édition 0886.,True,2026-03-27 17:42:06.720899+00:00,2026-03-29 15:52:49.620656+00:00
1136,ccd46cab-c742-472f-8b66-729694b1c18b,92149006-a894-4f05-ab5d-36650644eb93,2,Objectifs utiles mais présentation à clarifier. Catégorie : RSE. Point de référence : Initiative durable inclusion - édition 0736.,True,2026-04-16 22:56:21.447276+00:00,2026-04-18 12:37:52.793155+00:00
1137,359e99c9-a8e0-464c-a3e4-0cf90413eda0,2a2ff3aa-a839-4038-a81c-29bf4839823e,4,Bon événement avec un contenu pertinent. Catégorie : Conférence. Point de référence : Keynote interne finance durable - IoT - édition 0998.,True,2026-04-11 01:00:06.946960+00:00,2026-04-13 08:13:02.887142+00:00
1138,412f7996-b4f2-44ec-be37-0aa199ec8998,50b973db-8479-47e1-8c19-f51f4998a03c,1,Le contenu ne répondait pas vraiment aux attentes. Catégorie : Atelier. Point de référence : Session pratique design thinking - édition 0892.,True,2026-03-23 17:10:16.905402+00:00,2026-03-24 15:08:43.275088+00:00
1139,412f7996-b4f2-44ec-be37-0aa199ec8998,0198bc4b-8443-4754-8317-49b56f81ecea,5,"Très bonne session, bien organisée et enrichissante. Catégorie : Atelier. Point de référence : Session pratique design thinking - édition 0892.",False,2026-03-29 18:06:13.853705+00:00,2026-03-29 23:52:15.586981+00:00
1140,412f7996-b4f2-44ec-be37-0aa199ec8998,8f1b219c-c56a-41c1-88e4-b541304785b8,3,Expérience satisfaisante avec davantage d’exemples souhaités. Catégorie : Atelier. Point de référence : Session pratique design thinking - édition 0892.,False,2026-03-28 18:30:35.452807+00:00,2026-04-05 22:01:37.555159+00:00
1141,0ecd8622-7de2-4bd2-83ae-31ca4925c47e,e8a80a6e-ee71-4373-8db9-cb211b8b0d92,4,Bon événement avec un contenu pertinent. Catégorie : Bien-être. Point de référence : Rencontre santé au travail équilibre professionnel - édition 0312.,True,2026-04-12 14:55:41.278999+00:00,2026-04-19 21:47:03.548489+00:00
1142,7c74f05d-bfb8-4726-8c16-e95b17f5e4be,7497f43c-158d-489b-b70c-fe3b4c138821,2,Contenu intéressant mais pas assez approfondi. Catégorie : Team building. Point de référence : Défi collaboratif confiance et coopération - édition 0331.,False,2026-04-29 13:04:37.143737+00:00,2026-04-30 20:44:46.129954+00:00
1143,35aa3585-3880-466e-a4f8-b30d6b45c62b,3b4c8589-a29e-4f2a-9518-57ade939fcf8,4,Bon événement avec un contenu pertinent. Catégorie : Afterwork. Point de référence : Soirée réseau finance et business - édition 0858.,True,2026-04-04 01:00:26.051983+00:00,2026-04-08 03:07:58.513918+00:00
1144,f7a54488-0611-449e-bf85-c0398fd517a2,4bd7d747-9088-4441-a4ca-12c5a3c80cfb,3,Session correcte avec quelques pistes d’amélioration. Catégorie : Atelier. Point de référence : Workshop prise de parole - édition 0144.,True,2026-03-06 13:44:14.435090+00:00,2026-03-07 03:48:59.913281+00:00
1145,35aa3585-3880-466e-a4f8-b30d6b45c62b,a4227edf-b1ca-4211-8668-7f5fc27b3661,5,Format dynamique et échanges très constructifs. Catégorie : Afterwork. Point de référence : Soirée réseau finance et business - édition 0858.,True,2026-04-12 08:26:07.779778+00:00,2026-04-16 08:59:00.629264+00:00
1146,73ed9e10-d7dd-4f35-812a-0836380719a5,82015a98-3b01-41dc-9cac-7c689d1a99b7,1,Expérience limitée avec trop peu de valeur opérationnelle. Catégorie : Webinaire. Point de référence : Session en ligne bien-être au travail - édition 0366.,False,2026-04-19 23:17:40.287968+00:00,2026-04-20 13:17:59.469298+00:00
1147,73ed9e10-d7dd-4f35-812a-0836380719a5,f1ea7bc8-4511-4946-992a-69c581e26bef,2,Contenu intéressant mais pas assez approfondi. Catégorie : Webinaire. Point de référence : Session en ligne bien-être au travail - édition 0366.,True,2026-04-15 17:24:23.808490+00:00,2026-04-16 00:44:02.341976+00:00
1148,14a26d46-5b31-499f-ad00-fc30c8e863e4,969f9cbb-d414-4484-aee9-fa12b5505b3e,1,Organisation insuffisante pour tirer profit du sujet. Catégorie : RSE. Point de référence : Atelier RSE économie d’énergie - édition 0966.,False,2026-04-28 06:08:02.787196+00:00,2026-04-30 05:50:12.902898+00:00
1149,9d3098e0-1636-4cc4-afda-35b15eccbcc4,d293ce30-027f-4bb3-ad26-f2dfc118d0c4,3,Session correcte avec quelques pistes d’amélioration. Catégorie : Culture d’entreprise. Point de référence : Session valeurs collaboration transversale - édition 0127.,False,2026-03-25 04:36:10.320445+00:00,2026-03-26 23:25:32.532758+00:00
1150,35aa3585-3880-466e-a4f8-b30d6b45c62b,cda07ab2-acb0-42ea-8b8d-d21f330bf70c,5,"Excellente expérience, contenu clair et directement utile. Catégorie : Afterwork. Point de référence : Soirée réseau finance et business - édition 0858.",False,2026-04-06 14:16:55.217326+00:00,2026-04-13 10:38:50.282638+00:00
1151,9d3098e0-1636-4cc4-afda-35b15eccbcc4,11a37724-d4a2-4571-9734-d56b460e4a73,4,Bonne animation avec des points pratiques. Catégorie : Culture d’entreprise. Point de référence : Session valeurs collaboration transversale - édition 0127.,False,2026-04-01 05:06:02.593277+00:00,2026-04-06 03:50:23.713189+00:00
1152,980787db-d4eb-4aa9-ab2e-45126ad1567a,d55887a6-ba09-4137-817b-136eca0eb8fe,1,Le contenu ne répondait pas vraiment aux attentes. Catégorie : Networking. Point de référence : Speed meeting forum projets - édition 0867.,True,2026-04-01 06:12:51.820676+00:00,2026-04-03 05:02:43.143702+00:00
1153,4dc60709-3167-41bb-aa8f-653175b97d40,7df083a9-7340-4dac-917d-70552e3183a5,3,"Bon thème, mais le rythme pourrait être mieux équilibré. Catégorie : Networking. Point de référence : Speed meeting forum projets - édition 0900.",True,2026-04-15 20:47:33.831020+00:00,2026-04-19 06:49:55.159702+00:00
1154,ac26fd8d-c517-4688-bef2-c5c201e2ff96,4c324c73-2dc1-425d-8e1b-f3224f6128ec,5,"Très bonne session, bien organisée et enrichissante. Catégorie : Innovation. Point de référence : Lab innovation automatisation métier - édition 0066.",False,2026-04-30 11:24:57.037845+00:00,2026-05-01 00:21:13.512042+00:00
1155,f7a54488-0611-449e-bf85-c0398fd517a2,82262980-bc3c-49fb-a210-28daa74d1ba3,4,Session utile et bien structurée. Catégorie : Atelier. Point de référence : Workshop prise de parole - édition 0144.,True,2026-03-05 01:53:23.996651+00:00,2026-03-05 20:05:07.015715+00:00
1156,a779c006-7510-4048-94bc-ffdc9259f64a,b84486da-21ec-4b82-bf29-a0ba711862f5,4,Bon événement avec un contenu pertinent. Catégorie : Innovation. Point de référence : Atelier innovation prototypage rapide - édition 0286.,True,2026-03-14 12:51:56.022966+00:00,2026-03-17 02:11:33.961876+00:00
1157,df9061ce-768a-48f5-85fa-9e84b27f3c82,966251e0-21da-4b33-8c4f-5acafc653771,5,"Excellente expérience, contenu clair et directement utile. Catégorie : Atelier. Point de référence : Workshop gestion budgétaire - édition 0104.",True,2026-04-02 07:05:21.227695+00:00,2026-04-08 12:22:28.386218+00:00
1158,5c16972b-3360-4fab-9157-7a2fe4be1ed7,a7019b71-bdec-45fd-aa1f-46c39d0046c3,4,Session utile et bien structurée. Catégorie : Conférence. Point de référence : Table ronde marque employeur - édition 0726.,False,2026-03-14 12:22:56.684899+00:00,2026-03-15 18:41:59.346875+00:00
1159,9d3098e0-1636-4cc4-afda-35b15eccbcc4,a7019b71-bdec-45fd-aa1f-46c39d0046c3,1,Session difficile à suivre et peu pratique. Catégorie : Culture d’entreprise. Point de référence : Session valeurs collaboration transversale - édition 0127.,False,2026-03-22 17:01:06.649222+00:00,2026-03-23 03:59:50.841146+00:00
1160,f7a54488-0611-449e-bf85-c0398fd517a2,aaf51b3f-54ec-45c3-8487-c08aaa05d8c7,4,Session utile et bien structurée. Catégorie : Atelier. Point de référence : Workshop prise de parole - édition 0144.,True,2026-03-06 08:17:39.350817+00:00,2026-03-07 20:22:34.227396+00:00
1161,fb518144-8d76-42a9-a016-6da13e385137,7120f862-693b-4518-8e4c-e2bfe7963695,5,"Excellente expérience, contenu clair et directement utile. Catégorie : Networking. Point de référence : Forum d’échanges partage d’expérience - Support client - édition 0533.",False,2026-04-14 10:21:51.429225+00:00,2026-04-20 07:06:29.336950+00:00
