id,user_id,badge_code,unlocked_at
1,ce175c8f-1175-4928-bf29-79fe69406339,FIRST_STEP,2026-01-01 21:21:15.550874+00:00
2,539b3526-9e3d-45bd-baef-ec9d16abc2eb,FIRST_STEP,2026-01-02 01:51:46.277941+00:00
3,62f0f942-5b08-4351-9bfb-920a9b2364ec,FIRST_STEP,2026-01-02 05:55:15.746869+00:00
4,473aea92-b352-4816-84a6-998d6674e016,FIRST_STEP,2026-01-02 06:36:03.898774+00:00
5,109b05da-c32d-498a-baf2-dece7d8c5d21,FIRST_STEP,2026-01-02 11:43:50.657591+00:00
6,1601dd67-4724-4d1d-a0bc-461e96081aed,FIRST_STEP,2026-01-02 17:12:13.122980+00:00
7,c024ae2f-747f-4e78-b09d-430b0eca3860,FIRST_STEP,2026-01-02 20:07:41.756056+00:00
8,a0aecded-0f41-4eb0-8992-01472f33e2ed,FIRST_STEP,2026-01-03 05:37:13.151564+00:00
9,de4286de-b923-4053-93ef-12d2821eb39f,FIRST_STEP,2026-01-03 06:04:44.039691+00:00
10,c4aac5db-f0a1-41f7-ad7b-af5bdfaee13f,FIRST_STEP,2026-01-03 10:51:12.302824+00:00
11,7a896dbe-f0e6-49e6-be1b-41feb6e585a7,FIRST_STEP,2026-01-03 14:47:30.664702+00:00
12,29e789b9-43d6-4d77-bba5-a8fe5bbec079,FIRST_STEP,2026-01-03 19:08:46.351891+00:00
13,c0f17624-388d-4a76-833d-00a5d20ecc26,FIRST_STEP,2026-01-03 20:24:08.608825+00:00
14,969f9cbb-d414-4484-aee9-fa12b5505b3e,FIRST_STEP,2026-01-03 21:04:09.053814+00:00
15,b129122c-5e22-4eac-ada4-bdeab206bf97,FIRST_STEP,2026-01-04 00:39:51.239502+00:00
16,ae8476f4-9a83-4f9f-a68f-08866cdec032,FIRST_STEP,2026-01-04 07:58:00.669454+00:00
17,a0f6c262-a0ec-4b15-804b-15a46fdd8632,FIRST_STEP,2026-01-04 08:55:03.666429+00:00
18,9d77bbdb-a7c6-48dc-8333-69d2a53bae58,FIRST_STEP,2026-01-04 15:32:11.376926+00:00
19,4b1a88ac-4167-4eac-a0d2-4e293ef8f000,FIRST_STEP,2026-01-04 16:05:25.003884+00:00
20,8a85cbcb-c372-4854-9d56-ead45338499f,FIRST_STEP,2026-01-04 16:20:29.680182+00:00
21,65f45148-d34d-4ca8-b231-ff27af7e1083,FIRST_STEP,2026-01-04 16:23:37.074567+00:00
22,67b9e613-4792-4b7e-88f0-54df3f761ed0,FIRST_STEP,2026-01-04 22:34:23.362982+00:00
23,c3cebde2-04c5-4bd6-8742-5138c5699944,FIRST_STEP,2026-01-05 07:05:44.751285+00:00
24,915de5a6-4e56-45a3-9ec0-f304a3b83653,FIRST_STEP,2026-01-05 08:04:02.507663+00:00
25,ad077160-525d-4c40-8102-623ecef44a68,FIRST_STEP,2026-01-05 10:19:42.880543+00:00
26,f13df37c-d98f-46b6-94f2-685c946a87c1,FIRST_STEP,2026-01-05 14:30:43.448006+00:00
27,61a0e073-e937-4bac-ada2-d1c10bf8a9ed,FIRST_STEP,2026-01-05 17:25:20.068226+00:00
28,cd925f76-6a4a-4b65-b4d7-839f7aa778fc,FIRST_STEP,2026-01-05 21:09:33.811997+00:00
29,ada33a22-047d-41f7-9001-c78a46d52ecc,FIRST_STEP,2026-01-05 21:17:59.891564+00:00
30,d264ec2d-d6b4-4a68-a16e-2ce4e95ca174,FIRST_STEP,2026-01-06 04:46:12.877656+00:00
31,79813442-5e34-470e-ae19-fde9bd8d21e8,FIRST_STEP,2026-01-06 05:15:14.964913+00:00
32,ae923cee-de34-4666-b2f5-d8b68dd987f9,FIRST_STEP,2026-01-06 07:41:38.671884+00:00
33,18aee4d1-ff77-49a2-bce1-9d47c65368ae,FIRST_STEP,2026-01-06 12:44:21.424997+00:00
34,8f1b219c-c56a-41c1-88e4-b541304785b8,FIRST_STEP,2026-01-06 13:03:36.202558+00:00
35,d420025c-f809-4d32-9066-98749e88aeb9,FIRST_STEP,2026-01-06 14:44:10.745929+00:00
36,27e57f44-3711-4937-96be-d80bcf09b05d,FIRST_STEP,2026-01-06 19:15:38.672886+00:00
37,d0f286e9-aeb3-4658-8f6c-b7a7d6120051,FIRST_STEP,2026-01-06 23:45:05.621524+00:00
38,ae923cee-de34-4666-b2f5-d8b68dd987f9,INNOVATOR,2026-01-07 00:51:59.582521+00:00
39,2620e675-d3ba-4ca5-85bf-2dd08f05bca7,FIRST_STEP,2026-01-07 01:08:19.452015+00:00
40,4d294b5a-0c54-442e-997e-8a8190b5f36e,FIRST_STEP,2026-01-07 01:09:04.149494+00:00
41,3153eaad-facb-4e77-bf73-9a19018c032d,FIRST_STEP,2026-01-07 07:45:26.583794+00:00
42,d0f4fbc4-456a-46ec-83cb-fa4972235dcc,FIRST_STEP,2026-01-07 08:24:58.585891+00:00
43,e9bcf6db-9a70-402b-96e0-5fad1e21ca31,FIRST_STEP,2026-01-07 10:33:54.854182+00:00
44,786ba2a2-fd55-4c3c-82a9-6ab4566b3717,FIRST_STEP,2026-01-07 10:52:31.741727+00:00
45,a8d3e377-0e26-45b7-bd86-63aae9be7dbb,FIRST_STEP,2026-01-07 13:23:04.143123+00:00
46,aaf51b3f-54ec-45c3-8487-c08aaa05d8c7,FIRST_STEP,2026-01-07 13:50:01.375047+00:00
47,622dbe54-2ae7-45b3-9c3e-e10174715762,FIRST_STEP,2026-01-07 17:53:21.232711+00:00
48,4284538a-2eb5-4ac7-9e74-d9148261af39,FIRST_STEP,2026-01-07 18:49:30.190919+00:00
49,0b8e3edc-e13f-433c-bcda-bf4510acface,FIRST_STEP,2026-01-07 22:10:36.571630+00:00
50,8195d324-ed95-44b5-a354-9232cab4e1c0,FIRST_STEP,2026-01-08 03:11:44.867620+00:00
51,8f774f8b-da2a-4c78-929b-0896a8c710b9,FIRST_STEP,2026-01-08 05:44:10.606913+00:00
52,e3327257-45ae-4912-b4c2-08f9cb4d8536,FIRST_STEP,2026-01-08 05:49:45.167335+00:00
53,e7db6264-dd86-411f-b6ac-0f14ca8fdeef,FIRST_STEP,2026-01-08 06:37:45.827245+00:00
54,fbbaaa64-8cee-4669-9d6e-59242b284466,FIRST_STEP,2026-01-08 06:41:37.686177+00:00
55,d4bea928-8cc6-40c1-ad6c-85ba2f32c3ca,FIRST_STEP,2026-01-08 07:10:02.563049+00:00
56,449ac75e-578d-423f-8bc4-b4c90d6ac229,FIRST_STEP,2026-01-08 14:05:48.068408+00:00
57,7891d958-2cae-4067-b4bf-4df236fff02f,FIRST_STEP,2026-01-08 14:43:13.085130+00:00
58,85fcc4be-726c-4bcd-9bc6-c969daa3cd3e,FIRST_STEP,2026-01-08 15:12:33.056323+00:00
59,c1e9f1c5-3a1d-407e-9767-7cb7c9089296,FIRST_STEP,2026-01-08 20:32:53.345714+00:00
60,23cf3644-a5e7-4b7a-848c-b3c4ffc0d526,FIRST_STEP,2026-01-08 21:22:33.216165+00:00
61,d4a71d21-d547-4736-9c69-2ae754d8e3f0,FIRST_STEP,2026-01-08 22:05:36.699489+00:00
62,e9259942-8396-473b-9057-48dcaca6a4b8,FIRST_STEP,2026-01-08 23:12:24.035146+00:00
63,a912e90c-b716-4a56-8005-1c9111759dfd,FIRST_STEP,2026-01-08 23:27:16.807059+00:00
64,8447be2e-4776-47d8-b0e5-e6a88f3e7d22,FIRST_STEP,2026-01-09 00:22:36.590816+00:00
65,8eb23e0d-e7bd-4642-b245-6338a02daf5d,FIRST_STEP,2026-01-09 00:54:03.865680+00:00
66,5e3a8bbe-4747-4f6c-a52f-e982db7f63be,FIRST_STEP,2026-01-09 01:03:44.536309+00:00
67,a92d0de1-8406-42f3-a47a-eba53cfc918d,FIRST_STEP,2026-01-09 01:32:31.710603+00:00
68,8ee4e6aa-49bf-4476-8827-7c43c8576b3a,FIRST_STEP,2026-01-09 01:58:29.352659+00:00
69,72efd112-3855-4a02-9572-9799474fbdf0,FIRST_STEP,2026-01-09 05:42:47.108267+00:00
70,ce27506a-6bbb-4843-9346-2fd118966745,FIRST_STEP,2026-01-09 06:50:55.984831+00:00
71,ea36f8c9-4d00-4fba-b63b-acf0a7b24913,FIRST_STEP,2026-01-09 07:42:34.458632+00:00
72,dbb62cac-e512-454a-a2dd-cd278e6b0b3e,FIRST_STEP,2026-01-09 08:53:53.401034+00:00
73,9ac7d884-9c16-4fa3-b896-884afda9c096,FIRST_STEP,2026-01-09 08:59:35.334633+00:00
74,e7809835-b2eb-469d-af70-252267401dcd,FIRST_STEP,2026-01-09 09:32:14.069875+00:00
75,e7809835-b2eb-469d-af70-252267401dcd,INNOVATOR,2026-01-09 09:32:14.069875+00:00
76,1282a9e9-9325-4f3d-94ee-887a13d79265,FIRST_STEP,2026-01-09 09:55:55.379305+00:00
77,c3b0f176-69f0-4028-872a-0091128bf3a7,FIRST_STEP,2026-01-09 14:21:22.600581+00:00
78,28ac5ef3-c8dc-4aa9-97a4-4bd90a55268b,FIRST_STEP,2026-01-09 16:53:36.065959+00:00
79,9de64ac2-5823-48b6-ad5a-3f693fa94794,FIRST_STEP,2026-01-09 18:41:25.303433+00:00
80,c33a2e16-11ad-42aa-86ff-912411bdea48,FIRST_STEP,2026-01-09 18:49:12.952323+00:00
81,7f1597a7-81b9-4a2c-9123-eee64ca91f04,FIRST_STEP,2026-01-09 18:55:50.513642+00:00
82,f6be51eb-5ff8-4a8e-a90d-11214c8c8539,FIRST_STEP,2026-01-09 19:05:10.341034+00:00
83,91e9323a-e856-492f-b6b6-379bc6570add,FIRST_STEP,2026-01-09 19:37:47.099971+00:00
84,6ee92483-e78b-46ce-baa0-0aac70b7049e,FIRST_STEP,2026-01-09 19:55:26.033464+00:00
85,066a8584-2f31-4a5b-81a3-bfcffb97ceb0,FIRST_STEP,2026-01-09 21:17:18.827726+00:00
86,7b19046f-9ad2-4f03-b469-0a8c894bbccb,FIRST_STEP,2026-01-09 22:38:12.335023+00:00
87,514d1d62-3100-4b79-9ace-199ed15abd30,FIRST_STEP,2026-01-09 23:41:49.328887+00:00
88,182f7f8c-7ece-40b1-9940-ad0854333381,FIRST_STEP,2026-01-10 00:00:57.916585+00:00
89,dea563e5-75d4-4009-859c-5370f9952466,FIRST_STEP,2026-01-10 02:23:30.643105+00:00
90,f5fabd31-c937-4924-a2a4-7cd151d87d06,FIRST_STEP,2026-01-10 03:07:42.141468+00:00
91,23ce8810-f0b8-4d2e-8e2b-68771418b437,FIRST_STEP,2026-01-10 04:19:17.992791+00:00
92,9164ed25-60b7-490a-8cd1-097fbea158ab,FIRST_STEP,2026-01-10 07:18:00.173698+00:00
93,5c093bcb-a8f8-495e-9e59-fe544f16ea0b,FIRST_STEP,2026-01-10 09:35:05.843810+00:00
94,d55887a6-ba09-4137-817b-136eca0eb8fe,FIRST_STEP,2026-01-10 10:03:38.856263+00:00
95,78413987-8929-435c-b7e0-5a3fd9449489,FIRST_STEP,2026-01-10 14:47:30.392502+00:00
96,9fd6253e-a662-4cde-bf57-754afdda3595,FIRST_STEP,2026-01-10 15:50:39.800474+00:00
97,9fd6253e-a662-4cde-bf57-754afdda3595,INNOVATOR,2026-01-10 15:50:39.800474+00:00
98,7d15ce84-8e27-4d49-b5db-e0a53ce987cd,FIRST_STEP,2026-01-10 17:35:57.000779+00:00
99,1bf756ca-dbef-4935-bac3-a3b692010a75,FIRST_STEP,2026-01-10 21:42:30.740025+00:00
100,82015a98-3b01-41dc-9cac-7c689d1a99b7,FIRST_STEP,2026-01-11 04:24:45.100486+00:00
101,0d89d375-2da9-4e6e-bf17-55801c583b8e,FIRST_STEP,2026-01-11 05:14:55.870707+00:00
102,0d89d375-2da9-4e6e-bf17-55801c583b8e,INNOVATOR,2026-01-11 05:14:55.870707+00:00
103,a7450ed8-f67b-4a15-a99a-a9fa649b6fd6,FIRST_STEP,2026-01-11 06:36:24.407476+00:00
104,8d96e8da-9993-495a-a0c2-848796ac710e,FIRST_STEP,2026-01-11 06:51:40.260413+00:00
105,4104f49c-666e-4c48-8185-e1ef630c83c1,FIRST_STEP,2026-01-11 10:08:05.701125+00:00
106,4104f49c-666e-4c48-8185-e1ef630c83c1,INNOVATOR,2026-01-11 10:08:05.701125+00:00
107,f3525842-5ccf-4d32-b3c0-eb58cb4ae783,FIRST_STEP,2026-01-11 10:36:47.834654+00:00
108,cf29d572-baa2-4d38-804f-fd6f6cf8a890,FIRST_STEP,2026-01-11 16:13:29.998999+00:00
109,4169b80d-0f44-4692-a9e4-5a0ff1391e96,FIRST_STEP,2026-01-11 18:53:22.043322+00:00
110,4169b80d-0f44-4692-a9e4-5a0ff1391e96,INNOVATOR,2026-01-11 18:53:22.043322+00:00
111,51e00143-3f66-4030-bf3a-b154f7d7512a,FIRST_STEP,2026-01-11 19:00:17.999861+00:00
112,51e00143-3f66-4030-bf3a-b154f7d7512a,INNOVATOR,2026-01-11 19:00:17.999861+00:00
113,912a90c4-9c49-4b06-b8aa-4363306047bd,FIRST_STEP,2026-01-11 19:29:30.349011+00:00
114,5bba076a-bfef-4cf9-be7b-eaf7160e722e,FIRST_STEP,2026-01-11 22:29:42.328215+00:00
115,dac9ce9c-3e17-44ed-ac45-a48a89ca4b8d,FIRST_STEP,2026-01-12 03:24:32.350950+00:00
116,5f646712-930f-479c-89c6-657ca0f5634c,FIRST_STEP,2026-01-12 03:38:33.902887+00:00
117,ea94002e-07bf-4277-9b9a-4f657eaa8125,FIRST_STEP,2026-01-12 05:05:04.266063+00:00
118,5360fd07-6411-454a-8bc8-066a979f5e68,FIRST_STEP,2026-01-12 06:43:44.891612+00:00
119,50e23573-ed49-4a5a-a274-62ac3d92fa00,FIRST_STEP,2026-01-12 09:11:42.418195+00:00
120,60d3d345-0e8d-47d9-8016-5a0a66060125,FIRST_STEP,2026-01-12 10:18:44.474565+00:00
121,181e7e03-af2a-43ee-9324-840d14c267d3,FIRST_STEP,2026-01-12 11:32:53.885267+00:00
122,a4a42f9d-a91e-4fe8-9b5b-917d60ef0495,FIRST_STEP,2026-01-12 12:11:40.713526+00:00
123,5c5fb113-5843-4b29-8933-b0d016b33d25,FIRST_STEP,2026-01-12 12:12:00.168264+00:00
124,57ba55cf-425f-48e2-9ed7-0fc2e1c80530,FIRST_STEP,2026-01-12 12:59:48.731698+00:00
125,57ba55cf-425f-48e2-9ed7-0fc2e1c80530,INNOVATOR,2026-01-12 12:59:48.731698+00:00
126,41a6c95e-1a40-4fc5-a34d-45dacb2f816f,FIRST_STEP,2026-01-12 17:00:40.183041+00:00
127,5cfa3cf8-4522-4c4c-8087-ae79149ab327,FIRST_STEP,2026-01-12 17:16:26.688333+00:00
128,11f3834e-b75c-47de-8f68-181c73c2203d,FIRST_STEP,2026-01-12 17:23:28.258967+00:00
129,17f812f6-c3b4-4bc7-a54b-f1133fe132f8,FIRST_STEP,2026-01-12 17:29:07.345064+00:00
130,03eeb36f-1602-4d94-af8d-fa5e5db432b8,FIRST_STEP,2026-01-12 23:48:36.007894+00:00
131,03eeb36f-1602-4d94-af8d-fa5e5db432b8,INNOVATOR,2026-01-12 23:48:36.007894+00:00
132,649114ae-3449-49ab-a8e8-f4c931409e3d,FIRST_STEP,2026-01-13 00:00:46.038267+00:00
133,d8f6a1f6-2bba-4d6b-8516-7202830f5ffb,FIRST_STEP,2026-01-13 00:29:11.735242+00:00
134,7c02e81b-64f2-451d-bbab-b807fd72ef10,FIRST_STEP,2026-01-13 00:49:39.662671+00:00
135,f4cd3bad-4dac-4e03-9295-0b1a528ef4eb,FIRST_STEP,2026-01-13 02:56:07.186282+00:00
136,2f9348fd-73c7-4bee-b63f-b880e839a3f8,FIRST_STEP,2026-01-13 03:03:06.815088+00:00
137,2f9348fd-73c7-4bee-b63f-b880e839a3f8,INNOVATOR,2026-01-13 03:03:06.815088+00:00
138,13d27dae-abb6-45aa-8a42-aabcca05524a,FIRST_STEP,2026-01-13 05:57:23.823448+00:00
139,13d27dae-abb6-45aa-8a42-aabcca05524a,INNOVATOR,2026-01-13 05:57:23.823448+00:00
140,96f88851-c0d4-41cf-be20-b08886bc6e6c,FIRST_STEP,2026-01-13 06:30:48.563668+00:00
141,5783b7bc-8de7-40b5-b1e8-896921098bd2,FIRST_STEP,2026-01-13 06:35:16.268822+00:00
142,ed50a04f-41be-4ee7-89ae-aed7531faa34,FIRST_STEP,2026-01-13 06:45:42.300113+00:00
143,7120f862-693b-4518-8e4c-e2bfe7963695,FIRST_STEP,2026-01-13 10:26:48.361210+00:00
144,4bd7d747-9088-4441-a4ca-12c5a3c80cfb,FIRST_STEP,2026-01-13 11:26:43.198049+00:00
145,523b8c7a-c2fe-456d-b96a-d35efdae8e10,FIRST_STEP,2026-01-13 15:53:24.425404+00:00
146,523b8c7a-c2fe-456d-b96a-d35efdae8e10,INNOVATOR,2026-01-13 15:53:24.425404+00:00
147,a7019b71-bdec-45fd-aa1f-46c39d0046c3,FIRST_STEP,2026-01-13 18:00:33.379310+00:00
148,a7019b71-bdec-45fd-aa1f-46c39d0046c3,INNOVATOR,2026-01-13 18:00:33.379310+00:00
149,76cbf7c4-1a28-4125-bb2c-8e192a892807,FIRST_STEP,2026-01-13 18:17:08.489199+00:00
150,95678daf-22ef-4265-aecc-265d306f786c,FIRST_STEP,2026-01-13 22:07:04.379005+00:00
151,1b521727-2b9c-4bae-a8f2-c0b975bf998b,FIRST_STEP,2026-01-13 23:49:45.734674+00:00
152,c413e723-b297-4c8d-b0ed-efcc688a626c,FIRST_STEP,2026-01-14 00:47:34.103357+00:00
153,c95d510a-3346-4f36-be97-770bde6ccec1,FIRST_STEP,2026-01-14 01:08:22.460642+00:00
154,5147885c-e8a5-473d-88c2-92f1ac8aaab2,FIRST_STEP,2026-01-14 01:13:36.814383+00:00
155,c12cd7d4-3770-47ae-9237-24b35609b70d,FIRST_STEP,2026-01-14 04:42:59.698097+00:00
156,edc57913-68cf-4b04-a356-052f6ffdbcff,FIRST_STEP,2026-01-14 05:24:15.861364+00:00
157,4cc0e55c-8eeb-4f90-96d2-dedd8a565e1b,FIRST_STEP,2026-01-14 06:00:12.275184+00:00
158,399ddb4e-8253-4685-9236-d599b6eef665,FIRST_STEP,2026-01-14 06:32:44.417699+00:00
159,9a6ea003-a666-4c29-8ae5-e7fa86361a43,FIRST_STEP,2026-01-14 07:53:06.330528+00:00
160,d39a524e-7c94-4fbb-ae92-88b5fbdeaeb8,FIRST_STEP,2026-01-14 12:03:28.216900+00:00
161,86c5b659-a2b1-435e-ad5f-6550a8be0606,FIRST_STEP,2026-01-14 13:52:08.598937+00:00
162,888502a0-6058-4702-88b8-adb03b807926,FIRST_STEP,2026-01-14 14:03:26.215207+00:00
163,549a7925-348b-43cd-a3b9-dd25c12212b3,FIRST_STEP,2026-01-14 14:49:25.263597+00:00
164,ef6c19c9-41fb-4663-b095-fd6f807954ec,FIRST_STEP,2026-01-14 15:58:32.879422+00:00
165,3f6cb692-1581-4462-b260-3cad29f36489,FIRST_STEP,2026-01-14 16:25:15.181208+00:00
166,2ddc0de1-b086-459e-8934-d9b7c1771d9d,FIRST_STEP,2026-01-14 17:35:59.096049+00:00
167,db513ac4-80bc-4d09-864b-24fb5dee1da4,FIRST_STEP,2026-01-14 17:45:15.937221+00:00
168,83181837-ca9a-4a93-95ef-82c0c1624078,FIRST_STEP,2026-01-14 19:01:27.471328+00:00
169,4b525688-1acd-4981-b213-0ea3aa8ecb43,FIRST_STEP,2026-01-14 19:35:28.116853+00:00
170,aa4e1ebb-5f2c-431e-b14c-49099924347c,FIRST_STEP,2026-01-15 00:34:08.612169+00:00
171,d46bbc33-a6b9-4170-bdd9-62088f76392b,FIRST_STEP,2026-01-15 00:51:47.610790+00:00
172,fdaa0ab3-4f74-427f-8610-07c992b50bf5,FIRST_STEP,2026-01-15 02:02:23.931342+00:00
173,9d09832f-ff19-4c77-9c05-12881b06c117,FIRST_STEP,2026-01-15 03:35:54.002932+00:00
174,ce737a66-340f-45b5-b53a-c9066f05836b,FIRST_STEP,2026-01-15 04:13:55.746311+00:00
175,ef1f441d-713b-4320-8698-2eecbf112a71,FIRST_STEP,2026-01-15 05:46:40.403171+00:00
176,82262980-bc3c-49fb-a210-28daa74d1ba3,FIRST_STEP,2026-01-15 08:44:49.793622+00:00
177,9630d3c5-3a6f-4cba-bd6b-09ef4505332e,FIRST_STEP,2026-01-15 09:59:18.517508+00:00
178,7b168703-cc4f-43e5-9775-7d74b4db3f7f,FIRST_STEP,2026-01-15 13:55:46.518440+00:00
179,f2a1a80b-ee11-4d4d-934b-4728eb24d690,FIRST_STEP,2026-01-15 15:33:28.483236+00:00
180,f2a1a80b-ee11-4d4d-934b-4728eb24d690,INNOVATOR,2026-01-15 15:33:28.483236+00:00
181,f2aba7e0-43cb-45a1-8ed2-80e2b36e4be9,FIRST_STEP,2026-01-15 16:13:18.425110+00:00
182,f19708c8-85b2-4faa-825b-a2fefaac0687,FIRST_STEP,2026-01-15 16:47:16.522709+00:00
183,182f7f8c-7ece-40b1-9940-ad0854333381,INNOVATOR,2026-01-15 19:24:28.892209+00:00
184,342b5161-320b-428c-a3a4-897f848e1286,FIRST_STEP,2026-01-15 20:17:52.587357+00:00
185,a6d83b47-4658-4d4e-833d-7ef6e7cf2e94,FIRST_STEP,2026-01-15 20:50:51.828085+00:00
186,8f0f60eb-864b-4f40-8a52-83b880ef9342,FIRST_STEP,2026-01-15 21:44:34.714854+00:00
187,94df617c-7422-4cee-8fff-551c271661f6,FIRST_STEP,2026-01-15 22:12:31.187902+00:00
188,21e93a46-e401-457d-ad44-d22012a753d7,FIRST_STEP,2026-01-15 23:42:36.383740+00:00
189,d5d7156b-757a-4b4f-9950-c3a38b7b858d,FIRST_STEP,2026-01-16 01:52:38.542319+00:00
190,84e69d57-36b1-481d-a823-b2bb1e0eff7b,FIRST_STEP,2026-01-16 02:39:27.002619+00:00
191,73c05dc0-70ad-4a8b-a6d0-3dfd6c54d1a1,FIRST_STEP,2026-01-16 03:10:38.125052+00:00
192,af533c93-0a75-475d-b87d-b1decc84048b,FIRST_STEP,2026-01-16 03:33:06.297013+00:00
193,63c7f6a6-1fb9-467e-a32c-b7f7fbd263d6,FIRST_STEP,2026-01-16 03:57:39.561626+00:00
194,13376738-828d-4cdb-b40c-24d0da2a5573,FIRST_STEP,2026-01-16 07:12:05.775417+00:00
195,f5ccc467-2763-4435-88f8-0c697c5bc756,FIRST_STEP,2026-01-16 10:26:58.366440+00:00
196,d00211fe-b443-439e-afb4-0eaa14b471eb,FIRST_STEP,2026-01-16 11:06:09.135793+00:00
197,b5fe5b9a-eaee-4b14-8a4b-ade6055198b0,FIRST_STEP,2026-01-16 12:24:44.028194+00:00
198,67ef2ce8-8158-4061-b39f-1648161b988a,FIRST_STEP,2026-01-16 15:34:18.706991+00:00
199,3fed2f1f-ed8e-425e-a9c7-8401c4bea33c,FIRST_STEP,2026-01-16 15:51:44.278244+00:00
200,64d309e9-1dd7-4572-9479-4d2164c080b8,FIRST_STEP,2026-01-16 16:36:21.074670+00:00
201,b3d93062-a120-4b9f-8188-3421e21ae870,FIRST_STEP,2026-01-16 17:26:14.857457+00:00
202,175a4d5b-a9b8-482f-bb16-09ead09c462d,FIRST_STEP,2026-01-16 18:16:52.378512+00:00
203,1c8aea5a-7709-44a0-898c-a882a974318f,FIRST_STEP,2026-01-16 18:43:53.579245+00:00
204,c590c49a-6aa2-4b9e-b7ef-8de08d64a34f,FIRST_STEP,2026-01-16 18:54:49.717523+00:00
205,083adc5e-4f88-4bb2-98cc-7d2b6713765f,FIRST_STEP,2026-01-16 19:49:14.933912+00:00
206,b945f48a-ccc4-43f6-928b-e2c1f46146b6,FIRST_STEP,2026-01-16 21:42:57.775658+00:00
207,b945f48a-ccc4-43f6-928b-e2c1f46146b6,INNOVATOR,2026-01-16 21:42:57.775658+00:00
208,e0b41b2a-0c7b-41b4-b605-9004a85a2f65,FIRST_STEP,2026-01-16 23:14:48.093744+00:00
209,8f21075b-8c2d-4291-98de-3f070ea2a227,FIRST_STEP,2026-01-17 02:51:04.298629+00:00
210,1edf11bf-caeb-49fc-8f55-69e63e815dae,FIRST_STEP,2026-01-17 02:58:52.905573+00:00
211,4d667ed7-ec6b-4add-aae1-3807ff1a161c,FIRST_STEP,2026-01-17 04:35:59.207715+00:00
212,274ae9a0-e988-401e-abd7-6ebe2287f737,FIRST_STEP,2026-01-17 04:36:16.165726+00:00
213,db51b55f-fef8-478b-b35a-f2511f4012c2,FIRST_STEP,2026-01-17 07:36:39.862284+00:00
214,374bb2b1-7239-47b4-a7f3-42a9312229af,FIRST_STEP,2026-01-17 08:25:42.476060+00:00
215,ac16955a-100a-49c4-9550-f3e3c118b812,FIRST_STEP,2026-01-17 09:07:25.680646+00:00
216,f0e0881e-5be2-4c7e-9a12-6c8d41853e5b,FIRST_STEP,2026-01-17 10:09:02.603732+00:00
217,d55047e0-37be-40fb-a90b-d53653e77f3c,FIRST_STEP,2026-01-17 11:01:54.828319+00:00
218,db0a6297-8193-47c9-a815-151141095ca6,FIRST_STEP,2026-01-17 12:07:52.153138+00:00
219,9f86355d-2a5a-4db1-aef6-a2b4d7d51a28,FIRST_STEP,2026-01-17 12:24:00.503841+00:00
220,2aefd1c6-5b84-45ec-ba52-ac77cc48ac56,FIRST_STEP,2026-01-17 18:20:22.765507+00:00
221,07f0e359-3ca2-4c08-b113-4b4f9ace8bfe,FIRST_STEP,2026-01-17 18:50:51.882463+00:00
222,82acf793-5875-4b86-a2c7-7bfc77ca1687,FIRST_STEP,2026-01-17 22:52:24.199446+00:00
223,6bd3493e-fd88-4531-b028-16a597e8c121,FIRST_STEP,2026-01-18 00:36:41.286213+00:00
224,0f5dcdfd-9397-4997-853c-278f6e224fe8,FIRST_STEP,2026-01-18 01:14:15.485498+00:00
225,efe3f27d-9b61-4dcc-bdee-66d1ff6634b6,FIRST_STEP,2026-01-18 01:18:35.150166+00:00
226,cb6d8e05-1472-47ff-b732-cb920eb596dd,FIRST_STEP,2026-01-18 03:08:59.541090+00:00
227,e6693802-b58f-4be6-8509-975c7975dc5b,FIRST_STEP,2026-01-18 03:26:22.612383+00:00
228,06fcdd2c-53a6-496a-9efa-7dd79a271da4,FIRST_STEP,2026-01-18 03:50:09.169456+00:00
229,eb004ec6-6884-44b6-8aae-0caf60444601,FIRST_STEP,2026-01-18 03:53:31.234012+00:00
230,869f5770-ffbd-42b1-9908-f61f8fbbc8ea,FIRST_STEP,2026-01-18 03:59:00.849580+00:00
231,11e4bafe-f46f-4714-ae79-46782f98afcc,FIRST_STEP,2026-01-18 05:06:23.389081+00:00
232,3ed1a5be-d9c3-4c39-9e85-87c9b144f119,FIRST_STEP,2026-01-18 06:34:01.102193+00:00
233,85e3ccdc-ad7f-4b05-b057-8593c1f4a450,FIRST_STEP,2026-01-18 06:46:14.327160+00:00
234,544f4247-a6c8-459e-997a-f558b28f1006,FIRST_STEP,2026-01-18 07:42:47.056655+00:00
235,e63e4f83-e0ba-4644-a46a-7413de243920,FIRST_STEP,2026-01-18 07:43:42.885035+00:00
236,f43ba2e8-ea91-43b3-9232-e8fd777feb12,FIRST_STEP,2026-01-18 07:59:00.714350+00:00
237,ea40f618-7f28-4677-9945-8b26e9dad431,FIRST_STEP,2026-01-18 08:15:09.985383+00:00
238,540abdf1-304b-4ae8-be52-92cdac07dce3,FIRST_STEP,2026-01-18 09:00:20.643171+00:00
239,8a3bbec3-4136-45f6-b098-bbb2be370926,FIRST_STEP,2026-01-18 09:02:45.028311+00:00
240,238a56d0-1293-48e8-a2dc-dd39a1ea5a94,FIRST_STEP,2026-01-18 10:51:36.527852+00:00
241,2283e00e-d82e-4663-8d50-14ece1f3a41c,FIRST_STEP,2026-01-18 12:10:29.267023+00:00
242,8d88e517-90c5-4bdc-ab37-50e7d4be7387,FIRST_STEP,2026-01-18 15:08:47.187068+00:00
243,dc305b07-816b-4ee2-869d-98231db9d646,FIRST_STEP,2026-01-18 15:25:12.441112+00:00
244,0e1e47d1-e0f8-4547-aa65-ac319dba27f6,FIRST_STEP,2026-01-18 18:37:58.656190+00:00
245,f653f156-dd8f-4bb2-977b-79810e01781b,FIRST_STEP,2026-01-18 19:41:59.502072+00:00
246,170d2f68-2e8a-4567-81c1-cd4a0016ee2d,FIRST_STEP,2026-01-18 20:26:27.381235+00:00
247,04ebe506-cbfc-450e-9f9f-21e8320c892b,FIRST_STEP,2026-01-18 20:37:07.801936+00:00
248,876555c2-25f1-4f17-a598-ae5ea4457ee0,FIRST_STEP,2026-01-18 20:50:21.867858+00:00
249,6f1f4dc0-4b42-4147-b573-37a2915f8a50,FIRST_STEP,2026-01-19 00:56:34.902392+00:00
250,6a1ea467-ea53-40e2-9b4e-81c03e3120f5,FIRST_STEP,2026-01-19 01:28:46.742847+00:00
251,61175dd3-69f9-4b64-8fa2-09b08ee9b450,FIRST_STEP,2026-01-19 03:35:31.575847+00:00
252,04bb8b7a-cd4c-4a01-91d4-4704fda80686,FIRST_STEP,2026-01-19 05:00:51.161716+00:00
253,c95d510a-3346-4f36-be97-770bde6ccec1,INNOVATOR,2026-01-19 06:52:18.642182+00:00
254,1c17e3b7-1ace-4929-8a17-4b637e56b0b6,FIRST_STEP,2026-01-19 07:56:50.914126+00:00
255,68188865-471e-41c4-ab21-d803009fe1ae,FIRST_STEP,2026-01-19 08:53:45.597257+00:00
256,38cdd74c-b750-4e7c-89b5-9d66dac401b5,FIRST_STEP,2026-01-19 10:38:20.321683+00:00
257,41bbe326-5123-4001-a1ca-3c7de3d60835,FIRST_STEP,2026-01-19 12:16:28.890144+00:00
258,6a808ecc-aa5f-46f7-9473-e17d132330cd,FIRST_STEP,2026-01-19 13:01:07.159453+00:00
259,ba465ba6-c272-4a1d-a2a5-154d5850d7fc,FIRST_STEP,2026-01-19 13:39:51.918481+00:00
260,39a22ca0-e67b-4e63-8b37-6aea793fe5ea,FIRST_STEP,2026-01-19 14:31:10.231976+00:00
261,75c4fd88-9e44-46ab-b324-a068f16ab956,FIRST_STEP,2026-01-19 16:18:27.115457+00:00
262,de793784-3e9c-4a5b-a50b-5e1a0437bd90,FIRST_STEP,2026-01-19 17:38:47.341437+00:00
263,4c9ed491-fd91-409f-a4ce-61dddd56f08f,FIRST_STEP,2026-01-19 18:02:26.657708+00:00
264,e1146103-3e33-4ed7-9a4c-3426f5922da9,FIRST_STEP,2026-01-19 19:14:34.436304+00:00
265,320bb62b-bc55-479e-a685-a27deaf87f3a,FIRST_STEP,2026-01-19 19:19:40.403283+00:00
266,b312e220-ae63-4cad-98df-940d573360df,FIRST_STEP,2026-01-19 23:55:14.577144+00:00
267,ea12320a-4a0d-419c-bf03-96d78e585918,FIRST_STEP,2026-01-20 00:34:09.983484+00:00
268,b6421516-65a2-4794-a3cf-e6d057cb9c36,FIRST_STEP,2026-01-20 02:18:37.547490+00:00
269,b273077f-41d4-4b27-99b4-fa52d85d84e2,FIRST_STEP,2026-01-20 02:31:17.628513+00:00
270,cabfbbfa-d76d-4f74-a0ec-910dd89f4794,FIRST_STEP,2026-01-20 02:34:48.990879+00:00
271,6a1ea467-ea53-40e2-9b4e-81c03e3120f5,INNOVATOR,2026-01-20 02:36:05.592844+00:00
272,bb262322-0e8b-4c64-957d-3ecaf2e87b49,FIRST_STEP,2026-01-20 03:07:47.342867+00:00
273,c3cebde2-04c5-4bd6-8742-5138c5699944,INNOVATOR,2026-01-20 10:20:08.581405+00:00
274,49a32bab-cd26-41b3-bd72-44b130c4f30f,FIRST_STEP,2026-01-20 12:55:57.109950+00:00
275,a9eb667c-0911-4e4e-955e-a556167a78c0,FIRST_STEP,2026-01-20 13:54:19.934785+00:00
276,a4227edf-b1ca-4211-8668-7f5fc27b3661,FIRST_STEP,2026-01-20 16:24:40.022482+00:00
277,24142aac-d1c8-42ac-a86d-f1049fd901a2,FIRST_STEP,2026-01-20 17:36:20.011118+00:00
278,de60686f-1075-42f6-8d70-c65c29ff1620,FIRST_STEP,2026-01-20 20:01:00.644955+00:00
279,3827f77d-c5b6-4965-a25c-b6482d583783,FIRST_STEP,2026-01-20 20:31:41.137856+00:00
280,8109e1d3-64d6-452e-8d2d-8f0129c10b07,FIRST_STEP,2026-01-20 20:46:36.045868+00:00
281,63f2b289-92ce-4991-81bd-1f30b50191dd,FIRST_STEP,2026-01-20 21:08:19.293070+00:00
282,41417e3e-4fd4-4942-a396-ba652bde8364,FIRST_STEP,2026-01-20 21:44:11.777340+00:00
283,32b25946-4e38-41dc-be6e-68aa7a85c5b4,FIRST_STEP,2026-01-20 22:20:17.186416+00:00
284,6151b758-ed55-4110-888e-d438d334a8e8,FIRST_STEP,2026-01-20 22:30:25.674470+00:00
285,fd4de66f-9089-4132-b386-bcc0aed023a5,FIRST_STEP,2026-01-21 00:44:13.095939+00:00
286,38f134e4-e62f-4bb9-a0f5-99a23ed433c7,FIRST_STEP,2026-01-21 03:04:51.470817+00:00
287,61a0e073-e937-4bac-ada2-d1c10bf8a9ed,INNOVATOR,2026-01-21 03:47:32.687653+00:00
288,cda07ab2-acb0-42ea-8b8d-d21f330bf70c,FIRST_STEP,2026-01-21 04:52:57.782952+00:00
289,b55fd364-1df7-46e9-8a10-21de5cd5b1f3,FIRST_STEP,2026-01-21 08:53:07.723981+00:00
290,dd44faee-f20f-47e5-94ff-6945e2284b01,FIRST_STEP,2026-01-21 10:54:27.259917+00:00
291,4939d78a-0c57-4ce5-bee3-d1fe244be125,FIRST_STEP,2026-01-21 12:11:27.528960+00:00
292,66254aec-711c-4731-ad1b-12358695cff5,FIRST_STEP,2026-01-21 12:12:36.216613+00:00
293,a7f7f5a9-460c-4634-86dd-96133ca51131,FIRST_STEP,2026-01-21 12:41:13.244687+00:00
294,a7f7f5a9-460c-4634-86dd-96133ca51131,INNOVATOR,2026-01-21 12:41:13.244687+00:00
295,efc9f989-2e92-4dbb-b001-56b7f766c6cd,FIRST_STEP,2026-01-21 14:31:40.640396+00:00
296,e035811f-10c5-4bfc-a7c0-7eae45940633,FIRST_STEP,2026-01-21 19:48:28.871871+00:00
297,c7d4b081-bb87-4340-9a1f-0649f6113b13,FIRST_STEP,2026-01-21 20:48:32.098369+00:00
298,c7d4b081-bb87-4340-9a1f-0649f6113b13,INNOVATOR,2026-01-21 20:48:32.098369+00:00
299,53b3c1c0-71b8-4dde-9428-828a7583ed49,FIRST_STEP,2026-01-21 21:11:19.192596+00:00
300,de28480c-d0d0-4780-9b2f-53c70c8b5ed5,FIRST_STEP,2026-01-21 21:32:17.580386+00:00
301,16f1ef83-2744-47e3-a8fa-a79542e39c6e,FIRST_STEP,2026-01-21 22:18:43.082203+00:00
302,a3befb78-1e74-4bd2-88bc-ea49d60ed7d7,FIRST_STEP,2026-01-21 23:28:11.148713+00:00
303,e398a652-95b8-4aab-9aa3-b991fef8f84c,FIRST_STEP,2026-01-22 01:30:07.877240+00:00
304,8e9296c5-bcd9-48b9-a595-2c11e6d596ef,FIRST_STEP,2026-01-22 02:04:58.697673+00:00
305,036311af-4d37-429f-bcee-1957beb2bdf5,FIRST_STEP,2026-01-22 06:24:27.651653+00:00
306,b108c01c-8d8b-44d9-b7b4-c8ff2f95bdfa,FIRST_STEP,2026-01-22 06:50:08.992349+00:00
307,debfdb17-41a8-47ec-a914-677fa4a8b9d1,FIRST_STEP,2026-01-22 08:46:22.461096+00:00
308,8954a352-4311-4f3c-a1bf-25bad61c44c0,FIRST_STEP,2026-01-22 10:33:18.554322+00:00
309,d2143c02-7643-4dad-9edd-73d7e485eec7,FIRST_STEP,2026-01-22 13:37:07.994995+00:00
310,d2143c02-7643-4dad-9edd-73d7e485eec7,INNOVATOR,2026-01-22 13:37:07.994995+00:00
311,099e1b0f-acb5-4a7d-829c-134345792106,FIRST_STEP,2026-01-22 13:47:32.655737+00:00
312,0aa6c832-d272-493b-af96-e53a16a8ba84,FIRST_STEP,2026-01-22 13:59:09.546601+00:00
313,ebf39313-cfca-46a7-a1ef-36e0bb511d9d,FIRST_STEP,2026-01-22 15:12:45.362449+00:00
314,2b6d1065-0b7d-4434-8df1-5b0f01a68955,FIRST_STEP,2026-01-22 15:52:27.178202+00:00
315,519b9a11-2a24-4779-b6be-e9dbde661345,FIRST_STEP,2026-01-22 16:31:32.006397+00:00
316,c30e3c38-9098-40b2-9aed-839d9ad0eeb8,FIRST_STEP,2026-01-22 18:25:15.371868+00:00
317,aea65023-ce55-417a-a93c-d43c8afc615f,FIRST_STEP,2026-01-22 18:52:22.302716+00:00
318,d045ce18-decd-4a51-b04a-c4a0b10839a7,FIRST_STEP,2026-01-22 21:09:08.784098+00:00
319,c58bb0f6-4d0a-48af-8710-da23e9acd1d0,FIRST_STEP,2026-01-22 22:10:12.328241+00:00
320,3929fc4e-362b-4007-861c-0f8355b34314,FIRST_STEP,2026-01-22 22:14:33.808154+00:00
321,1b030e36-9144-4f9e-b30f-599f3b124204,FIRST_STEP,2026-01-22 23:03:42.088158+00:00
322,e9d2ff70-2c2b-4bd5-ba0f-ea608ddccc9a,FIRST_STEP,2026-01-22 23:18:24.432950+00:00
323,59566cb1-e2b4-4f2a-80be-6b9dcc4429c7,FIRST_STEP,2026-01-23 00:19:19.977337+00:00
324,8292224d-865d-414d-b46e-895c5152d1a0,INNOVATOR,2026-01-23 01:36:07.868278+00:00
325,b4288a6b-52f0-44ab-821f-5bb760918a76,FIRST_STEP,2026-01-23 02:01:12.996050+00:00
326,542706cb-ff1a-4d9a-9b3d-621e4e7fe4bb,FIRST_STEP,2026-01-23 03:14:29.403817+00:00
327,ebabeeab-3d61-4de8-9cc1-9896c30de71c,FIRST_STEP,2026-01-23 05:08:05.955635+00:00
328,a05fb95c-ba9f-4e27-a689-3cf5fc1b5a26,FIRST_STEP,2026-01-23 07:01:57.718692+00:00
329,53bc19ae-6115-4448-91c2-079f930260b9,FIRST_STEP,2026-01-23 08:20:02.665962+00:00
330,8006d300-c0ae-4a0d-ba53-074804f86119,FIRST_STEP,2026-01-23 10:29:04.397869+00:00
331,a3befb78-1e74-4bd2-88bc-ea49d60ed7d7,INNOVATOR,2026-01-23 11:01:42.347917+00:00
332,cd45e040-a67a-4dcd-9015-7d07e78b78d0,FIRST_STEP,2026-01-23 11:49:16.282438+00:00
333,d453c27e-c5d4-48c9-a7d2-c69d9e32bc85,FIRST_STEP,2026-01-23 15:32:43.888834+00:00
334,74164678-a923-474f-9942-ef98874b21a7,FIRST_STEP,2026-01-23 17:32:19.508468+00:00
335,eb85b268-bb88-4119-939d-492d2322518f,FIRST_STEP,2026-01-23 18:30:55.356290+00:00
336,a0cca5a6-1adb-48cd-8eb4-3ddd051a194a,FIRST_STEP,2026-01-23 20:02:12.439940+00:00
337,d3db882a-0f69-4757-86d7-7684ed050599,FIRST_STEP,2026-01-23 22:21:18.700408+00:00
338,c0651ad3-8066-41be-bcae-d7c1a16aa7f5,FIRST_STEP,2026-01-23 22:54:49.872952+00:00
339,4a9e86b6-080d-430e-bcb2-e2ee310d6672,FIRST_STEP,2026-01-23 23:11:19.337066+00:00
340,00a63ee3-b72e-4d31-b5f3-e2c9113709fa,FIRST_STEP,2026-01-23 23:50:57.919479+00:00
341,88ca13bd-4e60-4303-800f-294b5b96f80d,FIRST_STEP,2026-01-24 02:00:14.720273+00:00
342,f403a135-e2fa-4427-9cb5-9d55455f9b66,FIRST_STEP,2026-01-24 02:48:28.751951+00:00
343,6d282e57-ae58-47d1-b0b0-71588701cd4b,FIRST_STEP,2026-01-24 02:55:31.681084+00:00
344,273af618-b029-48bf-9f93-07a654f545f4,FIRST_STEP,2026-01-24 03:47:17.518759+00:00
345,bc82679b-60ac-4cb8-a2c8-90cf85491d9f,FIRST_STEP,2026-01-24 05:38:47.162761+00:00
346,e1b1a83d-dc8c-4bf1-a264-f6eea0333568,FIRST_STEP,2026-01-24 08:30:28.535466+00:00
347,5268065e-db45-4ebe-8c7d-af94ecc0d672,FIRST_STEP,2026-01-24 09:53:52.444127+00:00
348,e4f84c7d-fddd-4aec-b66c-9e63b0300989,FIRST_STEP,2026-01-24 10:39:17.860973+00:00
349,f2d45b59-75cd-44be-b428-acaecb458fb7,FIRST_STEP,2026-01-24 11:34:59.895669+00:00
350,702b5919-6fb5-46fa-8a5a-e0c7f8f37c74,FIRST_STEP,2026-01-24 13:40:45.817900+00:00
351,5d703c5b-8047-4ae3-8d64-bd4389210efb,FIRST_STEP,2026-01-24 15:26:32.891781+00:00
352,5d703c5b-8047-4ae3-8d64-bd4389210efb,INNOVATOR,2026-01-24 15:26:32.891781+00:00
353,68694506-5179-4288-8fa1-878fbaa48615,FIRST_STEP,2026-01-24 15:47:26.988765+00:00
354,2cd12ab6-9690-4f95-a135-d3dc346ec176,FIRST_STEP,2026-01-24 17:38:58.459841+00:00
355,e6cbc23c-448f-475b-9d8d-a739cbc80407,FIRST_STEP,2026-01-24 18:56:55.211698+00:00
356,e8dda1ab-4e22-4b44-b642-16d429b530e6,FIRST_STEP,2026-01-24 18:57:29.257637+00:00
357,5fe4475c-7b8d-4cab-b303-1f34d174a1a2,FIRST_STEP,2026-01-24 19:07:40.856810+00:00
358,786cfe59-0bda-4930-9ccd-c6d0ff02b662,FIRST_STEP,2026-01-24 20:16:13.752481+00:00
359,510ae9dd-0fef-4647-ab59-c05d2f715afe,FIRST_STEP,2026-01-24 21:07:13.798033+00:00
360,3c0142b7-95e6-4f7f-b870-c04bcbdf37c3,FIRST_STEP,2026-01-24 21:47:30.568136+00:00
361,7d2c6a5c-bbcc-46be-8ba4-b7518ab7a644,FIRST_STEP,2026-01-24 22:08:35.050067+00:00
362,7fe85746-fe19-422b-8bf2-d167d79a2d1a,FIRST_STEP,2026-01-24 22:33:03.486606+00:00
363,0cadd3b8-6e5a-4928-af7f-885b82902a53,FIRST_STEP,2026-01-24 22:48:23.509310+00:00
364,f26d448f-05f1-49b5-915f-c47667f8a942,FIRST_STEP,2026-01-25 01:52:18.833384+00:00
365,b441076d-638e-411c-acb3-a82826ad41d8,FIRST_STEP,2026-01-25 01:53:25.203026+00:00
366,4f401a8b-a036-4ae4-ac18-f69336a55209,FIRST_STEP,2026-01-25 02:18:31.343953+00:00
367,b0953e8e-335d-49b9-b394-fc0fe62b5e1e,FIRST_STEP,2026-01-25 03:35:14.718369+00:00
368,5eaddab7-e9e5-496f-98cf-f1c69022ecfa,FIRST_STEP,2026-01-25 03:59:39.894692+00:00
369,801da756-704e-490d-a6e0-da0816bd7066,FIRST_STEP,2026-01-25 04:20:51.501781+00:00
370,d1d788a6-dd4c-4608-94bc-b1fd10c2a24e,FIRST_STEP,2026-01-25 04:33:07.219191+00:00
371,83591bb5-b0a5-432a-9670-a236e11cbb0b,FIRST_STEP,2026-01-25 04:48:28.591272+00:00
372,b2d5b34b-d258-4bcf-8d4a-ef4e46a9dfff,FIRST_STEP,2026-01-25 06:34:49.924725+00:00
373,6898b9c8-16d4-46c4-a56c-4ce1865def90,FIRST_STEP,2026-01-25 08:31:17.227129+00:00
374,16aecb05-9ec8-4d03-8476-a54437617f6a,FIRST_STEP,2026-01-25 09:28:03.195395+00:00
375,a04f5eda-a557-4705-92b5-88cc55ea6558,FIRST_STEP,2026-01-25 09:36:04.930452+00:00
376,a04f5eda-a557-4705-92b5-88cc55ea6558,INNOVATOR,2026-01-25 09:36:04.930452+00:00
377,0d3b9abd-2bf6-47a0-b674-e66bfbd1c058,FIRST_STEP,2026-01-25 09:56:59.687437+00:00
378,da6180bb-789f-4ba7-887c-08f5033ce3bd,FIRST_STEP,2026-01-25 11:11:57.910341+00:00
379,85d69c98-5b99-4368-9470-a023a0faaa39,FIRST_STEP,2026-01-25 13:01:51.228501+00:00
380,85d69c98-5b99-4368-9470-a023a0faaa39,INNOVATOR,2026-01-25 13:01:51.228501+00:00
381,0255ba23-f10c-4e55-a632-f39545ad53f2,FIRST_STEP,2026-01-25 15:19:41.214119+00:00
382,5b4a4141-7738-4083-ae9c-db997fb64b4a,FIRST_STEP,2026-01-25 15:39:50.189228+00:00
383,1a5ca586-55ef-4c1b-9c5f-2f5b56931420,FIRST_STEP,2026-01-25 16:55:02.965041+00:00
384,1c000474-b3c9-4da0-aac9-d1ad3722caa2,FIRST_STEP,2026-01-25 18:02:27.800554+00:00
385,2a9d41e6-bbad-409a-9305-7d1453de3fff,FIRST_STEP,2026-01-25 18:12:06.969639+00:00
386,33f7c853-3ff8-4418-bdb9-d83a6f30531c,FIRST_STEP,2026-01-25 18:49:06.564370+00:00
387,7d15ce84-8e27-4d49-b5db-e0a53ce987cd,INNOVATOR,2026-01-25 20:30:45.808871+00:00
388,9246a4a8-fa4c-48db-84c1-bcec80300b95,FIRST_STEP,2026-01-25 21:11:20.820986+00:00
389,8fe78534-8626-4ccb-8a11-1abeb3417110,FIRST_STEP,2026-01-26 01:43:49.767003+00:00
390,7ff2c490-b386-436c-86c2-79a11610b881,FIRST_STEP,2026-01-26 03:02:33.662283+00:00
391,794fc94e-96be-40c8-8451-4a63913e6c27,FIRST_STEP,2026-01-26 03:19:16.173589+00:00
392,4126b992-e218-4090-8952-12b50eedb60c,FIRST_STEP,2026-01-26 03:20:53.573317+00:00
393,8de3a1bf-0867-4629-9291-42a74caf9008,FIRST_STEP,2026-01-26 06:02:36.310099+00:00
394,45f2fe70-a2a2-4fcc-b0f2-29306540418a,FIRST_STEP,2026-01-26 07:04:11.959771+00:00
395,16027d3d-1f20-426f-a1bf-3b8acac085b6,FIRST_STEP,2026-01-26 07:33:16.736175+00:00
396,1ee0455f-7a11-42b3-883e-1a778adfa225,FIRST_STEP,2026-01-26 07:53:42.768984+00:00
397,02af81eb-661b-43df-96f9-ae3e16e670eb,FIRST_STEP,2026-01-26 08:43:21.772705+00:00
398,070f1315-23db-4264-a087-d9f5634d6d48,FIRST_STEP,2026-01-26 10:47:23.921050+00:00
399,e405908c-8072-4c93-8cd7-6a0b541a50ee,FIRST_STEP,2026-01-26 11:16:24.911392+00:00
400,cb9bfc83-d69e-4da2-b15e-b524df16c0e3,FIRST_STEP,2026-01-26 14:48:02.591255+00:00
401,3cb20e66-1f63-4917-96a0-d76276f9e1ec,FIRST_STEP,2026-01-26 15:42:00.474518+00:00
402,66c8ea56-9614-4fab-9460-4b1502ac89ba,FIRST_STEP,2026-01-26 16:11:18.221745+00:00
403,33a01618-4870-40e7-82ee-dd8ab9825756,FIRST_STEP,2026-01-26 17:43:37.937198+00:00
404,3fe14d18-0cfa-492c-9c98-5c09e18406f4,FIRST_STEP,2026-01-26 18:07:32.378033+00:00
405,c316d911-6157-4923-83d0-94e475c6acc5,FIRST_STEP,2026-01-26 19:08:06.558125+00:00
406,432c2cf9-dd95-45fd-9867-4bb233d84a2f,FIRST_STEP,2026-01-26 19:20:22.392466+00:00
407,293234f8-6b59-4c8c-b69f-e7044d6e9add,FIRST_STEP,2026-01-26 19:29:29.759859+00:00
408,32093958-cbbd-4c22-a8c5-3659bb18aae5,FIRST_STEP,2026-01-26 21:19:05.721272+00:00
409,11938edb-7027-491c-9527-eaf7738ea9cd,FIRST_STEP,2026-01-26 22:58:59.096996+00:00
410,d432410f-620e-49df-9646-346e8457b3bf,FIRST_STEP,2026-01-27 01:05:25.755980+00:00
411,9c80f797-b35a-496e-a518-bd9b32ba13b9,FIRST_STEP,2026-01-27 01:20:59.612461+00:00
412,3f86e892-6ecb-4028-b135-17c98a50e599,FIRST_STEP,2026-01-27 03:39:04.607576+00:00
413,93c2ea2c-f36b-43fb-8081-333512ad6dfe,FIRST_STEP,2026-01-27 03:42:32.181882+00:00
414,43381f31-2dca-40f6-af9f-f06934befcd2,FIRST_STEP,2026-01-27 04:00:42.361108+00:00
415,c4e9879e-05ab-498a-920f-58381490c89b,FIRST_STEP,2026-01-27 05:03:36.976173+00:00
416,320540a7-1daa-4726-b502-7fecc0270091,FIRST_STEP,2026-01-27 05:04:44.263767+00:00
417,cba90a11-1840-4896-baf9-ad4c1723a01f,FIRST_STEP,2026-01-27 05:31:02.949194+00:00
418,7df083a9-7340-4dac-917d-70552e3183a5,FIRST_STEP,2026-01-27 13:08:54.227668+00:00
419,49f84812-c3fe-4a66-b400-497728964a71,FIRST_STEP,2026-01-27 13:48:04.481043+00:00
420,966251e0-21da-4b33-8c4f-5acafc653771,FIRST_STEP,2026-01-27 14:06:48.172001+00:00
421,f93fc94f-b705-49f5-954a-4683273857f4,FIRST_STEP,2026-01-27 14:35:06.425553+00:00
422,ab9a105c-5f0d-4478-9b04-9f0953d430cb,FIRST_STEP,2026-01-27 14:39:23.945455+00:00
423,bc4f2415-4186-4d74-ba12-52a4a7b18bc6,FIRST_STEP,2026-01-27 14:59:12.494989+00:00
424,b84486da-21ec-4b82-bf29-a0ba711862f5,FIRST_STEP,2026-01-27 15:32:16.465471+00:00
425,e6b32c11-c369-4ced-9813-924c8e864732,FIRST_STEP,2026-01-27 16:24:33.711228+00:00
426,29f74c43-1a2b-4d01-b448-078c38c9e28a,FIRST_STEP,2026-01-27 16:38:50.646972+00:00
427,96166042-3372-46a1-969f-c215f392ece8,FIRST_STEP,2026-01-27 18:28:29.135520+00:00
428,c4f2d79f-23af-4742-9bde-78ffe22cfce6,FIRST_STEP,2026-01-27 23:08:12.388415+00:00
429,12f5d09b-3a9f-46b1-98f3-f1fcb7df3201,FIRST_STEP,2026-01-27 23:33:37.389510+00:00
430,acbfcf92-50ae-44fd-b9a5-7c398170cfd5,FIRST_STEP,2026-01-28 00:46:14.722554+00:00
431,a28bebfa-b4eb-4a1f-9fc2-0354999a2f57,FIRST_STEP,2026-01-28 04:26:39.568784+00:00
432,d10a4f93-a536-4542-b5ff-c16717ab9f40,FIRST_STEP,2026-01-28 04:30:49.549782+00:00
433,cba14f0b-756c-46b4-82ed-29b71212aeae,FIRST_STEP,2026-01-28 08:58:31.548065+00:00
434,a3ff7146-5c5d-4b32-aa8d-e1dc67bae50e,FIRST_STEP,2026-01-28 09:06:33.462268+00:00
435,04d1e3f4-5420-4b71-a3a5-85f2ed790744,FIRST_STEP,2026-01-28 13:17:42.451498+00:00
436,85480232-8d0c-45e2-bb3b-62ccdcf67029,FIRST_STEP,2026-01-28 14:32:51.519364+00:00
437,e684e654-4778-457f-88f4-600f7b349c6a,FIRST_STEP,2026-01-28 15:55:05.281557+00:00
438,e684e654-4778-457f-88f4-600f7b349c6a,INNOVATOR,2026-01-28 15:55:05.281557+00:00
439,fcde4003-2759-47b7-b54d-25da4c86740a,FIRST_STEP,2026-01-28 16:53:06.590943+00:00
440,a5e91f29-76ad-47df-8a3c-43ad203ed9c3,FIRST_STEP,2026-01-28 17:52:42.801939+00:00
441,3f41bf71-321e-42aa-9bc9-08d233bda92b,FIRST_STEP,2026-01-28 21:25:08.164181+00:00
442,05c492af-d761-4387-82ef-5279befcf02d,FIRST_STEP,2026-01-28 22:21:27.131847+00:00
443,d17fb9bc-4d75-4c84-a425-1d1973803d5a,FIRST_STEP,2026-01-28 22:29:53.544949+00:00
444,d7f518f6-8981-4973-9c42-b49423f7f23e,FIRST_STEP,2026-01-29 01:01:35.897683+00:00
445,35b84825-f888-46e4-90d7-f9a8cd6a7762,FIRST_STEP,2026-01-29 01:22:31.556912+00:00
446,b78c727b-e0cf-4632-95c8-6d754d1b626c,FIRST_STEP,2026-01-29 02:03:02.817832+00:00
447,9500eed0-ba6a-4e02-904a-16af00d46e3e,FIRST_STEP,2026-01-29 02:30:25.660451+00:00
448,a1c5d618-8d96-458c-8e77-e2adbc9f6c23,FIRST_STEP,2026-01-29 03:30:41.806733+00:00
449,47711962-da22-4bdd-bbff-0bab2bfb0355,FIRST_STEP,2026-01-29 04:55:48.637267+00:00
450,11e4bafe-f46f-4714-ae79-46782f98afcc,INNOVATOR,2026-01-29 08:18:46.632015+00:00
451,01803a15-0ee4-4416-9a44-f065aa0b82f0,FIRST_STEP,2026-01-29 08:31:50.763552+00:00
452,c5722e37-67de-4703-9c3e-8bfefb98abe1,FIRST_STEP,2026-01-29 08:37:37.373126+00:00
453,c2c17b8a-e8e3-4734-8a5d-558dcb795104,FIRST_STEP,2026-01-29 08:40:32.777489+00:00
454,608ced08-9e47-4568-b2c6-81b0a7fdf075,FIRST_STEP,2026-01-29 08:46:32.130518+00:00
455,542134d1-b226-400c-8d7c-4e24b1a088a6,FIRST_STEP,2026-01-29 09:03:51.539184+00:00
456,542134d1-b226-400c-8d7c-4e24b1a088a6,INNOVATOR,2026-01-29 09:03:51.539184+00:00
457,d3a11e22-80f0-4ba2-bbb9-8e0549c5deb0,FIRST_STEP,2026-01-29 10:53:06.513650+00:00
458,14d940d1-b6b9-46db-ad09-0f473052b4b5,FIRST_STEP,2026-01-29 13:38:54.432863+00:00
459,dafc105e-50d6-45fc-881b-f8c7648a1d01,FIRST_STEP,2026-01-29 14:36:58.133070+00:00
460,f6441207-59b2-4d0d-8e38-22e2061a049e,FIRST_STEP,2026-01-29 14:58:21.877843+00:00
461,f1ea7bc8-4511-4946-992a-69c581e26bef,FIRST_STEP,2026-01-29 15:19:51.895470+00:00
462,91859730-a2c4-46b6-855a-a89620a317df,FIRST_STEP,2026-01-29 16:08:34.836678+00:00
463,d37584ec-a50a-4b61-84db-4ad4f2629fd7,FIRST_STEP,2026-01-29 16:33:17.750491+00:00
464,67218b7a-eda7-4eed-b37b-939fba1ef9ce,FIRST_STEP,2026-01-29 16:38:41.519492+00:00
465,f13df37c-d98f-46b6-94f2-685c946a87c1,INNOVATOR,2026-01-29 17:02:37.622454+00:00
466,d04fc3d7-1126-4cb3-9932-981657c916cf,FIRST_STEP,2026-01-29 17:38:56.057984+00:00
467,cdceb895-35d8-4e18-b3c1-c6e0cb902595,FIRST_STEP,2026-01-29 17:48:33.005700+00:00
468,06cf8ad7-4bdc-42e8-94e2-b0abe12a020b,FIRST_STEP,2026-01-29 19:03:46.269151+00:00
469,40bd5505-6dbf-49ae-817e-6ca216a5630f,FIRST_STEP,2026-01-29 21:22:29.031421+00:00
470,d35f769d-d320-4357-a8ad-0db3cd7e1bcf,FIRST_STEP,2026-01-29 22:02:56.357985+00:00
471,9a1159ca-5027-4cc5-acce-0e458cb282f9,FIRST_STEP,2026-01-30 01:13:13.870260+00:00
472,d03f66d8-d99b-4671-a0db-107d9ed5e8e4,FIRST_STEP,2026-01-30 01:24:10.983181+00:00
473,48ecf4f9-3692-43b7-ae68-8199908358ec,FIRST_STEP,2026-01-30 01:45:11.061216+00:00
474,53234d32-ce6e-4a41-989f-d1958715bab4,FIRST_STEP,2026-01-30 01:50:26.937222+00:00
475,d7187d09-a013-49c8-a1b3-d822b39752f7,INNOVATOR,2026-01-30 03:05:36.609866+00:00
476,6d306999-ddb5-47e6-9aec-107cca3f6bbb,FIRST_STEP,2026-01-30 03:57:59.013996+00:00
477,16db286d-1b67-49c2-b2c8-9d4d0fa29db6,FIRST_STEP,2026-01-30 04:00:11.000122+00:00
478,bc70bf9e-59c4-4c98-a89c-92f271b748cc,FIRST_STEP,2026-01-30 04:52:02.835726+00:00
479,a591d7b9-6744-40ef-b79a-1c739115b99c,FIRST_STEP,2026-01-30 05:29:53.169455+00:00
480,7c907411-53e7-4a2f-9fb2-368bef893ae6,FIRST_STEP,2026-01-30 06:25:28.064559+00:00
481,1c9ec459-2c6a-47a7-b3cb-6090d55196b1,FIRST_STEP,2026-01-30 07:56:43.502729+00:00
482,1c17e3b7-1ace-4929-8a17-4b637e56b0b6,INNOVATOR,2026-01-30 08:20:56.076975+00:00
483,6e55651b-8ed1-4671-be45-9df63f4dbdb6,FIRST_STEP,2026-01-30 09:36:51.490922+00:00
484,adf357bf-a6ea-435e-84dc-d92ef2f7cde4,FIRST_STEP,2026-01-30 14:04:17.250657+00:00
485,256b281f-27a3-4756-9132-21f4a6f1d868,FIRST_STEP,2026-01-30 14:29:01.520296+00:00
486,206f3caa-e4f4-4c32-9bbe-a77b272bce88,FIRST_STEP,2026-01-30 14:56:25.262679+00:00
487,2529ad7b-3e69-4b87-9e44-0259ec755de2,FIRST_STEP,2026-01-30 17:11:40.371159+00:00
488,fc076384-0f92-412b-9cd2-b54ac7597f75,FIRST_STEP,2026-01-30 19:11:10.114397+00:00
489,1ba29722-dcc2-4239-905a-c56c23d4a6fb,FIRST_STEP,2026-01-30 20:14:24.859991+00:00
490,b47acf12-a3eb-4e7e-b774-7fd911ef71bd,FIRST_STEP,2026-01-30 22:07:11.199574+00:00
491,2a5fc018-eeb8-406f-83fc-1862252f93b0,FIRST_STEP,2026-01-30 23:11:34.184731+00:00
492,eaaf4ff9-389b-4404-8570-7d2997f37220,FIRST_STEP,2026-01-30 23:15:14.316716+00:00
493,3619dfe1-747a-4948-8c14-9a75c51a9710,FIRST_STEP,2026-01-30 23:56:20.735883+00:00
494,3cb20e66-1f63-4917-96a0-d76276f9e1ec,INNOVATOR,2026-01-31 00:00:51.726535+00:00
495,02d451b1-b91e-4dde-aaba-83945a6ff820,FIRST_STEP,2026-01-31 01:33:17.173404+00:00
496,b4b6c65f-6664-4d76-b394-e61f1c8f8ec1,FIRST_STEP,2026-01-31 04:30:49.142972+00:00
497,d6fe6795-80b6-44d5-81a2-ba29873a9947,FIRST_STEP,2026-01-31 05:31:51.299790+00:00
498,33c2a0a3-edc7-43d3-8124-cd893c2c777a,FIRST_STEP,2026-01-31 05:38:22.426069+00:00
499,767f6a60-4ed4-4d62-b89e-454933720617,FIRST_STEP,2026-01-31 06:09:35.262475+00:00
500,50773668-ccfb-4603-bfcb-0f0535410c84,FIRST_STEP,2026-01-31 07:03:28.224976+00:00
501,50773668-ccfb-4603-bfcb-0f0535410c84,INNOVATOR,2026-01-31 07:03:28.224976+00:00
502,26d51b07-49a9-4201-b13c-709dbf828241,FIRST_STEP,2026-01-31 07:41:10.724266+00:00
503,11a37724-d4a2-4571-9734-d56b460e4a73,FIRST_STEP,2026-01-31 08:56:42.371695+00:00
504,ce83a092-82c8-459d-a3f0-992a16e68c2c,FIRST_STEP,2026-01-31 10:34:54.676123+00:00
505,b5327700-4b72-4e84-bd67-c0134c3733c6,FIRST_STEP,2026-01-31 10:35:08.450022+00:00
506,27450660-9126-425f-8a4c-ee13055c3619,FIRST_STEP,2026-01-31 11:15:06.495403+00:00
507,f6e7d21d-ffa2-40da-a777-6cd561fc7ca2,FIRST_STEP,2026-01-31 12:39:39.926530+00:00
508,b8586f4e-0b8d-4c49-99b4-58e4ac4db671,FIRST_STEP,2026-01-31 12:59:01.870679+00:00
509,7f5ff8e9-537d-4aa6-b713-4dfdab32e67a,FIRST_STEP,2026-01-31 17:53:21.370168+00:00
510,5ab7c5af-6bf1-4ff5-93a6-4bcc1ea926d5,FIRST_STEP,2026-01-31 18:25:41.721197+00:00
511,50480e44-2e0d-4139-aa9b-67dfcc405d62,FIRST_STEP,2026-01-31 19:43:28.780002+00:00
512,7bf1e94f-695d-4afe-9fb2-f60aff59abb9,FIRST_STEP,2026-01-31 19:44:45.731700+00:00
513,7120f862-693b-4518-8e4c-e2bfe7963695,INNOVATOR,2026-01-31 20:12:51.059161+00:00
514,1cf69dca-1008-4088-ab2d-72f1112b1abb,FIRST_STEP,2026-01-31 22:02:17.821651+00:00
515,c061b807-bf13-4062-83a1-8560217e80d8,FIRST_STEP,2026-01-31 23:19:04.442343+00:00
516,99ce0eb9-db3b-4ba1-9d7e-a6e10271bb8c,FIRST_STEP,2026-02-01 01:50:31.912750+00:00
517,aea65023-ce55-417a-a93c-d43c8afc615f,INNOVATOR,2026-02-01 02:56:36.524251+00:00
518,2b1a62e7-f4c9-4a41-b2af-ca2285e01546,FIRST_STEP,2026-02-01 04:42:30.324782+00:00
519,4c166401-3fd9-47c6-993a-883bd0d2ca29,FIRST_STEP,2026-02-01 06:43:28.082221+00:00
520,4c166401-3fd9-47c6-993a-883bd0d2ca29,INNOVATOR,2026-02-01 06:43:28.082221+00:00
521,c31aaa51-862f-454c-afdf-06d1d6ea07fa,FIRST_STEP,2026-02-01 07:24:34.971733+00:00
522,d39a524e-7c94-4fbb-ae92-88b5fbdeaeb8,ON_FIRE,2026-02-01 09:30:38.218349+00:00
523,374bb2b1-7239-47b4-a7f3-42a9312229af,INNOVATOR,2026-02-01 11:16:30.300280+00:00
524,985eaa3f-7b48-432c-980e-612cac39b2d6,FIRST_STEP,2026-02-01 11:32:03.305353+00:00
525,ea31e60e-7c45-4d0d-a72a-9b1bff423649,FIRST_STEP,2026-02-01 13:33:48.486391+00:00
526,77eda781-2f0d-483f-8875-14af3485c071,FIRST_STEP,2026-02-01 14:40:11.230858+00:00
527,5a279486-f19e-477b-ada8-50c908151f96,FIRST_STEP,2026-02-01 15:55:14.332332+00:00
528,d264ec2d-d6b4-4a68-a16e-2ce4e95ca174,INNOVATOR,2026-02-01 16:04:10.775896+00:00
529,c6c4c07d-3b41-4f86-8ba6-5dee77d99dd6,FIRST_STEP,2026-02-01 16:10:47.891978+00:00
530,b028e6d5-941b-4894-816c-80a8024ffabd,FIRST_STEP,2026-02-01 16:35:58.126965+00:00
531,d0461ae2-5c05-43f1-a230-208ef643b565,FIRST_STEP,2026-02-01 18:02:54.002174+00:00
532,c79bf178-2ad7-46c5-a8bc-69d76f5a35b2,FIRST_STEP,2026-02-01 18:42:32.927803+00:00
533,8e39130a-e867-4106-91d8-13206ebbc96a,FIRST_STEP,2026-02-01 19:05:42.738009+00:00
534,f5f28e61-f4ca-473a-8c02-7e708513646c,FIRST_STEP,2026-02-01 21:43:45.360273+00:00
535,77912841-0831-4559-9152-00fd23a9a51c,FIRST_STEP,2026-02-01 21:54:37.847228+00:00
536,77912841-0831-4559-9152-00fd23a9a51c,INNOVATOR,2026-02-01 21:54:37.847228+00:00
537,8c98e8b0-861d-4d8c-9844-76deb537a1db,FIRST_STEP,2026-02-01 23:05:32.286389+00:00
538,635c1a21-2ab2-422e-9d93-0fd35cde7fad,FIRST_STEP,2026-02-01 23:21:40.829270+00:00
539,de3055d4-4360-4203-a8f8-a1dab9fcf241,FIRST_STEP,2026-02-01 23:41:35.708909+00:00
540,de3055d4-4360-4203-a8f8-a1dab9fcf241,INNOVATOR,2026-02-01 23:41:35.708909+00:00
541,278dc842-25a6-4a12-919b-ae5cb5106a96,FIRST_STEP,2026-02-02 00:29:02.939855+00:00
542,28ed3041-bf44-4e82-90cd-dbc09eec2534,FIRST_STEP,2026-02-02 04:01:47.011467+00:00
543,2976ce73-94df-4e12-ac34-fb596591b7c2,FIRST_STEP,2026-02-02 05:41:50.074228+00:00
544,c13abe7d-3c09-4714-9eb5-f4811cd6ae6b,FIRST_STEP,2026-02-02 06:11:27.907625+00:00
545,ea1a0264-de52-481b-a0f7-f867deda082c,FIRST_STEP,2026-02-02 06:21:32.606948+00:00
546,f97a0b32-2873-4e32-aeb0-26f42cfbc29d,FIRST_STEP,2026-02-02 07:37:53.847888+00:00
547,2b2c1a3c-9712-41b8-86c7-afa44d9e0665,FIRST_STEP,2026-02-02 08:07:41.648075+00:00
548,722ee721-cbc4-48ea-afc1-2addf9bc9ffe,FIRST_STEP,2026-02-02 10:19:56.972259+00:00
549,9b0ab4d7-fb2d-49c3-8d03-3d1bed5d58d8,FIRST_STEP,2026-02-02 10:25:05.332662+00:00
550,6ed2246c-0899-4390-bcd4-1c784aa4dcbf,FIRST_STEP,2026-02-02 11:15:48.120016+00:00
551,00f7fbed-d7cd-4b53-9344-aa42ba92c94d,FIRST_STEP,2026-02-02 12:22:15.839911+00:00
552,fe585dc9-87c1-4767-acfc-0cb180014620,FIRST_STEP,2026-02-02 14:15:25.542473+00:00
553,fe585dc9-87c1-4767-acfc-0cb180014620,INNOVATOR,2026-02-02 14:15:25.542473+00:00
554,83fa4897-ec74-4b08-86e3-0d09187fe146,FIRST_STEP,2026-02-02 16:41:40.612382+00:00
555,c33a2e16-11ad-42aa-86ff-912411bdea48,ON_FIRE,2026-02-02 18:02:05.626079+00:00
556,f74bfc4f-83da-466c-9090-774178a81831,FIRST_STEP,2026-02-02 18:56:53.585850+00:00
557,e3a19585-197c-4218-9d75-752360108ba0,FIRST_STEP,2026-02-02 19:31:59.584762+00:00
558,e3a19585-197c-4218-9d75-752360108ba0,INNOVATOR,2026-02-02 19:31:59.584762+00:00
559,9d9f828f-6d17-4846-b840-5c49524aebe1,FIRST_STEP,2026-02-02 19:36:01.448788+00:00
560,6dc39d9c-e178-4f38-874c-f4d9d30d1b2e,FIRST_STEP,2026-02-02 20:00:37.892132+00:00
561,b5470472-a376-405f-b34f-b7e3e01322d5,FIRST_STEP,2026-02-02 21:07:14.430434+00:00
562,0b0392ac-a14f-455e-86b0-ae00fdfdf1f6,FIRST_STEP,2026-02-02 21:47:19.239609+00:00
563,44bd7edf-b40c-4e70-80b5-06cef76b4c8c,INNOVATOR,2026-02-02 23:21:29.875074+00:00
564,20272eee-ae06-4fca-93c0-854b118bb324,FIRST_STEP,2026-02-03 00:55:41.496066+00:00
565,553aa3f4-b0d4-4902-96eb-9580f1ab5102,FIRST_STEP,2026-02-03 01:20:46.756921+00:00
566,1f386289-521a-489e-a60a-2c215d2f95e7,FIRST_STEP,2026-02-03 02:18:41.104481+00:00
567,ae0998f5-ac8d-41f3-ac2d-777a7f7ca079,FIRST_STEP,2026-02-03 02:22:14.983418+00:00
568,7497f43c-158d-489b-b70c-fe3b4c138821,FIRST_STEP,2026-02-03 02:51:09.306535+00:00
569,978615d9-0394-47fb-a990-7b91e37cbcf3,FIRST_STEP,2026-02-03 03:22:56.719727+00:00
570,44bd7edf-b40c-4e70-80b5-06cef76b4c8c,FIRST_STEP,2026-02-03 03:25:32.316967+00:00
571,b03521e4-0ebe-4648-ac5a-5daa0bee8b89,FIRST_STEP,2026-02-03 05:01:11.039802+00:00
572,9670db24-9fbd-4eae-8798-eee73b7f38b0,FIRST_STEP,2026-02-03 05:17:06.850636+00:00
573,5e61724f-7287-442f-963a-0d5dd803249c,FIRST_STEP,2026-02-03 05:31:53.196359+00:00
574,1f9f1987-7506-4d70-81a9-f58c2de19219,FIRST_STEP,2026-02-03 06:56:35.914684+00:00
575,233057b7-c1c0-40c2-9d82-b5af2946ba7d,FIRST_STEP,2026-02-03 07:02:11.176555+00:00
576,dadc6b32-cbe4-4de4-a808-13de29ec16d0,FIRST_STEP,2026-02-03 08:20:35.563499+00:00
577,f85deb38-8a7f-46fd-aa7f-0c9d18401a70,FIRST_STEP,2026-02-03 11:52:35.209559+00:00
578,62668eb7-8a70-4916-8f73-9d676777f177,FIRST_STEP,2026-02-03 13:13:53.195076+00:00
579,7d24e8ab-d927-443c-a1e1-04b73211032b,FIRST_STEP,2026-02-03 14:23:48.105275+00:00
580,fd139f69-a02f-403a-a413-19b49a716926,FIRST_STEP,2026-02-03 14:57:17.081688+00:00
581,33611d4a-b72d-4868-8862-37dc6da35c82,FIRST_STEP,2026-02-03 18:26:09.882150+00:00
582,9ac7d884-9c16-4fa3-b896-884afda9c096,INNOVATOR,2026-02-03 21:31:09.935779+00:00
583,912a90c4-9c49-4b06-b8aa-4363306047bd,INNOVATOR,2026-02-03 21:47:56.730966+00:00
584,b9c5c31c-70c5-4d31-b5fa-06019974af0a,FIRST_STEP,2026-02-03 22:50:29.164885+00:00
585,e85bf3a0-343f-43c6-9d3c-0139253eb5fe,FIRST_STEP,2026-02-04 00:34:33.941724+00:00
586,db865006-8f7f-49f3-a2b6-c29e656c8004,FIRST_STEP,2026-02-04 01:10:12.713718+00:00
587,cb17d7d1-9663-46f6-8a78-677490248001,FIRST_STEP,2026-02-04 01:50:49.325395+00:00
588,039ce623-075d-4c69-9235-d786fde3bf5a,FIRST_STEP,2026-02-04 02:51:42.975437+00:00
589,694b0956-4e4d-45ad-893c-29800a2bcfd9,FIRST_STEP,2026-02-04 02:59:47.662706+00:00
590,28ac5ef3-c8dc-4aa9-97a4-4bd90a55268b,ON_FIRE,2026-02-04 03:16:35.433711+00:00
591,6c7cb4fb-9e6a-4fe0-b7fd-e2495b748576,FIRST_STEP,2026-02-04 03:58:09.120450+00:00
592,f8d7dc0b-5a3b-44ee-98f3-b79e6f774b1e,FIRST_STEP,2026-02-04 05:01:49.693884+00:00
593,d46bbc33-a6b9-4170-bdd9-62088f76392b,INNOVATOR,2026-02-04 05:04:27.353440+00:00
594,a76c196d-d55a-489a-9e41-2892f1411a8b,FIRST_STEP,2026-02-04 05:29:08.691596+00:00
595,d038d3e8-db0f-4824-9216-4de208fd6652,FIRST_STEP,2026-02-04 06:20:27.277683+00:00
596,3784474d-e825-475d-9698-3cd025b65f95,FIRST_STEP,2026-02-04 07:53:34.519888+00:00
597,4b6514c1-383f-4056-9a6e-81fe0599fec3,FIRST_STEP,2026-02-04 08:27:00.893404+00:00
598,d8820e49-04ca-49fb-ae6e-24da3db841fb,FIRST_STEP,2026-02-04 08:58:52.079404+00:00
599,6ff3f4c3-324c-4f23-9667-106f6600724b,FIRST_STEP,2026-02-04 11:06:09.600352+00:00
600,f2adb223-abf2-4dde-8eb2-d0e031d07e62,FIRST_STEP,2026-02-04 11:55:15.488577+00:00
601,7dddaa8e-deb1-42ed-88bb-dc5a16514cdc,FIRST_STEP,2026-02-04 11:59:50.980144+00:00
602,dc77d7ee-0010-4612-9a40-e655be92d3eb,FIRST_STEP,2026-02-04 12:06:24.816877+00:00
603,e0b47f14-ef2d-49fc-b298-7e81497f4563,FIRST_STEP,2026-02-04 12:07:57.493538+00:00
604,85b757d0-f583-4082-88db-1422127834d3,FIRST_STEP,2026-02-04 13:16:56.024515+00:00
605,85b757d0-f583-4082-88db-1422127834d3,INNOVATOR,2026-02-04 13:16:56.024515+00:00
606,28719ef7-aaa2-49fe-b12a-4c8df12ddbbe,FIRST_STEP,2026-02-04 15:48:47.310838+00:00
607,28719ef7-aaa2-49fe-b12a-4c8df12ddbbe,INNOVATOR,2026-02-04 15:48:47.310838+00:00
608,c848b20c-f059-4930-95e5-93f28ae465c9,FIRST_STEP,2026-02-04 16:49:33.884253+00:00
609,c347dd6b-20d6-49f1-b00c-10e9d401a28a,FIRST_STEP,2026-02-04 18:52:19.791281+00:00
610,0b3a5337-8158-4195-b718-c1f64fec5d76,FIRST_STEP,2026-02-04 18:55:32.436189+00:00
611,d07b17dc-7457-4ac7-81fc-f5ba88f492bc,FIRST_STEP,2026-02-04 19:03:49.791488+00:00
612,2924ebf4-7416-4911-9fb8-c3bd86f39111,FIRST_STEP,2026-02-04 23:31:16.278522+00:00
613,f3ee8d81-bce1-4705-a1dd-180f42249038,FIRST_STEP,2026-02-05 01:23:33.460583+00:00
614,0758c702-8abe-48eb-8498-0241319134d6,FIRST_STEP,2026-02-05 01:53:08.526509+00:00
615,1815820e-1287-4637-b9f1-9bd95f95ca22,FIRST_STEP,2026-02-05 02:18:40.581526+00:00
616,fca54b39-ad76-4871-81f2-5f93bcf119a2,FIRST_STEP,2026-02-05 02:52:01.907780+00:00
617,20ce269e-2582-410c-94a7-4694b2562699,FIRST_STEP,2026-02-05 03:43:35.021260+00:00
618,592aac8f-3efc-40e6-8749-bea31258b4be,FIRST_STEP,2026-02-05 06:33:46.121839+00:00
619,ebc876d8-1628-4ff4-afd4-eea254a75a3c,FIRST_STEP,2026-02-05 07:18:38.418644+00:00
620,3b146662-5da3-44f9-a3a2-be2e8ab5f602,FIRST_STEP,2026-02-05 07:23:13.461180+00:00
621,4311ce77-f8c2-4006-914c-00bf45307cde,FIRST_STEP,2026-02-05 09:01:49.351597+00:00
622,8d973db4-761f-47fc-a137-ab4ad30532c7,FIRST_STEP,2026-02-05 09:49:10.508601+00:00
623,f594c6ae-fae0-4ba8-8668-199181bbdd68,FIRST_STEP,2026-02-05 10:11:20.176235+00:00
624,0deea514-779a-4aa2-b500-353e426c4bb8,FIRST_STEP,2026-02-05 10:40:52.728467+00:00
625,1265fdd8-49bb-4b65-8420-9820ac749a6a,FIRST_STEP,2026-02-05 10:54:35.209518+00:00
626,9f553eb2-43ed-4c97-9e01-f1efa2b58866,FIRST_STEP,2026-02-05 11:20:39.462695+00:00
627,78af47a7-ad8d-4faf-a4eb-52cb18a6a2cd,FIRST_STEP,2026-02-05 12:16:12.491810+00:00
628,5179d5b9-4f1e-4e23-9bd1-90c1af18e263,FIRST_STEP,2026-02-05 12:41:22.185872+00:00
629,ea94002e-07bf-4277-9b9a-4f657eaa8125,INNOVATOR,2026-02-05 14:19:17.734376+00:00
630,ed50e871-1708-4f88-8eff-4450af6fd5de,FIRST_STEP,2026-02-05 14:49:52.046524+00:00
631,93c2ea2c-f36b-43fb-8081-333512ad6dfe,INNOVATOR,2026-02-05 16:58:30.579002+00:00
632,83b7b362-55ff-44b1-870b-dd179a5fc394,FIRST_STEP,2026-02-05 21:07:51.709305+00:00
633,c6ffe56c-2cfa-45ed-8b6e-38deadfc1762,FIRST_STEP,2026-02-05 22:10:23.377005+00:00
634,c6ffe56c-2cfa-45ed-8b6e-38deadfc1762,INNOVATOR,2026-02-05 22:10:23.377005+00:00
635,c3f44d1a-e988-4b73-a7f1-9fe2fbfeaaca,FIRST_STEP,2026-02-05 22:15:38.923287+00:00
636,99c5d90c-a8d4-4f31-8abd-cc6d6cbad26b,FIRST_STEP,2026-02-05 22:42:47.254759+00:00
637,96fcb81f-46c4-4e0d-9431-72d62e53de35,FIRST_STEP,2026-02-05 23:15:32.590041+00:00
638,5bfb3b47-b622-4dea-bcef-0b3827189ab1,FIRST_STEP,2026-02-05 23:44:11.143681+00:00
639,92c00d82-349d-4eef-bcfb-103b7523b3d7,FIRST_STEP,2026-02-06 02:35:39.690460+00:00
640,b129122c-5e22-4eac-ada4-bdeab206bf97,ON_FIRE,2026-02-06 03:12:54.808405+00:00
641,9c80f797-b35a-496e-a518-bd9b32ba13b9,INNOVATOR,2026-02-06 06:09:51.048796+00:00
642,f5856cb1-16f0-45c5-83c8-8332602c0554,FIRST_STEP,2026-02-06 06:59:35.706413+00:00
643,56e09b90-5896-4653-a6d0-833a2aaf2380,FIRST_STEP,2026-02-06 07:04:28.079466+00:00
644,3890de82-3395-42e3-86ff-099140dc8353,FIRST_STEP,2026-02-06 07:22:33.398456+00:00
645,0a7c3f39-db01-4c8d-b560-eb1abdfe5054,FIRST_STEP,2026-02-06 10:36:05.204773+00:00
646,bbeb5b7f-c80b-4db1-ba90-903c1a075cf7,FIRST_STEP,2026-02-06 12:13:33.649285+00:00
647,9f62bec9-e71d-4e58-8eb0-f51c0c93bd4e,FIRST_STEP,2026-02-06 14:07:37.189824+00:00
648,c8179126-6db5-4378-878a-06984c582910,FIRST_STEP,2026-02-06 17:48:56.295510+00:00
649,500e7caa-bf0e-48e3-baf1-303ab0dbca43,FIRST_STEP,2026-02-06 18:01:42.474764+00:00
650,aaf51b3f-54ec-45c3-8487-c08aaa05d8c7,ON_FIRE,2026-02-06 18:46:17.211135+00:00
651,2017d595-cb92-43c2-b6ad-78ccf95a782c,FIRST_STEP,2026-02-06 21:14:22.851472+00:00
652,2a2ff3aa-a839-4038-a81c-29bf4839823e,FIRST_STEP,2026-02-06 22:41:26.228174+00:00
653,1a4b66de-c33c-49df-9b73-d52c3e699483,FIRST_STEP,2026-02-07 01:19:29.582534+00:00
654,a839e782-c52a-420c-a7e1-e03328578e0d,FIRST_STEP,2026-02-07 02:54:53.788441+00:00
655,96f88851-c0d4-41cf-be20-b08886bc6e6c,INNOVATOR,2026-02-07 04:57:40.184902+00:00
656,79456f8d-6ac6-4880-873b-04763ea7326d,FIRST_STEP,2026-02-07 07:22:07.228250+00:00
657,c5722e37-67de-4703-9c3e-8bfefb98abe1,INNOVATOR,2026-02-07 07:34:34.152918+00:00
658,3ce5d8ff-3af6-4183-83e3-d0fad13a6ef1,FIRST_STEP,2026-02-07 09:25:04.786503+00:00
659,71c79692-c503-4f92-9e3b-427e5c06bcf3,FIRST_STEP,2026-02-07 09:29:53.404475+00:00
660,d7187d09-a013-49c8-a1b3-d822b39752f7,FIRST_STEP,2026-02-07 10:05:46.301798+00:00
661,91f76ca7-ada9-4b5b-87c9-c7b966228ec6,FIRST_STEP,2026-02-07 10:44:10.373225+00:00
662,777ef2bc-d3d2-4678-96a6-dd1a0255d70d,FIRST_STEP,2026-02-07 10:51:12.643411+00:00
663,1488e2ee-e5fc-4fda-a6c5-2e6dbdbec50b,FIRST_STEP,2026-02-07 12:37:07.277557+00:00
664,770a3736-dd6c-443d-92ff-d84e014a53e9,FIRST_STEP,2026-02-07 14:32:44.969466+00:00
665,ee85ed55-5fb4-47a4-8a52-97b44ea7f18e,FIRST_STEP,2026-02-07 15:19:53.011195+00:00
666,cdceb895-35d8-4e18-b3c1-c6e0cb902595,INNOVATOR,2026-02-07 16:37:40.523064+00:00
667,c03e864e-d2ed-4ce5-856b-2334fbcb17c0,FIRST_STEP,2026-02-07 17:36:05.582601+00:00
668,99deadaf-8a75-4075-aeaa-bf9ec069cd7a,FIRST_STEP,2026-02-07 21:03:57.640107+00:00
669,99deadaf-8a75-4075-aeaa-bf9ec069cd7a,INNOVATOR,2026-02-07 21:03:57.640107+00:00
670,97810494-626f-45ab-bb4d-e0c09e642c34,FIRST_STEP,2026-02-07 21:33:59.642985+00:00
671,9246a4a8-fa4c-48db-84c1-bcec80300b95,ON_FIRE,2026-02-07 22:37:24.244827+00:00
672,f2b06dee-e475-4ddf-9811-39467ec5c4b3,FIRST_STEP,2026-02-07 23:55:15.393829+00:00
673,f50ff8d2-296b-430d-bc2e-7a3ba13a75b7,FIRST_STEP,2026-02-08 00:57:54.754597+00:00
674,76a9bda7-4fee-4da7-a23d-97f4c3bfc3a1,FIRST_STEP,2026-02-08 01:16:44.981008+00:00
675,9cca5d9d-2083-45f2-baf5-a904076fa298,FIRST_STEP,2026-02-08 02:18:51.522459+00:00
676,15422187-1dc9-46d5-8bf2-867217ee9f44,FIRST_STEP,2026-02-08 02:50:29.501255+00:00
677,e94c386e-8464-4a22-be9a-6beb0e5d7a7b,FIRST_STEP,2026-02-08 03:44:14.997699+00:00
678,c413e723-b297-4c8d-b0ed-efcc688a626c,INNOVATOR,2026-02-08 05:00:54.134544+00:00
679,3215d909-b0ac-4c4e-a139-afd4230fe685,FIRST_STEP,2026-02-08 08:05:00.265806+00:00
680,368b0c1f-2b18-45ae-8c55-7445a2e631bc,FIRST_STEP,2026-02-08 08:50:22.086204+00:00
681,8d96e8da-9993-495a-a0c2-848796ac710e,INNOVATOR,2026-02-08 11:17:49.856414+00:00
682,8d96e8da-9993-495a-a0c2-848796ac710e,ON_FIRE,2026-02-08 11:17:49.856414+00:00
683,9dfc227f-7a2c-4af9-81e9-aaf98bdb8fda,FIRST_STEP,2026-02-08 11:49:06.353922+00:00
684,c96c33b2-deb4-4624-905a-4bb4eba9b66b,FIRST_STEP,2026-02-08 12:11:35.172436+00:00
685,c96c33b2-deb4-4624-905a-4bb4eba9b66b,INNOVATOR,2026-02-08 12:11:35.172436+00:00
686,11e4bafe-f46f-4714-ae79-46782f98afcc,ON_FIRE,2026-02-08 12:53:50.877313+00:00
687,0f332dc1-8d8c-4d07-9e8e-61e2d0086221,FIRST_STEP,2026-02-08 14:16:40.005670+00:00
688,20272eee-ae06-4fca-93c0-854b118bb324,INNOVATOR,2026-02-08 14:58:42.564872+00:00
689,49af6a16-f923-4210-8c56-e311e38c564d,FIRST_STEP,2026-02-08 18:39:09.488568+00:00
690,c0278ba1-ce60-47e3-9f28-8dd3d2d45b37,FIRST_STEP,2026-02-08 23:42:47.225895+00:00
691,0ad2e8b9-a1e4-439b-82a6-7043befa8527,FIRST_STEP,2026-02-09 00:12:10.132548+00:00
692,3a08652a-01d6-4fac-9ce5-fcbee3269ae4,FIRST_STEP,2026-02-09 00:15:32.110773+00:00
693,8b802ae2-7e2f-4ae3-b9db-55586c1e446d,FIRST_STEP,2026-02-09 01:06:45.362179+00:00
694,52f2e173-d75b-4075-99c9-bd30847845ad,FIRST_STEP,2026-02-09 02:30:43.414564+00:00
695,d1b2491c-d6e0-4961-a163-1cd855b2b145,FIRST_STEP,2026-02-09 03:22:48.950041+00:00
696,5553c5bf-a6be-43ce-99ca-71a0dd00c526,FIRST_STEP,2026-02-09 04:34:30.856816+00:00
697,1d232fca-e41e-4733-addc-7d23e43a1a37,FIRST_STEP,2026-02-09 05:24:21.397721+00:00
698,1350d9cc-bc62-4dbc-b818-0ec25656b4c8,FIRST_STEP,2026-02-09 06:37:27.034463+00:00
699,7dcdee17-8895-4c49-8c8b-2fe06574a692,FIRST_STEP,2026-02-09 06:50:22.467177+00:00
700,ff547326-c297-4923-8b93-97313a467f80,FIRST_STEP,2026-02-09 07:50:18.462652+00:00
701,3dd95e2a-5330-4b89-abcd-aecc3361f37d,FIRST_STEP,2026-02-09 08:32:12.711392+00:00
702,a166e45a-4673-4033-bd08-6264c00ab024,FIRST_STEP,2026-02-09 11:41:52.768700+00:00
703,78c254c8-e08c-423c-b031-4de7e4eb1f25,FIRST_STEP,2026-02-09 13:31:02.056086+00:00
704,50b973db-8479-47e1-8c19-f51f4998a03c,FIRST_STEP,2026-02-09 14:31:19.984242+00:00
705,19599c23-5a07-447f-8730-c23290710835,FIRST_STEP,2026-02-09 17:37:38.489781+00:00
706,d2b19326-abcc-4c08-ac49-a94f14bc8481,FIRST_STEP,2026-02-09 18:19:22.950503+00:00
707,ca7c15d4-b63c-43b9-a154-a9f6ec9bd46d,FIRST_STEP,2026-02-09 23:54:07.009246+00:00
708,d5d7156b-757a-4b4f-9950-c3a38b7b858d,INNOVATOR,2026-02-10 01:35:22.554990+00:00
709,d55887a6-ba09-4137-817b-136eca0eb8fe,INNOVATOR,2026-02-10 04:08:47.856516+00:00
710,7b5a28c5-3946-4a3b-ad59-fc33a2e44d00,FIRST_STEP,2026-02-10 05:15:28.322895+00:00
711,4abcf7de-7bd9-4a8b-8086-69d62985a420,INNOVATOR,2026-02-10 06:13:59.362220+00:00
712,1815820e-1287-4637-b9f1-9bd95f95ca22,INNOVATOR,2026-02-10 07:24:10.807743+00:00
713,97fc9842-4aa8-4e8a-984d-00e4ebae786f,FIRST_STEP,2026-02-10 07:33:09.410428+00:00
714,d25b06d5-af6c-43d4-9ba8-d64bdd39a1a4,FIRST_STEP,2026-02-10 08:00:37.591251+00:00
715,f4ff8b53-48fb-46e8-9ea0-bc7c51ea9fee,FIRST_STEP,2026-02-10 10:50:08.508126+00:00
716,1a7b75b9-6dfb-43ac-8df5-e9d9c7ef26d8,FIRST_STEP,2026-02-10 10:50:57.674028+00:00
717,83d4670d-ba55-4ec7-9348-24a2b2c1d40f,FIRST_STEP,2026-02-10 11:57:35.236904+00:00
718,d2143c02-7643-4dad-9edd-73d7e485eec7,ON_FIRE,2026-02-10 15:57:45.467891+00:00
719,8a3bbec3-4136-45f6-b098-bbb2be370926,INNOVATOR,2026-02-10 16:12:31.343787+00:00
720,0198bc4b-8443-4754-8317-49b56f81ecea,FIRST_STEP,2026-02-10 18:32:23.912489+00:00
721,b8b374dd-9fa4-4bbd-9bb0-e00bf90d665f,FIRST_STEP,2026-02-10 19:15:04.371509+00:00
722,5f776928-4b7a-41f4-a20d-06c3a6b003bf,FIRST_STEP,2026-02-10 21:10:19.207931+00:00
723,79ecd19f-9a6a-4019-aeab-38a61af2036b,FIRST_STEP,2026-02-10 21:23:41.592971+00:00
724,1139ba1c-108d-408a-bcce-dc297a47ae0b,FIRST_STEP,2026-02-10 23:25:11.515511+00:00
725,cd89616a-bb20-4989-b720-04dac27a609b,FIRST_STEP,2026-02-10 23:32:36.332357+00:00
726,18913824-a75f-44b9-a1c5-cec90c6cd419,FIRST_STEP,2026-02-10 23:38:36.677063+00:00
727,e2d3c795-c4f6-4ea0-8574-a95fab68d0db,FIRST_STEP,2026-02-11 00:23:08.722089+00:00
728,10d5d40f-127e-4b4f-b286-d0a7efa50bd5,FIRST_STEP,2026-02-11 04:25:53.675496+00:00
729,e1a6a44d-3130-4403-b5cb-3639929a10a0,FIRST_STEP,2026-02-11 04:32:50.848127+00:00
730,c024ae2f-747f-4e78-b09d-430b0eca3860,ON_FIRE,2026-02-11 06:01:41.406663+00:00
731,67a9bdfe-c1f6-4192-8df9-d2341b9bf61f,FIRST_STEP,2026-02-11 06:14:37.183907+00:00
732,b1873d56-50de-46f2-a6c2-a907abb54442,FIRST_STEP,2026-02-11 06:17:02.643646+00:00
733,5671894a-5a48-444a-8a73-5462d0f8e451,FIRST_STEP,2026-02-11 07:46:50.302016+00:00
734,36a7aa14-d53e-4d7a-9df0-346370185c99,FIRST_STEP,2026-02-11 08:33:56.754369+00:00
735,830b26e2-0a20-44ba-bebb-2eb0e55eb5eb,FIRST_STEP,2026-02-11 09:35:46.742840+00:00
736,ad077160-525d-4c40-8102-623ecef44a68,INNOVATOR,2026-02-11 10:05:03.074537+00:00
737,b899ea61-699a-400a-98b6-1966f23e209b,FIRST_STEP,2026-02-11 10:17:03.869551+00:00
738,e24ef779-8a19-45dc-82da-af12648144c1,FIRST_STEP,2026-02-11 11:57:23.190102+00:00
739,09c9c2e9-4239-482d-891d-56063049a724,FIRST_STEP,2026-02-11 12:08:19.523733+00:00
740,f5a200ca-45a2-445d-906e-548d24f00cd6,FIRST_STEP,2026-02-11 15:26:10.123424+00:00
741,ea6a2151-71d0-4a29-bdab-6b249f5466e9,FIRST_STEP,2026-02-11 15:45:08.582568+00:00
742,66cca95d-9fc9-4eb7-9ec6-1a35ddebfc83,FIRST_STEP,2026-02-11 16:58:27.354768+00:00
743,bc157ecf-7954-494e-a055-311a276bf358,FIRST_STEP,2026-02-11 17:53:41.571459+00:00
744,03d3af4e-4ead-4742-b182-a0cc364ee704,FIRST_STEP,2026-02-11 22:03:42.486097+00:00
745,4fd7b80e-d72e-42b6-8127-2b77a2ab3795,FIRST_STEP,2026-02-12 04:01:48.157341+00:00
746,578da049-e513-4249-a1cf-ad5d43e8fb14,FIRST_STEP,2026-02-12 05:10:25.196765+00:00
747,13b60d08-4e39-4999-9cce-26b8ce8619c7,FIRST_STEP,2026-02-12 05:21:03.553631+00:00
748,0aa6c832-d272-493b-af96-e53a16a8ba84,ON_FIRE,2026-02-12 05:29:30.047832+00:00
749,d46a3b65-b3c2-4019-9b15-047e249159c1,FIRST_STEP,2026-02-12 06:10:19.032727+00:00
750,95678daf-22ef-4265-aecc-265d306f786c,ON_FIRE,2026-02-12 07:12:13.532025+00:00
751,233d2989-90d7-4cf0-9bea-58a5e4bac3d2,FIRST_STEP,2026-02-12 07:25:53.223859+00:00
752,9670db24-9fbd-4eae-8798-eee73b7f38b0,ON_FIRE,2026-02-12 07:39:35.082946+00:00
753,9af4b494-b502-4444-9cfd-9e6df7e6f022,FIRST_STEP,2026-02-12 09:04:53.861730+00:00
754,830b26e2-0a20-44ba-bebb-2eb0e55eb5eb,INNOVATOR,2026-02-12 10:03:54.717467+00:00
755,e5ccee59-74ad-4614-9ebb-e2b31cd8f624,FIRST_STEP,2026-02-12 14:57:13.963156+00:00
756,3f24b106-d0fe-4f00-822d-c9d256babef7,FIRST_STEP,2026-02-12 15:17:14.204365+00:00
757,e707ec8d-700c-4a76-b105-331db986cdd6,FIRST_STEP,2026-02-12 16:16:44.892946+00:00
758,c21e317f-9f79-44d5-b20a-71aa31f20d74,FIRST_STEP,2026-02-12 17:36:34.665242+00:00
759,e63e4f83-e0ba-4644-a46a-7413de243920,INNOVATOR,2026-02-12 17:54:26.063723+00:00
760,25764ce0-1d1e-4fd5-8ccb-bb0e652d2a41,FIRST_STEP,2026-02-12 18:43:06.715721+00:00
761,8a674818-0a1b-475b-a8c9-cbe1e87d7943,FIRST_STEP,2026-02-12 19:58:17.725406+00:00
762,8a674818-0a1b-475b-a8c9-cbe1e87d7943,INNOVATOR,2026-02-12 19:58:17.725406+00:00
763,d0420627-79ac-4ec0-b46a-b70a49edb1d8,FIRST_STEP,2026-02-12 20:48:04.639835+00:00
764,ac70585c-869a-4f1d-97f0-bd11808c3625,FIRST_STEP,2026-02-12 21:00:36.397329+00:00
765,ada33a22-047d-41f7-9001-c78a46d52ecc,INNOVATOR,2026-02-12 21:10:16.997762+00:00
766,d55887a6-ba09-4137-817b-136eca0eb8fe,ON_FIRE,2026-02-12 21:35:57.764848+00:00
767,b54fdc5c-e828-48f4-8b75-28fe75c046a8,FIRST_STEP,2026-02-12 21:36:26.614830+00:00
768,136f0269-75a4-4b80-bd35-7c42da9c9843,FIRST_STEP,2026-02-12 21:53:35.221633+00:00
769,074ac71d-aafc-47a0-9056-0c48ad4084ce,FIRST_STEP,2026-02-13 00:44:41.807027+00:00
770,dbb62cac-e512-454a-a2dd-cd278e6b0b3e,ON_FIRE,2026-02-13 03:02:24.394120+00:00
771,1c17e3b7-1ace-4929-8a17-4b637e56b0b6,ON_FIRE,2026-02-13 03:17:26.093575+00:00
772,9dd603d9-070f-421c-9578-652d098d33ae,FIRST_STEP,2026-02-13 07:10:58.168047+00:00
773,9ae48ba1-0867-4c64-a244-f1510ff241c4,FIRST_STEP,2026-02-13 07:50:51.593332+00:00
774,33cc0235-e8ce-4838-80c3-1a8a3f670822,FIRST_STEP,2026-02-13 07:54:38.513636+00:00
775,da4776f2-e6b8-4c43-abd8-a693f8b71f5f,FIRST_STEP,2026-02-13 09:30:54.161148+00:00
776,ee1c4d3b-ec68-41f3-b7f1-58779c7a6bd9,FIRST_STEP,2026-02-13 10:58:01.412233+00:00
777,17f812f6-c3b4-4bc7-a54b-f1133fe132f8,ON_FIRE,2026-02-13 11:47:15.232171+00:00
778,912a90c4-9c49-4b06-b8aa-4363306047bd,ON_FIRE,2026-02-13 12:31:36.784962+00:00
779,054fbfd5-4987-4e74-981e-7720556bff7c,FIRST_STEP,2026-02-13 13:39:28.976283+00:00
780,746f9a16-167c-4335-ad48-53bd33464aae,FIRST_STEP,2026-02-13 14:25:32.002009+00:00
781,746f9a16-167c-4335-ad48-53bd33464aae,INNOVATOR,2026-02-13 14:25:32.002009+00:00
782,1bdd1aba-8056-4ec1-b09d-02acb85a9eab,FIRST_STEP,2026-02-13 18:41:52.237966+00:00
783,1bdd1aba-8056-4ec1-b09d-02acb85a9eab,INNOVATOR,2026-02-13 18:41:52.237966+00:00
784,05ebad91-5c0a-406d-b835-141c19b231e0,FIRST_STEP,2026-02-13 18:52:31.321136+00:00
785,21e93a46-e401-457d-ad44-d22012a753d7,INNOVATOR,2026-02-13 19:28:15.609534+00:00
786,2282676e-c8d8-45b4-8148-cb534f3e78bb,FIRST_STEP,2026-02-13 21:25:06.094906+00:00
787,1d564304-c607-4b67-b00b-0c3c6644f9c6,FIRST_STEP,2026-02-14 00:03:40.554637+00:00
788,2b1a62e7-f4c9-4a41-b2af-ca2285e01546,INNOVATOR,2026-02-14 00:44:35.357257+00:00
789,ad184e40-aa0e-44d2-bd36-24c1cc63cd67,FIRST_STEP,2026-02-14 00:50:27.212657+00:00
790,ad184e40-aa0e-44d2-bd36-24c1cc63cd67,INNOVATOR,2026-02-14 00:50:27.212657+00:00
791,915de5a6-4e56-45a3-9ec0-f304a3b83653,ON_FIRE,2026-02-14 01:35:14.546893+00:00
792,284ef197-5fe6-404b-92da-1fd69387091d,FIRST_STEP,2026-02-14 04:48:19.652351+00:00
793,07e91d9a-58ac-4123-b88a-e84d593d3c95,FIRST_STEP,2026-02-14 06:17:07.467837+00:00
794,da7d8ca8-db94-48b0-87a9-6c6a4d12c1cb,FIRST_STEP,2026-02-14 06:45:21.853898+00:00
795,cb6d8e05-1472-47ff-b732-cb920eb596dd,ON_FIRE,2026-02-14 07:51:35.087961+00:00
796,d8442010-86d2-470e-89d9-f9e4e6c5e0df,FIRST_STEP,2026-02-14 08:09:45.064034+00:00
797,33a01618-4870-40e7-82ee-dd8ab9825756,INNOVATOR,2026-02-14 09:02:44.049847+00:00
798,5dc41219-d217-4f8f-a4d3-a9ec3b263384,FIRST_STEP,2026-02-14 10:48:16.420302+00:00
799,5dc41219-d217-4f8f-a4d3-a9ec3b263384,INNOVATOR,2026-02-14 10:48:16.420302+00:00
800,5974ae31-04b8-4503-9dea-54b6eb4c5696,FIRST_STEP,2026-02-14 11:10:40.562303+00:00
801,e50d8d05-5cc4-4343-b6bc-1df1b3f3d22f,FIRST_STEP,2026-02-14 13:20:04.253758+00:00
802,0b72711e-4f6c-4326-9ddc-3f48887a46f7,FIRST_STEP,2026-02-14 13:41:39.030035+00:00
803,61a0e073-e937-4bac-ada2-d1c10bf8a9ed,ON_FIRE,2026-02-14 13:49:04.879469+00:00
804,d7a3f62a-7276-4b1a-9abc-2110c1979b89,FIRST_STEP,2026-02-14 14:13:01.177029+00:00
805,3b4c8589-a29e-4f2a-9518-57ade939fcf8,FIRST_STEP,2026-02-14 14:19:25.590095+00:00
806,0f89f372-8f9b-4e37-a917-95d348270c77,FIRST_STEP,2026-02-14 20:52:03.947088+00:00
807,93104829-8594-400a-b598-aff286b49018,FIRST_STEP,2026-02-14 21:39:35.338706+00:00
808,465f2a51-6e74-4cea-b466-c62c29193b73,FIRST_STEP,2026-02-14 22:03:09.498799+00:00
809,af533c93-0a75-475d-b87d-b1decc84048b,INNOVATOR,2026-02-14 22:21:34.545788+00:00
810,66254aec-711c-4731-ad1b-12358695cff5,ON_FIRE,2026-02-14 23:32:55.891714+00:00
811,2d2ef5e3-a9fa-454f-9d27-96ad5903a226,FIRST_STEP,2026-02-15 02:19:07.320695+00:00
812,2d2ef5e3-a9fa-454f-9d27-96ad5903a226,INNOVATOR,2026-02-15 02:19:07.320695+00:00
813,4c324c73-2dc1-425d-8e1b-f3224f6128ec,FIRST_STEP,2026-02-15 03:50:01.260732+00:00
814,3e5fe20d-95f7-4fea-a0b1-f764d3af1ede,FIRST_STEP,2026-02-15 04:13:59.012222+00:00
815,0642ecad-a158-4e54-85b7-a07bbaf1092f,FIRST_STEP,2026-02-15 05:05:49.944487+00:00
816,c98070f7-ea93-464b-9719-8e5817cb346a,FIRST_STEP,2026-02-15 08:06:16.637824+00:00
817,c98070f7-ea93-464b-9719-8e5817cb346a,INNOVATOR,2026-02-15 08:06:16.637824+00:00
818,b85064cb-2497-4073-9f57-26339c4d0da4,FIRST_STEP,2026-02-15 11:46:00.009531+00:00
819,bd2d8a8f-cc69-4d59-9057-8cac5815b213,FIRST_STEP,2026-02-15 11:57:15.927309+00:00
820,3577cac5-0476-4aff-b030-5793997dce28,FIRST_STEP,2026-02-15 12:09:05.491151+00:00
821,ae923cee-de34-4666-b2f5-d8b68dd987f9,ON_FIRE,2026-02-15 13:55:09.969554+00:00
822,99ce0eb9-db3b-4ba1-9d7e-a6e10271bb8c,ON_FIRE,2026-02-15 14:30:12.772962+00:00
823,fa28ce57-bb38-4d8a-a0f3-a2d5cd14c061,FIRST_STEP,2026-02-15 15:15:34.580774+00:00
824,1d623cd5-7c52-4925-a204-0c46c3869a1d,FIRST_STEP,2026-02-15 17:18:36.986107+00:00
825,a0aa60fd-568a-4e6d-86f9-4d6b89c6e255,FIRST_STEP,2026-02-15 17:30:20.128988+00:00
826,216e3c28-a95a-4cd1-b163-01b319c3d109,FIRST_STEP,2026-02-15 21:48:33.110794+00:00
827,45c10be6-7fac-4883-8cee-b772caa3f8de,FIRST_STEP,2026-02-15 23:21:09.625556+00:00
828,2e981684-37c3-4d1b-b874-e32a851cd0af,FIRST_STEP,2026-02-16 02:55:43.607167+00:00
829,67b9e613-4792-4b7e-88f0-54df3f761ed0,ON_FIRE,2026-02-16 04:16:34.555972+00:00
830,23ce8810-f0b8-4d2e-8e2b-68771418b437,ON_FIRE,2026-02-16 09:19:31.021736+00:00
831,5360fd07-6411-454a-8bc8-066a979f5e68,INNOVATOR,2026-02-16 11:04:04.893427+00:00
832,553aa3f4-b0d4-4902-96eb-9580f1ab5102,ON_FIRE,2026-02-16 12:32:16.667066+00:00
833,04ebe506-cbfc-450e-9f9f-21e8320c892b,INNOVATOR,2026-02-16 13:45:50.575176+00:00
834,3dded13e-5120-43d0-a063-fb98185a8252,FIRST_STEP,2026-02-16 15:37:24.453172+00:00
835,85d69c98-5b99-4368-9470-a023a0faaa39,ON_FIRE,2026-02-16 19:35:06.641078+00:00
836,0280d734-a9d4-4fa0-ab8b-772dff7f7954,FIRST_STEP,2026-02-16 19:54:51.893541+00:00
837,8f774f8b-da2a-4c78-929b-0896a8c710b9,INNOVATOR,2026-02-16 20:23:29.317389+00:00
838,8f774f8b-da2a-4c78-929b-0896a8c710b9,ON_FIRE,2026-02-16 20:23:29.317389+00:00
839,ca7c15d4-b63c-43b9-a154-a9f6ec9bd46d,INNOVATOR,2026-02-16 21:41:52.583884+00:00
840,37984151-0631-4f6f-b709-904ba8c61676,FIRST_STEP,2026-02-16 22:36:40.604670+00:00
841,76d0d2a2-4118-4160-aa2f-d3e4e8396d50,FIRST_STEP,2026-02-16 23:16:20.348807+00:00
842,1c8aea5a-7709-44a0-898c-a882a974318f,INNOVATOR,2026-02-16 23:35:49.266822+00:00
843,08dc70fc-64c7-4fb3-ab1f-76c43226fdbf,FIRST_STEP,2026-02-17 02:12:41.867220+00:00
844,320bb62b-bc55-479e-a685-a27deaf87f3a,ON_FIRE,2026-02-17 06:52:24.975910+00:00
845,aa4e1ebb-5f2c-431e-b14c-49099924347c,ON_FIRE,2026-02-17 07:43:33.969481+00:00
846,113c738a-c462-4ce1-8d84-bd0ba9a11de9,FIRST_STEP,2026-02-17 10:35:15.047820+00:00
847,68188865-471e-41c4-ab21-d803009fe1ae,INNOVATOR,2026-02-17 16:16:23.617911+00:00
848,5b666a1b-6391-46d4-8c0c-b2e34ab3fb1b,FIRST_STEP,2026-02-17 16:16:46.353446+00:00
849,5b666a1b-6391-46d4-8c0c-b2e34ab3fb1b,INNOVATOR,2026-02-17 16:16:46.353446+00:00
850,320540a7-1daa-4726-b502-7fecc0270091,ON_FIRE,2026-02-17 19:29:09.708128+00:00
851,15faaccb-2bbf-40c2-8ccd-d84e51bfe1a3,FIRST_STEP,2026-02-17 22:26:21.236444+00:00
852,4abcf7de-7bd9-4a8b-8086-69d62985a420,FIRST_STEP,2026-02-17 22:39:56.942393+00:00
853,a40aa065-08ee-47e0-9fe4-04100a58e6f1,FIRST_STEP,2026-02-17 22:45:00.687815+00:00
854,8e755df7-d353-4b98-b399-336164ee4a93,FIRST_STEP,2026-02-17 23:30:09.300761+00:00
855,671eb403-5ad4-4085-bf1b-c397caf5df96,FIRST_STEP,2026-02-18 00:12:15.684227+00:00
856,5a279486-f19e-477b-ada8-50c908151f96,INNOVATOR,2026-02-18 02:03:45.770878+00:00
857,5a279486-f19e-477b-ada8-50c908151f96,ON_FIRE,2026-02-18 02:03:45.770878+00:00
858,edc57913-68cf-4b04-a356-052f6ffdbcff,ON_FIRE,2026-02-18 02:32:50.450583+00:00
859,8062edae-a09d-450b-b9e9-61d162542cc6,FIRST_STEP,2026-02-18 03:22:39.049068+00:00
860,166df1e8-caee-4766-9016-af436f3aba44,FIRST_STEP,2026-02-18 06:22:26.276036+00:00
861,7271cad9-975d-443d-9dc6-13dc2769c77d,FIRST_STEP,2026-02-18 06:34:40.523242+00:00
862,7b168703-cc4f-43e5-9775-7d74b4db3f7f,INNOVATOR,2026-02-18 06:44:59.468983+00:00
863,85e3ccdc-ad7f-4b05-b057-8593c1f4a450,INNOVATOR,2026-02-18 07:46:50.641771+00:00
864,c45d7879-b91c-47e2-9f80-fe17082b34a9,FIRST_STEP,2026-02-18 08:48:10.134115+00:00
865,1cd8ca71-932d-472a-befa-2aa189cc5a74,FIRST_STEP,2026-02-18 08:58:02.078639+00:00
866,bd2d8a8f-cc69-4d59-9057-8cac5815b213,INNOVATOR,2026-02-18 11:27:59.948820+00:00
867,debfdb17-41a8-47ec-a914-677fa4a8b9d1,ON_FIRE,2026-02-18 13:28:07.642085+00:00
868,00a63ee3-b72e-4d31-b5f3-e2c9113709fa,ON_FIRE,2026-02-18 19:22:52.526654+00:00
869,4bd7d747-9088-4441-a4ca-12c5a3c80cfb,ON_FIRE,2026-02-18 19:46:56.612920+00:00
870,80d67e75-1cd6-4308-ace2-c8929c58a1fc,FIRST_STEP,2026-02-18 20:55:02.665936+00:00
871,a1c5d618-8d96-458c-8e77-e2adbc9f6c23,ON_FIRE,2026-02-18 21:44:52.065623+00:00
872,db51b55f-fef8-478b-b35a-f2511f4012c2,ON_FIRE,2026-02-18 21:46:50.035540+00:00
873,6923b135-0a80-41b6-a29d-108910d3481e,FIRST_STEP,2026-02-18 22:27:17.340978+00:00
874,622dbe54-2ae7-45b3-9c3e-e10174715762,ON_FIRE,2026-02-18 23:33:16.161590+00:00
875,38f134e4-e62f-4bb9-a0f5-99a23ed433c7,ON_FIRE,2026-02-19 02:47:50.259884+00:00
876,f11017f7-2d00-4f17-9c8e-53b9e06a8ca4,FIRST_STEP,2026-02-19 03:12:22.774898+00:00
877,83591bb5-b0a5-432a-9670-a236e11cbb0b,ON_FIRE,2026-02-19 04:25:09.151677+00:00
878,b877de62-103a-4774-b161-65d240e35474,FIRST_STEP,2026-02-19 07:38:18.957267+00:00
879,ad077160-525d-4c40-8102-623ecef44a68,ON_FIRE,2026-02-19 08:03:02.991700+00:00
880,ebe1cbd3-513d-4852-b31c-67c8b1dbeca9,FIRST_STEP,2026-02-19 08:54:05.404924+00:00
881,54b43be3-84e0-4a95-9d97-8b3b30898bd6,FIRST_STEP,2026-02-19 09:13:11.435115+00:00
882,53bc19ae-6115-4448-91c2-079f930260b9,ON_FIRE,2026-02-19 11:11:15.820479+00:00
883,e6b32c11-c369-4ced-9813-924c8e864732,INNOVATOR,2026-02-19 13:49:11.702470+00:00
884,4d667ed7-ec6b-4add-aae1-3807ff1a161c,INNOVATOR,2026-02-19 14:02:23.378464+00:00
885,8fb6c560-14f4-4ef9-bab1-bda6ae55864c,FIRST_STEP,2026-02-19 19:32:07.857825+00:00
886,a653f1b8-2202-491e-8b31-77d92d162949,FIRST_STEP,2026-02-19 21:01:04.089879+00:00
887,c1e9f1c5-3a1d-407e-9767-7cb7c9089296,ON_FIRE,2026-02-19 21:25:59.995202+00:00
888,7fe85746-fe19-422b-8bf2-d167d79a2d1a,ON_FIRE,2026-02-20 01:30:52.780467+00:00
889,af9d7f38-32f1-49e9-974f-0bb83155d6eb,FIRST_STEP,2026-02-20 05:37:19.611144+00:00
890,829eabd6-72af-4c4e-b91e-42647a56cf50,FIRST_STEP,2026-02-20 05:56:48.142567+00:00
891,bfe891b4-9403-4989-a44e-4cc7c30638a2,FIRST_STEP,2026-02-20 06:29:21.030746+00:00
892,3ce5d8ff-3af6-4183-83e3-d0fad13a6ef1,ON_FIRE,2026-02-20 07:38:53.777496+00:00
893,38f613ea-5861-4cc9-b537-b6b20e606666,FIRST_STEP,2026-02-20 08:08:23.918385+00:00
894,8447be2e-4776-47d8-b0e5-e6a88f3e7d22,ON_FIRE,2026-02-20 08:47:19.639773+00:00
895,9d77bbdb-a7c6-48dc-8333-69d2a53bae58,INNOVATOR,2026-02-20 10:15:17.601394+00:00
896,7b168703-cc4f-43e5-9775-7d74b4db3f7f,ON_FIRE,2026-02-20 10:22:36.242045+00:00
897,9dfc227f-7a2c-4af9-81e9-aaf98bdb8fda,INNOVATOR,2026-02-20 12:11:59.482804+00:00
898,278dc842-25a6-4a12-919b-ae5cb5106a96,ON_FIRE,2026-02-20 12:29:37.658168+00:00
899,a267cd55-dae7-4edb-9cd9-1ac6f46d89a0,FIRST_STEP,2026-02-20 13:28:40.506387+00:00
900,dfc8f475-9202-4a52-9002-24f557cc4c64,FIRST_STEP,2026-02-20 14:23:10.409881+00:00
901,e8a80a6e-ee71-4373-8db9-cb211b8b0d92,FIRST_STEP,2026-02-20 14:51:10.569043+00:00
902,21e93a46-e401-457d-ad44-d22012a753d7,ON_FIRE,2026-02-20 15:03:04.643712+00:00
903,f0113aec-0313-48b0-883d-51e4f32687a4,FIRST_STEP,2026-02-20 18:16:52.025694+00:00
904,8a674818-0a1b-475b-a8c9-cbe1e87d7943,ON_FIRE,2026-02-20 19:06:19.335652+00:00
905,b1b3abf0-bf40-43df-bd09-1bd861e99e17,FIRST_STEP,2026-02-20 19:52:44.140089+00:00
906,c3cebde2-04c5-4bd6-8742-5138c5699944,ON_FIRE,2026-02-20 20:00:21.602256+00:00
907,569ecf53-8fa2-437c-b040-27ed48d0b96f,FIRST_STEP,2026-02-20 21:03:09.614666+00:00
908,6f1f4dc0-4b42-4147-b573-37a2915f8a50,ON_FIRE,2026-02-21 02:11:56.158495+00:00
909,d0f286e9-aeb3-4658-8f6c-b7a7d6120051,ON_FIRE,2026-02-21 08:27:54.653671+00:00
910,25764ce0-1d1e-4fd5-8ccb-bb0e652d2a41,INNOVATOR,2026-02-21 10:49:05.865091+00:00
911,ad0019b6-763f-4495-9027-62286284764a,FIRST_STEP,2026-02-21 10:59:30.674607+00:00
912,eaa9cc85-b28c-4878-9ca7-f4d797d0e0d9,FIRST_STEP,2026-02-21 16:45:34.698264+00:00
913,f32fdb6b-d074-4fe9-9c58-dafa738bada1,FIRST_STEP,2026-02-21 17:02:02.005849+00:00
914,f32fdb6b-d074-4fe9-9c58-dafa738bada1,INNOVATOR,2026-02-21 17:02:02.005849+00:00
915,6bd3493e-fd88-4531-b028-16a597e8c121,ON_FIRE,2026-02-21 21:43:18.789240+00:00
916,d293ce30-027f-4bb3-ad26-f2dfc118d0c4,FIRST_STEP,2026-02-21 23:01:40.919282+00:00
917,efe3f27d-9b61-4dcc-bdee-66d1ff6634b6,ON_FIRE,2026-02-21 23:03:23.597601+00:00
918,45f2fe70-a2a2-4fcc-b0f2-29306540418a,INNOVATOR,2026-02-21 23:18:04.920798+00:00
919,a166e45a-4673-4033-bd08-6264c00ab024,INNOVATOR,2026-02-22 01:07:16.447582+00:00
920,124d31c9-67e3-4463-a3dc-e5d31d3560a1,FIRST_STEP,2026-02-22 06:05:31.756000+00:00
921,a3444dae-ba25-43f7-a745-f3f89b273e2c,FIRST_STEP,2026-02-22 06:41:17.720851+00:00
922,04ebe506-cbfc-450e-9f9f-21e8320c892b,ON_FIRE,2026-02-22 07:44:30.952898+00:00
923,db0a6297-8193-47c9-a815-151141095ca6,ON_FIRE,2026-02-22 08:36:11.546456+00:00
924,6531a0f2-47b9-4582-85c5-5d1479aedfd0,FIRST_STEP,2026-02-22 08:47:22.170798+00:00
925,e3327257-45ae-4912-b4c2-08f9cb4d8536,ON_FIRE,2026-02-22 09:26:13.445846+00:00
926,8953121f-1a21-4cf5-9842-a8bab20d555c,FIRST_STEP,2026-02-22 10:39:32.166510+00:00
927,c31a8997-aa4f-4fcd-af44-2a2e36479c4d,FIRST_STEP,2026-02-22 11:53:09.606089+00:00
928,9ac7d884-9c16-4fa3-b896-884afda9c096,ON_FIRE,2026-02-22 13:29:37.589131+00:00
929,07e91d9a-58ac-4123-b88a-e84d593d3c95,INNOVATOR,2026-02-22 15:48:46.551364+00:00
930,1092232c-ca39-4c9d-90f6-d303d67af0e4,FIRST_STEP,2026-02-22 17:11:18.063847+00:00
931,6c72c3eb-81e1-402e-8b91-1b315094e27e,FIRST_STEP,2026-02-22 21:17:01.759246+00:00
932,374bb2b1-7239-47b4-a7f3-42a9312229af,ON_FIRE,2026-02-22 23:05:19.927032+00:00
933,0b8e3edc-e13f-433c-bcda-bf4510acface,ON_FIRE,2026-02-22 23:20:47.895541+00:00
934,0deccb0f-28c2-4434-a9fc-b509e554f041,FIRST_STEP,2026-02-22 23:28:14.889907+00:00
935,405aedd0-cb27-4b4c-a93e-b03ba37f2948,FIRST_STEP,2026-02-23 09:48:38.807482+00:00
936,65f45148-d34d-4ca8-b231-ff27af7e1083,ON_FIRE,2026-02-23 13:48:36.960051+00:00
937,f94cae4d-1651-4cf9-829f-4b10982ab3a1,FIRST_STEP,2026-02-23 18:01:14.324893+00:00
938,124d31c9-67e3-4463-a3dc-e5d31d3560a1,INNOVATOR,2026-02-23 19:12:38.582875+00:00
939,42985594-b4de-4967-9bb0-fa9bd3a9e08f,FIRST_STEP,2026-02-23 23:36:09.806587+00:00
940,76a9bda7-4fee-4da7-a23d-97f4c3bfc3a1,ON_FIRE,2026-02-24 01:45:23.409558+00:00
941,553f633d-4e8b-4e4b-a5c1-02de094d0933,FIRST_STEP,2026-02-24 01:58:07.444814+00:00
942,3153eaad-facb-4e77-bf73-9a19018c032d,ON_FIRE,2026-02-24 03:47:17.140765+00:00
943,25764ce0-1d1e-4fd5-8ccb-bb0e652d2a41,CHAMPION,2026-02-24 04:24:47.375874+00:00
944,18461a76-23dd-484e-ac0a-37f832c9ef57,FIRST_STEP,2026-02-24 06:29:55.114131+00:00
945,7f5ff8e9-537d-4aa6-b713-4dfdab32e67a,ON_FIRE,2026-02-24 09:06:00.903481+00:00
946,cabfbbfa-d76d-4f74-a0ec-910dd89f4794,INNOVATOR,2026-02-24 09:53:12.564301+00:00
947,bebe014f-7c1c-4d4c-93b4-536cb5e45af9,FIRST_STEP,2026-02-24 12:05:05.656310+00:00
948,e9259942-8396-473b-9057-48dcaca6a4b8,ON_FIRE,2026-02-24 20:37:53.938271+00:00
949,586058b9-99bc-4600-9f37-87111fcaf37e,FIRST_STEP,2026-02-24 20:40:02.357167+00:00
950,d0254122-89ed-45f1-9608-36032344bddd,FIRST_STEP,2026-02-24 20:54:07.372069+00:00
951,a1a5a881-54f7-465a-9473-7397b5bd6d3e,FIRST_STEP,2026-02-24 20:54:41.401274+00:00
952,9e386737-237f-4416-ad22-3e4e59f3de3a,FIRST_STEP,2026-02-24 22:38:33.314155+00:00
953,2b117fb4-0476-4220-9e19-f00fccae94a5,FIRST_STEP,2026-02-24 23:19:32.362135+00:00
954,767e0eaf-7303-4417-832c-a8e02100fe09,FIRST_STEP,2026-02-24 23:44:31.806592+00:00
955,767e0eaf-7303-4417-832c-a8e02100fe09,INNOVATOR,2026-02-24 23:44:31.806592+00:00
956,f3525842-5ccf-4d32-b3c0-eb58cb4ae783,ON_FIRE,2026-02-24 23:44:48.441828+00:00
957,d7a3f62a-7276-4b1a-9abc-2110c1979b89,INNOVATOR,2026-02-25 00:04:12.972953+00:00
958,bc70bf9e-59c4-4c98-a89c-92f271b748cc,ON_FIRE,2026-02-25 02:19:55.299924+00:00
959,e3a19585-197c-4218-9d75-752360108ba0,ON_FIRE,2026-02-25 03:07:06.311899+00:00
960,16ce6d70-5405-478a-a25a-cc332ef4b47c,FIRST_STEP,2026-02-25 04:28:30.845359+00:00
961,f88e79f6-5cdb-401c-9b0a-0035434d7b18,FIRST_STEP,2026-02-25 05:04:58.276134+00:00
962,3e97ef54-2c80-4360-8b88-839042ab9574,FIRST_STEP,2026-02-25 05:54:57.412434+00:00
963,bcd22804-cb9b-430b-879b-fbdade368183,FIRST_STEP,2026-02-25 10:18:06.399207+00:00
964,b312e220-ae63-4cad-98df-940d573360df,ON_FIRE,2026-02-25 11:46:51.695944+00:00
965,f2a1a80b-ee11-4d4d-934b-4728eb24d690,ON_FIRE,2026-02-25 12:12:10.578117+00:00
966,9d77bbdb-a7c6-48dc-8333-69d2a53bae58,ON_FIRE,2026-02-25 15:21:04.035365+00:00
967,2d1d0a12-4b10-45f0-b7dc-0403ac89b5a1,FIRST_STEP,2026-02-25 16:03:24.196350+00:00
968,895f01a4-b0ea-4f55-add3-d7b281d0d86e,FIRST_STEP,2026-02-25 19:26:29.123681+00:00
969,6923b135-0a80-41b6-a29d-108910d3481e,INNOVATOR,2026-02-25 20:32:52.345678+00:00
970,2620e675-d3ba-4ca5-85bf-2dd08f05bca7,ON_FIRE,2026-02-25 20:58:27.221126+00:00
971,67b9e613-4792-4b7e-88f0-54df3f761ed0,CHAMPION,2026-02-25 21:04:57.269586+00:00
972,3fe14d18-0cfa-492c-9c98-5c09e18406f4,INNOVATOR,2026-02-25 23:19:26.781018+00:00
973,2aefd1c6-5b84-45ec-ba52-ac77cc48ac56,INNOVATOR,2026-02-25 23:23:57.130883+00:00
974,e8dda1ab-4e22-4b44-b642-16d429b530e6,ON_FIRE,2026-02-25 23:53:51.098484+00:00
975,a04f5eda-a557-4705-92b5-88cc55ea6558,ON_FIRE,2026-02-26 00:25:20.695155+00:00
976,e0b41b2a-0c7b-41b4-b605-9004a85a2f65,ON_FIRE,2026-02-26 04:05:18.787239+00:00
977,3e8f245c-15c1-4831-9299-c0ac3087461f,FIRST_STEP,2026-02-26 04:37:52.057319+00:00
978,82adceda-344c-469a-a34d-6c5d0776f855,FIRST_STEP,2026-02-26 04:44:51.163125+00:00
979,57b45e22-215a-4f53-8bf0-2a6895527cf0,FIRST_STEP,2026-02-26 06:59:00.480664+00:00
980,8292224d-865d-414d-b46e-895c5152d1a0,FIRST_STEP,2026-02-26 07:13:00.734288+00:00
981,7c86415e-73e1-4452-b345-730bd15fcbcf,FIRST_STEP,2026-02-26 07:23:10.512732+00:00
982,13376738-828d-4cdb-b40c-24d0da2a5573,ON_FIRE,2026-02-26 07:44:20.496473+00:00
983,75c4fd88-9e44-46ab-b324-a068f16ab956,INNOVATOR,2026-02-26 07:50:22.126717+00:00
984,52d16be2-1e29-40b8-8bcf-0168e069291b,FIRST_STEP,2026-02-26 08:09:35.833434+00:00
985,d46bbc33-a6b9-4170-bdd9-62088f76392b,ON_FIRE,2026-02-26 09:43:02.370126+00:00
986,5c093bcb-a8f8-495e-9e59-fe544f16ea0b,ON_FIRE,2026-02-26 09:52:15.994789+00:00
987,b67484d6-57c8-48b2-bc51-671001b1bcda,FIRST_STEP,2026-02-26 09:54:03.688531+00:00
988,8006d300-c0ae-4a0d-ba53-074804f86119,ON_FIRE,2026-02-26 11:11:25.795285+00:00
989,d4bea928-8cc6-40c1-ad6c-85ba2f32c3ca,ON_FIRE,2026-02-26 11:57:44.122231+00:00
990,c58f7dbd-9a6d-4c3f-bed8-75f484e20259,FIRST_STEP,2026-02-26 14:15:26.802182+00:00
991,a7019b71-bdec-45fd-aa1f-46c39d0046c3,ON_FIRE,2026-02-26 17:13:52.342045+00:00
992,5bba076a-bfef-4cf9-be7b-eaf7160e722e,ON_FIRE,2026-02-26 17:47:46.173933+00:00
993,18aee4d1-ff77-49a2-bce1-9d47c65368ae,INNOVATOR,2026-02-26 18:42:15.574023+00:00
994,18aee4d1-ff77-49a2-bce1-9d47c65368ae,ON_FIRE,2026-02-26 18:42:15.574023+00:00
995,d432410f-620e-49df-9646-346e8457b3bf,ON_FIRE,2026-02-26 19:24:43.624187+00:00
996,2a5fc018-eeb8-406f-83fc-1862252f93b0,ON_FIRE,2026-02-26 20:54:47.047166+00:00
997,6d282e57-ae58-47d1-b0b0-71588701cd4b,ON_FIRE,2026-02-26 21:51:21.457615+00:00
998,9164ed25-60b7-490a-8cd1-097fbea158ab,INNOVATOR,2026-02-27 03:03:53.852297+00:00
999,91e9323a-e856-492f-b6b6-379bc6570add,INNOVATOR,2026-02-27 06:59:14.524172+00:00
1000,91e9323a-e856-492f-b6b6-379bc6570add,ON_FIRE,2026-02-27 06:59:14.524172+00:00
1001,00f7fbed-d7cd-4b53-9344-aa42ba92c94d,INNOVATOR,2026-02-27 11:20:46.684553+00:00
1002,00f7fbed-d7cd-4b53-9344-aa42ba92c94d,ON_FIRE,2026-02-27 11:20:46.684553+00:00
1003,5ab7c5af-6bf1-4ff5-93a6-4bcc1ea926d5,INNOVATOR,2026-02-27 22:49:11.742789+00:00
1004,5ab7c5af-6bf1-4ff5-93a6-4bcc1ea926d5,ON_FIRE,2026-02-27 22:49:11.742789+00:00
1005,eb0e5714-103d-4cc9-9b7e-b0267f027196,FIRST_STEP,2026-02-28 00:12:03.881476+00:00
1006,b5fe5b9a-eaee-4b14-8a4b-ade6055198b0,INNOVATOR,2026-02-28 02:47:03.814100+00:00
1007,43961ba3-19dc-4b35-a7d8-f70fec307809,FIRST_STEP,2026-02-28 04:14:32.984396+00:00
1008,1601dd67-4724-4d1d-a0bc-461e96081aed,ON_FIRE,2026-02-28 04:50:59.769754+00:00
1009,e8c415aa-cfd6-4935-9dbf-646291d2e9c0,FIRST_STEP,2026-02-28 07:24:49.095503+00:00
1010,d35f769d-d320-4357-a8ad-0db3cd7e1bcf,ON_FIRE,2026-02-28 08:28:07.518163+00:00
1011,1423a03e-cee5-47c1-8a33-c4e950c56923,FIRST_STEP,2026-02-28 10:27:53.645660+00:00
1012,76cbf7c4-1a28-4125-bb2c-8e192a892807,ON_FIRE,2026-02-28 12:15:01.668531+00:00
1013,adf357bf-a6ea-435e-84dc-d92ef2f7cde4,INNOVATOR,2026-02-28 13:19:59.541987+00:00
1014,62f0f942-5b08-4351-9bfb-920a9b2364ec,ON_FIRE,2026-02-28 14:49:27.467423+00:00
1015,4696641d-ca0e-4d94-9047-ade0d245ddb5,FIRST_STEP,2026-02-28 16:08:10.574649+00:00
1016,8062edae-a09d-450b-b9e9-61d162542cc6,INNOVATOR,2026-02-28 16:39:27.770263+00:00
1017,c95d510a-3346-4f36-be97-770bde6ccec1,ON_FIRE,2026-02-28 17:55:09.043908+00:00
1018,7d15ce84-8e27-4d49-b5db-e0a53ce987cd,ON_FIRE,2026-02-28 18:00:28.800534+00:00
1019,009106ed-775c-4434-bfde-f95de8733d4b,FIRST_STEP,2026-02-28 19:04:31.527186+00:00
1020,e51471b8-8541-4d90-8b64-727da5b9cb07,FIRST_STEP,2026-02-28 20:34:34.144852+00:00
1021,eb0df4f4-149a-40ce-ab54-70d49d31204a,FIRST_STEP,2026-02-28 21:25:49.346448+00:00
1022,9851c669-90b3-4bba-a904-e07bff44c7cb,FIRST_STEP,2026-02-28 22:52:05.406282+00:00
1023,f1ea7bc8-4511-4946-992a-69c581e26bef,ON_FIRE,2026-02-28 23:49:11.021160+00:00
1024,385f81d4-6aef-41cb-a04f-f1dc4b4c392c,FIRST_STEP,2026-03-01 00:19:59.234034+00:00
1025,500e7caa-bf0e-48e3-baf1-303ab0dbca43,INNOVATOR,2026-03-01 00:39:22.311105+00:00
1026,544f4247-a6c8-459e-997a-f558b28f1006,INNOVATOR,2026-03-01 00:51:09.010144+00:00
1027,1a4b66de-c33c-49df-9b73-d52c3e699483,INNOVATOR,2026-03-01 03:46:59.967723+00:00
1028,50e23573-ed49-4a5a-a274-62ac3d92fa00,ON_FIRE,2026-03-01 04:12:56.609547+00:00
1029,2c6db120-61ac-4444-868a-bb75396aaae3,FIRST_STEP,2026-03-01 05:29:38.635396+00:00
1030,921f32d9-32ea-4d21-8db4-7b339d13a5b6,FIRST_STEP,2026-03-01 07:15:57.403797+00:00
1031,473aea92-b352-4816-84a6-998d6674e016,INNOVATOR,2026-03-01 08:37:57.071528+00:00
1032,14982b70-3b85-4fff-9449-0f42ce2dd336,FIRST_STEP,2026-03-01 10:45:03.094174+00:00
1033,2fbcc1cb-3f24-49ae-8318-d9d8b3352464,FIRST_STEP,2026-03-01 11:12:46.095702+00:00
1034,4597622b-a50f-4a08-82d3-b202eb23c08b,FIRST_STEP,2026-03-01 11:55:56.016568+00:00
1035,fcde4003-2759-47b7-b54d-25da4c86740a,INNOVATOR,2026-03-01 13:17:07.154544+00:00
1036,9500eed0-ba6a-4e02-904a-16af00d46e3e,ON_FIRE,2026-03-01 14:00:08.963078+00:00
1037,0f921b9c-f5ad-48fc-a6b4-eba7430c551c,FIRST_STEP,2026-03-01 15:02:32.040699+00:00
1038,7c02e81b-64f2-451d-bbab-b807fd72ef10,ON_FIRE,2026-03-01 19:21:08.712131+00:00
1039,97fc9842-4aa8-4e8a-984d-00e4ebae786f,ON_FIRE,2026-03-01 19:48:38.403400+00:00
1040,b84486da-21ec-4b82-bf29-a0ba711862f5,INNOVATOR,2026-03-01 22:38:59.932439+00:00
1041,38adb4ef-c093-482a-8067-65d85424ebf8,FIRST_STEP,2026-03-02 00:45:39.143904+00:00
1042,ebabeeab-3d61-4de8-9cc1-9896c30de71c,ON_FIRE,2026-03-02 03:35:09.133955+00:00
1043,3dd95e2a-5330-4b89-abcd-aecc3361f37d,INNOVATOR,2026-03-02 09:01:45.637014+00:00
1044,3dd95e2a-5330-4b89-abcd-aecc3361f37d,ON_FIRE,2026-03-02 09:01:45.637014+00:00
1045,18461a76-23dd-484e-ac0a-37f832c9ef57,ON_FIRE,2026-03-02 10:21:37.878085+00:00
1046,692a8a6c-d41c-400a-a1eb-e5c04cf9e6df,FIRST_STEP,2026-03-02 11:16:42.848570+00:00
1047,9a1159ca-5027-4cc5-acce-0e458cb282f9,ON_FIRE,2026-03-02 11:18:20.355528+00:00
1048,e1146103-3e33-4ed7-9a4c-3426f5922da9,ON_FIRE,2026-03-02 13:48:13.742203+00:00
1049,99be4c11-8624-4a8a-a33e-833f5dd5a1e5,FIRST_STEP,2026-03-02 14:20:55.806254+00:00
1050,da6180bb-789f-4ba7-887c-08f5033ce3bd,ON_FIRE,2026-03-02 15:59:14.960782+00:00
1051,1350d9cc-bc62-4dbc-b818-0ec25656b4c8,INNOVATOR,2026-03-02 17:51:58.503024+00:00
1052,99be4c11-8624-4a8a-a33e-833f5dd5a1e5,INNOVATOR,2026-03-02 19:10:23.417617+00:00
1053,fea147a7-2981-47cc-8b65-ea434394a5f1,FIRST_STEP,2026-03-02 20:19:43.122353+00:00
1054,20ce269e-2582-410c-94a7-4694b2562699,ON_FIRE,2026-03-03 00:14:37.673095+00:00
1055,830b26e2-0a20-44ba-bebb-2eb0e55eb5eb,ON_FIRE,2026-03-03 01:53:11.170422+00:00
1056,d7f518f6-8981-4973-9c42-b49423f7f23e,ON_FIRE,2026-03-03 05:51:42.629315+00:00
1057,ef84d501-5809-42c6-811a-459fc59c8de1,FIRST_STEP,2026-03-03 06:38:47.992402+00:00
1058,ab6db78b-7377-4bd2-b600-5e71d3b60e91,FIRST_STEP,2026-03-03 07:45:57.635466+00:00
1059,009106ed-775c-4434-bfde-f95de8733d4b,INNOVATOR,2026-03-03 11:21:38.165177+00:00
1060,ca7c15d4-b63c-43b9-a154-a9f6ec9bd46d,ON_FIRE,2026-03-03 11:40:39.582674+00:00
1061,96f88851-c0d4-41cf-be20-b08886bc6e6c,ON_FIRE,2026-03-03 13:21:33.698983+00:00
1062,2f9348fd-73c7-4bee-b63f-b880e839a3f8,ON_FIRE,2026-03-03 14:07:14.329426+00:00
1063,921a0f6a-b2e3-4312-947d-dbb1a59b7f17,FIRST_STEP,2026-03-03 14:20:22.062171+00:00
1064,eb85b268-bb88-4119-939d-492d2322518f,ON_FIRE,2026-03-03 16:10:46.858093+00:00
1065,c3b0f176-69f0-4028-872a-0091128bf3a7,ON_FIRE,2026-03-03 17:53:06.880064+00:00
1066,44e180ab-f87f-4906-959a-d4208112dfeb,FIRST_STEP,2026-03-03 19:38:15.939477+00:00
1067,11938edb-7027-491c-9527-eaf7738ea9cd,ON_FIRE,2026-03-03 20:40:38.245556+00:00
1068,53691fc5-65db-4948-a53d-05eb7c9cbafd,FIRST_STEP,2026-03-03 20:52:42.119475+00:00
1069,2ef6e49e-2db4-4aba-9300-2be6b73234f7,FIRST_STEP,2026-03-03 20:57:48.227406+00:00
1070,f3ee8d81-bce1-4705-a1dd-180f42249038,ON_FIRE,2026-03-03 21:18:41.998525+00:00
1071,4a0da242-8758-4153-94cc-b7593207978b,FIRST_STEP,2026-03-03 22:33:19.499618+00:00
1072,6e55651b-8ed1-4671-be45-9df63f4dbdb6,ON_FIRE,2026-03-03 22:57:41.399718+00:00
1073,a41333e5-1570-46d3-b7f0-bef8202da882,FIRST_STEP,2026-03-03 22:59:51.515738+00:00
1074,1878e9de-abc1-4dcc-b6d3-1113c76c1a59,FIRST_STEP,2026-03-04 02:00:12.444185+00:00
1075,ab4d36f2-bc4b-4bfe-9c61-410dabc43c84,FIRST_STEP,2026-03-04 02:32:04.520859+00:00
1076,2237a47b-d19c-43f7-b1bb-db7310cd2750,FIRST_STEP,2026-03-04 02:46:02.865352+00:00
1077,66254aec-711c-4731-ad1b-12358695cff5,INNOVATOR,2026-03-04 03:22:23.921992+00:00
1078,0bbae24c-66cb-42bc-8f35-4e9d6e77ac24,FIRST_STEP,2026-03-04 03:41:21.734670+00:00
1079,80773d69-c298-4c18-89cd-2c5d7b1186c9,FIRST_STEP,2026-03-04 05:31:25.253732+00:00
1080,9f62bec9-e71d-4e58-8eb0-f51c0c93bd4e,ON_FIRE,2026-03-04 05:49:21.888264+00:00
1081,bec21b43-0b9a-4b14-aec4-4493b6192e37,FIRST_STEP,2026-03-04 06:16:14.379726+00:00
1082,4104f49c-666e-4c48-8185-e1ef630c83c1,ON_FIRE,2026-03-04 07:32:46.350872+00:00
1083,83181837-ca9a-4a93-95ef-82c0c1624078,CHAMPION,2026-03-04 08:37:02.626215+00:00
1084,78c254c8-e08c-423c-b031-4de7e4eb1f25,INNOVATOR,2026-03-04 10:29:52.172798+00:00
1085,78c254c8-e08c-423c-b031-4de7e4eb1f25,ON_FIRE,2026-03-04 10:29:52.172798+00:00
1086,99ce0eb9-db3b-4ba1-9d7e-a6e10271bb8c,CHAMPION,2026-03-04 10:50:00.000000+00:00
1087,8316ff5f-cf64-4d38-95c5-ca2d545ce3d2,INNOVATOR,2026-03-04 10:54:41.325956+00:00
1088,d038d3e8-db0f-4824-9216-4de208fd6652,ON_FIRE,2026-03-04 11:09:32.918876+00:00
1089,e398a652-95b8-4aab-9aa3-b991fef8f84c,INNOVATOR,2026-03-04 11:28:41.263767+00:00
1090,a2b814f9-d1cb-4bde-bac9-f01b969f7a6c,FIRST_STEP,2026-03-04 12:42:25.094336+00:00
1091,04ae859c-0c10-43f9-b75f-3eda713debdb,FIRST_STEP,2026-03-04 16:16:40.623412+00:00
1092,d5d7156b-757a-4b4f-9950-c3a38b7b858d,ON_FIRE,2026-03-04 18:28:15.303114+00:00
1093,8316ff5f-cf64-4d38-95c5-ca2d545ce3d2,FIRST_STEP,2026-03-04 18:44:09.727015+00:00
1094,2b2c1a3c-9712-41b8-86c7-afa44d9e0665,ON_FIRE,2026-03-04 18:50:07.144666+00:00
1095,aa4e1ebb-5f2c-431e-b14c-49099924347c,INNOVATOR,2026-03-04 19:57:13.283342+00:00
1096,11a37724-d4a2-4571-9734-d56b460e4a73,ON_FIRE,2026-03-04 20:28:10.303945+00:00
1097,55831852-80ae-4ac9-b6c1-ecd2efaef1b7,FIRST_STEP,2026-03-04 21:12:16.493474+00:00
1098,f6e7d21d-ffa2-40da-a777-6cd561fc7ca2,ON_FIRE,2026-03-05 00:29:32.432242+00:00
1099,c024ae2f-747f-4e78-b09d-430b0eca3860,INNOVATOR,2026-03-05 01:12:33.279250+00:00
1100,eaa9cc85-b28c-4878-9ca7-f4d797d0e0d9,INNOVATOR,2026-03-05 01:39:01.068213+00:00
1101,938ad754-ae19-4622-bf35-e9b4fd3944cb,FIRST_STEP,2026-03-05 02:40:50.655338+00:00
1102,99ce0eb9-db3b-4ba1-9d7e-a6e10271bb8c,CRITIC,2026-03-05 02:47:19.951724+00:00
1103,93c2ea2c-f36b-43fb-8081-333512ad6dfe,CHAMPION,2026-03-05 07:07:00.000000+00:00
1104,e7809835-b2eb-469d-af70-252267401dcd,ON_FIRE,2026-03-05 12:37:41.532692+00:00
1105,29e789b9-43d6-4d77-bba5-a8fe5bbec079,ON_FIRE,2026-03-05 14:34:27.516088+00:00
1106,c7d4b081-bb87-4340-9a1f-0649f6113b13,ON_FIRE,2026-03-05 16:46:52.885530+00:00
1107,0e9ff6d0-1673-43bf-b1d0-6d9e99f229b3,FIRST_STEP,2026-03-05 18:13:35.675141+00:00
1108,cdceb895-35d8-4e18-b3c1-c6e0cb902595,ON_FIRE,2026-03-05 20:12:45.502389+00:00
1109,de793784-3e9c-4a5b-a50b-5e1a0437bd90,ON_FIRE,2026-03-05 20:24:10.869830+00:00
1110,4fd46ebc-f590-48ab-9c20-b28ac7350ca8,FIRST_STEP,2026-03-06 03:22:16.139741+00:00
1111,9fd6253e-a662-4cde-bf57-754afdda3595,ON_FIRE,2026-03-06 04:16:23.656241+00:00
1112,8a85cbcb-c372-4854-9d56-ead45338499f,ON_FIRE,2026-03-06 04:22:24.548502+00:00
1113,d04fc3d7-1126-4cb3-9932-981657c916cf,ON_FIRE,2026-03-06 04:30:35.634593+00:00
1114,7120f862-693b-4518-8e4c-e2bfe7963695,ON_FIRE,2026-03-06 05:08:58.140083+00:00
1115,5e3a8bbe-4747-4f6c-a52f-e982db7f63be,ON_FIRE,2026-03-06 05:43:45.046063+00:00
1116,1afa7fed-df03-44c8-b7f4-59e0d64bbaad,FIRST_STEP,2026-03-06 05:58:04.666479+00:00
1117,c3f44d1a-e988-4b73-a7f1-9fe2fbfeaaca,ON_FIRE,2026-03-06 07:12:11.745882+00:00
1118,49df03d0-fa40-4cdf-b3df-abf37a14050b,FIRST_STEP,2026-03-06 07:55:41.792154+00:00
1119,5671894a-5a48-444a-8a73-5462d0f8e451,INNOVATOR,2026-03-06 10:00:43.297158+00:00
1120,d8f6a1f6-2bba-4d6b-8516-7202830f5ffb,ON_FIRE,2026-03-06 10:04:51.594570+00:00
1121,542134d1-b226-400c-8d7c-4e24b1a088a6,CHAMPION,2026-03-06 13:21:02.478390+00:00
1122,542134d1-b226-400c-8d7c-4e24b1a088a6,ON_FIRE,2026-03-06 13:21:02.478390+00:00
1123,c58bb0f6-4d0a-48af-8710-da23e9acd1d0,INNOVATOR,2026-03-06 13:21:20.635534+00:00
1124,02af81eb-661b-43df-96f9-ae3e16e670eb,ON_FIRE,2026-03-06 13:58:34.770026+00:00
1125,b03521e4-0ebe-4648-ac5a-5daa0bee8b89,ON_FIRE,2026-03-06 18:15:19.976760+00:00
1126,8953121f-1a21-4cf5-9842-a8bab20d555c,ON_FIRE,2026-03-06 20:55:54.247682+00:00
1127,8f481282-4da5-453a-8238-b0915c33bf1d,FIRST_STEP,2026-03-06 22:06:44.367212+00:00
1128,debfdb17-41a8-47ec-a914-677fa4a8b9d1,CHAMPION,2026-03-06 23:18:00.000000+00:00
1129,76c67646-085b-4496-a704-025ae0fbf520,FIRST_STEP,2026-03-07 00:17:49.817705+00:00
1130,473aea92-b352-4816-84a6-998d6674e016,ON_FIRE,2026-03-07 00:44:21.173331+00:00
1131,50773668-ccfb-4603-bfcb-0f0535410c84,ON_FIRE,2026-03-07 00:48:50.240893+00:00
1132,14982b70-3b85-4fff-9449-0f42ce2dd336,INNOVATOR,2026-03-07 01:14:02.854547+00:00
1133,45f2fe70-a2a2-4fcc-b0f2-29306540418a,ON_FIRE,2026-03-07 03:01:05.243758+00:00
1134,d14d3d68-bc4f-4869-b1ec-aa8b4936f3cf,FIRST_STEP,2026-03-07 04:12:36.811991+00:00
1135,3cb20e66-1f63-4917-96a0-d76276f9e1ec,ON_FIRE,2026-03-07 06:29:04.907909+00:00
1136,27450660-9126-425f-8a4c-ee13055c3619,ON_FIRE,2026-03-07 08:22:08.690209+00:00
1137,f5795f69-df1e-4f2e-83bf-13391fab37a3,FIRST_STEP,2026-03-07 08:53:06.752762+00:00
1138,84e69d57-36b1-481d-a823-b2bb1e0eff7b,INNOVATOR,2026-03-07 10:04:37.210558+00:00
1139,00a63ee3-b72e-4d31-b5f3-e2c9113709fa,CHAMPION,2026-03-07 11:08:15.801867+00:00
1140,16027d3d-1f20-426f-a1bf-3b8acac085b6,ON_FIRE,2026-03-07 16:11:44.847192+00:00
1141,4c066895-d413-435c-a54a-7085ccebb310,FIRST_STEP,2026-03-07 18:30:50.886792+00:00
1142,3a08652a-01d6-4fac-9ce5-fcbee3269ae4,INNOVATOR,2026-03-07 18:41:48.894464+00:00
1143,93c2ea2c-f36b-43fb-8081-333512ad6dfe,CRITIC,2026-03-07 19:11:33.927477+00:00
1144,98096adb-c347-4b91-b157-13d91467faa7,FIRST_STEP,2026-03-07 20:39:12.231564+00:00
1145,bc82679b-60ac-4cb8-a2c8-90cf85491d9f,ON_FIRE,2026-03-07 23:42:10.764434+00:00
1146,ce737a66-340f-45b5-b53a-c9066f05836b,ON_FIRE,2026-03-08 01:43:33.102942+00:00
1147,ed50a04f-41be-4ee7-89ae-aed7531faa34,ON_FIRE,2026-03-08 04:10:46.703087+00:00
1148,566b3448-8c23-4e51-898b-60f56bfe4ff0,FIRST_STEP,2026-03-08 05:21:19.565176+00:00
1149,a3befb78-1e74-4bd2-88bc-ea49d60ed7d7,ON_FIRE,2026-03-08 07:03:14.441983+00:00
1150,9f494bc5-731f-4f38-a367-32640bd2b56d,FIRST_STEP,2026-03-08 08:31:20.639606+00:00
1151,317b3030-2453-480a-be7a-493d61b447f0,FIRST_STEP,2026-03-08 09:29:43.382397+00:00
1152,77ebff33-67f5-4c17-8bff-846fc504a43d,FIRST_STEP,2026-03-08 09:32:05.374848+00:00
1153,4738d738-cc35-4349-9f89-e96e0a7c3f71,FIRST_STEP,2026-03-08 13:55:18.697167+00:00
1154,0737a7a1-e7e6-43a8-ade5-027ff9fba167,FIRST_STEP,2026-03-08 15:25:24.714190+00:00
1155,702b5919-6fb5-46fa-8a5a-e0c7f8f37c74,CHAMPION,2026-03-08 15:31:17.038452+00:00
1156,702b5919-6fb5-46fa-8a5a-e0c7f8f37c74,ON_FIRE,2026-03-08 15:31:17.038452+00:00
1157,fa28ce57-bb38-4d8a-a0f3-a2d5cd14c061,INNOVATOR,2026-03-08 16:01:56.641975+00:00
1158,bab3b9b7-1720-4ec8-bb46-1e879b6cb5ff,FIRST_STEP,2026-03-08 16:02:57.646861+00:00
1159,cabfbbfa-d76d-4f74-a0ec-910dd89f4794,ON_FIRE,2026-03-08 16:32:06.571000+00:00
1160,8d156397-31ce-4b22-917d-ddbd85670e15,FIRST_STEP,2026-03-08 17:38:48.374560+00:00
1161,86c5b659-a2b1-435e-ad5f-6550a8be0606,ON_FIRE,2026-03-08 19:01:39.217743+00:00
1162,04bb8b7a-cd4c-4a01-91d4-4704fda80686,ON_FIRE,2026-03-08 19:33:44.508181+00:00
1163,53bc19ae-6115-4448-91c2-079f930260b9,CHAMPION,2026-03-08 20:05:00.000000+00:00
1164,eb85b268-bb88-4119-939d-492d2322518f,CHAMPION,2026-03-08 20:12:00.000000+00:00
1165,8447be2e-4776-47d8-b0e5-e6a88f3e7d22,CRITIC,2026-03-08 20:37:59.129216+00:00
1166,2924ebf4-7416-4911-9fb8-c3bd86f39111,ON_FIRE,2026-03-08 23:22:31.285173+00:00
1167,debfdb17-41a8-47ec-a914-677fa4a8b9d1,CRITIC,2026-03-09 00:32:50.074109+00:00
1168,b6a8879c-3ed7-476d-8f1c-47f8f344f70d,FIRST_STEP,2026-03-09 00:47:28.225674+00:00
1169,8f774f8b-da2a-4c78-929b-0896a8c710b9,CHAMPION,2026-03-09 01:45:58.402035+00:00
1170,aaf51b3f-54ec-45c3-8487-c08aaa05d8c7,CRITIC,2026-03-09 01:57:53.876177+00:00
1171,dac9ce9c-3e17-44ed-ac45-a48a89ca4b8d,INNOVATOR,2026-03-09 04:24:54.621147+00:00
1172,dac9ce9c-3e17-44ed-ac45-a48a89ca4b8d,ON_FIRE,2026-03-09 04:24:54.621147+00:00
1173,eb85b268-bb88-4119-939d-492d2322518f,CRITIC,2026-03-09 07:05:11.850634+00:00
1174,e9bcf6db-9a70-402b-96e0-5fad1e21ca31,CRITIC,2026-03-09 07:31:16.275916+00:00
1175,0b259536-155f-4e39-9154-32d25e0d2eca,FIRST_STEP,2026-03-09 07:39:32.572394+00:00
1176,6d282e57-ae58-47d1-b0b0-71588701cd4b,CHAMPION,2026-03-09 08:02:00.000000+00:00
1177,83181837-ca9a-4a93-95ef-82c0c1624078,CRITIC,2026-03-09 08:25:48.214190+00:00
1178,13d27dae-abb6-45aa-8a42-aabcca05524a,ON_FIRE,2026-03-09 08:37:23.397174+00:00
1179,9c80f797-b35a-496e-a518-bd9b32ba13b9,ON_FIRE,2026-03-09 11:28:52.120355+00:00
1180,64d309e9-1dd7-4572-9479-4d2164c080b8,CHAMPION,2026-03-09 11:32:46.101090+00:00
1181,8109e1d3-64d6-452e-8d2d-8f0129c10b07,INNOVATOR,2026-03-09 12:35:37.880128+00:00
1182,82682e93-7af6-4971-b751-acd09d094d2a,FIRST_STEP,2026-03-09 18:01:31.383158+00:00
1183,c590c49a-6aa2-4b9e-b7ef-8de08d64a34f,ON_FIRE,2026-03-09 18:50:19.154475+00:00
1184,4d667ed7-ec6b-4add-aae1-3807ff1a161c,CRITIC,2026-03-09 18:57:37.569120+00:00
1185,82262980-bc3c-49fb-a210-28daa74d1ba3,ON_FIRE,2026-03-09 19:52:13.715413+00:00
1186,a166e45a-4673-4033-bd08-6264c00ab024,ON_FIRE,2026-03-09 19:56:18.895759+00:00
1187,6d282e57-ae58-47d1-b0b0-71588701cd4b,CRITIC,2026-03-09 20:44:10.590181+00:00
1188,5a279486-f19e-477b-ada8-50c908151f96,CRITIC,2026-03-09 21:29:29.259687+00:00
1189,465f2a51-6e74-4cea-b466-c62c29193b73,ON_FIRE,2026-03-09 23:29:02.897754+00:00
1190,f6be51eb-5ff8-4a8e-a90d-11214c8c8539,INNOVATOR,2026-03-10 00:04:36.598393+00:00
1191,e7809835-b2eb-469d-af70-252267401dcd,CHAMPION,2026-03-10 00:59:00.000000+00:00
1192,be819bb5-4387-4c8b-aff9-250ac5ddc5c2,FIRST_STEP,2026-03-10 02:04:40.361589+00:00
1193,966251e0-21da-4b33-8c4f-5acafc653771,ON_FIRE,2026-03-10 02:53:57.632400+00:00
1194,94df617c-7422-4cee-8fff-551c271661f6,CRITIC,2026-03-10 03:06:04.418222+00:00
1195,3828eac9-779d-4dee-8a85-97444f82ce68,FIRST_STEP,2026-03-10 04:24:31.057362+00:00
1196,d3db882a-0f69-4757-86d7-7684ed050599,ON_FIRE,2026-03-10 05:14:02.592877+00:00
1197,a7450ed8-f67b-4a15-a99a-a9fa649b6fd6,ON_FIRE,2026-03-10 05:21:26.541815+00:00
1198,dea563e5-75d4-4009-859c-5370f9952466,CRITIC,2026-03-10 05:52:55.714397+00:00
1199,83b7b362-55ff-44b1-870b-dd179a5fc394,INNOVATOR,2026-03-10 09:26:30.915574+00:00
1200,62f0f942-5b08-4351-9bfb-920a9b2364ec,INNOVATOR,2026-03-10 09:34:20.594547+00:00
1201,36a7aa14-d53e-4d7a-9df0-346370185c99,ON_FIRE,2026-03-10 10:27:54.376756+00:00
1202,40bd5505-6dbf-49ae-817e-6ca216a5630f,ON_FIRE,2026-03-10 11:53:26.581168+00:00
1203,c33a2e16-11ad-42aa-86ff-912411bdea48,CRITIC,2026-03-10 12:06:37.543533+00:00
1204,0e9ff6d0-1673-43bf-b1d0-6d9e99f229b3,INNOVATOR,2026-03-10 13:25:21.964099+00:00
1205,f13df37c-d98f-46b6-94f2-685c946a87c1,ON_FIRE,2026-03-10 17:40:26.017577+00:00
1206,e9259942-8396-473b-9057-48dcaca6a4b8,INNOVATOR,2026-03-10 19:53:08.217698+00:00
1207,a05fb95c-ba9f-4e27-a689-3cf5fc1b5a26,ON_FIRE,2026-03-10 20:09:17.115231+00:00
1208,5a0d457e-b130-4a86-8cf9-1ff778d42d02,FIRST_STEP,2026-03-10 22:11:03.796558+00:00
1209,e9d2ff70-2c2b-4bd5-ba0f-ea608ddccc9a,CRITIC,2026-03-10 22:16:37.198144+00:00
1210,1b521727-2b9c-4bae-a8f2-c0b975bf998b,ON_FIRE,2026-03-10 22:23:14.279548+00:00
1211,57ba55cf-425f-48e2-9ed7-0fc2e1c80530,ON_FIRE,2026-03-10 23:22:09.121162+00:00
1212,14d940d1-b6b9-46db-ad09-0f473052b4b5,ON_FIRE,2026-03-11 02:34:52.201246+00:00
1213,f0113aec-0313-48b0-883d-51e4f32687a4,INNOVATOR,2026-03-11 03:11:25.640157+00:00
1214,e7809835-b2eb-469d-af70-252267401dcd,CRITIC,2026-03-11 03:37:52.446431+00:00
1215,a6d83b47-4658-4d4e-833d-7ef6e7cf2e94,ON_FIRE,2026-03-11 04:40:08.502452+00:00
1216,b129122c-5e22-4eac-ada4-bdeab206bf97,CHAMPION,2026-03-11 05:22:25.816166+00:00
1217,92149006-a894-4f05-ab5d-36650644eb93,FIRST_STEP,2026-03-11 06:35:36.970081+00:00
1218,f93fc94f-b705-49f5-954a-4683273857f4,ON_FIRE,2026-03-11 10:50:09.774350+00:00
1219,53bc19ae-6115-4448-91c2-079f930260b9,CRITIC,2026-03-11 12:52:41.629273+00:00
1220,fd4de66f-9089-4132-b386-bcc0aed023a5,ON_FIRE,2026-03-11 14:42:27.472114+00:00
1221,9500eed0-ba6a-4e02-904a-16af00d46e3e,CHAMPION,2026-03-11 17:33:00.000000+00:00
1222,b85064cb-2497-4073-9f57-26339c4d0da4,CRITIC,2026-03-11 17:35:15.987647+00:00
1223,181e7e03-af2a-43ee-9324-840d14c267d3,ON_FIRE,2026-03-11 18:33:03.563211+00:00
1224,4d667ed7-ec6b-4add-aae1-3807ff1a161c,ON_FIRE,2026-03-12 00:01:38.977724+00:00
1225,971f68c9-d724-4aeb-8be7-a6c87cae819c,FIRST_STEP,2026-03-12 00:07:33.438615+00:00
1226,5179d5b9-4f1e-4e23-9bd1-90c1af18e263,INNOVATOR,2026-03-12 00:17:24.612653+00:00
1227,33611d4a-b72d-4868-8862-37dc6da35c82,ON_FIRE,2026-03-12 03:52:59.203971+00:00
1228,7120f862-693b-4518-8e4c-e2bfe7963695,CHAMPION,2026-03-12 04:30:32.488462+00:00
1229,28719ef7-aaa2-49fe-b12a-4c8df12ddbbe,ON_FIRE,2026-03-12 04:46:42.639199+00:00
1230,1bdd1aba-8056-4ec1-b09d-02acb85a9eab,ON_FIRE,2026-03-12 04:52:03.172119+00:00
1231,e63e4f83-e0ba-4644-a46a-7413de243920,ON_FIRE,2026-03-12 05:15:51.853239+00:00
1232,00a63ee3-b72e-4d31-b5f3-e2c9113709fa,CRITIC,2026-03-12 08:33:58.549399+00:00
1233,a89515f9-4488-4475-881f-f37f70224a3f,FIRST_STEP,2026-03-12 09:40:52.282133+00:00
1234,4bd7d747-9088-4441-a4ca-12c5a3c80cfb,CHAMPION,2026-03-12 10:49:36.821539+00:00
1235,4bd7d747-9088-4441-a4ca-12c5a3c80cfb,CRITIC,2026-03-12 10:49:36.821539+00:00
1236,6e55651b-8ed1-4671-be45-9df63f4dbdb6,CHAMPION,2026-03-12 11:17:00.000000+00:00
1237,d420025c-f809-4d32-9066-98749e88aeb9,ON_FIRE,2026-03-12 12:15:08.819074+00:00
1238,de28480c-d0d0-4780-9b2f-53c70c8b5ed5,INNOVATOR,2026-03-12 12:28:40.999701+00:00
1239,7497f43c-158d-489b-b70c-fe3b4c138821,ON_FIRE,2026-03-12 13:32:52.056135+00:00
1240,2620e675-d3ba-4ca5-85bf-2dd08f05bca7,INNOVATOR,2026-03-12 14:51:03.290685+00:00
1241,b129122c-5e22-4eac-ada4-bdeab206bf97,CRITIC,2026-03-12 15:00:52.930266+00:00
1242,29f74c43-1a2b-4d01-b448-078c38c9e28a,ON_FIRE,2026-03-12 17:16:07.248434+00:00
1243,fd980494-269c-489f-be6e-0159fbcec461,FIRST_STEP,2026-03-12 18:02:17.962327+00:00
1244,4732e98c-1b0b-4a04-9010-a3ac17db092b,FIRST_STEP,2026-03-12 19:27:12.453586+00:00
1245,16027d3d-1f20-426f-a1bf-3b8acac085b6,CRITIC,2026-03-12 21:25:52.869607+00:00
1246,368b0c1f-2b18-45ae-8c55-7445a2e631bc,INNOVATOR,2026-03-13 01:20:32.333643+00:00
1247,d2b19326-abcc-4c08-ac49-a94f14bc8481,INNOVATOR,2026-03-13 01:40:29.715640+00:00
1248,449ac75e-578d-423f-8bc4-b4c90d6ac229,CRITIC,2026-03-13 01:49:41.161050+00:00
1249,d17fb9bc-4d75-4c84-a425-1d1973803d5a,INNOVATOR,2026-03-13 02:33:34.839906+00:00
1250,320bb62b-bc55-479e-a685-a27deaf87f3a,CHAMPION,2026-03-13 04:10:14.660333+00:00
1251,b84486da-21ec-4b82-bf29-a0ba711862f5,ON_FIRE,2026-03-13 04:24:07.024217+00:00
1252,4f401a8b-a036-4ae4-ac18-f69336a55209,INNOVATOR,2026-03-13 08:16:17.157068+00:00
1253,5147885c-e8a5-473d-88c2-92f1ac8aaab2,CHAMPION,2026-03-13 08:29:16.811187+00:00
1254,14982b70-3b85-4fff-9449-0f42ce2dd336,ON_FIRE,2026-03-13 09:22:21.630253+00:00
1255,edc57913-68cf-4b04-a356-052f6ffdbcff,CHAMPION,2026-03-13 10:12:33.771890+00:00
1256,edc57913-68cf-4b04-a356-052f6ffdbcff,CRITIC,2026-03-13 10:12:33.771890+00:00
1257,3b6ac1b8-60cb-45ad-8f33-24086fa4d575,FIRST_STEP,2026-03-13 10:15:45.299578+00:00
1258,12f5d09b-3a9f-46b1-98f3-f1fcb7df3201,ON_FIRE,2026-03-13 10:23:27.335521+00:00
1259,fd337d25-a333-4d37-94b8-71f30778f874,FIRST_STEP,2026-03-13 10:27:21.983929+00:00
1260,91859730-a2c4-46b6-855a-a89620a317df,CHAMPION,2026-03-13 11:26:57.834527+00:00
1261,79456f8d-6ac6-4880-873b-04763ea7326d,INNOVATOR,2026-03-13 12:43:46.762802+00:00
1262,a92d0de1-8406-42f3-a47a-eba53cfc918d,INNOVATOR,2026-03-13 13:09:48.583300+00:00
1263,4b525688-1acd-4981-b213-0ea3aa8ecb43,ON_FIRE,2026-03-13 13:56:15.839334+00:00
1264,84e69d57-36b1-481d-a823-b2bb1e0eff7b,ON_FIRE,2026-03-13 17:51:27.527377+00:00
1265,18913824-a75f-44b9-a1c5-cec90c6cd419,INNOVATOR,2026-03-13 19:30:06.943141+00:00
1266,c98070f7-ea93-464b-9719-8e5817cb346a,ON_FIRE,2026-03-13 20:15:32.449593+00:00
1267,070f1315-23db-4264-a087-d9f5634d6d48,CHAMPION,2026-03-13 20:57:44.761465+00:00
1268,16aecb05-9ec8-4d03-8476-a54437617f6a,ON_FIRE,2026-03-13 21:43:37.460092+00:00
1269,67b9e613-4792-4b7e-88f0-54df3f761ed0,CRITIC,2026-03-13 22:07:12.074673+00:00
1270,9500eed0-ba6a-4e02-904a-16af00d46e3e,CRITIC,2026-03-13 23:59:10.803412+00:00
1271,d5d7156b-757a-4b4f-9950-c3a38b7b858d,CHAMPION,2026-03-14 00:27:00.000000+00:00
1272,278dc842-25a6-4a12-919b-ae5cb5106a96,INNOVATOR,2026-03-14 01:04:39.195574+00:00
1273,e24ef779-8a19-45dc-82da-af12648144c1,ON_FIRE,2026-03-14 01:29:29.605610+00:00
1274,2924ebf4-7416-4911-9fb8-c3bd86f39111,CRITIC,2026-03-14 03:45:05.247041+00:00
1275,ad077160-525d-4c40-8102-623ecef44a68,CHAMPION,2026-03-14 04:34:07.551986+00:00
1276,4f401a8b-a036-4ae4-ac18-f69336a55209,CRITIC,2026-03-14 04:40:44.415316+00:00
1277,ef6c19c9-41fb-4663-b095-fd6f807954ec,ON_FIRE,2026-03-14 05:20:29.333411+00:00
1278,b03521e4-0ebe-4648-ac5a-5daa0bee8b89,CHAMPION,2026-03-14 05:39:45.458655+00:00
1279,8062edae-a09d-450b-b9e9-61d162542cc6,ON_FIRE,2026-03-14 08:54:00.448725+00:00
1280,cdceb895-35d8-4e18-b3c1-c6e0cb902595,CRITIC,2026-03-14 11:28:07.610546+00:00
1281,ea94002e-07bf-4277-9b9a-4f657eaa8125,ON_FIRE,2026-03-14 11:43:44.881499+00:00
1282,b3d93062-a120-4b9f-8188-3421e21ae870,CRITIC,2026-03-14 12:12:27.648822+00:00
1283,a7019b71-bdec-45fd-aa1f-46c39d0046c3,CRITIC,2026-03-14 12:22:56.684899+00:00
1284,caca8e6f-6250-4097-921b-cd1598cb3532,FIRST_STEP,2026-03-14 12:55:59.534111+00:00
1285,368b0c1f-2b18-45ae-8c55-7445a2e631bc,ON_FIRE,2026-03-14 13:52:45.581505+00:00
1286,21e93a46-e401-457d-ad44-d22012a753d7,CRITIC,2026-03-14 15:20:26.010453+00:00
1287,b47acf12-a3eb-4e7e-b774-7fd911ef71bd,INNOVATOR,2026-03-14 15:45:51.398965+00:00
1288,1f9f1987-7506-4d70-81a9-f58c2de19219,CHAMPION,2026-03-14 16:07:32.519302+00:00
1289,1f9f1987-7506-4d70-81a9-f58c2de19219,ON_FIRE,2026-03-14 16:07:32.519302+00:00
1290,d39a524e-7c94-4fbb-ae92-88b5fbdeaeb8,CRITIC,2026-03-14 16:23:55.510004+00:00
1291,d2b19326-abcc-4c08-ac49-a94f14bc8481,ON_FIRE,2026-03-14 16:26:34.774785+00:00
1292,ea31e60e-7c45-4d0d-a72a-9b1bff423649,ON_FIRE,2026-03-14 16:34:40.041571+00:00
1293,284ef197-5fe6-404b-92da-1fd69387091d,ON_FIRE,2026-03-14 16:53:38.206946+00:00
1294,8d96e8da-9993-495a-a0c2-848796ac710e,CHAMPION,2026-03-14 17:44:00.000000+00:00
1295,62f0f942-5b08-4351-9bfb-920a9b2364ec,CHAMPION,2026-03-14 20:24:00.000000+00:00
1296,f2d45b59-75cd-44be-b428-acaecb458fb7,CRITIC,2026-03-14 21:51:12.377111+00:00
1297,57ba55cf-425f-48e2-9ed7-0fc2e1c80530,CHAMPION,2026-03-14 23:18:00.000000+00:00
1298,15422187-1dc9-46d5-8bf2-867217ee9f44,INNOVATOR,2026-03-15 00:09:48.562101+00:00
1299,869f5770-ffbd-42b1-9908-f61f8fbbc8ea,ON_FIRE,2026-03-15 00:40:00.219037+00:00
1300,c5ec37ad-d7cc-4309-bff5-cff9fdf99c93,FIRST_STEP,2026-03-15 02:46:09.258364+00:00
1301,23ce8810-f0b8-4d2e-8e2b-68771418b437,CHAMPION,2026-03-15 04:33:00.000000+00:00
1302,e1b1a83d-dc8c-4bf1-a264-f6eea0333568,INNOVATOR,2026-03-15 05:42:15.698416+00:00
1303,6c7cb4fb-9e6a-4fe0-b7fd-e2495b748576,ON_FIRE,2026-03-15 06:05:47.759782+00:00
1304,241a414d-fb4b-4547-8d2a-86a522a57210,FIRST_STEP,2026-03-15 06:54:34.074427+00:00
1305,6a02ace1-ef25-49eb-9361-c0c9a567599d,FIRST_STEP,2026-03-15 07:10:51.039029+00:00
1306,08dc70fc-64c7-4fb3-ab1f-76c43226fdbf,INNOVATOR,2026-03-15 09:38:26.923536+00:00
1307,9630d3c5-3a6f-4cba-bd6b-09ef4505332e,INNOVATOR,2026-03-15 12:27:56.176172+00:00
1308,9630d3c5-3a6f-4cba-bd6b-09ef4505332e,ON_FIRE,2026-03-15 12:27:56.176172+00:00
1309,8f30d88b-449d-4b4a-8d70-907a78ca75cb,FIRST_STEP,2026-03-15 13:07:32.699766+00:00
1310,d420025c-f809-4d32-9066-98749e88aeb9,CRITIC,2026-03-15 13:25:18.050055+00:00
1311,b9c5c31c-70c5-4d31-b5fa-06019974af0a,CHAMPION,2026-03-15 14:08:16.485953+00:00
1312,67218b7a-eda7-4eed-b37b-939fba1ef9ce,CRITIC,2026-03-15 14:32:26.755926+00:00
1313,9dd603d9-070f-421c-9578-652d098d33ae,CRITIC,2026-03-15 15:04:27.112966+00:00
1314,96fcb81f-46c4-4e0d-9431-72d62e53de35,INNOVATOR,2026-03-15 15:37:26.752894+00:00
1315,066a8584-2f31-4a5b-81a3-bfcffb97ceb0,ON_FIRE,2026-03-15 15:48:37.213106+00:00
1316,770e95a3-7660-43c7-813b-e5d70b9b2ee1,FIRST_STEP,2026-03-15 18:09:58.313756+00:00
1317,9d09832f-ff19-4c77-9c05-12881b06c117,ON_FIRE,2026-03-15 20:25:37.736061+00:00
1318,d5d7156b-757a-4b4f-9950-c3a38b7b858d,CRITIC,2026-03-16 01:04:39.261382+00:00
1319,62668eb7-8a70-4916-8f73-9d676777f177,INNOVATOR,2026-03-16 05:02:38.378757+00:00
1320,4cc0e55c-8eeb-4f90-96d2-dedd8a565e1b,INNOVATOR,2026-03-16 08:11:08.647858+00:00
1321,4cc0e55c-8eeb-4f90-96d2-dedd8a565e1b,ON_FIRE,2026-03-16 08:11:08.647858+00:00
1322,238a56d0-1293-48e8-a2dc-dd39a1ea5a94,ON_FIRE,2026-03-16 08:23:27.579939+00:00
1323,070f1315-23db-4264-a087-d9f5634d6d48,ON_FIRE,2026-03-16 09:24:24.879518+00:00
1324,13376738-828d-4cdb-b40c-24d0da2a5573,CRITIC,2026-03-16 10:54:52.001202+00:00
1325,3b146662-5da3-44f9-a3a2-be2e8ab5f602,ON_FIRE,2026-03-16 14:36:52.924985+00:00
1326,c3f44d1a-e988-4b73-a7f1-9fe2fbfeaaca,INNOVATOR,2026-03-16 14:44:33.179066+00:00
1327,2a2ff3aa-a839-4038-a81c-29bf4839823e,INNOVATOR,2026-03-16 15:12:48.703460+00:00
1328,e6693802-b58f-4be6-8509-975c7975dc5b,ON_FIRE,2026-03-16 18:08:18.396248+00:00
1329,d39a524e-7c94-4fbb-ae92-88b5fbdeaeb8,CHAMPION,2026-03-16 18:13:32.947371+00:00
1330,62f0f942-5b08-4351-9bfb-920a9b2364ec,CRITIC,2026-03-16 18:46:47.864419+00:00
1331,79ecd19f-9a6a-4019-aeab-38a61af2036b,ON_FIRE,2026-03-16 19:04:39.043835+00:00
1332,50e23573-ed49-4a5a-a274-62ac3d92fa00,CHAMPION,2026-03-16 21:24:09.321398+00:00
1333,3fe14d18-0cfa-492c-9c98-5c09e18406f4,ON_FIRE,2026-03-16 23:17:00.067975+00:00
1334,5aa58bc0-b0f5-4658-982f-0167e1ddd6f1,FIRST_STEP,2026-03-16 23:41:55.822418+00:00
1335,ad077160-525d-4c40-8102-623ecef44a68,CRITIC,2026-03-17 01:05:42.590444+00:00
1336,57ba55cf-425f-48e2-9ed7-0fc2e1c80530,CRITIC,2026-03-17 01:34:58.511736+00:00
1337,1282a9e9-9325-4f3d-94ee-887a13d79265,ON_FIRE,2026-03-17 01:35:45.372395+00:00
1338,91859730-a2c4-46b6-855a-a89620a317df,CRITIC,2026-03-17 02:27:05.496723+00:00
1339,e9d2ff70-2c2b-4bd5-ba0f-ea608ddccc9a,INNOVATOR,2026-03-17 02:51:01.146578+00:00
1340,e9d2ff70-2c2b-4bd5-ba0f-ea608ddccc9a,ON_FIRE,2026-03-17 02:51:01.146578+00:00
1341,2b1a62e7-f4c9-4a41-b2af-ca2285e01546,ON_FIRE,2026-03-17 06:29:09.052939+00:00
1342,0ad2e8b9-a1e4-439b-82a6-7043befa8527,CHAMPION,2026-03-17 08:25:02.473557+00:00
1343,238a56d0-1293-48e8-a2dc-dd39a1ea5a94,INNOVATOR,2026-03-17 09:44:30.221342+00:00
1344,3c0142b7-95e6-4f7f-b870-c04bcbdf37c3,ON_FIRE,2026-03-17 11:26:30.167184+00:00
1345,16027d3d-1f20-426f-a1bf-3b8acac085b6,INNOVATOR,2026-03-17 11:34:55.839076+00:00
1346,ab0db0d8-c159-4585-9035-caac34ef75a4,FIRST_STEP,2026-03-17 13:03:06.564875+00:00
1347,6c72c3eb-81e1-402e-8b91-1b315094e27e,ON_FIRE,2026-03-17 13:14:49.583011+00:00
1348,b9c5c31c-70c5-4d31-b5fa-06019974af0a,CRITIC,2026-03-17 15:22:30.746577+00:00
1349,05ebad91-5c0a-406d-b835-141c19b231e0,ON_FIRE,2026-03-17 16:35:34.326955+00:00
1350,d3a11e22-80f0-4ba2-bbb9-8e0549c5deb0,ON_FIRE,2026-03-17 17:38:32.727976+00:00
1351,0ad2e8b9-a1e4-439b-82a6-7043befa8527,INNOVATOR,2026-03-17 21:17:44.828750+00:00
1352,50b973db-8479-47e1-8c19-f51f4998a03c,INNOVATOR,2026-03-17 23:30:57.723292+00:00
1353,50b973db-8479-47e1-8c19-f51f4998a03c,ON_FIRE,2026-03-17 23:30:57.723292+00:00
1354,622dbe54-2ae7-45b3-9c3e-e10174715762,CHAMPION,2026-03-18 01:57:00.000000+00:00
1355,2620e675-d3ba-4ca5-85bf-2dd08f05bca7,CRITIC,2026-03-18 07:24:31.137650+00:00
1356,be09ca96-c6bc-47f0-8da2-2fe50ad27d22,FIRST_STEP,2026-03-18 08:11:51.313504+00:00
1357,60a4713c-9862-4c54-b843-99e82e3e7bea,CHAMPION,2026-03-18 09:22:46.753553+00:00
1358,60a4713c-9862-4c54-b843-99e82e3e7bea,INNOVATOR,2026-03-18 09:22:46.753553+00:00
1359,23ce8810-f0b8-4d2e-8e2b-68771418b437,INNOVATOR,2026-03-18 10:17:35.386104+00:00
1360,af533c93-0a75-475d-b87d-b1decc84048b,ON_FIRE,2026-03-18 13:28:55.105795+00:00
1361,aea65023-ce55-417a-a93c-d43c8afc615f,ON_FIRE,2026-03-18 19:21:06.877060+00:00
1362,a92d0de1-8406-42f3-a47a-eba53cfc918d,CHAMPION,2026-03-18 20:34:14.290482+00:00
1363,60d3d345-0e8d-47d9-8016-5a0a66060125,CHAMPION,2026-03-18 21:42:58.015768+00:00
1364,5147885c-e8a5-473d-88c2-92f1ac8aaab2,ON_FIRE,2026-03-18 23:35:21.247491+00:00
1365,549a7925-348b-43cd-a3b9-dd25c12212b3,ON_FIRE,2026-03-19 00:19:02.122333+00:00
1366,649114ae-3449-49ab-a8e8-f4c931409e3d,CHAMPION,2026-03-19 01:55:16.614508+00:00
1367,0adcb60f-0603-40e1-a5ed-5a689f27bfe2,FIRST_STEP,2026-03-19 03:48:28.940656+00:00
1368,432c2cf9-dd95-45fd-9867-4bb233d84a2f,ON_FIRE,2026-03-19 06:04:40.526957+00:00
1369,d46a3b65-b3c2-4019-9b15-047e249159c1,INNOVATOR,2026-03-19 07:02:34.073748+00:00
1370,15faaccb-2bbf-40c2-8ccd-d84e51bfe1a3,INNOVATOR,2026-03-19 07:48:17.513195+00:00
1371,15faaccb-2bbf-40c2-8ccd-d84e51bfe1a3,ON_FIRE,2026-03-19 07:48:17.513195+00:00
1372,29e789b9-43d6-4d77-bba5-a8fe5bbec079,CRITIC,2026-03-19 09:57:44.669649+00:00
1373,6f1f4dc0-4b42-4147-b573-37a2915f8a50,CRITIC,2026-03-19 10:03:11.200905+00:00
1374,79456f8d-6ac6-4880-873b-04763ea7326d,ON_FIRE,2026-03-19 16:25:27.145245+00:00
1375,93c2ea2c-f36b-43fb-8081-333512ad6dfe,ON_FIRE,2026-03-19 18:48:55.189009+00:00
1376,adf357bf-a6ea-435e-84dc-d92ef2f7cde4,ON_FIRE,2026-03-19 21:42:39.911433+00:00
1377,9246a4a8-fa4c-48db-84c1-bcec80300b95,CHAMPION,2026-03-19 21:54:04.171643+00:00
1378,d264ec2d-d6b4-4a68-a16e-2ce4e95ca174,ON_FIRE,2026-03-19 21:56:11.054759+00:00
1379,41a6c95e-1a40-4fc5-a34d-45dacb2f816f,ON_FIRE,2026-03-19 22:32:04.329305+00:00
1380,dc305b07-816b-4ee2-869d-98231db9d646,ON_FIRE,2026-03-19 23:24:38.933248+00:00
1381,51e00143-3f66-4030-bf3a-b154f7d7512a,ON_FIRE,2026-03-20 00:45:45.366492+00:00
1382,fcde4003-2759-47b7-b54d-25da4c86740a,ON_FIRE,2026-03-20 01:24:33.779515+00:00
1383,36188e90-d5be-40a4-9643-81566debb269,FIRST_STEP,2026-03-20 02:29:55.250154+00:00
1384,553f633d-4e8b-4e4b-a5c1-02de094d0933,INNOVATOR,2026-03-20 03:12:18.741408+00:00
1385,40bd5505-6dbf-49ae-817e-6ca216a5630f,CHAMPION,2026-03-20 04:11:00.150298+00:00
1386,dd44faee-f20f-47e5-94ff-6945e2284b01,CHAMPION,2026-03-20 07:49:46.830813+00:00
1387,81b81c2a-9798-487a-8560-c1caab2911c0,FIRST_STEP,2026-03-20 09:31:13.626193+00:00
1388,017696a2-9349-44d2-85ef-da7c880e1732,FIRST_STEP,2026-03-20 12:06:48.940364+00:00
1389,85fcc4be-726c-4bcd-9bc6-c969daa3cd3e,INNOVATOR,2026-03-20 13:20:03.210154+00:00
1390,85fcc4be-726c-4bcd-9bc6-c969daa3cd3e,ON_FIRE,2026-03-20 13:20:03.210154+00:00
1391,aa4e1ebb-5f2c-431e-b14c-49099924347c,CHAMPION,2026-03-20 13:35:34.262362+00:00
1392,cd925f76-6a4a-4b65-b4d7-839f7aa778fc,CRITIC,2026-03-20 13:40:41.560762+00:00
1393,b9c5c31c-70c5-4d31-b5fa-06019974af0a,INNOVATOR,2026-03-20 14:20:12.056273+00:00
1394,b9c5c31c-70c5-4d31-b5fa-06019974af0a,ON_FIRE,2026-03-20 14:20:12.056273+00:00
1395,06cf8ad7-4bdc-42e8-94e2-b0abe12a020b,ON_FIRE,2026-03-20 14:57:50.272190+00:00
1396,9164ed25-60b7-490a-8cd1-097fbea158ab,ON_FIRE,2026-03-20 15:20:09.572307+00:00
1397,5e61724f-7287-442f-963a-0d5dd803249c,INNOVATOR,2026-03-20 16:13:33.490366+00:00
1398,5e61724f-7287-442f-963a-0d5dd803249c,ON_FIRE,2026-03-20 16:13:33.490366+00:00
1399,a6c81a36-4a3a-4684-8a2a-15a4167abc2c,FIRST_STEP,2026-03-20 18:22:48.046898+00:00
1400,32093958-cbbd-4c22-a8c5-3659bb18aae5,ON_FIRE,2026-03-20 21:19:46.048114+00:00
1401,50480e44-2e0d-4139-aa9b-67dfcc405d62,ON_FIRE,2026-03-20 23:36:48.467963+00:00
1402,68188865-471e-41c4-ab21-d803009fe1ae,ON_FIRE,2026-03-21 00:27:37.772344+00:00
1403,170d2f68-2e8a-4567-81c1-cd4a0016ee2d,ON_FIRE,2026-03-21 00:34:52.332109+00:00
1404,2ef6e49e-2db4-4aba-9300-2be6b73234f7,INNOVATOR,2026-03-21 00:58:21.478073+00:00
1405,256b281f-27a3-4756-9132-21f4a6f1d868,ON_FIRE,2026-03-21 03:00:03.496276+00:00
1406,20272eee-ae06-4fca-93c0-854b118bb324,ON_FIRE,2026-03-21 05:49:23.479942+00:00
1407,1d623cd5-7c52-4925-a204-0c46c3869a1d,ON_FIRE,2026-03-21 08:36:38.747728+00:00
1408,e8dda1ab-4e22-4b44-b642-16d429b530e6,CRITIC,2026-03-21 10:08:17.907064+00:00
1409,9c6726f8-a791-4aaf-bb43-2ac925259d5c,FIRST_STEP,2026-03-21 11:10:49.175542+00:00
1410,67b9e613-4792-4b7e-88f0-54df3f761ed0,INNOVATOR,2026-03-21 11:12:12.289366+00:00
1411,38f134e4-e62f-4bb9-a0f5-99a23ed433c7,CHAMPION,2026-03-21 12:48:39.215730+00:00
1412,07f0e359-3ca2-4c08-b113-4b4f9ace8bfe,ON_FIRE,2026-03-21 13:26:44.417774+00:00
1413,83b7b362-55ff-44b1-870b-dd179a5fc394,ON_FIRE,2026-03-21 15:10:02.110006+00:00
1414,77912841-0831-4559-9152-00fd23a9a51c,ON_FIRE,2026-03-21 17:07:23.710188+00:00
1415,82015a98-3b01-41dc-9cac-7c689d1a99b7,INNOVATOR,2026-03-21 17:20:19.234691+00:00
1416,82015a98-3b01-41dc-9cac-7c689d1a99b7,ON_FIRE,2026-03-21 17:20:19.234691+00:00
1417,3577cac5-0476-4aff-b030-5793997dce28,ON_FIRE,2026-03-21 17:26:39.103281+00:00
1418,c024ae2f-747f-4e78-b09d-430b0eca3860,CHAMPION,2026-03-21 17:39:04.770653+00:00
1419,a4227edf-b1ca-4211-8668-7f5fc27b3661,ON_FIRE,2026-03-21 17:58:54.567650+00:00
1420,d17fb9bc-4d75-4c84-a425-1d1973803d5a,ON_FIRE,2026-03-21 18:50:55.944411+00:00
1421,67218b7a-eda7-4eed-b37b-939fba1ef9ce,ON_FIRE,2026-03-21 19:02:06.961164+00:00
1422,cba90a11-1840-4896-baf9-ad4c1723a01f,ON_FIRE,2026-03-21 19:23:38.698525+00:00
1423,3d995ed0-a816-4b0a-8bb4-eaf99e325783,FIRST_STEP,2026-03-21 22:16:28.821320+00:00
1424,ca7c15d4-b63c-43b9-a154-a9f6ec9bd46d,CRITIC,2026-03-22 00:12:46.129024+00:00
1425,eacc44aa-5528-442f-bf03-d93b3123467d,FIRST_STEP,2026-03-22 02:13:22.108387+00:00
1426,f5fabd31-c937-4924-a2a4-7cd151d87d06,ON_FIRE,2026-03-22 02:58:48.100071+00:00
1427,1282a9e9-9325-4f3d-94ee-887a13d79265,CRITIC,2026-03-22 04:55:57.745368+00:00
1428,ea6a2151-71d0-4a29-bdab-6b249f5466e9,INNOVATOR,2026-03-22 06:04:51.387979+00:00
1429,ea6a2151-71d0-4a29-bdab-6b249f5466e9,ON_FIRE,2026-03-22 06:04:51.387979+00:00
1430,a9eb667c-0911-4e4e-955e-a556167a78c0,ON_FIRE,2026-03-22 06:40:08.594619+00:00
1431,42985594-b4de-4967-9bb0-fa9bd3a9e08f,INNOVATOR,2026-03-22 06:43:08.952432+00:00
1432,c0f17624-388d-4a76-833d-00a5d20ecc26,CHAMPION,2026-03-22 11:46:00.000000+00:00
1433,04d1e3f4-5420-4b71-a3a5-85f2ed790744,ON_FIRE,2026-03-22 11:47:32.580811+00:00
1434,54ff204c-a298-4d0d-bd0e-d9817a501b70,FIRST_STEP,2026-03-22 12:30:05.590864+00:00
1435,ea40f618-7f28-4677-9945-8b26e9dad431,CRITIC,2026-03-22 12:35:42.161602+00:00
1436,e035811f-10c5-4bfc-a7c0-7eae45940633,CHAMPION,2026-03-22 12:58:00.000000+00:00
1437,16f1ef83-2744-47e3-a8fa-a79542e39c6e,CHAMPION,2026-03-22 13:36:00.000000+00:00
1438,5eaddab7-e9e5-496f-98cf-f1c69022ecfa,CHAMPION,2026-03-22 13:41:00.000000+00:00
1439,efe3f27d-9b61-4dcc-bdee-66d1ff6634b6,CHAMPION,2026-03-22 13:49:00.000000+00:00
1440,bc82679b-60ac-4cb8-a2c8-90cf85491d9f,CHAMPION,2026-03-22 17:43:23.642789+00:00
1441,71c79692-c503-4f92-9e3b-427e5c06bcf3,ON_FIRE,2026-03-22 18:02:49.211146+00:00
1442,83591bb5-b0a5-432a-9670-a236e11cbb0b,CHAMPION,2026-03-22 19:17:00.000000+00:00
1443,ce175c8f-1175-4928-bf29-79fe69406339,CRITIC,2026-03-22 20:10:46.425656+00:00
1444,0deea514-779a-4aa2-b500-353e426c4bb8,ON_FIRE,2026-03-22 20:15:58.412007+00:00
1445,cda07ab2-acb0-42ea-8b8d-d21f330bf70c,ON_FIRE,2026-03-22 20:18:07.716322+00:00
1446,24142aac-d1c8-42ac-a86d-f1049fd901a2,CRITIC,2026-03-22 23:06:57.730867+00:00
1447,a7019b71-bdec-45fd-aa1f-46c39d0046c3,CHAMPION,2026-03-22 23:47:00.000000+00:00
1448,cb6d8e05-1472-47ff-b732-cb920eb596dd,CRITIC,2026-03-22 23:52:39.800575+00:00
1449,d038d3e8-db0f-4824-9216-4de208fd6652,INNOVATOR,2026-03-23 00:16:08.879849+00:00
1450,2283e00e-d82e-4663-8d50-14ece1f3a41c,CHAMPION,2026-03-23 00:17:07.639491+00:00
1451,2283e00e-d82e-4663-8d50-14ece1f3a41c,INNOVATOR,2026-03-23 00:17:07.639491+00:00
1452,67a9bdfe-c1f6-4192-8df9-d2341b9bf61f,ON_FIRE,2026-03-23 01:20:44.120064+00:00
1453,608ced08-9e47-4568-b2c6-81b0a7fdf075,INNOVATOR,2026-03-23 01:53:26.219443+00:00
1454,7b5a28c5-3946-4a3b-ad59-fc33a2e44d00,CRITIC,2026-03-23 01:54:07.022119+00:00
1455,dafc105e-50d6-45fc-881b-f8c7648a1d01,INNOVATOR,2026-03-23 02:38:50.705487+00:00
1456,4c166401-3fd9-47c6-993a-883bd0d2ca29,CHAMPION,2026-03-23 03:07:00.000000+00:00
1457,170d2f68-2e8a-4567-81c1-cd4a0016ee2d,CHAMPION,2026-03-23 03:48:00.000000+00:00
1458,cda07ab2-acb0-42ea-8b8d-d21f330bf70c,CHAMPION,2026-03-23 04:04:16.223185+00:00
1459,d0461ae2-5c05-43f1-a230-208ef643b565,ON_FIRE,2026-03-23 04:23:11.738060+00:00
1460,13376738-828d-4cdb-b40c-24d0da2a5573,CHAMPION,2026-03-23 05:07:00.000000+00:00
1461,549a7925-348b-43cd-a3b9-dd25c12212b3,CHAMPION,2026-03-23 06:58:00.000000+00:00
1462,de28480c-d0d0-4780-9b2f-53c70c8b5ed5,ON_FIRE,2026-03-23 08:19:58.326515+00:00
1463,64d309e9-1dd7-4572-9479-4d2164c080b8,CRITIC,2026-03-23 08:29:41.704733+00:00
1464,8195d324-ed95-44b5-a354-9232cab4e1c0,ON_FIRE,2026-03-23 09:09:23.171359+00:00
1465,cb6d8e05-1472-47ff-b732-cb920eb596dd,CHAMPION,2026-03-23 09:23:00.000000+00:00
1466,542706cb-ff1a-4d9a-9b3d-621e4e7fe4bb,CHAMPION,2026-03-23 09:54:00.000000+00:00
1467,0f89f372-8f9b-4e37-a917-95d348270c77,ON_FIRE,2026-03-23 09:54:40.411327+00:00
1468,b0953e8e-335d-49b9-b394-fc0fe62b5e1e,CHAMPION,2026-03-23 10:31:00.000000+00:00
1469,43381f31-2dca-40f6-af9f-f06934befcd2,ON_FIRE,2026-03-23 15:57:59.466115+00:00
1470,786ba2a2-fd55-4c3c-82a9-6ab4566b3717,ON_FIRE,2026-03-23 16:35:27.158868+00:00
1471,6487383a-0fb9-4616-a52e-d9a0ba69cc53,FIRST_STEP,2026-03-23 17:24:26.487660+00:00
1472,da6180bb-789f-4ba7-887c-08f5033ce3bd,CRITIC,2026-03-23 20:49:05.579496+00:00
1473,c0f17624-388d-4a76-833d-00a5d20ecc26,ON_FIRE,2026-03-23 21:52:45.473695+00:00
1474,8006d300-c0ae-4a0d-ba53-074804f86119,CHAMPION,2026-03-23 22:15:23.166043+00:00
1475,dafc105e-50d6-45fc-881b-f8c7648a1d01,ON_FIRE,2026-03-23 23:02:19.753062+00:00
1476,23ce8810-f0b8-4d2e-8e2b-68771418b437,CRITIC,2026-03-23 23:03:33.464482+00:00
1477,28ed3041-bf44-4e82-90cd-dbc09eec2534,ON_FIRE,2026-03-23 23:52:32.840973+00:00
1478,12f5d09b-3a9f-46b1-98f3-f1fcb7df3201,CRITIC,2026-03-24 01:36:16.537446+00:00
1479,e9bcf6db-9a70-402b-96e0-5fad1e21ca31,INNOVATOR,2026-03-24 01:45:44.916732+00:00
1480,e9bcf6db-9a70-402b-96e0-5fad1e21ca31,ON_FIRE,2026-03-24 01:45:44.916732+00:00
1481,054fbfd5-4987-4e74-981e-7720556bff7c,ON_FIRE,2026-03-24 02:48:47.695167+00:00
1482,e6693802-b58f-4be6-8509-975c7975dc5b,CRITIC,2026-03-24 03:23:24.627281+00:00
1483,de793784-3e9c-4a5b-a50b-5e1a0437bd90,CHAMPION,2026-03-24 05:55:00.000000+00:00
1484,99af7d44-61e4-4858-ab38-26d8bb855d58,FIRST_STEP,2026-03-24 06:31:23.024977+00:00
1485,dd44faee-f20f-47e5-94ff-6945e2284b01,CRITIC,2026-03-24 08:03:48.497309+00:00
1486,b1873d56-50de-46f2-a6c2-a907abb54442,ON_FIRE,2026-03-24 08:39:48.874960+00:00
1487,96fcb81f-46c4-4e0d-9431-72d62e53de35,CRITIC,2026-03-24 08:49:02.606284+00:00
1488,db513ac4-80bc-4d09-864b-24fb5dee1da4,CHAMPION,2026-03-24 09:02:43.542975+00:00
1489,2924ebf4-7416-4911-9fb8-c3bd86f39111,CHAMPION,2026-03-24 09:27:23.845171+00:00
1490,510ae9dd-0fef-4647-ab59-c05d2f715afe,ON_FIRE,2026-03-24 09:40:27.053456+00:00
1491,b312e220-ae63-4cad-98df-940d573360df,CHAMPION,2026-03-24 10:15:00.378578+00:00
1492,3fed2f1f-ed8e-425e-a9c7-8401c4bea33c,ON_FIRE,2026-03-24 10:35:03.698626+00:00
1493,293234f8-6b59-4c8c-b69f-e7044d6e9add,ON_FIRE,2026-03-24 11:23:42.941642+00:00
1494,4c166401-3fd9-47c6-993a-883bd0d2ca29,ON_FIRE,2026-03-24 11:37:23.512822+00:00
1495,1a7b75b9-6dfb-43ac-8df5-e9d9c7ef26d8,ON_FIRE,2026-03-24 11:47:45.528484+00:00
1496,60a4713c-9862-4c54-b843-99e82e3e7bea,FIRST_STEP,2026-03-24 12:19:46.918551+00:00
1497,e0b47f14-ef2d-49fc-b298-7e81497f4563,INNOVATOR,2026-03-24 12:29:18.669128+00:00
1498,e0b47f14-ef2d-49fc-b298-7e81497f4563,ON_FIRE,2026-03-24 12:29:18.669128+00:00
1499,4f401a8b-a036-4ae4-ac18-f69336a55209,ON_FIRE,2026-03-24 14:30:20.299267+00:00
1500,b312e220-ae63-4cad-98df-940d573360df,CRITIC,2026-03-24 16:58:41.840263+00:00
1501,ea40f618-7f28-4677-9945-8b26e9dad431,CHAMPION,2026-03-24 17:03:51.914089+00:00
1502,5268065e-db45-4ebe-8c7d-af94ecc0d672,INNOVATOR,2026-03-24 18:02:02.440869+00:00
1503,2a2ff3aa-a839-4038-a81c-29bf4839823e,ON_FIRE,2026-03-24 21:55:04.822204+00:00
1504,f2d45b59-75cd-44be-b428-acaecb458fb7,ON_FIRE,2026-03-24 22:56:04.784037+00:00
1505,0280d734-a9d4-4fa0-ab8b-772dff7f7954,ON_FIRE,2026-03-24 23:14:02.635526+00:00
1506,10d5d40f-127e-4b4f-b286-d0a7efa50bd5,INNOVATOR,2026-03-24 23:36:04.902831+00:00
1507,16f1ef83-2744-47e3-a8fa-a79542e39c6e,INNOVATOR,2026-03-25 00:13:14.609865+00:00
1508,770e95a3-7660-43c7-813b-e5d70b9b2ee1,INNOVATOR,2026-03-25 01:08:45.310362+00:00
1509,24142aac-d1c8-42ac-a86d-f1049fd901a2,ON_FIRE,2026-03-25 01:39:03.827596+00:00
1510,549a7925-348b-43cd-a3b9-dd25c12212b3,CRITIC,2026-03-25 02:26:28.916591+00:00
1511,542134d1-b226-400c-8d7c-4e24b1a088a6,CRITIC,2026-03-25 07:08:35.443971+00:00
1512,7b5a28c5-3946-4a3b-ad59-fc33a2e44d00,ON_FIRE,2026-03-25 07:19:54.651638+00:00
1513,12f5d09b-3a9f-46b1-98f3-f1fcb7df3201,CHAMPION,2026-03-25 08:48:11.167590+00:00
1514,d420025c-f809-4d32-9066-98749e88aeb9,CHAMPION,2026-03-25 08:58:00.000000+00:00
1515,542706cb-ff1a-4d9a-9b3d-621e4e7fe4bb,ON_FIRE,2026-03-25 10:00:43.202168+00:00
1516,11a37724-d4a2-4571-9734-d56b460e4a73,CHAMPION,2026-03-25 10:23:00.000000+00:00
1517,523b8c7a-c2fe-456d-b96a-d35efdae8e10,ON_FIRE,2026-03-25 10:55:02.436140+00:00
1518,9d9f828f-6d17-4846-b840-5c49524aebe1,ON_FIRE,2026-03-25 12:24:43.028281+00:00
1519,7fe85746-fe19-422b-8bf2-d167d79a2d1a,CRITIC,2026-03-25 12:28:44.370452+00:00
1520,1c9ec459-2c6a-47a7-b3cb-6090d55196b1,ON_FIRE,2026-03-25 13:16:53.923596+00:00
1521,6c72c3eb-81e1-402e-8b91-1b315094e27e,INNOVATOR,2026-03-25 16:13:24.156682+00:00
1522,136f0269-75a4-4b80-bd35-7c42da9c9843,ON_FIRE,2026-03-25 21:18:55.902408+00:00
1523,96c2c320-89b7-409d-a93a-aee004fcc338,FIRST_STEP,2026-03-25 21:20:29.694859+00:00
1524,67ef2ce8-8158-4061-b39f-1648161b988a,ON_FIRE,2026-03-26 00:34:11.055724+00:00
1525,8ee4e6aa-49bf-4476-8827-7c43c8576b3a,ON_FIRE,2026-03-26 01:32:19.414760+00:00
1526,3e5fe20d-95f7-4fea-a0b1-f764d3af1ede,ON_FIRE,2026-03-26 03:05:00.233546+00:00
1527,76d0d2a2-4118-4160-aa2f-d3e4e8396d50,INNOVATOR,2026-03-26 06:05:42.803930+00:00
1528,04bb8b7a-cd4c-4a01-91d4-4704fda80686,CHAMPION,2026-03-26 06:33:00.000000+00:00
1529,c33a2e16-11ad-42aa-86ff-912411bdea48,CHAMPION,2026-03-26 08:27:00.000000+00:00
1530,b945f48a-ccc4-43f6-928b-e2c1f46146b6,ON_FIRE,2026-03-26 08:44:11.544378+00:00
1531,342b5161-320b-428c-a3a4-897f848e1286,CHAMPION,2026-03-26 09:07:24.923162+00:00
1532,342b5161-320b-428c-a3a4-897f848e1286,CRITIC,2026-03-26 09:07:24.923162+00:00
1533,7c907411-53e7-4a2f-9fb2-368bef893ae6,CHAMPION,2026-03-26 09:58:27.546887+00:00
1534,7c907411-53e7-4a2f-9fb2-368bef893ae6,INNOVATOR,2026-03-26 09:58:27.546887+00:00
1535,2d2ef5e3-a9fa-454f-9d27-96ad5903a226,ON_FIRE,2026-03-26 11:08:10.500344+00:00
1536,7fe85746-fe19-422b-8bf2-d167d79a2d1a,CHAMPION,2026-03-26 11:12:00.000000+00:00
1537,45c10be6-7fac-4883-8cee-b772caa3f8de,CHAMPION,2026-03-26 12:24:22.581302+00:00
1538,f5ccc467-2763-4435-88f8-0c697c5bc756,ON_FIRE,2026-03-26 15:03:08.357025+00:00
1539,0255ba23-f10c-4e55-a632-f39545ad53f2,ON_FIRE,2026-03-26 16:47:14.747736+00:00
1540,82acf793-5875-4b86-a2c7-7bfc77ca1687,ON_FIRE,2026-03-26 17:06:08.476285+00:00
1541,da6180bb-789f-4ba7-887c-08f5033ce3bd,INNOVATOR,2026-03-26 17:06:34.791772+00:00
1542,0b3a5337-8158-4195-b718-c1f64fec5d76,ON_FIRE,2026-03-26 18:25:48.298781+00:00
1543,d00211fe-b443-439e-afb4-0eaa14b471eb,CRITIC,2026-03-26 19:40:36.805656+00:00
1544,efe3f27d-9b61-4dcc-bdee-66d1ff6634b6,CRITIC,2026-03-26 22:20:42.148250+00:00
1545,2529ad7b-3e69-4b87-9e44-0259ec755de2,ON_FIRE,2026-03-26 22:38:20.200810+00:00
1546,43381f31-2dca-40f6-af9f-f06934befcd2,CRITIC,2026-03-26 22:54:28.868143+00:00
1547,3577cac5-0476-4aff-b030-5793997dce28,CRITIC,2026-03-26 22:54:32.286616+00:00
1548,16f1ef83-2744-47e3-a8fa-a79542e39c6e,CRITIC,2026-03-27 00:22:12.515365+00:00
1549,bebe014f-7c1c-4d4c-93b4-536cb5e45af9,INNOVATOR,2026-03-27 02:56:37.941689+00:00
1550,85b757d0-f583-4082-88db-1422127834d3,ON_FIRE,2026-03-27 03:57:01.579336+00:00
1551,786ba2a2-fd55-4c3c-82a9-6ab4566b3717,INNOVATOR,2026-03-27 04:09:12.087611+00:00
1552,eaaf4ff9-389b-4404-8570-7d2997f37220,ON_FIRE,2026-03-27 04:11:19.262405+00:00
1553,f93fc94f-b705-49f5-954a-4683273857f4,CHAMPION,2026-03-27 04:11:25.892037+00:00
1554,ac16955a-100a-49c4-9550-f3e3c118b812,ON_FIRE,2026-03-27 04:35:58.799880+00:00
1555,3153eaad-facb-4e77-bf73-9a19018c032d,CRITIC,2026-03-27 04:51:57.676906+00:00
1556,b6a8879c-3ed7-476d-8f1c-47f8f344f70d,INNOVATOR,2026-03-27 05:20:02.750204+00:00
1557,11938edb-7027-491c-9527-eaf7738ea9cd,CRITIC,2026-03-27 05:35:48.828157+00:00
1558,921a0f6a-b2e3-4312-947d-dbb1a59b7f17,ON_FIRE,2026-03-27 10:09:38.774020+00:00
1559,ef84d501-5809-42c6-811a-459fc59c8de1,INNOVATOR,2026-03-27 11:12:08.759358+00:00
1560,29f74c43-1a2b-4d01-b448-078c38c9e28a,CRITIC,2026-03-27 11:22:15.800728+00:00
1561,a0aa60fd-568a-4e6d-86f9-4d6b89c6e255,CHAMPION,2026-03-27 13:07:52.497049+00:00
1562,5553c5bf-a6be-43ce-99ca-71a0dd00c526,ON_FIRE,2026-03-27 13:13:34.552668+00:00
1563,d55047e0-37be-40fb-a90b-d53653e77f3c,ON_FIRE,2026-03-27 13:58:42.109828+00:00
1564,6e55651b-8ed1-4671-be45-9df63f4dbdb6,INNOVATOR,2026-03-27 14:39:09.916177+00:00
1565,7ff2c490-b386-436c-86c2-79a11610b881,ON_FIRE,2026-03-27 15:55:21.262731+00:00
1566,ada33a22-047d-41f7-9001-c78a46d52ecc,ON_FIRE,2026-03-27 16:15:03.729479+00:00
1567,39a22ca0-e67b-4e63-8b37-6aea793fe5ea,CHAMPION,2026-03-27 17:46:40.420549+00:00
1568,767f6a60-4ed4-4d62-b89e-454933720617,INNOVATOR,2026-03-27 22:16:11.600012+00:00
1569,767f6a60-4ed4-4d62-b89e-454933720617,ON_FIRE,2026-03-27 22:16:11.600012+00:00
1570,3cb20e66-1f63-4917-96a0-d76276f9e1ec,CHAMPION,2026-03-27 23:49:13.865915+00:00
1571,a3ff7146-5c5d-4b32-aa8d-e1dc67bae50e,ON_FIRE,2026-03-28 01:33:39.098938+00:00
1572,f2adb223-abf2-4dde-8eb2-d0e031d07e62,INNOVATOR,2026-03-28 02:59:27.661805+00:00
1573,f2adb223-abf2-4dde-8eb2-d0e031d07e62,ON_FIRE,2026-03-28 02:59:27.661805+00:00
1574,ea36f8c9-4d00-4fba-b63b-acf0a7b24913,CHAMPION,2026-03-28 03:02:00.000000+00:00
1575,542706cb-ff1a-4d9a-9b3d-621e4e7fe4bb,CRITIC,2026-03-28 04:32:22.766120+00:00
1576,dac9ce9c-3e17-44ed-ac45-a48a89ca4b8d,CRITIC,2026-03-28 05:41:47.977041+00:00
1577,be819bb5-4387-4c8b-aff9-250ac5ddc5c2,INNOVATOR,2026-03-28 07:35:39.334304+00:00
1578,500e7caa-bf0e-48e3-baf1-303ab0dbca43,CHAMPION,2026-03-28 07:55:12.108179+00:00
1579,500e7caa-bf0e-48e3-baf1-303ab0dbca43,CRITIC,2026-03-28 07:55:12.108179+00:00
1580,b1873d56-50de-46f2-a6c2-a907abb54442,INNOVATOR,2026-03-28 08:59:45.175597+00:00
1581,c58f7dbd-9a6d-4c3f-bed8-75f484e20259,ON_FIRE,2026-03-28 09:57:16.738626+00:00
1582,29e789b9-43d6-4d77-bba5-a8fe5bbec079,CHAMPION,2026-03-28 10:49:00.000000+00:00
1583,74164678-a923-474f-9942-ef98874b21a7,CRITIC,2026-03-28 13:25:09.067576+00:00
1584,274ae9a0-e988-401e-abd7-6ebe2287f737,CHAMPION,2026-03-28 13:35:00.000000+00:00
1585,770a3736-dd6c-443d-92ff-d84e014a53e9,ON_FIRE,2026-03-28 14:08:03.485216+00:00
1586,8f1b219c-c56a-41c1-88e4-b541304785b8,CRITIC,2026-03-28 18:30:35.452807+00:00
1587,f5856cb1-16f0-45c5-83c8-8332602c0554,ON_FIRE,2026-03-28 19:12:11.305840+00:00
1588,d10a4f93-a536-4542-b5ff-c16717ab9f40,CRITIC,2026-03-28 19:23:40.577715+00:00
1589,db0a6297-8193-47c9-a815-151141095ca6,CHAMPION,2026-03-28 20:05:00.000000+00:00
1590,bec21b43-0b9a-4b14-aec4-4493b6192e37,INNOVATOR,2026-03-28 20:13:44.104342+00:00
1591,bec21b43-0b9a-4b14-aec4-4493b6192e37,ON_FIRE,2026-03-28 20:13:44.104342+00:00
1592,f85deb38-8a7f-46fd-aa7f-0c9d18401a70,INNOVATOR,2026-03-28 20:43:50.240258+00:00
1593,a76c196d-d55a-489a-9e41-2892f1411a8b,ON_FIRE,2026-03-28 23:44:10.532242+00:00
1594,b84486da-21ec-4b82-bf29-a0ba711862f5,CRITIC,2026-03-29 00:00:44.552736+00:00
1595,5179d5b9-4f1e-4e23-9bd1-90c1af18e263,ON_FIRE,2026-03-29 01:14:25.022496+00:00
1596,8a3bbec3-4136-45f6-b098-bbb2be370926,ON_FIRE,2026-03-29 02:29:26.306679+00:00
1597,915de5a6-4e56-45a3-9ec0-f304a3b83653,INNOVATOR,2026-03-29 02:29:52.969321+00:00
1598,3ce5d8ff-3af6-4183-83e3-d0fad13a6ef1,INNOVATOR,2026-03-29 02:49:21.518909+00:00
1599,78af47a7-ad8d-4faf-a4eb-52cb18a6a2cd,ON_FIRE,2026-03-29 02:55:47.939618+00:00
1600,ae923cee-de34-4666-b2f5-d8b68dd987f9,CHAMPION,2026-03-29 03:03:36.343355+00:00
1601,76d0d2a2-4118-4160-aa2f-d3e4e8396d50,ON_FIRE,2026-03-29 04:36:07.823355+00:00
1602,320540a7-1daa-4726-b502-7fecc0270091,CRITIC,2026-03-29 06:37:23.356890+00:00
1603,8a32d959-70a5-4d75-a21f-8a47260e0f27,FIRST_STEP,2026-03-29 07:52:45.663736+00:00
1604,d0f286e9-aeb3-4658-8f6c-b7a7d6120051,CRITIC,2026-03-29 08:08:04.214732+00:00
1605,074ac71d-aafc-47a0-9056-0c48ad4084ce,CRITIC,2026-03-29 09:04:52.028526+00:00
1606,66254aec-711c-4731-ad1b-12358695cff5,CHAMPION,2026-03-29 09:38:00.000000+00:00
1607,978615d9-0394-47fb-a990-7b91e37cbcf3,CHAMPION,2026-03-29 10:37:00.000000+00:00
1608,4284538a-2eb5-4ac7-9e74-d9148261af39,ON_FIRE,2026-03-29 10:42:02.718571+00:00
1609,e63e4f83-e0ba-4644-a46a-7413de243920,CRITIC,2026-03-29 11:12:57.897820+00:00
1610,4104f49c-666e-4c48-8185-e1ef630c83c1,CHAMPION,2026-03-29 11:48:00.000000+00:00
1611,1c17e3b7-1ace-4929-8a17-4b637e56b0b6,CHAMPION,2026-03-29 12:36:00.000000+00:00
1612,0d89d375-2da9-4e6e-bf17-55801c583b8e,ON_FIRE,2026-03-29 14:34:17.743575+00:00
1613,5c5fb113-5843-4b29-8933-b0d016b33d25,ON_FIRE,2026-03-29 14:46:44.154864+00:00
1614,4c324c73-2dc1-425d-8e1b-f3224f6128ec,INNOVATOR,2026-03-29 14:47:38.739130+00:00
1615,41417e3e-4fd4-4942-a396-ba652bde8364,ON_FIRE,2026-03-29 15:40:16.017163+00:00
1616,0d89d375-2da9-4e6e-bf17-55801c583b8e,CHAMPION,2026-03-29 16:04:00.000000+00:00
1617,4b6514c1-383f-4056-9a6e-81fe0599fec3,ON_FIRE,2026-03-29 16:33:46.280045+00:00
1618,b84486da-21ec-4b82-bf29-a0ba711862f5,CHAMPION,2026-03-29 16:44:13.900786+00:00
1619,ea94002e-07bf-4277-9b9a-4f657eaa8125,CHAMPION,2026-03-29 17:52:00.000000+00:00
1620,f11017f7-2d00-4f17-9c8e-53b9e06a8ca4,ON_FIRE,2026-03-29 18:15:58.982712+00:00
1621,4d667ed7-ec6b-4add-aae1-3807ff1a161c,CHAMPION,2026-03-29 19:45:00.000000+00:00
1622,5b666a1b-6391-46d4-8c0c-b2e34ab3fb1b,ON_FIRE,2026-03-29 20:27:13.709645+00:00
1623,11938edb-7027-491c-9527-eaf7738ea9cd,CHAMPION,2026-03-29 21:29:00.000000+00:00
1624,d3db882a-0f69-4757-86d7-7684ed050599,CHAMPION,2026-03-29 21:43:00.000000+00:00
1625,a8d3e377-0e26-45b7-bd86-63aae9be7dbb,CRITIC,2026-03-29 22:08:22.395994+00:00
1626,6f1f4dc0-4b42-4147-b573-37a2915f8a50,INNOVATOR,2026-03-29 22:12:41.298660+00:00
1627,f2a1a80b-ee11-4d4d-934b-4728eb24d690,CRITIC,2026-03-29 22:55:44.739241+00:00
1628,ea36f8c9-4d00-4fba-b63b-acf0a7b24913,CRITIC,2026-03-29 23:04:40.888271+00:00
1629,1c17e3b7-1ace-4929-8a17-4b637e56b0b6,CRITIC,2026-03-29 23:44:05.157000+00:00
1630,1265fdd8-49bb-4b65-8420-9820ac749a6a,CHAMPION,2026-03-29 23:45:00.000000+00:00
1631,f43ba2e8-ea91-43b3-9232-e8fd777feb12,ON_FIRE,2026-03-30 00:28:22.595280+00:00
1632,9cca5d9d-2083-45f2-baf5-a904076fa298,CRITIC,2026-03-30 00:36:39.587758+00:00
1633,83591bb5-b0a5-432a-9670-a236e11cbb0b,CRITIC,2026-03-30 01:31:02.869423+00:00
1634,8e39130a-e867-4106-91d8-13206ebbc96a,ON_FIRE,2026-03-30 01:46:54.452199+00:00
1635,a04f5eda-a557-4705-92b5-88cc55ea6558,CRITIC,2026-03-30 02:10:56.657229+00:00
1636,83d4670d-ba55-4ec7-9348-24a2b2c1d40f,ON_FIRE,2026-03-30 02:18:32.122017+00:00
1637,a912e90c-b716-4a56-8005-1c9111759dfd,CRITIC,2026-03-30 02:47:55.380553+00:00
1638,449ac75e-578d-423f-8bc4-b4c90d6ac229,ON_FIRE,2026-03-30 05:26:35.132244+00:00
1639,c024ae2f-747f-4e78-b09d-430b0eca3860,CRITIC,2026-03-30 05:34:13.699978+00:00
1640,054fbfd5-4987-4e74-981e-7720556bff7c,CHAMPION,2026-03-30 05:54:00.000000+00:00
1641,a7450ed8-f67b-4a15-a99a-a9fa649b6fd6,CRITIC,2026-03-30 06:15:35.362649+00:00
1642,44bd7edf-b40c-4e70-80b5-06cef76b4c8c,CHAMPION,2026-03-30 06:23:00.000000+00:00
1643,dd9df6aa-658b-4a83-a5f1-25bf41aa21bd,FIRST_STEP,2026-03-30 06:29:29.121230+00:00
1644,dd9df6aa-658b-4a83-a5f1-25bf41aa21bd,INNOVATOR,2026-03-30 06:29:29.121230+00:00
1645,e035811f-10c5-4bfc-a7c0-7eae45940633,ON_FIRE,2026-03-30 07:11:35.426679+00:00
1646,6f1f4dc0-4b42-4147-b573-37a2915f8a50,CHAMPION,2026-03-30 07:31:00.000000+00:00
1647,67ef2ce8-8158-4061-b39f-1648161b988a,CRITIC,2026-03-30 07:51:53.092702+00:00
1648,bc82679b-60ac-4cb8-a2c8-90cf85491d9f,INNOVATOR,2026-03-30 07:53:01.729467+00:00
1649,04bb8b7a-cd4c-4a01-91d4-4704fda80686,CRITIC,2026-03-30 09:18:16.049109+00:00
1650,e9bcf6db-9a70-402b-96e0-5fad1e21ca31,CHAMPION,2026-03-30 09:33:00.000000+00:00
1651,fdaa0ab3-4f74-427f-8610-07c992b50bf5,CRITIC,2026-03-30 09:35:17.227864+00:00
1652,a8d3e377-0e26-45b7-bd86-63aae9be7dbb,INNOVATOR,2026-03-30 10:32:14.423143+00:00
1653,a8d3e377-0e26-45b7-bd86-63aae9be7dbb,ON_FIRE,2026-03-30 10:32:14.423143+00:00
1654,1f9f1987-7506-4d70-81a9-f58c2de19219,CRITIC,2026-03-30 11:13:59.834576+00:00
1655,de793784-3e9c-4a5b-a50b-5e1a0437bd90,CRITIC,2026-03-30 11:37:30.521974+00:00
1656,f11017f7-2d00-4f17-9c8e-53b9e06a8ca4,INNOVATOR,2026-03-30 11:50:45.308547+00:00
1657,d35f769d-d320-4357-a8ad-0db3cd7e1bcf,CRITIC,2026-03-30 12:19:56.957804+00:00
1658,6ed2246c-0899-4390-bcd4-1c784aa4dcbf,ON_FIRE,2026-03-30 12:43:54.091299+00:00
1659,5783b7bc-8de7-40b5-b1e8-896921098bd2,ON_FIRE,2026-03-30 13:24:11.269392+00:00
1660,f1ea7bc8-4511-4946-992a-69c581e26bef,CHAMPION,2026-03-30 14:17:01.400682+00:00
1661,f1ea7bc8-4511-4946-992a-69c581e26bef,CRITIC,2026-03-30 14:17:01.400682+00:00
1662,8eb23e0d-e7bd-4642-b245-6338a02daf5d,ON_FIRE,2026-03-30 14:41:11.377899+00:00
1663,2b6d1065-0b7d-4434-8df1-5b0f01a68955,CRITIC,2026-03-30 15:08:59.548776+00:00
1664,8e9296c5-bcd9-48b9-a595-2c11e6d596ef,ON_FIRE,2026-03-30 15:12:42.205366+00:00
1665,d045ce18-decd-4a51-b04a-c4a0b10839a7,CHAMPION,2026-03-30 16:22:00.000000+00:00
1666,5e3a8bbe-4747-4f6c-a52f-e982db7f63be,CRITIC,2026-03-30 17:29:58.869268+00:00
1667,9f62bec9-e71d-4e58-8eb0-f51c0c93bd4e,CRITIC,2026-03-30 19:10:14.178027+00:00
1668,671eb403-5ad4-4085-bf1b-c397caf5df96,INNOVATOR,2026-03-30 19:25:45.350304+00:00
1669,495bd104-33c7-4b5a-9072-a2d144130630,FIRST_STEP,2026-03-30 19:36:49.524503+00:00
1670,495bd104-33c7-4b5a-9072-a2d144130630,INNOVATOR,2026-03-30 19:36:49.524503+00:00
1671,db0a6297-8193-47c9-a815-151141095ca6,CRITIC,2026-03-30 19:43:48.599201+00:00
1672,85e3ccdc-ad7f-4b05-b057-8593c1f4a450,ON_FIRE,2026-03-30 20:01:34.258535+00:00
1673,fdaa0ab3-4f74-427f-8610-07c992b50bf5,INNOVATOR,2026-03-30 20:41:30.462375+00:00
1674,fdaa0ab3-4f74-427f-8610-07c992b50bf5,ON_FIRE,2026-03-30 20:41:30.462375+00:00
1675,8195d324-ed95-44b5-a354-9232cab4e1c0,CRITIC,2026-03-30 20:42:42.357635+00:00
1676,85480232-8d0c-45e2-bb3b-62ccdcf67029,ON_FIRE,2026-03-30 21:11:44.627084+00:00
1677,1282a9e9-9325-4f3d-94ee-887a13d79265,CHAMPION,2026-03-30 22:01:04.668365+00:00
1678,acbfcf92-50ae-44fd-b9a5-7c398170cfd5,CHAMPION,2026-03-30 22:12:38.145236+00:00
1679,acbfcf92-50ae-44fd-b9a5-7c398170cfd5,CRITIC,2026-03-30 22:12:38.145236+00:00
1680,0deccb0f-28c2-4434-a9fc-b509e554f041,CHAMPION,2026-03-30 22:28:34.711670+00:00
1681,b5470472-a376-405f-b34f-b7e3e01322d5,INNOVATOR,2026-03-30 22:48:00.691816+00:00
1682,3f86e892-6ecb-4028-b135-17c98a50e599,INNOVATOR,2026-03-30 22:51:55.685003+00:00
1683,514d1d62-3100-4b79-9ace-199ed15abd30,CHAMPION,2026-03-30 22:54:28.911456+00:00
1684,966251e0-21da-4b33-8c4f-5acafc653771,CHAMPION,2026-03-31 02:48:00.000000+00:00
1685,8006d300-c0ae-4a0d-ba53-074804f86119,CRITIC,2026-03-31 03:26:13.438325+00:00
1686,e9259942-8396-473b-9057-48dcaca6a4b8,CHAMPION,2026-03-31 04:15:00.000000+00:00
1687,e1a6a44d-3130-4403-b5cb-3639929a10a0,ON_FIRE,2026-03-31 04:29:54.599294+00:00
1688,5360fd07-6411-454a-8bc8-066a979f5e68,ON_FIRE,2026-03-31 04:36:37.427537+00:00
1689,514d1d62-3100-4b79-9ace-199ed15abd30,CRITIC,2026-03-31 04:46:52.758819+00:00
1690,3890de82-3395-42e3-86ff-099140dc8353,ON_FIRE,2026-03-31 05:01:41.589405+00:00
1691,ee1c4d3b-ec68-41f3-b7f1-58779c7a6bd9,ON_FIRE,2026-03-31 05:09:15.339575+00:00
1692,4169b80d-0f44-4692-a9e4-5a0ff1391e96,ON_FIRE,2026-03-31 05:35:26.135227+00:00
1693,61175dd3-69f9-4b64-8fa2-09b08ee9b450,CRITIC,2026-03-31 05:46:30.602423+00:00
1694,767e0eaf-7303-4417-832c-a8e02100fe09,ON_FIRE,2026-03-31 06:02:39.247642+00:00
1695,e3a19585-197c-4218-9d75-752360108ba0,CHAMPION,2026-03-31 06:35:26.012253+00:00
1696,7d24e8ab-d927-443c-a1e1-04b73211032b,CHAMPION,2026-03-31 08:46:00.000000+00:00
1697,136f0269-75a4-4b80-bd35-7c42da9c9843,INNOVATOR,2026-03-31 09:27:40.266457+00:00
1698,2a9d41e6-bbad-409a-9305-7d1453de3fff,ON_FIRE,2026-03-31 09:59:54.378170+00:00
1699,9ac7d884-9c16-4fa3-b896-884afda9c096,CHAMPION,2026-03-31 10:01:20.875249+00:00
1700,2a9d41e6-bbad-409a-9305-7d1453de3fff,INNOVATOR,2026-03-31 11:17:23.712871+00:00
1701,d37584ec-a50a-4b61-84db-4ad4f2629fd7,ON_FIRE,2026-03-31 11:39:04.009397+00:00
1702,27e57f44-3711-4937-96be-d80bcf09b05d,CRITIC,2026-03-31 11:41:50.726484+00:00
1703,bc157ecf-7954-494e-a055-311a276bf358,ON_FIRE,2026-03-31 12:01:41.265553+00:00
1704,206f3caa-e4f4-4c32-9bbe-a77b272bce88,ON_FIRE,2026-03-31 12:44:28.571618+00:00
1705,fe585dc9-87c1-4767-acfc-0cb180014620,CHAMPION,2026-03-31 14:28:28.504646+00:00
1706,fe585dc9-87c1-4767-acfc-0cb180014620,ON_FIRE,2026-03-31 14:28:28.504646+00:00
1707,7d24e8ab-d927-443c-a1e1-04b73211032b,CRITIC,2026-03-31 16:05:30.346404+00:00
1708,63c7f6a6-1fb9-467e-a32c-b7f7fbd263d6,ON_FIRE,2026-03-31 16:33:41.005720+00:00
1709,8d973db4-761f-47fc-a137-ab4ad30532c7,INNOVATOR,2026-03-31 16:38:13.277920+00:00
1710,8d973db4-761f-47fc-a137-ab4ad30532c7,ON_FIRE,2026-03-31 16:38:13.277920+00:00
1711,966251e0-21da-4b33-8c4f-5acafc653771,CRITIC,2026-03-31 18:30:31.492217+00:00
1712,888502a0-6058-4702-88b8-adb03b807926,ON_FIRE,2026-03-31 19:43:48.588695+00:00
1713,405aedd0-cb27-4b4c-a93e-b03ba37f2948,INNOVATOR,2026-03-31 20:10:03.422904+00:00
1714,b8586f4e-0b8d-4c49-99b4-58e4ac4db671,ON_FIRE,2026-03-31 20:18:17.211207+00:00
1715,f85deb38-8a7f-46fd-aa7f-0c9d18401a70,CHAMPION,2026-03-31 20:24:30.473611+00:00
1716,4b3f668a-c5f0-43d5-ab24-83157512c528,FIRST_STEP,2026-03-31 20:26:52.836219+00:00
1717,f2aba7e0-43cb-45a1-8ed2-80e2b36e4be9,CRITIC,2026-03-31 20:50:56.243270+00:00
1718,ea31e60e-7c45-4d0d-a72a-9b1bff423649,INNOVATOR,2026-03-31 20:56:45.150110+00:00
1719,50e23573-ed49-4a5a-a274-62ac3d92fa00,CRITIC,2026-03-31 22:02:56.527804+00:00
1720,1bdd1aba-8056-4ec1-b09d-02acb85a9eab,CHAMPION,2026-03-31 22:50:32.318515+00:00
1721,c45d7879-b91c-47e2-9f80-fe17082b34a9,ON_FIRE,2026-03-31 22:58:10.364235+00:00
1722,c413e723-b297-4c8d-b0ed-efcc688a626c,ON_FIRE,2026-03-31 23:27:09.831917+00:00
1723,8954a352-4311-4f3c-a1bf-25bad61c44c0,ON_FIRE,2026-04-01 01:20:32.235045+00:00
1724,519b9a11-2a24-4779-b6be-e9dbde661345,ON_FIRE,2026-04-01 02:36:58.815496+00:00
1725,2282676e-c8d8-45b4-8148-cb534f3e78bb,INNOVATOR,2026-04-01 03:02:30.129640+00:00
1726,d1d788a6-dd4c-4608-94bc-b1fd10c2a24e,CHAMPION,2026-04-01 04:45:47.898041+00:00
1727,11a37724-d4a2-4571-9734-d56b460e4a73,CRITIC,2026-04-01 05:06:02.593277+00:00
1728,fbabdc2f-0b0f-4905-8305-434bbbdaeebf,FIRST_STEP,2026-04-01 06:14:32.692175+00:00
1729,28ac5ef3-c8dc-4aa9-97a4-4bd90a55268b,CRITIC,2026-04-01 06:32:58.231392+00:00
1730,0b3a5337-8158-4195-b718-c1f64fec5d76,INNOVATOR,2026-04-01 06:38:09.026575+00:00
1731,6a808ecc-aa5f-46f7-9473-e17d132330cd,ON_FIRE,2026-04-01 09:52:23.293114+00:00
1732,5147885c-e8a5-473d-88c2-92f1ac8aaab2,INNOVATOR,2026-04-01 11:33:51.652962+00:00
1733,5eaddab7-e9e5-496f-98cf-f1c69022ecfa,INNOVATOR,2026-04-01 11:53:50.354848+00:00
1734,fd337d25-a333-4d37-94b8-71f30778f874,CHAMPION,2026-04-01 12:43:00.000000+00:00
1735,91859730-a2c4-46b6-855a-a89620a317df,ON_FIRE,2026-04-01 14:17:33.425443+00:00
1736,f8d7dc0b-5a3b-44ee-98f3-b79e6f774b1e,ON_FIRE,2026-04-01 14:33:45.802076+00:00
1737,bfe891b4-9403-4989-a44e-4cc7c30638a2,ON_FIRE,2026-04-01 18:19:23.515059+00:00
1738,d4a71d21-d547-4736-9c69-2ae754d8e3f0,CRITIC,2026-04-01 18:21:44.997723+00:00
1739,ea40f618-7f28-4677-9945-8b26e9dad431,ON_FIRE,2026-04-01 19:16:54.408851+00:00
1740,9670db24-9fbd-4eae-8798-eee73b7f38b0,CRITIC,2026-04-01 20:14:09.353762+00:00
1741,9a6ea003-a666-4c29-8ae5-e7fa86361a43,ON_FIRE,2026-04-01 20:17:03.909267+00:00
1742,f6441207-59b2-4d0d-8e38-22e2061a049e,CHAMPION,2026-04-01 21:27:17.474308+00:00
1743,ddf3e419-1b94-4594-a39d-89115b54e666,FIRST_STEP,2026-04-01 22:26:20.255850+00:00
1744,15faaccb-2bbf-40c2-8ccd-d84e51bfe1a3,CRITIC,2026-04-01 22:34:43.462854+00:00
1745,c0278ba1-ce60-47e3-9f28-8dd3d2d45b37,CHAMPION,2026-04-01 22:40:45.442384+00:00
1746,f2d45b59-75cd-44be-b428-acaecb458fb7,CHAMPION,2026-04-01 23:11:47.440872+00:00
1747,24142aac-d1c8-42ac-a86d-f1049fd901a2,CHAMPION,2026-04-01 23:39:58.593675+00:00
1748,79813442-5e34-470e-ae19-fde9bd8d21e8,INNOVATOR,2026-04-02 00:18:16.011692+00:00
1749,1bf756ca-dbef-4935-bac3-a3b692010a75,ON_FIRE,2026-04-02 01:15:44.690328+00:00
1750,553aa3f4-b0d4-4902-96eb-9580f1ab5102,CRITIC,2026-04-02 02:49:54.712116+00:00
1751,539b3526-9e3d-45bd-baef-ec9d16abc2eb,CHAMPION,2026-04-02 02:57:06.931676+00:00
1752,d432410f-620e-49df-9646-346e8457b3bf,CRITIC,2026-04-02 04:18:24.632625+00:00
1753,d045ce18-decd-4a51-b04a-c4a0b10839a7,CRITIC,2026-04-02 05:08:05.992470+00:00
1754,85b757d0-f583-4082-88db-1422127834d3,CRITIC,2026-04-02 05:59:45.694781+00:00
1755,3909b249-70c8-463b-b5e2-36bc233df5f5,FIRST_STEP,2026-04-02 06:08:38.162327+00:00
1756,8e9296c5-bcd9-48b9-a595-2c11e6d596ef,CHAMPION,2026-04-02 07:21:06.959420+00:00
1757,ce27506a-6bbb-4843-9346-2fd118966745,CRITIC,2026-04-02 08:24:24.068278+00:00
1758,fdaa0ab3-4f74-427f-8610-07c992b50bf5,CHAMPION,2026-04-02 10:12:21.337778+00:00
1759,63c7f6a6-1fb9-467e-a32c-b7f7fbd263d6,INNOVATOR,2026-04-02 11:37:26.686311+00:00
1760,ae0998f5-ac8d-41f3-ac2d-777a7f7ca079,CHAMPION,2026-04-02 11:41:52.755605+00:00
1761,03eeb36f-1602-4d94-af8d-fa5e5db432b8,ON_FIRE,2026-04-02 11:44:06.841173+00:00
1762,3e5fe20d-95f7-4fea-a0b1-f764d3af1ede,CRITIC,2026-04-02 12:16:07.274252+00:00
1763,d7f518f6-8981-4973-9c42-b49423f7f23e,CHAMPION,2026-04-02 12:48:30.946619+00:00
1764,d7f518f6-8981-4973-9c42-b49423f7f23e,CRITIC,2026-04-02 12:48:30.946619+00:00
1765,53b3c1c0-71b8-4dde-9428-828a7583ed49,INNOVATOR,2026-04-02 13:13:24.285971+00:00
1766,449ac75e-578d-423f-8bc4-b4c90d6ac229,CHAMPION,2026-04-02 13:16:48.967223+00:00
1767,e3327257-45ae-4912-b4c2-08f9cb4d8536,INNOVATOR,2026-04-02 17:34:20.415393+00:00
1768,d4a71d21-d547-4736-9c69-2ae754d8e3f0,CHAMPION,2026-04-02 22:21:11.292680+00:00
1769,d045ce18-decd-4a51-b04a-c4a0b10839a7,ON_FIRE,2026-04-02 23:26:10.153729+00:00
1770,8fe78534-8626-4ccb-8a11-1abeb3417110,ON_FIRE,2026-04-02 23:33:15.138308+00:00
1771,a5e91f29-76ad-47df-8a3c-43ad203ed9c3,INNOVATOR,2026-04-02 23:52:29.362991+00:00
1772,0d3b9abd-2bf6-47a0-b674-e66bfbd1c058,INNOVATOR,2026-04-03 03:15:21.078173+00:00
1773,0d89d375-2da9-4e6e-bf17-55801c583b8e,CRITIC,2026-04-03 03:26:50.765428+00:00
1774,c316d911-6157-4923-83d0-94e475c6acc5,CRITIC,2026-04-03 03:43:02.767067+00:00
1775,9dd603d9-070f-421c-9578-652d098d33ae,CHAMPION,2026-04-03 05:12:22.398226+00:00
1776,dbb62cac-e512-454a-a2dd-cd278e6b0b3e,INNOVATOR,2026-04-03 05:57:47.562137+00:00
1777,63c7f6a6-1fb9-467e-a32c-b7f7fbd263d6,CHAMPION,2026-04-03 07:27:18.876091+00:00
1778,a92d0de1-8406-42f3-a47a-eba53cfc918d,ON_FIRE,2026-04-03 07:58:55.970096+00:00
1779,3b146662-5da3-44f9-a3a2-be2e8ab5f602,CHAMPION,2026-04-03 09:06:04.671822+00:00
1780,85d69c98-5b99-4368-9470-a023a0faaa39,CRITIC,2026-04-03 10:22:41.280422+00:00
1781,2b02df80-1d86-4eca-8b1a-02e41da4ddf4,FIRST_STEP,2026-04-03 11:46:20.269873+00:00
1782,2b02df80-1d86-4eca-8b1a-02e41da4ddf4,INNOVATOR,2026-04-03 11:46:20.269873+00:00
1783,5671894a-5a48-444a-8a73-5462d0f8e451,CHAMPION,2026-04-03 11:54:59.252793+00:00
1784,2a5fc018-eeb8-406f-83fc-1862252f93b0,CHAMPION,2026-04-03 12:22:42.469522+00:00
1785,a5e91f29-76ad-47df-8a3c-43ad203ed9c3,ON_FIRE,2026-04-03 13:16:20.622927+00:00
1786,c347dd6b-20d6-49f1-b00c-10e9d401a28a,INNOVATOR,2026-04-03 13:27:03.808780+00:00
1787,53691fc5-65db-4948-a53d-05eb7c9cbafd,INNOVATOR,2026-04-03 13:58:30.299948+00:00
1788,ae62feb9-2fe5-4f14-9abc-6d3de60551e9,FIRST_STEP,2026-04-03 14:34:40.626209+00:00
1789,4fd7b80e-d72e-42b6-8127-2b77a2ab3795,INNOVATOR,2026-04-03 14:40:20.038280+00:00
1790,dc77d7ee-0010-4612-9a40-e655be92d3eb,ON_FIRE,2026-04-03 15:05:26.439898+00:00
1791,2529ad7b-3e69-4b87-9e44-0259ec755de2,CHAMPION,2026-04-03 16:04:58.044132+00:00
1792,d3db882a-0f69-4757-86d7-7684ed050599,CRITIC,2026-04-03 16:38:36.558770+00:00
1793,ebe1cbd3-513d-4852-b31c-67c8b1dbeca9,ON_FIRE,2026-04-03 18:13:02.984929+00:00
1794,e5ccee59-74ad-4614-9ebb-e2b31cd8f624,ON_FIRE,2026-04-03 18:38:37.181606+00:00
1795,978615d9-0394-47fb-a990-7b91e37cbcf3,CRITIC,2026-04-03 18:41:07.623331+00:00
1796,039ce623-075d-4c69-9235-d786fde3bf5a,ON_FIRE,2026-04-03 19:56:50.103420+00:00
1797,465719ec-e1f8-4d36-9993-f4ac5c2f5ce8,FIRST_STEP,2026-04-03 21:25:33.297982+00:00
1798,5b4a4141-7738-4083-ae9c-db997fb64b4a,ON_FIRE,2026-04-03 21:40:23.556665+00:00
1799,465f2a51-6e74-4cea-b466-c62c29193b73,CHAMPION,2026-04-03 21:59:16.851794+00:00
1800,eb004ec6-6884-44b6-8aae-0caf60444601,ON_FIRE,2026-04-03 23:25:19.168631+00:00
1801,3b4c8589-a29e-4f2a-9518-57ade939fcf8,CRITIC,2026-04-04 01:00:26.051983+00:00
1802,4c9ed491-fd91-409f-a4ce-61dddd56f08f,ON_FIRE,2026-04-04 01:54:00.829182+00:00
1803,44bd7edf-b40c-4e70-80b5-06cef76b4c8c,ON_FIRE,2026-04-04 02:37:00.555667+00:00
1804,3f6cb692-1581-4462-b260-3cad29f36489,ON_FIRE,2026-04-04 02:41:23.037295+00:00
1805,3f86e892-6ecb-4028-b135-17c98a50e599,ON_FIRE,2026-04-04 03:25:35.096645+00:00
1806,b47acf12-a3eb-4e7e-b774-7fd911ef71bd,ON_FIRE,2026-04-04 03:45:06.560321+00:00
1807,6f1c92a2-1730-457e-af80-22ceee52065e,FIRST_STEP,2026-04-04 03:58:24.133142+00:00
1808,da7d8ca8-db94-48b0-87a9-6c6a4d12c1cb,ON_FIRE,2026-04-04 04:18:54.963264+00:00
1809,64d309e9-1dd7-4572-9479-4d2164c080b8,INNOVATOR,2026-04-04 04:27:09.718835+00:00
1810,03eeb36f-1602-4d94-af8d-fa5e5db432b8,CRITIC,2026-04-04 04:30:22.590566+00:00
1811,0b259536-155f-4e39-9154-32d25e0d2eca,ON_FIRE,2026-04-04 04:36:15.655221+00:00
1812,db51b55f-fef8-478b-b35a-f2511f4012c2,INNOVATOR,2026-04-04 05:08:13.731193+00:00
1813,869f5770-ffbd-42b1-9908-f61f8fbbc8ea,CHAMPION,2026-04-04 06:42:36.542727+00:00
1814,4597622b-a50f-4a08-82d3-b202eb23c08b,ON_FIRE,2026-04-04 07:59:21.232836+00:00
1815,f93fc94f-b705-49f5-954a-4683273857f4,CRITIC,2026-04-04 12:03:09.097798+00:00
1816,07e91d9a-58ac-4123-b88a-e84d593d3c95,ON_FIRE,2026-04-04 13:37:58.679263+00:00
1817,63c7f6a6-1fb9-467e-a32c-b7f7fbd263d6,CRITIC,2026-04-04 15:48:55.107883+00:00
1818,0aa6c832-d272-493b-af96-e53a16a8ba84,INNOVATOR,2026-04-04 16:01:38.831974+00:00
1819,b78c727b-e0cf-4632-95c8-6d754d1b626c,ON_FIRE,2026-04-04 17:00:52.123294+00:00
1820,320540a7-1daa-4726-b502-7fecc0270091,CHAMPION,2026-04-04 19:22:10.597083+00:00
1821,8de3a1bf-0867-4629-9291-42a74caf9008,ON_FIRE,2026-04-04 21:21:13.987535+00:00
1822,ef6c19c9-41fb-4663-b095-fd6f807954ec,CHAMPION,2026-04-04 22:00:28.848164+00:00
1823,0b0392ac-a14f-455e-86b0-ae00fdfdf1f6,ON_FIRE,2026-04-04 22:19:51.222530+00:00
1824,066a8584-2f31-4a5b-81a3-bfcffb97ceb0,CRITIC,2026-04-04 22:39:43.747149+00:00
1825,2b6d1065-0b7d-4434-8df1-5b0f01a68955,ON_FIRE,2026-04-04 23:07:15.640149+00:00
1826,26d51b07-49a9-4201-b13c-709dbf828241,INNOVATOR,2026-04-04 23:15:33.970901+00:00
1827,c0278ba1-ce60-47e3-9f28-8dd3d2d45b37,INNOVATOR,2026-04-04 23:36:34.759508+00:00
1828,c0278ba1-ce60-47e3-9f28-8dd3d2d45b37,ON_FIRE,2026-04-04 23:36:34.759508+00:00
1829,fd139f69-a02f-403a-a413-19b49a716926,ON_FIRE,2026-04-05 03:18:17.829064+00:00
1830,b54fdc5c-e828-48f4-8b75-28fe75c046a8,CHAMPION,2026-04-05 03:40:48.172018+00:00
1831,f88e79f6-5cdb-401c-9b0a-0035434d7b18,ON_FIRE,2026-04-05 04:15:21.787627+00:00
1832,915de5a6-4e56-45a3-9ec0-f304a3b83653,CHAMPION,2026-04-05 04:37:07.251426+00:00
1833,608ced08-9e47-4568-b2c6-81b0a7fdf075,ON_FIRE,2026-04-05 05:13:56.987140+00:00
1834,88ca13bd-4e60-4303-800f-294b5b96f80d,CRITIC,2026-04-05 05:24:29.570004+00:00
1835,e24ef779-8a19-45dc-82da-af12648144c1,CHAMPION,2026-04-05 05:41:37.434190+00:00
1836,79813442-5e34-470e-ae19-fde9bd8d21e8,ON_FIRE,2026-04-05 09:00:05.085972+00:00
1837,ee85ed55-5fb4-47a4-8a52-97b44ea7f18e,ON_FIRE,2026-04-05 09:06:35.486455+00:00
1838,00f7fbed-d7cd-4b53-9344-aa42ba92c94d,CRITIC,2026-04-05 13:05:42.256119+00:00
1839,1423a03e-cee5-47c1-8a33-c4e950c56923,INNOVATOR,2026-04-05 13:26:17.856375+00:00
1840,ae8476f4-9a83-4f9f-a68f-08866cdec032,ON_FIRE,2026-04-05 13:33:08.745102+00:00
1841,f94cae4d-1651-4cf9-829f-4b10982ab3a1,ON_FIRE,2026-04-05 13:53:12.709969+00:00
1842,8f21075b-8c2d-4291-98de-3f070ea2a227,ON_FIRE,2026-04-05 14:01:05.981064+00:00
1843,64d309e9-1dd7-4572-9479-4d2164c080b8,ON_FIRE,2026-04-05 14:01:48.704290+00:00
1844,649114ae-3449-49ab-a8e8-f4c931409e3d,CRITIC,2026-04-05 16:03:10.261118+00:00
1845,f6441207-59b2-4d0d-8e38-22e2061a049e,ON_FIRE,2026-04-05 17:19:18.277606+00:00
1846,f0e0881e-5be2-4c7e-9a12-6c8d41853e5b,ON_FIRE,2026-04-05 20:48:44.123310+00:00
1847,d00211fe-b443-439e-afb4-0eaa14b471eb,CHAMPION,2026-04-06 00:30:46.337120+00:00
1848,11f3834e-b75c-47de-8f68-181c73c2203d,INNOVATOR,2026-04-06 01:41:53.071996+00:00
1849,d453c27e-c5d4-48c9-a7d2-c69d9e32bc85,INNOVATOR,2026-04-06 02:45:35.972863+00:00
1850,510ae9dd-0fef-4647-ab59-c05d2f715afe,INNOVATOR,2026-04-06 04:40:47.012958+00:00
1851,7dddaa8e-deb1-42ed-88bb-dc5a16514cdc,ON_FIRE,2026-04-06 06:08:03.178243+00:00
1852,7bf1e94f-695d-4afe-9fb2-f60aff59abb9,CRITIC,2026-04-06 07:29:27.057807+00:00
1853,f5f28e61-f4ca-473a-8c02-7e708513646c,ON_FIRE,2026-04-06 07:55:29.126321+00:00
1854,e6b32c11-c369-4ced-9813-924c8e864732,ON_FIRE,2026-04-06 09:00:41.177935+00:00
1855,53234d32-ce6e-4a41-989f-d1958715bab4,ON_FIRE,2026-04-06 09:38:47.168067+00:00
1856,1a5ca586-55ef-4c1b-9c5f-2f5b56931420,ON_FIRE,2026-04-06 09:48:42.953059+00:00
1857,f2a1a80b-ee11-4d4d-934b-4728eb24d690,CHAMPION,2026-04-06 09:56:13.727438+00:00
1858,0e9ff6d0-1673-43bf-b1d0-6d9e99f229b3,ON_FIRE,2026-04-06 10:25:22.259290+00:00
1859,b3d93062-a120-4b9f-8188-3421e21ae870,CHAMPION,2026-04-06 11:24:21.418233+00:00
1860,b3d93062-a120-4b9f-8188-3421e21ae870,INNOVATOR,2026-04-06 11:24:21.418233+00:00
1861,b6421516-65a2-4794-a3cf-e6d057cb9c36,ON_FIRE,2026-04-06 12:09:04.981187+00:00
1862,1ee0455f-7a11-42b3-883e-1a778adfa225,ON_FIRE,2026-04-06 16:42:43.677458+00:00
1863,10d5d40f-127e-4b4f-b286-d0a7efa50bd5,ON_FIRE,2026-04-06 16:56:22.817272+00:00
1864,7c907411-53e7-4a2f-9fb2-368bef893ae6,ON_FIRE,2026-04-06 18:33:53.410025+00:00
1865,94df617c-7422-4cee-8fff-551c271661f6,CHAMPION,2026-04-06 18:43:44.515686+00:00
1866,94df617c-7422-4cee-8fff-551c271661f6,INNOVATOR,2026-04-06 18:43:44.515686+00:00
1867,96f88851-c0d4-41cf-be20-b08886bc6e6c,CHAMPION,2026-04-06 21:07:11.693524+00:00
1868,9670db24-9fbd-4eae-8798-eee73b7f38b0,CHAMPION,2026-04-06 21:28:15.153255+00:00
1869,d03f66d8-d99b-4671-a0db-107d9ed5e8e4,CHAMPION,2026-04-06 21:47:00.000000+00:00
1870,d4bea928-8cc6-40c1-ad6c-85ba2f32c3ca,CHAMPION,2026-04-06 21:59:55.178840+00:00
1871,16aecb05-9ec8-4d03-8476-a54437617f6a,INNOVATOR,2026-04-06 22:29:01.260664+00:00
1872,21bcc6ee-e804-4d2e-be58-d741e6310d5e,FIRST_STEP,2026-04-06 23:20:47.982933+00:00
1873,82262980-bc3c-49fb-a210-28daa74d1ba3,CRITIC,2026-04-06 23:23:50.450380+00:00
1874,8e755df7-d353-4b98-b399-336164ee4a93,ON_FIRE,2026-04-06 23:36:15.434643+00:00
1875,bb262322-0e8b-4c64-957d-3ecaf2e87b49,ON_FIRE,2026-04-07 00:24:56.026286+00:00
1876,8b802ae2-7e2f-4ae3-b9db-55586c1e446d,ON_FIRE,2026-04-07 01:42:19.851873+00:00
1877,374bb2b1-7239-47b4-a7f3-42a9312229af,CHAMPION,2026-04-07 02:29:10.961642+00:00
1878,9630d3c5-3a6f-4cba-bd6b-09ef4505332e,CHAMPION,2026-04-07 03:03:31.164745+00:00
1879,0f332dc1-8d8c-4d07-9e8e-61e2d0086221,ON_FIRE,2026-04-07 03:31:22.001624+00:00
1880,78af47a7-ad8d-4faf-a4eb-52cb18a6a2cd,CHAMPION,2026-04-07 03:52:44.730956+00:00
1881,f6a73420-1583-40dd-969e-dd8538e24dff,FIRST_STEP,2026-04-07 04:35:12.599883+00:00
1882,770a3736-dd6c-443d-92ff-d84e014a53e9,CHAMPION,2026-04-07 04:43:00.000000+00:00
1883,28ed3041-bf44-4e82-90cd-dbc09eec2534,CRITIC,2026-04-07 05:43:58.982051+00:00
1884,233d2989-90d7-4cf0-9bea-58a5e4bac3d2,ON_FIRE,2026-04-07 06:25:21.681147+00:00
1885,5eaddab7-e9e5-496f-98cf-f1c69022ecfa,ON_FIRE,2026-04-07 07:56:13.599093+00:00
1886,b6a8879c-3ed7-476d-8f1c-47f8f344f70d,ON_FIRE,2026-04-07 08:19:58.472065+00:00
1887,a28bebfa-b4eb-4a1f-9fc2-0354999a2f57,ON_FIRE,2026-04-07 09:55:12.411896+00:00
1888,d03f66d8-d99b-4671-a0db-107d9ed5e8e4,CRITIC,2026-04-07 10:12:17.954090+00:00
1889,c2c17b8a-e8e3-4734-8a5d-558dcb795104,CRITIC,2026-04-07 10:48:25.174484+00:00
1890,2a2ff3aa-a839-4038-a81c-29bf4839823e,CHAMPION,2026-04-07 11:41:00.000000+00:00
1891,d038d3e8-db0f-4824-9216-4de208fd6652,CHAMPION,2026-04-07 11:42:00.000000+00:00
1892,b028e6d5-941b-4894-816c-80a8024ffabd,ON_FIRE,2026-04-07 11:44:55.542055+00:00
1893,649114ae-3449-49ab-a8e8-f4c931409e3d,ON_FIRE,2026-04-07 12:19:12.360912+00:00
1894,4cc0e55c-8eeb-4f90-96d2-dedd8a565e1b,CHAMPION,2026-04-07 14:24:00.000000+00:00
1895,7497f43c-158d-489b-b70c-fe3b4c138821,CHAMPION,2026-04-07 14:28:00.000000+00:00
1896,74164678-a923-474f-9942-ef98874b21a7,CHAMPION,2026-04-07 15:04:00.000000+00:00
1897,c1e9f1c5-3a1d-407e-9767-7cb7c9089296,CHAMPION,2026-04-07 15:18:00.000000+00:00
1898,7dcdee17-8895-4c49-8c8b-2fe06574a692,CHAMPION,2026-04-07 15:41:00.000000+00:00
1899,8eb23e0d-e7bd-4642-b245-6338a02daf5d,CHAMPION,2026-04-07 15:54:00.000000+00:00
1900,510ae9dd-0fef-4647-ab59-c05d2f715afe,CHAMPION,2026-04-07 16:22:00.000000+00:00
1901,0255ba23-f10c-4e55-a632-f39545ad53f2,INNOVATOR,2026-04-07 17:07:29.566706+00:00
1902,ea1a0264-de52-481b-a0f7-f867deda082c,ON_FIRE,2026-04-07 17:10:23.454089+00:00
1903,d2143c02-7643-4dad-9edd-73d7e485eec7,CHAMPION,2026-04-07 17:56:00.000000+00:00
1904,b15efdd3-914e-4ae6-8521-c1aca1f1b04d,FIRST_STEP,2026-04-07 17:56:07.007398+00:00
1905,3e5fe20d-95f7-4fea-a0b1-f764d3af1ede,CHAMPION,2026-04-07 18:18:23.674514+00:00
1906,c0651ad3-8066-41be-bcae-d7c1a16aa7f5,CHAMPION,2026-04-07 18:20:18.608240+00:00
1907,7df083a9-7340-4dac-917d-70552e3183a5,CRITIC,2026-04-07 18:43:41.301251+00:00
1908,85480232-8d0c-45e2-bb3b-62ccdcf67029,CRITIC,2026-04-07 21:06:26.583313+00:00
1909,fafdca7b-2cc4-4de9-ae3c-7a78fdef7d92,FIRST_STEP,2026-04-07 21:47:28.964129+00:00
1910,770a3736-dd6c-443d-92ff-d84e014a53e9,CRITIC,2026-04-07 22:11:33.522766+00:00
1911,0b72711e-4f6c-4326-9ddc-3f48887a46f7,INNOVATOR,2026-04-07 22:45:21.118666+00:00
1912,e3327257-45ae-4912-b4c2-08f9cb4d8536,CHAMPION,2026-04-07 23:17:44.426228+00:00
1913,9b0ab4d7-fb2d-49c3-8d03-3d1bed5d58d8,ON_FIRE,2026-04-07 23:25:10.099176+00:00
1914,b8586f4e-0b8d-4c49-99b4-58e4ac4db671,CRITIC,2026-04-07 23:28:16.798567+00:00
1915,ac16955a-100a-49c4-9550-f3e3c118b812,CHAMPION,2026-04-07 23:36:49.732655+00:00
1916,3b4c8589-a29e-4f2a-9518-57ade939fcf8,ON_FIRE,2026-04-08 00:40:20.711994+00:00
1917,9dfc227f-7a2c-4af9-81e9-aaf98bdb8fda,CHAMPION,2026-04-08 01:15:10.386681+00:00
1918,9dfc227f-7a2c-4af9-81e9-aaf98bdb8fda,ON_FIRE,2026-04-08 01:15:10.386681+00:00
1919,7c02e81b-64f2-451d-bbab-b807fd72ef10,CHAMPION,2026-04-08 02:01:00.000000+00:00
1920,92149006-a894-4f05-ab5d-36650644eb93,ON_FIRE,2026-04-08 03:14:24.214505+00:00
1921,85480232-8d0c-45e2-bb3b-62ccdcf67029,CHAMPION,2026-04-08 04:32:04.163491+00:00
1922,b3d93062-a120-4b9f-8188-3421e21ae870,ON_FIRE,2026-04-08 06:34:02.079493+00:00
1923,216e3c28-a95a-4cd1-b163-01b319c3d109,INNOVATOR,2026-04-08 08:35:01.620983+00:00
1924,216e3c28-a95a-4cd1-b163-01b319c3d109,ON_FIRE,2026-04-08 08:35:01.620983+00:00
1925,036311af-4d37-429f-bcee-1957beb2bdf5,ON_FIRE,2026-04-08 08:56:08.377283+00:00
1926,a0cca5a6-1adb-48cd-8eb4-3ddd051a194a,ON_FIRE,2026-04-08 09:23:56.267640+00:00
1927,2b6d1065-0b7d-4434-8df1-5b0f01a68955,CHAMPION,2026-04-08 10:11:38.632814+00:00
1928,124d31c9-67e3-4463-a3dc-e5d31d3560a1,ON_FIRE,2026-04-08 11:06:29.298775+00:00
1929,4284538a-2eb5-4ac7-9e74-d9148261af39,INNOVATOR,2026-04-08 12:09:15.463027+00:00
1930,1f386289-521a-489e-a60a-2c215d2f95e7,CHAMPION,2026-04-08 12:09:33.905851+00:00
1931,1f386289-521a-489e-a60a-2c215d2f95e7,ON_FIRE,2026-04-08 12:09:33.905851+00:00
1932,b13534c3-1d41-4edb-ad71-f6f58ff36484,FIRST_STEP,2026-04-08 12:19:27.013918+00:00
1933,dac9ce9c-3e17-44ed-ac45-a48a89ca4b8d,CHAMPION,2026-04-08 12:51:00.000000+00:00
1934,1b030e36-9144-4f9e-b30f-599f3b124204,ON_FIRE,2026-04-08 14:42:45.730824+00:00
1935,5e3a8bbe-4747-4f6c-a52f-e982db7f63be,INNOVATOR,2026-04-08 15:33:20.486312+00:00
1936,16db286d-1b67-49c2-b2c8-9d4d0fa29db6,ON_FIRE,2026-04-08 17:46:02.883888+00:00
1937,cd89616a-bb20-4989-b720-04dac27a609b,INNOVATOR,2026-04-08 19:35:47.077981+00:00
1938,2282676e-c8d8-45b4-8148-cb534f3e78bb,ON_FIRE,2026-04-08 19:44:02.251118+00:00
1939,6ff3f4c3-324c-4f23-9667-106f6600724b,CHAMPION,2026-04-09 00:11:23.087592+00:00
1940,0a7c3f39-db01-4c8d-b560-eb1abdfe5054,INNOVATOR,2026-04-09 00:16:39.580804+00:00
1941,f19708c8-85b2-4faa-825b-a2fefaac0687,INNOVATOR,2026-04-09 01:00:28.160453+00:00
1942,d038d3e8-db0f-4824-9216-4de208fd6652,CRITIC,2026-04-09 01:40:01.801680+00:00
1943,47711962-da22-4bdd-bbff-0bab2bfb0355,CHAMPION,2026-04-09 02:02:10.619921+00:00
1944,284ef197-5fe6-404b-92da-1fd69387091d,INNOVATOR,2026-04-09 04:13:52.695652+00:00
1945,bc70bf9e-59c4-4c98-a89c-92f271b748cc,CRITIC,2026-04-09 05:31:34.467162+00:00
1946,40bd5505-6dbf-49ae-817e-6ca216a5630f,CRITIC,2026-04-09 05:51:01.942871+00:00
1947,e8a80a6e-ee71-4373-8db9-cb211b8b0d92,ON_FIRE,2026-04-09 07:15:47.177261+00:00
1948,ae0998f5-ac8d-41f3-ac2d-777a7f7ca079,ON_FIRE,2026-04-09 07:52:55.435763+00:00
1949,592aac8f-3efc-40e6-8749-bea31258b4be,INNOVATOR,2026-04-09 08:36:37.918416+00:00
1950,e51471b8-8541-4d90-8b64-727da5b9cb07,ON_FIRE,2026-04-09 09:26:20.081443+00:00
1951,c31a8997-aa4f-4fcd-af44-2a2e36479c4d,ON_FIRE,2026-04-09 14:52:22.949850+00:00
1952,d1d788a6-dd4c-4608-94bc-b1fd10c2a24e,ON_FIRE,2026-04-09 15:39:10.683464+00:00
1953,33611d4a-b72d-4868-8862-37dc6da35c82,CRITIC,2026-04-09 15:56:13.719307+00:00
1954,50b973db-8479-47e1-8c19-f51f4998a03c,CRITIC,2026-04-09 17:00:57.355568+00:00
1955,0ad2e8b9-a1e4-439b-82a6-7043befa8527,ON_FIRE,2026-04-09 17:13:38.151170+00:00
1956,aaf51b3f-54ec-45c3-8487-c08aaa05d8c7,CHAMPION,2026-04-09 17:42:33.761517+00:00
1957,0a7c3f39-db01-4c8d-b560-eb1abdfe5054,ON_FIRE,2026-04-09 18:09:29.654486+00:00
1958,b899ea61-699a-400a-98b6-1966f23e209b,INNOVATOR,2026-04-09 20:49:23.625326+00:00
1959,ada33a22-047d-41f7-9001-c78a46d52ecc,CRITIC,2026-04-10 00:09:41.065281+00:00
1960,5dc41219-d217-4f8f-a4d3-a9ec3b263384,ON_FIRE,2026-04-10 00:21:14.115650+00:00
1961,da6180bb-789f-4ba7-887c-08f5033ce3bd,CHAMPION,2026-04-10 00:36:37.941227+00:00
1962,368b0c1f-2b18-45ae-8c55-7445a2e631bc,CHAMPION,2026-04-10 02:35:35.629176+00:00
1963,80d67e75-1cd6-4308-ace2-c8929c58a1fc,CHAMPION,2026-04-10 03:34:53.867723+00:00
1964,80d67e75-1cd6-4308-ace2-c8929c58a1fc,ON_FIRE,2026-04-10 03:34:53.867723+00:00
1965,d1d788a6-dd4c-4608-94bc-b1fd10c2a24e,INNOVATOR,2026-04-10 03:55:45.207944+00:00
1966,6531a0f2-47b9-4582-85c5-5d1479aedfd0,ON_FIRE,2026-04-10 04:41:36.285859+00:00
1967,d6fe6795-80b6-44d5-81a2-ba29873a9947,ON_FIRE,2026-04-10 05:38:52.776885+00:00
1968,969f9cbb-d414-4484-aee9-fa12b5505b3e,ON_FIRE,2026-04-10 06:42:07.563692+00:00
1969,d07b17dc-7457-4ac7-81fc-f5ba88f492bc,ON_FIRE,2026-04-10 10:34:20.659715+00:00
1970,3577cac5-0476-4aff-b030-5793997dce28,CHAMPION,2026-04-10 10:37:43.895869+00:00
1971,ee1c4d3b-ec68-41f3-b7f1-58779c7a6bd9,CHAMPION,2026-04-10 10:57:07.533099+00:00
1972,ee1c4d3b-ec68-41f3-b7f1-58779c7a6bd9,CRITIC,2026-04-10 10:57:07.533099+00:00
1973,fc076384-0f92-412b-9cd2-b54ac7597f75,ON_FIRE,2026-04-10 11:20:03.726562+00:00
1974,b877de62-103a-4774-b161-65d240e35474,CRITIC,2026-04-10 12:23:13.977523+00:00
1975,16027d3d-1f20-426f-a1bf-3b8acac085b6,CHAMPION,2026-04-10 12:23:24.776795+00:00
1976,a3ff7146-5c5d-4b32-aa8d-e1dc67bae50e,CRITIC,2026-04-10 13:05:09.404360+00:00
1977,8f30d88b-449d-4b4a-8d70-907a78ca75cb,INNOVATOR,2026-04-10 15:39:22.188163+00:00
1978,41bbe326-5123-4001-a1ca-3c7de3d60835,ON_FIRE,2026-04-10 16:49:06.922282+00:00
1979,93104829-8594-400a-b598-aff286b49018,CHAMPION,2026-04-10 17:20:31.340584+00:00
1980,93104829-8594-400a-b598-aff286b49018,ON_FIRE,2026-04-10 17:20:31.340584+00:00
1981,db513ac4-80bc-4d09-864b-24fb5dee1da4,ON_FIRE,2026-04-10 21:58:37.496060+00:00
1982,4abcf7de-7bd9-4a8b-8086-69d62985a420,ON_FIRE,2026-04-10 23:39:25.343699+00:00
1983,23cf3644-a5e7-4b7a-848c-b3c4ffc0d526,ON_FIRE,2026-04-11 00:01:44.457462+00:00
1984,9a6ea003-a666-4c29-8ae5-e7fa86361a43,CHAMPION,2026-04-11 03:58:23.742349+00:00
1985,bc157ecf-7954-494e-a055-311a276bf358,INNOVATOR,2026-04-11 04:16:02.613556+00:00
1986,7891d958-2cae-4067-b4bf-4df236fff02f,ON_FIRE,2026-04-11 05:57:11.433146+00:00
1987,76a9bda7-4fee-4da7-a23d-97f4c3bfc3a1,CRITIC,2026-04-11 11:39:15.505477+00:00
1988,e9d2ff70-2c2b-4bd5-ba0f-ea608ddccc9a,CHAMPION,2026-04-11 12:08:00.000000+00:00
1989,80d67e75-1cd6-4308-ace2-c8929c58a1fc,CRITIC,2026-04-11 12:52:29.591810+00:00
1990,91859730-a2c4-46b6-855a-a89620a317df,INNOVATOR,2026-04-11 13:57:26.276471+00:00
1991,1c8aea5a-7709-44a0-898c-a882a974318f,ON_FIRE,2026-04-11 14:16:38.566385+00:00
1992,38e6fcf7-6529-4aa2-8994-a3bd7449055c,FIRST_STEP,2026-04-11 14:20:09.890548+00:00
1993,5974ae31-04b8-4503-9dea-54b6eb4c5696,ON_FIRE,2026-04-11 14:45:05.803589+00:00
1994,e8dda1ab-4e22-4b44-b642-16d429b530e6,CHAMPION,2026-04-11 15:41:00.000000+00:00
1995,f6e7d21d-ffa2-40da-a777-6cd561fc7ca2,CRITIC,2026-04-11 16:25:04.261378+00:00
1996,d432410f-620e-49df-9646-346e8457b3bf,CHAMPION,2026-04-11 17:49:00.000000+00:00
1997,5d703c5b-8047-4ae3-8d64-bd4389210efb,ON_FIRE,2026-04-11 19:03:01.260530+00:00
1998,9de64ac2-5823-48b6-ad5a-3f693fa94794,ON_FIRE,2026-04-11 19:59:04.865007+00:00
1999,c98070f7-ea93-464b-9719-8e5817cb346a,CHAMPION,2026-04-11 20:19:00.000000+00:00
2000,d0461ae2-5c05-43f1-a230-208ef643b565,CHAMPION,2026-04-11 20:22:00.000000+00:00
2001,0b8e3edc-e13f-433c-bcda-bf4510acface,CRITIC,2026-04-11 21:30:33.144045+00:00
2002,bc4f2415-4186-4d74-ba12-52a4a7b18bc6,CHAMPION,2026-04-11 21:36:00.000000+00:00
2003,f6e7d21d-ffa2-40da-a777-6cd561fc7ca2,INNOVATOR,2026-04-11 22:48:36.503716+00:00
2004,d00211fe-b443-439e-afb4-0eaa14b471eb,ON_FIRE,2026-04-11 23:25:18.868002+00:00
2005,7120f862-693b-4518-8e4c-e2bfe7963695,CRITIC,2026-04-11 23:35:20.769249+00:00
2006,c3cebde2-04c5-4bd6-8742-5138c5699944,CHAMPION,2026-04-12 01:10:11.895327+00:00
2007,c21e317f-9f79-44d5-b20a-71aa31f20d74,CRITIC,2026-04-12 01:18:53.985368+00:00
2008,0b8e3edc-e13f-433c-bcda-bf4510acface,CHAMPION,2026-04-12 01:48:57.546850+00:00
2009,0b8e3edc-e13f-433c-bcda-bf4510acface,INNOVATOR,2026-04-12 01:48:57.546850+00:00
2010,ea40f618-7f28-4677-9945-8b26e9dad431,INNOVATOR,2026-04-12 02:07:58.002538+00:00
2011,cd925f76-6a4a-4b65-b4d7-839f7aa778fc,CHAMPION,2026-04-12 03:28:20.092982+00:00
2012,f88e79f6-5cdb-401c-9b0a-0035434d7b18,CHAMPION,2026-04-12 03:56:22.916622+00:00
2013,510ae9dd-0fef-4647-ab59-c05d2f715afe,CRITIC,2026-04-12 04:50:40.165046+00:00
2014,b15efdd3-914e-4ae6-8521-c1aca1f1b04d,CHAMPION,2026-04-12 05:12:27.521127+00:00
2015,82262980-bc3c-49fb-a210-28daa74d1ba3,CHAMPION,2026-04-12 05:30:00.000000+00:00
2016,f19708c8-85b2-4faa-825b-a2fefaac0687,CHAMPION,2026-04-12 06:09:00.000000+00:00
2017,4c324c73-2dc1-425d-8e1b-f3224f6128ec,CHAMPION,2026-04-12 07:59:08.986639+00:00
2018,db51b55f-fef8-478b-b35a-f2511f4012c2,CRITIC,2026-04-12 08:02:55.424740+00:00
2019,83181837-ca9a-4a93-95ef-82c0c1624078,ON_FIRE,2026-04-12 08:28:49.152275+00:00
2020,04ebe506-cbfc-450e-9f9f-21e8320c892b,CHAMPION,2026-04-12 08:42:00.000000+00:00
2021,23cf3644-a5e7-4b7a-848c-b3c4ffc0d526,INNOVATOR,2026-04-12 09:26:47.446107+00:00
2022,4b3f668a-c5f0-43d5-ab24-83157512c528,INNOVATOR,2026-04-12 09:45:56.655559+00:00
2023,8d2bc111-e2d5-4410-8e67-899490f0e458,FIRST_STEP,2026-04-12 10:00:25.414130+00:00
2024,23f999be-8f3a-4135-a109-48825f2b5ce3,FIRST_STEP,2026-04-12 10:10:28.998931+00:00
2025,11f3834e-b75c-47de-8f68-181c73c2203d,ON_FIRE,2026-04-12 11:06:52.998895+00:00
2026,fc076384-0f92-412b-9cd2-b54ac7597f75,INNOVATOR,2026-04-12 12:40:00.376385+00:00
2027,d7f518f6-8981-4973-9c42-b49423f7f23e,INNOVATOR,2026-04-12 13:16:29.917232+00:00
2028,ff547326-c297-4923-8b93-97313a467f80,INNOVATOR,2026-04-12 14:05:45.060639+00:00
2029,ff547326-c297-4923-8b93-97313a467f80,ON_FIRE,2026-04-12 14:05:45.060639+00:00
2030,11e4bafe-f46f-4714-ae79-46782f98afcc,CHAMPION,2026-04-12 14:36:00.000000+00:00
2031,96f88851-c0d4-41cf-be20-b08886bc6e6c,CRITIC,2026-04-12 14:36:42.627255+00:00
2032,9c80f797-b35a-496e-a518-bd9b32ba13b9,CHAMPION,2026-04-12 18:39:00.000000+00:00
2033,ea6a2151-71d0-4a29-bdab-6b249f5466e9,CHAMPION,2026-04-12 19:27:00.000000+00:00
2034,fcde4003-2759-47b7-b54d-25da4c86740a,CHAMPION,2026-04-12 19:42:00.000000+00:00
2035,be819bb5-4387-4c8b-aff9-250ac5ddc5c2,ON_FIRE,2026-04-12 20:45:48.560771+00:00
2036,8447be2e-4776-47d8-b0e5-e6a88f3e7d22,CHAMPION,2026-04-12 20:53:10.885015+00:00
2037,284ef197-5fe6-404b-92da-1fd69387091d,CRITIC,2026-04-12 21:21:16.774025+00:00
2038,33c2a0a3-edc7-43d3-8124-cd893c2c777a,INNOVATOR,2026-04-12 21:26:40.636066+00:00
2039,553f633d-4e8b-4e4b-a5c1-02de094d0933,ON_FIRE,2026-04-12 21:45:01.053686+00:00
2040,a9eb667c-0911-4e4e-955e-a556167a78c0,INNOVATOR,2026-04-12 21:54:58.696705+00:00
2041,3dded13e-5120-43d0-a063-fb98185a8252,CHAMPION,2026-04-12 22:20:09.553318+00:00
2042,3dded13e-5120-43d0-a063-fb98185a8252,ON_FIRE,2026-04-12 22:20:09.553318+00:00
2043,9d09832f-ff19-4c77-9c05-12881b06c117,CHAMPION,2026-04-12 23:11:12.657210+00:00
2044,9d09832f-ff19-4c77-9c05-12881b06c117,CRITIC,2026-04-12 23:11:12.657210+00:00
2045,c4aac5db-f0a1-41f7-ad7b-af5bdfaee13f,INNOVATOR,2026-04-12 23:21:35.287372+00:00
2046,c4aac5db-f0a1-41f7-ad7b-af5bdfaee13f,ON_FIRE,2026-04-12 23:21:35.287372+00:00
2047,465f2a51-6e74-4cea-b466-c62c29193b73,CRITIC,2026-04-12 23:29:26.653824+00:00
2048,9ac7d884-9c16-4fa3-b896-884afda9c096,CRITIC,2026-04-13 01:48:30.435838+00:00
2049,a1c5d618-8d96-458c-8e77-e2adbc9f6c23,CRITIC,2026-04-13 02:11:35.269867+00:00
2050,0aa6c832-d272-493b-af96-e53a16a8ba84,CHAMPION,2026-04-13 02:22:00.000000+00:00
2051,109b05da-c32d-498a-baf2-dece7d8c5d21,INNOVATOR,2026-04-13 02:51:55.977411+00:00
2052,a28bebfa-b4eb-4a1f-9fc2-0354999a2f57,CRITIC,2026-04-13 03:41:46.307804+00:00
2053,aea65023-ce55-417a-a93c-d43c8afc615f,CHAMPION,2026-04-13 06:02:00.000000+00:00
2054,b6a8879c-3ed7-476d-8f1c-47f8f344f70d,CHAMPION,2026-04-13 06:46:00.000000+00:00
2055,317b3030-2453-480a-be7a-493d61b447f0,INNOVATOR,2026-04-13 07:38:29.003298+00:00
2056,28719ef7-aaa2-49fe-b12a-4c8df12ddbbe,CHAMPION,2026-04-13 08:23:00.000000+00:00
2057,b54fdc5c-e828-48f4-8b75-28fe75c046a8,ON_FIRE,2026-04-13 08:31:55.312585+00:00
2058,4284538a-2eb5-4ac7-9e74-d9148261af39,CHAMPION,2026-04-13 08:33:48.258287+00:00
2059,4284538a-2eb5-4ac7-9e74-d9148261af39,CRITIC,2026-04-13 08:33:48.258287+00:00
2060,8195d324-ed95-44b5-a354-9232cab4e1c0,INNOVATOR,2026-04-13 08:53:49.171860+00:00
2061,c3f44d1a-e988-4b73-a7f1-9fe2fbfeaaca,CHAMPION,2026-04-13 09:25:00.000000+00:00
2062,6a1ea467-ea53-40e2-9b4e-81c03e3120f5,CHAMPION,2026-04-13 10:09:00.000000+00:00
2063,28719ef7-aaa2-49fe-b12a-4c8df12ddbbe,CRITIC,2026-04-13 10:19:23.216275+00:00
2064,c4f2d79f-23af-4742-9bde-78ffe22cfce6,ON_FIRE,2026-04-13 10:25:23.766173+00:00
2065,a1c5d618-8d96-458c-8e77-e2adbc9f6c23,CHAMPION,2026-04-13 10:59:00.000000+00:00
2066,77912841-0831-4559-9152-00fd23a9a51c,CRITIC,2026-04-13 11:45:17.779839+00:00
2067,136f0269-75a4-4b80-bd35-7c42da9c9843,CHAMPION,2026-04-13 11:51:00.000000+00:00
2068,05ebad91-5c0a-406d-b835-141c19b231e0,CRITIC,2026-04-13 12:07:27.687448+00:00
2069,d3a11e22-80f0-4ba2-bbb9-8e0549c5deb0,CHAMPION,2026-04-13 12:13:00.000000+00:00
2070,ac16955a-100a-49c4-9550-f3e3c118b812,CRITIC,2026-04-13 12:15:51.557259+00:00
2071,84e69d57-36b1-481d-a823-b2bb1e0eff7b,CHAMPION,2026-04-13 12:36:00.000000+00:00
2072,e684e654-4778-457f-88f4-600f7b349c6a,CHAMPION,2026-04-13 12:45:00.000000+00:00
2073,5a279486-f19e-477b-ada8-50c908151f96,CHAMPION,2026-04-13 14:04:00.000000+00:00
2074,8109e1d3-64d6-452e-8d2d-8f0129c10b07,ON_FIRE,2026-04-13 14:19:23.939296+00:00
2075,6151b758-ed55-4110-888e-d438d334a8e8,ON_FIRE,2026-04-13 16:01:09.142064+00:00
2076,21e93a46-e401-457d-ad44-d22012a753d7,CHAMPION,2026-04-13 16:20:00.000000+00:00
2077,b55fd364-1df7-46e9-8a10-21de5cd5b1f3,ON_FIRE,2026-04-13 17:43:47.722118+00:00
2078,65f45148-d34d-4ca8-b231-ff27af7e1083,CHAMPION,2026-04-13 20:36:32.211110+00:00
2079,e8dda1ab-4e22-4b44-b642-16d429b530e6,INNOVATOR,2026-04-14 00:58:00.096940+00:00
2080,1092232c-ca39-4c9d-90f6-d303d67af0e4,INNOVATOR,2026-04-14 01:21:43.680241+00:00
2081,fd337d25-a333-4d37-94b8-71f30778f874,CRITIC,2026-04-14 01:47:14.526569+00:00
2082,c3cebde2-04c5-4bd6-8742-5138c5699944,CRITIC,2026-04-14 02:08:58.559445+00:00
2083,e405908c-8072-4c93-8cd7-6a0b541a50ee,ON_FIRE,2026-04-14 02:14:37.337018+00:00
2084,e6693802-b58f-4be6-8509-975c7975dc5b,INNOVATOR,2026-04-14 02:18:56.084071+00:00
2085,4fd7b80e-d72e-42b6-8127-2b77a2ab3795,CHAMPION,2026-04-14 02:27:43.301575+00:00
2086,4fd7b80e-d72e-42b6-8127-2b77a2ab3795,ON_FIRE,2026-04-14 02:27:43.301575+00:00
2087,09c9c2e9-4239-482d-891d-56063049a724,ON_FIRE,2026-04-14 04:09:19.603330+00:00
2088,7dcdee17-8895-4c49-8c8b-2fe06574a692,ON_FIRE,2026-04-14 04:33:08.842669+00:00
2089,af9d7f38-32f1-49e9-974f-0bb83155d6eb,ON_FIRE,2026-04-14 06:46:23.750047+00:00
2090,aea65023-ce55-417a-a93c-d43c8afc615f,CRITIC,2026-04-14 08:07:37.205914+00:00
2091,692a8a6c-d41c-400a-a1eb-e5c04cf9e6df,ON_FIRE,2026-04-14 08:11:21.861503+00:00
2092,a839e782-c52a-420c-a7e1-e03328578e0d,INNOVATOR,2026-04-14 08:11:30.338378+00:00
2093,8f774f8b-da2a-4c78-929b-0896a8c710b9,CRITIC,2026-04-14 09:25:17.540940+00:00
2094,09d2cf11-ac8c-461a-94a4-50153a860768,FIRST_STEP,2026-04-14 09:25:19.855053+00:00
2095,c6c4c07d-3b41-4f86-8ba6-5dee77d99dd6,INNOVATOR,2026-04-14 11:46:10.552469+00:00
2096,0280d734-a9d4-4fa0-ab8b-772dff7f7954,INNOVATOR,2026-04-14 14:36:23.442789+00:00
2097,e6693802-b58f-4be6-8509-975c7975dc5b,CHAMPION,2026-04-14 15:14:56.231325+00:00
2098,7df083a9-7340-4dac-917d-70552e3183a5,ON_FIRE,2026-04-14 15:40:42.501605+00:00
2099,bc4f2415-4186-4d74-ba12-52a4a7b18bc6,CRITIC,2026-04-14 16:05:43.003997+00:00
2100,c98070f7-ea93-464b-9719-8e5817cb346a,CRITIC,2026-04-14 16:38:55.117706+00:00
2101,e94c386e-8464-4a22-be9a-6beb0e5d7a7b,INNOVATOR,2026-04-14 17:54:24.326981+00:00
2102,67218b7a-eda7-4eed-b37b-939fba1ef9ce,INNOVATOR,2026-04-14 20:13:09.254075+00:00
2103,6923b135-0a80-41b6-a29d-108910d3481e,CRITIC,2026-04-14 20:44:59.241878+00:00
2104,0cadd3b8-6e5a-4928-af7f-885b82902a53,ON_FIRE,2026-04-14 21:55:06.027061+00:00
2105,0e1e47d1-e0f8-4547-aa65-ac319dba27f6,CRITIC,2026-04-14 23:40:17.537761+00:00
2106,a9eb667c-0911-4e4e-955e-a556167a78c0,CRITIC,2026-04-14 23:41:08.979701+00:00
2107,d25b06d5-af6c-43d4-9ba8-d64bdd39a1a4,INNOVATOR,2026-04-15 00:01:28.113572+00:00
2108,d25b06d5-af6c-43d4-9ba8-d64bdd39a1a4,ON_FIRE,2026-04-15 00:01:28.113572+00:00
2109,ac16955a-100a-49c4-9550-f3e3c118b812,INNOVATOR,2026-04-15 00:07:25.266132+00:00
2110,8eb23e0d-e7bd-4642-b245-6338a02daf5d,CRITIC,2026-04-15 01:49:26.221686+00:00
2111,b273077f-41d4-4b27-99b4-fa52d85d84e2,CRITIC,2026-04-15 02:17:05.421418+00:00
2112,2ddc0de1-b086-459e-8934-d9b7c1771d9d,CHAMPION,2026-04-15 02:26:41.564556+00:00
2113,2ddc0de1-b086-459e-8934-d9b7c1771d9d,ON_FIRE,2026-04-15 02:26:41.564556+00:00
2114,5cfa3cf8-4522-4c4c-8087-ae79149ab327,INNOVATOR,2026-04-15 02:41:24.007965+00:00
2115,5cfa3cf8-4522-4c4c-8087-ae79149ab327,ON_FIRE,2026-04-15 02:41:24.007965+00:00
2116,938ad754-ae19-4622-bf35-e9b4fd3944cb,ON_FIRE,2026-04-15 03:14:21.793223+00:00
2117,6a1ea467-ea53-40e2-9b4e-81c03e3120f5,CRITIC,2026-04-15 04:11:53.661403+00:00
2118,a1c5d618-8d96-458c-8e77-e2adbc9f6c23,INNOVATOR,2026-04-15 04:16:45.646538+00:00
2119,15422187-1dc9-46d5-8bf2-867217ee9f44,ON_FIRE,2026-04-15 04:42:21.985835+00:00
2120,00f7fbed-d7cd-4b53-9344-aa42ba92c94d,CHAMPION,2026-04-15 05:05:44.414698+00:00
2121,75c4fd88-9e44-46ab-b324-a068f16ab956,ON_FIRE,2026-04-15 05:09:24.214304+00:00
2122,2ef6e49e-2db4-4aba-9300-2be6b73234f7,ON_FIRE,2026-04-15 08:10:32.372416+00:00
2123,0deccb0f-28c2-4434-a9fc-b509e554f041,ON_FIRE,2026-04-15 10:23:32.745694+00:00
2124,921a0f6a-b2e3-4312-947d-dbb1a59b7f17,CRITIC,2026-04-15 10:28:30.143351+00:00
2125,274ae9a0-e988-401e-abd7-6ebe2287f737,ON_FIRE,2026-04-15 10:33:20.377557+00:00
2126,e9259942-8396-473b-9057-48dcaca6a4b8,CRITIC,2026-04-15 11:56:02.770761+00:00
2127,136f0269-75a4-4b80-bd35-7c42da9c9843,CRITIC,2026-04-15 12:14:01.719157+00:00
2128,d10a4f93-a536-4542-b5ff-c16717ab9f40,ON_FIRE,2026-04-15 12:58:28.719414+00:00
2129,9f86355d-2a5a-4db1-aef6-a2b4d7d51a28,ON_FIRE,2026-04-15 13:05:58.212953+00:00
2130,4311ce77-f8c2-4006-914c-00bf45307cde,ON_FIRE,2026-04-15 14:06:48.468704+00:00
2131,b6a8879c-3ed7-476d-8f1c-47f8f344f70d,CRITIC,2026-04-15 15:26:03.346568+00:00
2132,6ff3f4c3-324c-4f23-9667-106f6600724b,ON_FIRE,2026-04-15 16:30:57.777950+00:00
2133,c31aaa51-862f-454c-afdf-06d1d6ea07fa,INNOVATOR,2026-04-15 18:54:39.853805+00:00
2134,c31aaa51-862f-454c-afdf-06d1d6ea07fa,ON_FIRE,2026-04-15 18:54:39.853805+00:00
2135,41417e3e-4fd4-4942-a396-ba652bde8364,CHAMPION,2026-04-15 19:04:00.000000+00:00
2136,1a4b66de-c33c-49df-9b73-d52c3e699483,CRITIC,2026-04-15 20:52:00.167520+00:00
2137,c58bb0f6-4d0a-48af-8710-da23e9acd1d0,CRITIC,2026-04-15 21:01:12.172012+00:00
2138,66254aec-711c-4731-ad1b-12358695cff5,CRITIC,2026-04-15 21:26:09.606609+00:00
2139,7b5a28c5-3946-4a3b-ad59-fc33a2e44d00,CHAMPION,2026-04-15 22:16:54.275512+00:00
2140,074ac71d-aafc-47a0-9056-0c48ad4084ce,CHAMPION,2026-04-15 22:22:03.052681+00:00
2141,28ac5ef3-c8dc-4aa9-97a4-4bd90a55268b,CHAMPION,2026-04-15 23:12:00.000000+00:00
2142,5e3a8bbe-4747-4f6c-a52f-e982db7f63be,CHAMPION,2026-04-15 23:54:11.480754+00:00
2143,074ac71d-aafc-47a0-9056-0c48ad4084ce,ON_FIRE,2026-04-16 00:52:13.873576+00:00
2144,e6cbc23c-448f-475b-9d8d-a739cbc80407,ON_FIRE,2026-04-16 01:38:47.959650+00:00
2145,0f89f372-8f9b-4e37-a917-95d348270c77,CHAMPION,2026-04-16 02:09:00.000000+00:00
2146,f2b06dee-e475-4ddf-9811-39467ec5c4b3,CHAMPION,2026-04-16 02:19:43.193603+00:00
2147,c590c49a-6aa2-4b9e-b7ef-8de08d64a34f,CHAMPION,2026-04-16 02:39:52.573350+00:00
2148,a7450ed8-f67b-4a15-a99a-a9fa649b6fd6,CHAMPION,2026-04-16 03:20:06.445784+00:00
2149,d4bea928-8cc6-40c1-ad6c-85ba2f32c3ca,INNOVATOR,2026-04-16 03:53:03.032939+00:00
2150,fd139f69-a02f-403a-a413-19b49a716926,INNOVATOR,2026-04-16 04:55:01.460299+00:00
2151,5e61724f-7287-442f-963a-0d5dd803249c,CRITIC,2026-04-16 06:25:02.371250+00:00
2152,78af47a7-ad8d-4faf-a4eb-52cb18a6a2cd,CRITIC,2026-04-16 06:40:46.042077+00:00
2153,85fcc4be-726c-4bcd-9bc6-c969daa3cd3e,CHAMPION,2026-04-16 07:24:25.555315+00:00
2154,85fcc4be-726c-4bcd-9bc6-c969daa3cd3e,CRITIC,2026-04-16 07:24:25.555315+00:00
2155,c7d4b081-bb87-4340-9a1f-0649f6113b13,CHAMPION,2026-04-16 07:49:00.000000+00:00
2156,6a1ea467-ea53-40e2-9b4e-81c03e3120f5,ON_FIRE,2026-04-16 07:55:24.957224+00:00
2157,49af6a16-f923-4210-8c56-e311e38c564d,CRITIC,2026-04-16 08:06:10.528167+00:00
2158,dbb62cac-e512-454a-a2dd-cd278e6b0b3e,CHAMPION,2026-04-16 08:28:00.000000+00:00
2159,273af618-b029-48bf-9f93-07a654f545f4,CHAMPION,2026-04-16 09:19:22.213728+00:00
2160,273af618-b029-48bf-9f93-07a654f545f4,CRITIC,2026-04-16 09:19:22.213728+00:00
2161,07f0e359-3ca2-4c08-b113-4b4f9ace8bfe,CHAMPION,2026-04-16 10:07:00.000000+00:00
2162,c79bf178-2ad7-46c5-a8bc-69d76f5a35b2,CHAMPION,2026-04-16 10:14:00.000000+00:00
2163,a40aa065-08ee-47e0-9fe4-04100a58e6f1,INNOVATOR,2026-04-16 10:19:25.950065+00:00
2164,a40aa065-08ee-47e0-9fe4-04100a58e6f1,ON_FIRE,2026-04-16 10:19:25.950065+00:00
2165,039ce623-075d-4c69-9235-d786fde3bf5a,CHAMPION,2026-04-16 10:20:50.466567+00:00
2166,770a3736-dd6c-443d-92ff-d84e014a53e9,INNOVATOR,2026-04-16 10:30:22.877209+00:00
2167,2b2c1a3c-9712-41b8-86c7-afa44d9e0665,CHAMPION,2026-04-16 11:25:00.000000+00:00
2168,b028e6d5-941b-4894-816c-80a8024ffabd,CHAMPION,2026-04-16 11:39:00.000000+00:00
2169,27e57f44-3711-4937-96be-d80bcf09b05d,ON_FIRE,2026-04-16 12:19:04.047301+00:00
2170,18aee4d1-ff77-49a2-bce1-9d47c65368ae,CHAMPION,2026-04-16 12:52:36.615726+00:00
2171,ae0998f5-ac8d-41f3-ac2d-777a7f7ca079,CRITIC,2026-04-16 13:03:15.923222+00:00
2172,399ddb4e-8253-4685-9236-d599b6eef665,ON_FIRE,2026-04-16 14:22:08.512826+00:00
2173,f6e7d21d-ffa2-40da-a777-6cd561fc7ca2,CHAMPION,2026-04-16 14:27:50.837528+00:00
2174,a4227edf-b1ca-4211-8668-7f5fc27b3661,CHAMPION,2026-04-16 14:51:49.897540+00:00
2175,a4227edf-b1ca-4211-8668-7f5fc27b3661,CRITIC,2026-04-16 14:51:49.897540+00:00
2176,b108c01c-8d8b-44d9-b7b4-c8ff2f95bdfa,ON_FIRE,2026-04-16 15:04:01.529985+00:00
2177,cdceb895-35d8-4e18-b3c1-c6e0cb902595,CHAMPION,2026-04-16 16:21:00.000000+00:00
2178,2283e00e-d82e-4663-8d50-14ece1f3a41c,ON_FIRE,2026-04-16 16:25:17.896574+00:00
2179,0758c702-8abe-48eb-8498-0241319134d6,INNOVATOR,2026-04-16 16:48:36.503121+00:00
2180,b85064cb-2497-4073-9f57-26339c4d0da4,ON_FIRE,2026-04-16 17:23:16.267412+00:00
2181,3b6ac1b8-60cb-45ad-8f33-24086fa4d575,CHAMPION,2026-04-16 17:57:07.222390+00:00
2182,3b6ac1b8-60cb-45ad-8f33-24086fa4d575,CRITIC,2026-04-16 17:57:07.222390+00:00
2183,1601dd67-4724-4d1d-a0bc-461e96081aed,CRITIC,2026-04-16 18:04:11.837486+00:00
2184,de60686f-1075-42f6-8d70-c65c29ff1620,ON_FIRE,2026-04-16 19:00:06.879696+00:00
2185,a912e90c-b716-4a56-8005-1c9111759dfd,ON_FIRE,2026-04-16 19:05:09.273475+00:00
2186,e1a6a44d-3130-4403-b5cb-3639929a10a0,INNOVATOR,2026-04-16 19:48:43.413162+00:00
2187,6ee92483-e78b-46ce-baa0-0aac70b7049e,ON_FIRE,2026-04-16 19:56:56.994534+00:00
2188,888502a0-6058-4702-88b8-adb03b807926,INNOVATOR,2026-04-16 21:01:53.480838+00:00
2189,7d2c6a5c-bbcc-46be-8ba4-b7518ab7a644,INNOVATOR,2026-04-16 22:16:47.697461+00:00
2190,7d2c6a5c-bbcc-46be-8ba4-b7518ab7a644,ON_FIRE,2026-04-16 22:16:47.697461+00:00
2191,0198bc4b-8443-4754-8317-49b56f81ecea,CRITIC,2026-04-16 22:22:07.284547+00:00
2192,ff547326-c297-4923-8b93-97313a467f80,CRITIC,2026-04-16 23:32:10.780117+00:00
2193,1d564304-c607-4b67-b00b-0c3c6644f9c6,ON_FIRE,2026-04-17 02:05:53.193096+00:00
2194,35b84825-f888-46e4-90d7-f9a8cd6a7762,ON_FIRE,2026-04-17 03:21:17.251277+00:00
2195,8447be2e-4776-47d8-b0e5-e6a88f3e7d22,INNOVATOR,2026-04-17 03:50:57.992028+00:00
2196,dea563e5-75d4-4009-859c-5370f9952466,CHAMPION,2026-04-17 04:46:18.399531+00:00
2197,6bd3493e-fd88-4531-b028-16a597e8c121,CHAMPION,2026-04-17 04:51:34.318083+00:00
2198,d3a11e22-80f0-4ba2-bbb9-8e0549c5deb0,CRITIC,2026-04-17 05:04:39.535079+00:00
2199,29a2042e-69ee-471d-ad13-086615962ccf,FIRST_STEP,2026-04-17 05:18:21.149672+00:00
2200,405aedd0-cb27-4b4c-a93e-b03ba37f2948,ON_FIRE,2026-04-17 06:02:14.388623+00:00
2201,d17fb9bc-4d75-4c84-a425-1d1973803d5a,CHAMPION,2026-04-17 06:15:41.416395+00:00
2202,88ca13bd-4e60-4303-800f-294b5b96f80d,ON_FIRE,2026-04-17 06:40:08.726958+00:00
2203,ae62feb9-2fe5-4f14-9abc-6d3de60551e9,ON_FIRE,2026-04-17 06:59:26.188349+00:00
2204,8a674818-0a1b-475b-a8c9-cbe1e87d7943,CHAMPION,2026-04-17 08:07:25.073365+00:00
2205,7f5ff8e9-537d-4aa6-b713-4dfdab32e67a,CHAMPION,2026-04-17 09:22:07.937338+00:00
2206,c79bf178-2ad7-46c5-a8bc-69d76f5a35b2,ON_FIRE,2026-04-17 11:12:08.533477+00:00
2207,9cca5d9d-2083-45f2-baf5-a904076fa298,ON_FIRE,2026-04-17 11:33:11.952003+00:00
2208,bc70bf9e-59c4-4c98-a89c-92f271b748cc,CHAMPION,2026-04-17 12:04:21.077446+00:00
2209,45c10be6-7fac-4883-8cee-b772caa3f8de,ON_FIRE,2026-04-17 13:50:50.065077+00:00
2210,b67484d6-57c8-48b2-bc51-671001b1bcda,CHAMPION,2026-04-17 14:27:13.079479+00:00
2211,99be4c11-8624-4a8a-a33e-833f5dd5a1e5,ON_FIRE,2026-04-17 15:07:15.457673+00:00
2212,3cb20e66-1f63-4917-96a0-d76276f9e1ec,CRITIC,2026-04-17 15:21:00.367542+00:00
2213,c2c17b8a-e8e3-4734-8a5d-558dcb795104,ON_FIRE,2026-04-17 15:33:38.505013+00:00
2214,1488e2ee-e5fc-4fda-a6c5-2e6dbdbec50b,INNOVATOR,2026-04-17 16:14:07.823014+00:00
2215,1488e2ee-e5fc-4fda-a6c5-2e6dbdbec50b,ON_FIRE,2026-04-17 16:14:07.823014+00:00
2216,da7d8ca8-db94-48b0-87a9-6c6a4d12c1cb,CHAMPION,2026-04-17 17:10:00.000000+00:00
2217,b2d5b34b-d258-4bcf-8d4a-ef4e46a9dfff,ON_FIRE,2026-04-17 17:29:26.819683+00:00
2218,0737a7a1-e7e6-43a8-ade5-027ff9fba167,ON_FIRE,2026-04-17 18:29:52.886052+00:00
2219,d0f4fbc4-456a-46ec-83cb-fa4972235dcc,INNOVATOR,2026-04-17 20:09:02.039574+00:00
2220,d0f4fbc4-456a-46ec-83cb-fa4972235dcc,ON_FIRE,2026-04-17 20:09:02.039574+00:00
2221,4939d78a-0c57-4ce5-bee3-d1fe244be125,ON_FIRE,2026-04-17 20:17:06.476571+00:00
2222,f2aba7e0-43cb-45a1-8ed2-80e2b36e4be9,ON_FIRE,2026-04-17 21:02:12.587703+00:00
2223,a267cd55-dae7-4edb-9cd9-1ac6f46d89a0,ON_FIRE,2026-04-17 21:52:59.357496+00:00
2224,d0461ae2-5c05-43f1-a230-208ef643b565,CRITIC,2026-04-17 22:12:09.416834+00:00
2225,bcd22804-cb9b-430b-879b-fbdade368183,ON_FIRE,2026-04-17 22:23:19.143593+00:00
2226,eb0df4f4-149a-40ce-ab54-70d49d31204a,CRITIC,2026-04-17 23:17:37.855566+00:00
2227,ed50e871-1708-4f88-8eff-4450af6fd5de,ON_FIRE,2026-04-18 00:53:28.204832+00:00
2228,284ef197-5fe6-404b-92da-1fd69387091d,CHAMPION,2026-04-18 01:13:00.000000+00:00
2229,368b0c1f-2b18-45ae-8c55-7445a2e631bc,CRITIC,2026-04-18 03:31:37.335895+00:00
2230,16ce6d70-5405-478a-a25a-cc332ef4b47c,INNOVATOR,2026-04-18 04:23:15.982838+00:00
2231,c5ec37ad-d7cc-4309-bff5-cff9fdf99c93,CHAMPION,2026-04-18 04:36:00.000000+00:00
2232,e94c386e-8464-4a22-be9a-6beb0e5d7a7b,ON_FIRE,2026-04-18 05:14:41.978183+00:00
2233,83fa4897-ec74-4b08-86e3-0d09187fe146,ON_FIRE,2026-04-18 05:46:50.874108+00:00
2234,c8179126-6db5-4378-878a-06984c582910,ON_FIRE,2026-04-18 07:53:06.181178+00:00
2235,20ce269e-2582-410c-94a7-4694b2562699,CHAMPION,2026-04-18 08:17:00.000000+00:00
2236,2fbcc1cb-3f24-49ae-8318-d9d8b3352464,INNOVATOR,2026-04-18 08:58:54.550351+00:00
2237,b4288a6b-52f0-44ab-821f-5bb760918a76,CHAMPION,2026-04-18 12:52:32.527183+00:00
2238,a3ff7146-5c5d-4b32-aa8d-e1dc67bae50e,CHAMPION,2026-04-18 13:14:44.007764+00:00
2239,f13df37c-d98f-46b6-94f2-685c946a87c1,CHAMPION,2026-04-18 14:22:23.160190+00:00
2240,3e5fe20d-95f7-4fea-a0b1-f764d3af1ede,INNOVATOR,2026-04-18 15:59:42.950032+00:00
2241,d4a71d21-d547-4736-9c69-2ae754d8e3f0,ON_FIRE,2026-04-18 16:18:07.285178+00:00
2242,3f24b106-d0fe-4f00-822d-c9d256babef7,INNOVATOR,2026-04-18 17:06:08.379160+00:00
2243,3f24b106-d0fe-4f00-822d-c9d256babef7,ON_FIRE,2026-04-18 17:06:08.379160+00:00
2244,ae923cee-de34-4666-b2f5-d8b68dd987f9,CRITIC,2026-04-18 17:42:48.531084+00:00
2245,d6fe6795-80b6-44d5-81a2-ba29873a9947,INNOVATOR,2026-04-18 17:44:17.654093+00:00
2246,60d3d345-0e8d-47d9-8016-5a0a66060125,ON_FIRE,2026-04-18 17:53:17.556047+00:00
2247,e684e654-4778-457f-88f4-600f7b349c6a,CRITIC,2026-04-18 19:03:09.472027+00:00
2248,182f7f8c-7ece-40b1-9940-ad0854333381,CHAMPION,2026-04-18 19:36:00.000000+00:00
2249,cb9bfc83-d69e-4da2-b15e-b524df16c0e3,ON_FIRE,2026-04-18 19:37:03.195597+00:00
2250,f4cd3bad-4dac-4e03-9295-0b1a528ef4eb,INNOVATOR,2026-04-18 19:37:55.250313+00:00
2251,f4cd3bad-4dac-4e03-9295-0b1a528ef4eb,ON_FIRE,2026-04-18 19:37:55.250313+00:00
2252,dc305b07-816b-4ee2-869d-98231db9d646,CHAMPION,2026-04-18 21:11:52.152006+00:00
2253,dc305b07-816b-4ee2-869d-98231db9d646,INNOVATOR,2026-04-18 21:11:52.152006+00:00
2254,3153eaad-facb-4e77-bf73-9a19018c032d,CHAMPION,2026-04-18 21:45:00.000000+00:00
2255,d3a11e22-80f0-4ba2-bbb9-8e0549c5deb0,INNOVATOR,2026-04-18 22:33:04.527337+00:00
2256,6923b135-0a80-41b6-a29d-108910d3481e,ON_FIRE,2026-04-18 23:37:20.135996+00:00
2257,ce175c8f-1175-4928-bf29-79fe69406339,CHAMPION,2026-04-19 00:21:25.081999+00:00
2258,a591d7b9-6744-40ef-b79a-1c739115b99c,ON_FIRE,2026-04-19 00:24:04.445899+00:00
2259,d0254122-89ed-45f1-9608-36032344bddd,ON_FIRE,2026-04-19 00:40:54.985016+00:00
2260,e8a80a6e-ee71-4373-8db9-cb211b8b0d92,CRITIC,2026-04-19 00:48:26.176651+00:00
2261,4b525688-1acd-4981-b213-0ea3aa8ecb43,CHAMPION,2026-04-19 01:03:51.771603+00:00
2262,ba465ba6-c272-4a1d-a2a5-154d5850d7fc,ON_FIRE,2026-04-19 02:19:31.512402+00:00
2263,b5fe5b9a-eaee-4b14-8a4b-ade6055198b0,ON_FIRE,2026-04-19 02:54:05.889278+00:00
2264,2924ebf4-7416-4911-9fb8-c3bd86f39111,INNOVATOR,2026-04-19 02:56:04.222929+00:00
2265,6c7cb4fb-9e6a-4fe0-b7fd-e2495b748576,INNOVATOR,2026-04-19 03:46:24.902739+00:00
2266,1d564304-c607-4b67-b00b-0c3c6644f9c6,INNOVATOR,2026-04-19 04:26:50.244973+00:00
2267,829eabd6-72af-4c4e-b91e-42647a56cf50,CHAMPION,2026-04-19 06:29:51.292851+00:00
2268,829eabd6-72af-4c4e-b91e-42647a56cf50,ON_FIRE,2026-04-19 06:29:51.292851+00:00
2269,96fcb81f-46c4-4e0d-9431-72d62e53de35,CHAMPION,2026-04-19 07:09:00.599084+00:00
2270,3fed2f1f-ed8e-425e-a9c7-8401c4bea33c,CHAMPION,2026-04-19 09:52:47.481131+00:00
2271,f0e0881e-5be2-4c7e-9a12-6c8d41853e5b,CRITIC,2026-04-19 10:56:11.688079+00:00
2272,8316ff5f-cf64-4d38-95c5-ca2d545ce3d2,CHAMPION,2026-04-19 12:20:53.187248+00:00
2273,33a01618-4870-40e7-82ee-dd8ab9825756,CHAMPION,2026-04-19 12:21:57.674911+00:00
2274,33a01618-4870-40e7-82ee-dd8ab9825756,ON_FIRE,2026-04-19 12:21:57.674911+00:00
2275,efc9f989-2e92-4dbb-b001-56b7f766c6cd,CRITIC,2026-04-19 13:45:28.540566+00:00
2276,c4aac5db-f0a1-41f7-ad7b-af5bdfaee13f,CHAMPION,2026-04-19 13:57:04.831774+00:00
2277,786cfe59-0bda-4930-9ccd-c6d0ff02b662,CRITIC,2026-04-19 15:16:42.959595+00:00
2278,b8586f4e-0b8d-4c49-99b4-58e4ac4db671,CHAMPION,2026-04-19 15:55:56.467024+00:00
2279,d7187d09-a013-49c8-a1b3-d822b39752f7,CHAMPION,2026-04-19 16:33:34.379685+00:00
2280,7497f43c-158d-489b-b70c-fe3b4c138821,CRITIC,2026-04-19 17:02:32.707931+00:00
2281,ef1f441d-713b-4320-8698-2eecbf112a71,CRITIC,2026-04-19 17:21:20.922544+00:00
2282,83181837-ca9a-4a93-95ef-82c0c1624078,INNOVATOR,2026-04-19 19:15:36.811590+00:00
2283,d03f66d8-d99b-4671-a0db-107d9ed5e8e4,ON_FIRE,2026-04-19 19:16:42.869260+00:00
2284,b028e6d5-941b-4894-816c-80a8024ffabd,INNOVATOR,2026-04-19 19:18:18.338642+00:00
2285,66cca95d-9fc9-4eb7-9ec6-1a35ddebfc83,ON_FIRE,2026-04-19 19:43:19.922130+00:00
2286,317b3030-2453-480a-be7a-493d61b447f0,ON_FIRE,2026-04-19 19:49:42.905900+00:00
2287,d37584ec-a50a-4b61-84db-4ad4f2629fd7,CHAMPION,2026-04-19 20:04:00.454784+00:00
2288,3d995ed0-a816-4b0a-8bb4-eaf99e325783,ON_FIRE,2026-04-19 20:44:58.446864+00:00
2289,a1a5a881-54f7-465a-9473-7397b5bd6d3e,CRITIC,2026-04-19 20:51:32.511092+00:00
2290,1c000474-b3c9-4da0-aac9-d1ad3722caa2,ON_FIRE,2026-04-19 22:15:05.282640+00:00
2291,ef1f441d-713b-4320-8698-2eecbf112a71,CHAMPION,2026-04-19 22:18:00.000000+00:00
2292,f2adb223-abf2-4dde-8eb2-d0e031d07e62,CRITIC,2026-04-19 22:24:42.531563+00:00
2293,9a1159ca-5027-4cc5-acce-0e458cb282f9,CRITIC,2026-04-19 22:54:24.646181+00:00
2294,7d24e8ab-d927-443c-a1e1-04b73211032b,ON_FIRE,2026-04-19 23:11:01.096993+00:00
2295,82015a98-3b01-41dc-9cac-7c689d1a99b7,CRITIC,2026-04-19 23:17:40.287968+00:00
2296,dbb62cac-e512-454a-a2dd-cd278e6b0b3e,CRITIC,2026-04-19 23:38:07.685004+00:00
2297,27e57f44-3711-4937-96be-d80bcf09b05d,CHAMPION,2026-04-20 00:10:39.223178+00:00
2298,98096adb-c347-4b91-b157-13d91467faa7,INNOVATOR,2026-04-20 00:27:20.584162+00:00
2299,98096adb-c347-4b91-b157-13d91467faa7,ON_FIRE,2026-04-20 00:27:20.584162+00:00
2300,16aecb05-9ec8-4d03-8476-a54437617f6a,CRITIC,2026-04-20 00:58:05.404518+00:00
2301,b4288a6b-52f0-44ab-821f-5bb760918a76,ON_FIRE,2026-04-20 01:18:05.503250+00:00
2302,d8820e49-04ca-49fb-ae6e-24da3db841fb,INNOVATOR,2026-04-20 01:53:21.111072+00:00
2303,d8820e49-04ca-49fb-ae6e-24da3db841fb,ON_FIRE,2026-04-20 01:53:21.111072+00:00
2304,38cdd74c-b750-4e7c-89b5-9d66dac401b5,ON_FIRE,2026-04-20 02:16:56.090994+00:00
2305,f93fc94f-b705-49f5-954a-4683273857f4,INNOVATOR,2026-04-20 04:00:47.222387+00:00
2306,bec21b43-0b9a-4b14-aec4-4493b6192e37,CHAMPION,2026-04-20 04:22:33.263388+00:00
2307,bec21b43-0b9a-4b14-aec4-4493b6192e37,CRITIC,2026-04-20 04:22:33.263388+00:00
2308,5dc41219-d217-4f8f-a4d3-a9ec3b263384,CHAMPION,2026-04-20 04:28:12.065626+00:00
2309,dc77d7ee-0010-4612-9a40-e655be92d3eb,CRITIC,2026-04-20 04:55:18.523038+00:00
2310,a7f7f5a9-460c-4634-86dd-96133ca51131,ON_FIRE,2026-04-20 05:04:26.021221+00:00
2311,ef84d501-5809-42c6-811a-459fc59c8de1,CHAMPION,2026-04-20 06:12:00.000000+00:00
2312,e0b41b2a-0c7b-41b4-b605-9004a85a2f65,CHAMPION,2026-04-20 07:17:54.905892+00:00
2313,dc77d7ee-0010-4612-9a40-e655be92d3eb,CHAMPION,2026-04-20 07:42:51.299108+00:00
2314,2c6db120-61ac-4444-868a-bb75396aaae3,ON_FIRE,2026-04-20 09:00:55.845574+00:00
2315,2b117fb4-0476-4220-9e19-f00fccae94a5,ON_FIRE,2026-04-20 09:14:44.033774+00:00
2316,b945f48a-ccc4-43f6-928b-e2c1f46146b6,CHAMPION,2026-04-20 09:23:28.190351+00:00
2317,0bbae24c-66cb-42bc-8f35-4e9d6e77ac24,CHAMPION,2026-04-20 10:08:32.194953+00:00
2318,76c67646-085b-4496-a704-025ae0fbf520,ON_FIRE,2026-04-20 11:42:53.548982+00:00
2319,da7d8ca8-db94-48b0-87a9-6c6a4d12c1cb,CRITIC,2026-04-20 11:49:00.353306+00:00
2320,94df617c-7422-4cee-8fff-551c271661f6,ON_FIRE,2026-04-20 12:01:59.358424+00:00
2321,4aebd320-ccf1-472f-a813-521405bb8292,FIRST_STEP,2026-04-20 14:05:07.113029+00:00
2322,b877de62-103a-4774-b161-65d240e35474,CHAMPION,2026-04-20 16:08:44.857455+00:00
2323,c5722e37-67de-4703-9c3e-8bfefb98abe1,ON_FIRE,2026-04-20 17:29:02.058941+00:00
2324,be819bb5-4387-4c8b-aff9-250ac5ddc5c2,CRITIC,2026-04-20 17:31:29.910392+00:00
2325,99ce0eb9-db3b-4ba1-9d7e-a6e10271bb8c,INNOVATOR,2026-04-20 18:16:21.691446+00:00
2326,cb6d8e05-1472-47ff-b732-cb920eb596dd,INNOVATOR,2026-04-20 19:13:38.465239+00:00
2327,f97a0b32-2873-4e32-aeb0-26f42cfbc29d,ON_FIRE,2026-04-20 19:30:22.296369+00:00
2328,59566cb1-e2b4-4f2a-80be-6b9dcc4429c7,ON_FIRE,2026-04-20 19:40:43.186388+00:00
2329,5b666a1b-6391-46d4-8c0c-b2e34ab3fb1b,CHAMPION,2026-04-20 19:52:00.000000+00:00
2330,978615d9-0394-47fb-a990-7b91e37cbcf3,ON_FIRE,2026-04-20 20:10:37.254127+00:00
2331,c316d911-6157-4923-83d0-94e475c6acc5,ON_FIRE,2026-04-20 21:50:28.966337+00:00
2332,36a7aa14-d53e-4d7a-9df0-346370185c99,INNOVATOR,2026-04-20 22:49:09.914974+00:00
2333,7f1597a7-81b9-4a2c-9123-eee64ca91f04,ON_FIRE,2026-04-20 23:12:23.346910+00:00
2334,c3f44d1a-e988-4b73-a7f1-9fe2fbfeaaca,CRITIC,2026-04-20 23:56:39.222926+00:00
2335,166df1e8-caee-4766-9016-af436f3aba44,ON_FIRE,2026-04-21 00:51:07.636399+00:00
2336,9a6ea003-a666-4c29-8ae5-e7fa86361a43,INNOVATOR,2026-04-21 01:53:51.845119+00:00
2337,1ba29722-dcc2-4239-905a-c56c23d4a6fb,CRITIC,2026-04-21 02:00:17.789631+00:00
2338,c79bf178-2ad7-46c5-a8bc-69d76f5a35b2,CRITIC,2026-04-21 02:12:57.243001+00:00
2339,91f76ca7-ada9-4b5b-87c9-c7b966228ec6,ON_FIRE,2026-04-21 03:13:01.084091+00:00
2340,3ac1ba84-55fd-4197-b49a-908c9d1588e9,FIRST_STEP,2026-04-21 05:22:22.292203+00:00
2341,c0651ad3-8066-41be-bcae-d7c1a16aa7f5,ON_FIRE,2026-04-21 08:51:33.794161+00:00
2342,9af4b494-b502-4444-9cfd-9e6df7e6f022,CHAMPION,2026-04-21 10:05:50.310911+00:00
2343,9af4b494-b502-4444-9cfd-9e6df7e6f022,CRITIC,2026-04-21 10:05:50.310911+00:00
2344,b441076d-638e-411c-acb3-a82826ad41d8,ON_FIRE,2026-04-21 10:17:02.581875+00:00
2345,ebc876d8-1628-4ff4-afd4-eea254a75a3c,INNOVATOR,2026-04-21 11:17:51.231166+00:00
2346,f2aba7e0-43cb-45a1-8ed2-80e2b36e4be9,CHAMPION,2026-04-21 13:04:53.456054+00:00
2347,4a9e86b6-080d-430e-bcb2-e2ee310d6672,INNOVATOR,2026-04-21 13:40:42.275631+00:00
2348,4a9e86b6-080d-430e-bcb2-e2ee310d6672,ON_FIRE,2026-04-21 13:40:42.275631+00:00
2349,3fe14d18-0cfa-492c-9c98-5c09e18406f4,CRITIC,2026-04-21 16:32:37.552830+00:00
2350,82015a98-3b01-41dc-9cac-7c689d1a99b7,CHAMPION,2026-04-21 18:35:37.454837+00:00
2351,db865006-8f7f-49f3-a2b6-c29e656c8004,CRITIC,2026-04-21 19:26:06.511389+00:00
2352,65f45148-d34d-4ca8-b231-ff27af7e1083,CRITIC,2026-04-21 20:30:54.999556+00:00
2353,35b57b10-e7d8-43bd-9022-13bcd6044d36,FIRST_STEP,2026-04-21 20:38:56.379175+00:00
2354,0255ba23-f10c-4e55-a632-f39545ad53f2,CHAMPION,2026-04-21 21:11:39.351189+00:00
2355,5f776928-4b7a-41f4-a20d-06c3a6b003bf,ON_FIRE,2026-04-21 21:17:58.043972+00:00
2356,5c5fb113-5843-4b29-8933-b0d016b33d25,INNOVATOR,2026-04-21 21:47:35.897871+00:00
2357,3577cac5-0476-4aff-b030-5793997dce28,INNOVATOR,2026-04-21 22:43:27.214901+00:00
2358,cd925f76-6a4a-4b65-b4d7-839f7aa778fc,ON_FIRE,2026-04-21 23:51:02.866726+00:00
2359,539b3526-9e3d-45bd-baef-ec9d16abc2eb,INNOVATOR,2026-04-22 01:18:00.476589+00:00
2360,be819bb5-4387-4c8b-aff9-250ac5ddc5c2,CHAMPION,2026-04-22 01:26:03.057921+00:00
2361,c21e317f-9f79-44d5-b20a-71aa31f20d74,ON_FIRE,2026-04-22 01:36:42.063328+00:00
2362,f594c6ae-fae0-4ba8-8668-199181bbdd68,ON_FIRE,2026-04-22 02:42:08.495977+00:00
2363,3a08652a-01d6-4fac-9ce5-fcbee3269ae4,CHAMPION,2026-04-22 07:47:37.409947+00:00
2364,c58bb0f6-4d0a-48af-8710-da23e9acd1d0,ON_FIRE,2026-04-22 08:14:10.553335+00:00
2365,7271cad9-975d-443d-9dc6-13dc2769c77d,ON_FIRE,2026-04-22 08:39:56.367357+00:00
2366,bc4f2415-4186-4d74-ba12-52a4a7b18bc6,ON_FIRE,2026-04-22 09:57:26.498648+00:00
2367,1350d9cc-bc62-4dbc-b818-0ec25656b4c8,CHAMPION,2026-04-22 11:43:45.111580+00:00
2368,374bb2b1-7239-47b4-a7f3-42a9312229af,CRITIC,2026-04-22 12:51:21.767287+00:00
2369,635c1a21-2ab2-422e-9d93-0fd35cde7fad,ON_FIRE,2026-04-22 12:56:11.543272+00:00
2370,01803a15-0ee4-4416-9a44-f065aa0b82f0,ON_FIRE,2026-04-22 13:40:28.116920+00:00
2371,6487383a-0fb9-4616-a52e-d9a0ba69cc53,INNOVATOR,2026-04-22 14:33:04.297757+00:00
2372,ef6c19c9-41fb-4663-b095-fd6f807954ec,CRITIC,2026-04-22 15:48:31.816952+00:00
2373,80773d69-c298-4c18-89cd-2c5d7b1186c9,INNOVATOR,2026-04-22 16:00:50.939154+00:00
2374,80773d69-c298-4c18-89cd-2c5d7b1186c9,ON_FIRE,2026-04-22 16:00:50.939154+00:00
2375,3784474d-e825-475d-9698-3cd025b65f95,ON_FIRE,2026-04-22 16:01:42.712643+00:00
2376,830b26e2-0a20-44ba-bebb-2eb0e55eb5eb,CHAMPION,2026-04-22 16:32:05.374762+00:00
2377,1a5ca586-55ef-4c1b-9c5f-2f5b56931420,CHAMPION,2026-04-22 17:13:53.095884+00:00
2378,d2b19326-abcc-4c08-ac49-a94f14bc8481,CRITIC,2026-04-22 18:31:06.698464+00:00
2379,cf29d572-baa2-4d38-804f-fd6f6cf8a890,INNOVATOR,2026-04-22 19:24:22.335668+00:00
2380,c5722e37-67de-4703-9c3e-8bfefb98abe1,CRITIC,2026-04-22 21:59:05.324717+00:00
2381,28ed3041-bf44-4e82-90cd-dbc09eec2534,CHAMPION,2026-04-22 22:07:16.079554+00:00
2382,1ee0455f-7a11-42b3-883e-1a778adfa225,CHAMPION,2026-04-22 22:52:37.135688+00:00
2383,c316d911-6157-4923-83d0-94e475c6acc5,INNOVATOR,2026-04-22 23:06:51.139141+00:00
2384,1815820e-1287-4637-b9f1-9bd95f95ca22,CHAMPION,2026-04-22 23:42:09.696754+00:00
2385,1815820e-1287-4637-b9f1-9bd95f95ca22,ON_FIRE,2026-04-22 23:42:09.696754+00:00
2386,a8d3e377-0e26-45b7-bd86-63aae9be7dbb,CHAMPION,2026-04-23 02:20:00.000000+00:00
2387,88ca13bd-4e60-4303-800f-294b5b96f80d,CHAMPION,2026-04-23 03:16:27.498847+00:00
2388,cda07ab2-acb0-42ea-8b8d-d21f330bf70c,CRITIC,2026-04-23 03:20:29.683477+00:00
2389,5b666a1b-6391-46d4-8c0c-b2e34ab3fb1b,CRITIC,2026-04-23 06:22:15.121325+00:00
2390,1ba29722-dcc2-4239-905a-c56c23d4a6fb,ON_FIRE,2026-04-23 06:46:19.307295+00:00
2391,fea147a7-2981-47cc-8b65-ea434394a5f1,ON_FIRE,2026-04-23 07:46:15.422254+00:00
2392,f19708c8-85b2-4faa-825b-a2fefaac0687,ON_FIRE,2026-04-23 07:54:15.874921+00:00
2393,44e180ab-f87f-4906-959a-d4208112dfeb,ON_FIRE,2026-04-23 07:59:06.034410+00:00
2394,e63e4f83-e0ba-4644-a46a-7413de243920,CHAMPION,2026-04-23 08:57:00.864609+00:00
2395,2237a47b-d19c-43f7-b1bb-db7310cd2750,CHAMPION,2026-04-23 08:57:53.508268+00:00
2396,2237a47b-d19c-43f7-b1bb-db7310cd2750,ON_FIRE,2026-04-23 08:57:53.508268+00:00
2397,7b168703-cc4f-43e5-9775-7d74b4db3f7f,CHAMPION,2026-04-23 10:00:24.200484+00:00
2398,985eaa3f-7b48-432c-980e-612cac39b2d6,CHAMPION,2026-04-23 10:18:35.736820+00:00
2399,77eda781-2f0d-483f-8875-14af3485c071,ON_FIRE,2026-04-23 12:32:25.398905+00:00
2400,0b0392ac-a14f-455e-86b0-ae00fdfdf1f6,CRITIC,2026-04-23 15:30:36.582274+00:00
2401,7dddaa8e-deb1-42ed-88bb-dc5a16514cdc,CHAMPION,2026-04-23 16:45:07.416668+00:00
2402,8fb6c560-14f4-4ef9-bab1-bda6ae55864c,ON_FIRE,2026-04-23 17:20:28.172427+00:00
2403,c58bb0f6-4d0a-48af-8710-da23e9acd1d0,CHAMPION,2026-04-23 17:41:15.008471+00:00
2404,96c2c320-89b7-409d-a93a-aee004fcc338,ON_FIRE,2026-04-23 17:45:57.045947+00:00
2405,8d156397-31ce-4b22-917d-ddbd85670e15,ON_FIRE,2026-04-23 20:03:21.183468+00:00
2406,4738d738-cc35-4349-9f89-e96e0a7c3f71,ON_FIRE,2026-04-23 20:35:26.232590+00:00
2407,04ae859c-0c10-43f9-b75f-3eda713debdb,ON_FIRE,2026-04-23 20:46:52.639510+00:00
2408,82acf793-5875-4b86-a2c7-7bfc77ca1687,INNOVATOR,2026-04-23 20:51:58.090529+00:00
2409,e8c415aa-cfd6-4935-9dbf-646291d2e9c0,ON_FIRE,2026-04-23 22:26:05.734022+00:00
2410,b67484d6-57c8-48b2-bc51-671001b1bcda,ON_FIRE,2026-04-23 22:39:48.776186+00:00
2411,8f1b219c-c56a-41c1-88e4-b541304785b8,CHAMPION,2026-04-23 23:24:07.903411+00:00
2412,29f74c43-1a2b-4d01-b448-078c38c9e28a,INNOVATOR,2026-04-24 00:40:06.527323+00:00
2413,eb0e5714-103d-4cc9-9b7e-b0267f027196,ON_FIRE,2026-04-24 00:46:42.038280+00:00
2414,e50d8d05-5cc4-4343-b6bc-1df1b3f3d22f,INNOVATOR,2026-04-24 01:39:20.253873+00:00
2415,e50d8d05-5cc4-4343-b6bc-1df1b3f3d22f,ON_FIRE,2026-04-24 01:39:20.253873+00:00
2416,b4b6c65f-6664-4d76-b394-e61f1c8f8ec1,INNOVATOR,2026-04-24 01:44:09.596111+00:00
2417,11938edb-7027-491c-9527-eaf7738ea9cd,INNOVATOR,2026-04-24 02:05:17.018947+00:00
2418,7fe85746-fe19-422b-8bf2-d167d79a2d1a,INNOVATOR,2026-04-24 09:19:21.201112+00:00
2419,1c8aea5a-7709-44a0-898c-a882a974318f,CHAMPION,2026-04-24 09:37:57.485677+00:00
2420,e707ec8d-700c-4a76-b105-331db986cdd6,INNOVATOR,2026-04-24 09:54:27.483464+00:00
2421,55831852-80ae-4ac9-b6c1-ecd2efaef1b7,ON_FIRE,2026-04-24 12:18:39.052211+00:00
2422,edff2c41-0933-4e95-aa63-ea67ea877576,FIRST_STEP,2026-04-24 13:08:54.439112+00:00
2423,7c86415e-73e1-4452-b345-730bd15fcbcf,ON_FIRE,2026-04-24 13:54:57.640701+00:00
2424,b273077f-41d4-4b27-99b4-fa52d85d84e2,CHAMPION,2026-04-24 20:15:45.058806+00:00
2425,78c254c8-e08c-423c-b031-4de7e4eb1f25,CHAMPION,2026-04-24 20:26:11.134506+00:00
2426,b1b3abf0-bf40-43df-bd09-1bd861e99e17,ON_FIRE,2026-04-24 21:24:21.948157+00:00
2427,3ed1a5be-d9c3-4c39-9e85-87c9b144f119,ON_FIRE,2026-04-25 00:06:15.012957+00:00
2428,dea563e5-75d4-4009-859c-5370f9952466,ON_FIRE,2026-04-25 00:47:06.879829+00:00
2429,e6b32c11-c369-4ced-9813-924c8e864732,CHAMPION,2026-04-25 01:00:55.888730+00:00
2430,9c80f797-b35a-496e-a518-bd9b32ba13b9,CRITIC,2026-04-25 04:08:56.003619+00:00
2431,04ae859c-0c10-43f9-b75f-3eda713debdb,CHAMPION,2026-04-25 06:37:20.439943+00:00
2432,f50ff8d2-296b-430d-bc2e-7a3ba13a75b7,INNOVATOR,2026-04-25 08:41:28.710293+00:00
2433,f50ff8d2-296b-430d-bc2e-7a3ba13a75b7,ON_FIRE,2026-04-25 08:41:28.710293+00:00
2434,1edf11bf-caeb-49fc-8f55-69e63e815dae,CHAMPION,2026-04-25 10:33:01.164958+00:00
2435,1c9ec459-2c6a-47a7-b3cb-6090d55196b1,CRITIC,2026-04-25 10:54:29.475103+00:00
2436,2b2c1a3c-9712-41b8-86c7-afa44d9e0665,CRITIC,2026-04-25 11:47:57.913627+00:00
2437,cba14f0b-756c-46b4-82ed-29b71212aeae,ON_FIRE,2026-04-25 11:52:02.653511+00:00
2438,c21e317f-9f79-44d5-b20a-71aa31f20d74,CHAMPION,2026-04-25 12:00:32.472070+00:00
2439,c21e317f-9f79-44d5-b20a-71aa31f20d74,INNOVATOR,2026-04-25 12:00:32.472070+00:00
2440,01803a15-0ee4-4416-9a44-f065aa0b82f0,INNOVATOR,2026-04-25 12:35:19.156925+00:00
2441,fa28ce57-bb38-4d8a-a0f3-a2d5cd14c061,ON_FIRE,2026-04-25 13:50:54.432358+00:00
2442,71c79692-c503-4f92-9e3b-427e5c06bcf3,INNOVATOR,2026-04-25 13:52:12.633986+00:00
2443,d17fb9bc-4d75-4c84-a425-1d1973803d5a,CRITIC,2026-04-25 14:31:55.106622+00:00
2444,6f1c92a2-1730-457e-af80-22ceee52065e,ON_FIRE,2026-04-25 18:02:17.024838+00:00
2445,969f9cbb-d414-4484-aee9-fa12b5505b3e,CHAMPION,2026-04-25 18:22:00.000000+00:00
2446,67a9bdfe-c1f6-4192-8df9-d2341b9bf61f,CHAMPION,2026-04-25 18:50:00.000000+00:00
2447,c2c17b8a-e8e3-4734-8a5d-558dcb795104,CHAMPION,2026-04-25 18:56:17.473780+00:00
2448,38adb4ef-c093-482a-8067-65d85424ebf8,ON_FIRE,2026-04-25 19:20:57.898021+00:00
2449,1ba29722-dcc2-4239-905a-c56c23d4a6fb,CHAMPION,2026-04-25 19:57:01.848023+00:00
2450,8954a352-4311-4f3c-a1bf-25bad61c44c0,CHAMPION,2026-04-25 20:42:00.000000+00:00
2451,15422187-1dc9-46d5-8bf2-867217ee9f44,CHAMPION,2026-04-25 20:56:00.000000+00:00
2452,04d1e3f4-5420-4b71-a3a5-85f2ed790744,CRITIC,2026-04-25 21:40:40.835825+00:00
2453,18913824-a75f-44b9-a1c5-cec90c6cd419,CHAMPION,2026-04-25 21:59:58.581743+00:00
2454,18913824-a75f-44b9-a1c5-cec90c6cd419,ON_FIRE,2026-04-25 21:59:58.581743+00:00
2455,fd139f69-a02f-403a-a413-19b49a716926,CHAMPION,2026-04-25 23:04:00.000000+00:00
2456,e684e654-4778-457f-88f4-600f7b349c6a,ON_FIRE,2026-04-25 23:25:33.935568+00:00
2457,29f74c43-1a2b-4d01-b448-078c38c9e28a,CHAMPION,2026-04-25 23:39:00.000000+00:00
2458,e50d8d05-5cc4-4343-b6bc-1df1b3f3d22f,CRITIC,2026-04-26 00:19:55.580086+00:00
2459,f11017f7-2d00-4f17-9c8e-53b9e06a8ca4,CRITIC,2026-04-26 00:57:39.126190+00:00
2460,f26d448f-05f1-49b5-915f-c47667f8a942,ON_FIRE,2026-04-26 01:43:43.048851+00:00
2461,d2b19326-abcc-4c08-ac49-a94f14bc8481,CHAMPION,2026-04-26 01:49:00.000000+00:00
2462,3c0142b7-95e6-4f7f-b870-c04bcbdf37c3,CHAMPION,2026-04-26 02:54:00.000000+00:00
2463,85b757d0-f583-4082-88db-1422127834d3,CHAMPION,2026-04-26 03:10:00.000000+00:00
2464,4c066895-d413-435c-a54a-7085ccebb310,CHAMPION,2026-04-26 03:36:28.595292+00:00
2465,1423a03e-cee5-47c1-8a33-c4e950c56923,CHAMPION,2026-04-26 04:37:55.750609+00:00
2466,78c254c8-e08c-423c-b031-4de7e4eb1f25,CRITIC,2026-04-26 05:29:26.261914+00:00
2467,1139ba1c-108d-408a-bcce-dc297a47ae0b,ON_FIRE,2026-04-26 05:42:47.430335+00:00
2468,b8b374dd-9fa4-4bbd-9bb0-e00bf90d665f,INNOVATOR,2026-04-26 06:31:51.450941+00:00
2469,b8b374dd-9fa4-4bbd-9bb0-e00bf90d665f,ON_FIRE,2026-04-26 06:31:51.450941+00:00
2470,6f1c92a2-1730-457e-af80-22ceee52065e,INNOVATOR,2026-04-26 06:32:41.543033+00:00
2471,f3ee8d81-bce1-4705-a1dd-180f42249038,CHAMPION,2026-04-26 06:52:00.000000+00:00
2472,2ef6e49e-2db4-4aba-9300-2be6b73234f7,CHAMPION,2026-04-26 08:19:00.000000+00:00
2473,a267cd55-dae7-4edb-9cd9-1ac6f46d89a0,CHAMPION,2026-04-26 09:31:00.000000+00:00
2474,39a22ca0-e67b-4e63-8b37-6aea793fe5ea,ON_FIRE,2026-04-26 09:32:20.449697+00:00
2475,4c324c73-2dc1-425d-8e1b-f3224f6128ec,ON_FIRE,2026-04-26 09:37:06.923938+00:00
2476,2976ce73-94df-4e12-ac34-fb596591b7c2,ON_FIRE,2026-04-26 10:09:40.922564+00:00
2477,3f86e892-6ecb-4028-b135-17c98a50e599,CRITIC,2026-04-26 10:12:43.067293+00:00
2478,b85064cb-2497-4073-9f57-26339c4d0da4,CHAMPION,2026-04-26 10:23:00.000000+00:00
2479,b8b374dd-9fa4-4bbd-9bb0-e00bf90d665f,CHAMPION,2026-04-26 10:28:49.617368+00:00
2480,7c907411-53e7-4a2f-9fb2-368bef893ae6,CRITIC,2026-04-26 10:31:06.575873+00:00
2481,caca8e6f-6250-4097-921b-cd1598cb3532,ON_FIRE,2026-04-26 10:45:00.016717+00:00
2482,3890de82-3395-42e3-86ff-099140dc8353,INNOVATOR,2026-04-26 11:16:11.156252+00:00
2483,82adceda-344c-469a-a34d-6c5d0776f855,CRITIC,2026-04-26 13:21:49.782671+00:00
2484,e0b41b2a-0c7b-41b4-b605-9004a85a2f65,CRITIC,2026-04-26 13:48:03.527674+00:00
2485,d10a4f93-a536-4542-b5ff-c16717ab9f40,CHAMPION,2026-04-26 13:57:56.910525+00:00
2486,578da049-e513-4249-a1cf-ad5d43e8fb14,CHAMPION,2026-04-26 14:23:00.000000+00:00
2487,15422187-1dc9-46d5-8bf2-867217ee9f44,CRITIC,2026-04-26 15:59:39.567574+00:00
2488,ee1c4d3b-ec68-41f3-b7f1-58779c7a6bd9,INNOVATOR,2026-04-26 16:29:41.154482+00:00
2489,0b259536-155f-4e39-9154-32d25e0d2eca,CHAMPION,2026-04-26 17:07:54.279264+00:00
2490,3215d909-b0ac-4c4e-a139-afd4230fe685,CRITIC,2026-04-26 17:54:29.099360+00:00
2491,3c0142b7-95e6-4f7f-b870-c04bcbdf37c3,CRITIC,2026-04-26 18:37:31.826728+00:00
2492,2ef6e49e-2db4-4aba-9300-2be6b73234f7,CRITIC,2026-04-26 18:43:33.046073+00:00
2493,05ebad91-5c0a-406d-b835-141c19b231e0,CHAMPION,2026-04-26 18:47:03.257145+00:00
2494,f2b06dee-e475-4ddf-9811-39467ec5c4b3,INNOVATOR,2026-04-26 19:25:32.908235+00:00
2495,c0f17624-388d-4a76-833d-00a5d20ecc26,CRITIC,2026-04-26 19:45:06.006376+00:00
2496,8f21075b-8c2d-4291-98de-3f070ea2a227,CRITIC,2026-04-26 19:47:45.402008+00:00
2497,d37584ec-a50a-4b61-84db-4ad4f2629fd7,INNOVATOR,2026-04-26 20:24:30.014921+00:00
2498,23f999be-8f3a-4135-a109-48825f2b5ce3,INNOVATOR,2026-04-26 20:26:46.829499+00:00
2499,23f999be-8f3a-4135-a109-48825f2b5ce3,ON_FIRE,2026-04-26 20:26:46.829499+00:00
2500,0198bc4b-8443-4754-8317-49b56f81ecea,ON_FIRE,2026-04-26 21:25:38.934678+00:00
2501,a452b384-4d0e-4248-9c0c-37e9ddbfecde,FIRST_STEP,2026-04-26 21:46:10.963365+00:00
2502,c96c33b2-deb4-4624-905a-4bb4eba9b66b,CRITIC,2026-04-26 23:14:57.187019+00:00
2503,399ddb4e-8253-4685-9236-d599b6eef665,CHAMPION,2026-04-27 01:55:37.018098+00:00
2504,67a9bdfe-c1f6-4192-8df9-d2341b9bf61f,CRITIC,2026-04-27 03:00:25.136504+00:00
2505,8953121f-1a21-4cf5-9842-a8bab20d555c,CHAMPION,2026-04-27 05:07:14.252550+00:00
2506,523b8c7a-c2fe-456d-b96a-d35efdae8e10,CHAMPION,2026-04-27 06:15:00.000000+00:00
2507,85d69c98-5b99-4368-9470-a023a0faaa39,CHAMPION,2026-04-27 06:31:10.851771+00:00
2508,cd89616a-bb20-4989-b720-04dac27a609b,ON_FIRE,2026-04-27 06:44:15.414416+00:00
2509,8a3bbec3-4136-45f6-b098-bbb2be370926,CRITIC,2026-04-27 06:49:55.704701+00:00
2510,0758c702-8abe-48eb-8498-0241319134d6,ON_FIRE,2026-04-27 06:59:48.325217+00:00
2511,c12cd7d4-3770-47ae-9237-24b35609b70d,INNOVATOR,2026-04-27 07:44:09.952866+00:00
2512,41a6c95e-1a40-4fc5-a34d-45dacb2f816f,INNOVATOR,2026-04-27 07:53:00.478764+00:00
2513,fbbaaa64-8cee-4669-9d6e-59242b284466,ON_FIRE,2026-04-27 08:24:45.211547+00:00
2514,fd139f69-a02f-403a-a413-19b49a716926,CRITIC,2026-04-27 09:12:02.697186+00:00
2515,ce737a66-340f-45b5-b53a-c9066f05836b,INNOVATOR,2026-04-27 09:43:07.603735+00:00
2516,6923b135-0a80-41b6-a29d-108910d3481e,CHAMPION,2026-04-27 09:55:37.704298+00:00
2517,ae8476f4-9a83-4f9f-a68f-08866cdec032,INNOVATOR,2026-04-27 10:11:17.405753+00:00
2518,e0b47f14-ef2d-49fc-b298-7e81497f4563,CHAMPION,2026-04-27 12:48:13.826667+00:00
2519,3a08652a-01d6-4fac-9ce5-fcbee3269ae4,ON_FIRE,2026-04-27 13:12:33.815006+00:00
2520,4aebd320-ccf1-472f-a813-521405bb8292,INNOVATOR,2026-04-27 13:15:43.185214+00:00
2521,540abdf1-304b-4ae8-be52-92cdac07dce3,ON_FIRE,2026-04-27 13:18:52.123676+00:00
2522,722ee721-cbc4-48ea-afc1-2addf9bc9ffe,INNOVATOR,2026-04-27 13:25:42.556371+00:00
2523,722ee721-cbc4-48ea-afc1-2addf9bc9ffe,ON_FIRE,2026-04-27 13:25:42.556371+00:00
2524,473aea92-b352-4816-84a6-998d6674e016,CHAMPION,2026-04-27 15:39:53.569747+00:00
2525,514d1d62-3100-4b79-9ace-199ed15abd30,INNOVATOR,2026-04-27 15:53:21.642933+00:00
2526,514d1d62-3100-4b79-9ace-199ed15abd30,ON_FIRE,2026-04-27 15:53:21.642933+00:00
2527,0d3b9abd-2bf6-47a0-b674-e66bfbd1c058,ON_FIRE,2026-04-27 16:17:56.613049+00:00
2528,f6be51eb-5ff8-4a8e-a90d-11214c8c8539,CRITIC,2026-04-27 16:32:47.452826+00:00
2529,b6421516-65a2-4794-a3cf-e6d057cb9c36,INNOVATOR,2026-04-27 17:47:10.405153+00:00
2530,c12cd7d4-3770-47ae-9237-24b35609b70d,ON_FIRE,2026-04-27 17:54:21.691011+00:00
2531,6a02ace1-ef25-49eb-9361-c0c9a567599d,ON_FIRE,2026-04-27 18:24:40.685206+00:00
2532,36188e90-d5be-40a4-9643-81566debb269,INNOVATOR,2026-04-27 18:58:07.097018+00:00
2533,8e755df7-d353-4b98-b399-336164ee4a93,CRITIC,2026-04-27 19:35:57.902470+00:00
2534,e1b1a83d-dc8c-4bf1-a264-f6eea0333568,ON_FIRE,2026-04-27 19:48:33.453715+00:00
2535,b4b6c65f-6664-4d76-b394-e61f1c8f8ec1,ON_FIRE,2026-04-27 20:06:23.872325+00:00
2536,14d940d1-b6b9-46db-ad09-0f473052b4b5,CHAMPION,2026-04-27 21:05:00.000000+00:00
2537,74164678-a923-474f-9942-ef98874b21a7,ON_FIRE,2026-04-27 21:29:12.815449+00:00
2538,099e1b0f-acb5-4a7d-829c-134345792106,ON_FIRE,2026-04-27 21:34:34.518721+00:00
2539,d55887a6-ba09-4137-817b-136eca0eb8fe,CHAMPION,2026-04-27 21:48:00.000000+00:00
2540,80d67e75-1cd6-4308-ace2-c8929c58a1fc,INNOVATOR,2026-04-27 21:57:05.347739+00:00
2541,5783b7bc-8de7-40b5-b1e8-896921098bd2,CRITIC,2026-04-27 22:15:37.878219+00:00
2542,d7a3f62a-7276-4b1a-9abc-2110c1979b89,ON_FIRE,2026-04-27 22:55:47.005319+00:00
2543,cf29d572-baa2-4d38-804f-fd6f6cf8a890,CHAMPION,2026-04-27 23:41:00.000000+00:00
2544,876555c2-25f1-4f17-a598-ae5ea4457ee0,CHAMPION,2026-04-28 00:36:00.000000+00:00
2545,5d703c5b-8047-4ae3-8d64-bd4389210efb,CRITIC,2026-04-28 01:05:08.654317+00:00
2546,db513ac4-80bc-4d09-864b-24fb5dee1da4,CRITIC,2026-04-28 01:50:33.392116+00:00
2547,7f1597a7-81b9-4a2c-9123-eee64ca91f04,INNOVATOR,2026-04-28 01:59:18.812445+00:00
2548,2620e675-d3ba-4ca5-85bf-2dd08f05bca7,CHAMPION,2026-04-28 03:18:35.453378+00:00
2549,4fd46ebc-f590-48ab-9c20-b28ac7350ca8,CHAMPION,2026-04-28 03:54:36.528018+00:00
2550,921f32d9-32ea-4d21-8db4-7b339d13a5b6,ON_FIRE,2026-04-28 04:20:46.286534+00:00
2551,de28480c-d0d0-4780-9b2f-53c70c8b5ed5,CHAMPION,2026-04-28 05:11:33.139118+00:00
2552,de28480c-d0d0-4780-9b2f-53c70c8b5ed5,CRITIC,2026-04-28 05:11:33.139118+00:00
2553,ed50a04f-41be-4ee7-89ae-aed7531faa34,CRITIC,2026-04-28 05:20:42.448723+00:00
2554,233d2989-90d7-4cf0-9bea-58a5e4bac3d2,CHAMPION,2026-04-28 05:28:51.730141+00:00
2555,d0420627-79ac-4ec0-b46a-b70a49edb1d8,ON_FIRE,2026-04-28 05:36:27.790785+00:00
2556,969f9cbb-d414-4484-aee9-fa12b5505b3e,CRITIC,2026-04-28 06:08:02.787196+00:00
2557,a05fb95c-ba9f-4e27-a689-3cf5fc1b5a26,CHAMPION,2026-04-28 06:28:00.000000+00:00
2558,d045ce18-decd-4a51-b04a-c4a0b10839a7,INNOVATOR,2026-04-28 08:39:58.029333+00:00
2559,4b1a88ac-4167-4eac-a0d2-4e293ef8f000,ON_FIRE,2026-04-28 09:28:31.336593+00:00
2560,a7450ed8-f67b-4a15-a99a-a9fa649b6fd6,INNOVATOR,2026-04-28 09:35:05.155146+00:00
2561,7c86415e-73e1-4452-b345-730bd15fcbcf,CHAMPION,2026-04-28 09:49:00.000000+00:00
2562,04ae859c-0c10-43f9-b75f-3eda713debdb,INNOVATOR,2026-04-28 10:28:30.327832+00:00
2563,ed50a04f-41be-4ee7-89ae-aed7531faa34,CHAMPION,2026-04-28 11:10:00.000000+00:00
2564,a05fb95c-ba9f-4e27-a689-3cf5fc1b5a26,CRITIC,2026-04-28 11:45:39.971832+00:00
2565,eb004ec6-6884-44b6-8aae-0caf60444601,CHAMPION,2026-04-28 11:49:38.855037+00:00
2566,19599c23-5a07-447f-8730-c23290710835,CRITIC,2026-04-28 12:36:19.003518+00:00
2567,c31a8997-aa4f-4fcd-af44-2a2e36479c4d,CHAMPION,2026-04-28 14:11:29.445439+00:00
2568,c31a8997-aa4f-4fcd-af44-2a2e36479c4d,INNOVATOR,2026-04-28 14:11:29.445439+00:00
2569,4a9e86b6-080d-430e-bcb2-e2ee310d6672,CRITIC,2026-04-28 15:05:59.528999+00:00
2570,e1146103-3e33-4ed7-9a4c-3426f5922da9,CHAMPION,2026-04-28 15:56:00.000000+00:00
2571,592aac8f-3efc-40e6-8749-bea31258b4be,CHAMPION,2026-04-28 16:15:08.573642+00:00
2572,592aac8f-3efc-40e6-8749-bea31258b4be,ON_FIRE,2026-04-28 16:15:08.573642+00:00
2573,b0953e8e-335d-49b9-b394-fc0fe62b5e1e,CRITIC,2026-04-28 17:28:24.247493+00:00
2574,86c5b659-a2b1-435e-ad5f-6550a8be0606,CRITIC,2026-04-28 18:03:01.391854+00:00
2575,14d940d1-b6b9-46db-ad09-0f473052b4b5,CRITIC,2026-04-28 18:09:22.613293+00:00
2576,cb17d7d1-9663-46f6-8a78-677490248001,ON_FIRE,2026-04-28 19:16:00.613257+00:00
2577,91e9323a-e856-492f-b6b6-379bc6570add,CHAMPION,2026-04-28 19:26:21.511312+00:00
2578,91e9323a-e856-492f-b6b6-379bc6570add,CRITIC,2026-04-28 19:26:21.511312+00:00
2579,78413987-8929-435c-b7e0-5a3fd9449489,ON_FIRE,2026-04-28 19:57:05.044897+00:00
2580,a76c196d-d55a-489a-9e41-2892f1411a8b,CHAMPION,2026-04-28 21:18:59.556075+00:00
2581,c0278ba1-ce60-47e3-9f28-8dd3d2d45b37,CRITIC,2026-04-28 23:10:33.483716+00:00
2582,84e69d57-36b1-481d-a823-b2bb1e0eff7b,CRITIC,2026-04-28 23:32:46.291556+00:00
2583,8316ff5f-cf64-4d38-95c5-ca2d545ce3d2,ON_FIRE,2026-04-28 23:42:46.093417+00:00
2584,26d51b07-49a9-4201-b13c-709dbf828241,ON_FIRE,2026-04-29 00:53:36.583592+00:00
2585,16ce6d70-5405-478a-a25a-cc332ef4b47c,ON_FIRE,2026-04-29 01:14:21.513830+00:00
2586,586058b9-99bc-4600-9f37-87111fcaf37e,ON_FIRE,2026-04-29 01:59:24.048221+00:00
2587,9f62bec9-e71d-4e58-8eb0-f51c0c93bd4e,CHAMPION,2026-04-29 02:44:07.501914+00:00
2588,2d1d0a12-4b10-45f0-b7dc-0403ac89b5a1,ON_FIRE,2026-04-29 02:58:09.026222+00:00
2589,9dd603d9-070f-421c-9578-652d098d33ae,ON_FIRE,2026-04-29 03:20:58.527772+00:00
2590,cb9bfc83-d69e-4da2-b15e-b524df16c0e3,CHAMPION,2026-04-29 04:28:18.899062+00:00
2591,4126b992-e218-4090-8952-12b50eedb60c,ON_FIRE,2026-04-29 04:34:13.759983+00:00
2592,42985594-b4de-4967-9bb0-fa9bd3a9e08f,CHAMPION,2026-04-29 06:05:22.658129+00:00
2593,42985594-b4de-4967-9bb0-fa9bd3a9e08f,ON_FIRE,2026-04-29 06:05:22.658129+00:00
2594,c33a2e16-11ad-42aa-86ff-912411bdea48,INNOVATOR,2026-04-29 06:08:01.445611+00:00
2595,52d16be2-1e29-40b8-8bcf-0168e069291b,INNOVATOR,2026-04-29 06:17:51.556470+00:00
2596,60a4713c-9862-4c54-b843-99e82e3e7bea,ON_FIRE,2026-04-29 07:50:01.668928+00:00
2597,175a4d5b-a9b8-482f-bb16-09ead09c462d,INNOVATOR,2026-04-29 08:01:03.492750+00:00
2598,c7e688a0-9d9d-4d3f-9e2e-62a547733a58,FIRST_STEP,2026-04-29 08:32:11.501580+00:00
2599,fd4de66f-9089-4132-b386-bcc0aed023a5,INNOVATOR,2026-04-29 09:28:43.432011+00:00
2600,75c4fd88-9e44-46ab-b324-a068f16ab956,CHAMPION,2026-04-29 10:35:24.507441+00:00
2601,9d9f828f-6d17-4846-b840-5c49524aebe1,CHAMPION,2026-04-29 12:15:40.858242+00:00
2602,dfc8f475-9202-4a52-9002-24f557cc4c64,ON_FIRE,2026-04-29 12:17:23.815451+00:00
2603,03d3af4e-4ead-4742-b182-a0cc364ee704,ON_FIRE,2026-04-29 12:34:38.982105+00:00
2604,4d294b5a-0c54-442e-997e-8a8190b5f36e,CRITIC,2026-04-29 12:37:19.434134+00:00
2605,099e1b0f-acb5-4a7d-829c-134345792106,CHAMPION,2026-04-29 13:21:47.588234+00:00
2606,1bdd1aba-8056-4ec1-b09d-02acb85a9eab,CRITIC,2026-04-29 14:08:54.276971+00:00
2607,b312e220-ae63-4cad-98df-940d573360df,INNOVATOR,2026-04-29 17:24:22.433595+00:00
2608,c95d510a-3346-4f36-be97-770bde6ccec1,CHAMPION,2026-04-29 19:08:00.000000+00:00
2609,ebabeeab-3d61-4de8-9cc1-9896c30de71c,CRITIC,2026-04-29 19:23:32.467106+00:00
2610,d37584ec-a50a-4b61-84db-4ad4f2629fd7,CRITIC,2026-04-29 21:27:48.195687+00:00
2611,27450660-9126-425f-8a4c-ee13055c3619,CRITIC,2026-04-29 21:40:41.096207+00:00
2612,f4cd3bad-4dac-4e03-9295-0b1a528ef4eb,CRITIC,2026-04-29 22:18:34.715496+00:00
2613,c3b0f176-69f0-4028-872a-0091128bf3a7,CRITIC,2026-04-29 22:23:56.892669+00:00
2614,97fc9842-4aa8-4e8a-984d-00e4ebae786f,CHAMPION,2026-04-29 22:30:41.405427+00:00
2615,dc305b07-816b-4ee2-869d-98231db9d646,CRITIC,2026-04-29 23:16:11.720450+00:00
2616,eaa9cc85-b28c-4878-9ca7-f4d797d0e0d9,ON_FIRE,2026-04-30 00:36:51.426000+00:00
2617,41417e3e-4fd4-4942-a396-ba652bde8364,INNOVATOR,2026-04-30 00:44:02.907290+00:00
2618,8d88e517-90c5-4bdc-ab37-50e7d4be7387,INNOVATOR,2026-04-30 01:29:10.585316+00:00
2619,8d88e517-90c5-4bdc-ab37-50e7d4be7387,ON_FIRE,2026-04-30 01:29:10.585316+00:00
2620,5bfb3b47-b622-4dea-bcef-0b3827189ab1,CRITIC,2026-04-30 02:01:33.747785+00:00
2621,6c72c3eb-81e1-402e-8b91-1b315094e27e,CRITIC,2026-04-30 02:15:48.587158+00:00
2622,622dbe54-2ae7-45b3-9c3e-e10174715762,CRITIC,2026-04-30 02:21:10.489220+00:00
2623,76cbf7c4-1a28-4125-bb2c-8e192a892807,CHAMPION,2026-04-30 02:23:00.000000+00:00
2624,a6d83b47-4658-4d4e-833d-7ef6e7cf2e94,CRITIC,2026-04-30 03:00:11.556097+00:00
2625,3fe14d18-0cfa-492c-9c98-5c09e18406f4,CHAMPION,2026-04-30 03:18:12.417404+00:00
2626,6a808ecc-aa5f-46f7-9473-e17d132330cd,CRITIC,2026-04-30 03:28:17.818115+00:00
2627,7bf1e94f-695d-4afe-9fb2-f60aff59abb9,CHAMPION,2026-04-30 04:02:15.073744+00:00
2628,96fcb81f-46c4-4e0d-9431-72d62e53de35,ON_FIRE,2026-04-30 04:03:20.407762+00:00
2629,a653f1b8-2202-491e-8b31-77d92d162949,CHAMPION,2026-04-30 04:21:07.492115+00:00
2630,c58f7dbd-9a6d-4c3f-bed8-75f484e20259,CHAMPION,2026-04-30 05:26:51.521222+00:00
2631,e0b47f14-ef2d-49fc-b298-7e81497f4563,CRITIC,2026-04-30 06:10:52.885157+00:00
2632,c3b0f176-69f0-4028-872a-0091128bf3a7,CHAMPION,2026-04-30 07:05:00.000000+00:00
2633,971f68c9-d724-4aeb-8be7-a6c87cae819c,ON_FIRE,2026-04-30 08:11:31.848774+00:00
2634,48330897-124f-4e58-aa9c-5880e8a51283,FIRST_STEP,2026-04-30 08:13:47.583116+00:00
2635,17f812f6-c3b4-4bc7-a54b-f1133fe132f8,CHAMPION,2026-04-30 08:36:53.271541+00:00
2636,17f812f6-c3b4-4bc7-a54b-f1133fe132f8,CRITIC,2026-04-30 08:36:53.271541+00:00
2637,56e09b90-5896-4653-a6d0-833a2aaf2380,ON_FIRE,2026-04-30 08:39:05.627562+00:00
2638,1b521727-2b9c-4bae-a8f2-c0b975bf998b,CHAMPION,2026-04-30 09:11:00.000000+00:00
2639,ce175c8f-1175-4928-bf29-79fe69406339,ON_FIRE,2026-04-30 09:13:57.698572+00:00
2640,ee85ed55-5fb4-47a4-8a52-97b44ea7f18e,CRITIC,2026-04-30 09:21:02.147936+00:00
2641,233057b7-c1c0-40c2-9d82-b5af2946ba7d,INNOVATOR,2026-04-30 09:33:49.821847+00:00
2642,4abcf7de-7bd9-4a8b-8086-69d62985a420,CHAMPION,2026-04-30 09:59:00.000000+00:00
2643,53234d32-ce6e-4a41-989f-d1958715bab4,INNOVATOR,2026-04-30 10:53:55.300052+00:00
2644,4c324c73-2dc1-425d-8e1b-f3224f6128ec,CRITIC,2026-04-30 11:24:57.037845+00:00
2645,553aa3f4-b0d4-4902-96eb-9580f1ab5102,CHAMPION,2026-04-30 11:27:00.000000+00:00
2646,5671894a-5a48-444a-8a73-5462d0f8e451,ON_FIRE,2026-04-30 11:37:30.783310+00:00
2647,50480e44-2e0d-4139-aa9b-67dfcc405d62,CHAMPION,2026-04-30 11:43:30.449646+00:00
2648,3f6cb692-1581-4462-b260-3cad29f36489,CHAMPION,2026-04-30 11:49:54.228311+00:00
2649,3f6cb692-1581-4462-b260-3cad29f36489,CRITIC,2026-04-30 11:49:54.228311+00:00
2650,79456f8d-6ac6-4880-873b-04763ea7326d,CRITIC,2026-04-30 12:19:02.445136+00:00
2651,71c79692-c503-4f92-9e3b-427e5c06bcf3,CRITIC,2026-04-30 12:29:50.302691+00:00
2652,0aa6c832-d272-493b-af96-e53a16a8ba84,CRITIC,2026-04-30 12:36:10.241331+00:00
2653,82acf793-5875-4b86-a2c7-7bfc77ca1687,CRITIC,2026-04-30 12:56:23.443694+00:00
2654,876555c2-25f1-4f17-a598-ae5ea4457ee0,CRITIC,2026-04-30 13:16:15.538641+00:00
2655,702b5919-6fb5-46fa-8a5a-e0c7f8f37c74,INNOVATOR,2026-04-30 13:29:56.089661+00:00
2656,8e9296c5-bcd9-48b9-a595-2c11e6d596ef,CRITIC,2026-04-30 14:05:51.930481+00:00
2657,79456f8d-6ac6-4880-873b-04763ea7326d,CHAMPION,2026-04-30 14:37:00.000000+00:00
2658,44e180ab-f87f-4906-959a-d4208112dfeb,CRITIC,2026-04-30 14:39:20.350386+00:00
2659,f4ff8b53-48fb-46e8-9ea0-bc7c51ea9fee,ON_FIRE,2026-04-30 14:44:32.457176+00:00
2660,7f5ff8e9-537d-4aa6-b713-4dfdab32e67a,CRITIC,2026-04-30 14:48:24.534390+00:00
2661,82acf793-5875-4b86-a2c7-7bfc77ca1687,CHAMPION,2026-04-30 15:48:00.000000+00:00
2662,d8f6a1f6-2bba-4d6b-8516-7202830f5ffb,CHAMPION,2026-04-30 15:56:00.000000+00:00
2663,a76c196d-d55a-489a-9e41-2892f1411a8b,CRITIC,2026-04-30 17:03:19.356574+00:00
2664,de60686f-1075-42f6-8d70-c65c29ff1620,CRITIC,2026-04-30 17:05:56.676449+00:00
2665,33611d4a-b72d-4868-8862-37dc6da35c82,CHAMPION,2026-04-30 17:27:39.579640+00:00
2666,f5f28e61-f4ca-473a-8c02-7e708513646c,INNOVATOR,2026-04-30 18:14:59.201244+00:00
2667,5783b7bc-8de7-40b5-b1e8-896921098bd2,CHAMPION,2026-04-30 19:05:58.936267+00:00
2668,e0b41b2a-0c7b-41b4-b605-9004a85a2f65,INNOVATOR,2026-04-30 19:46:32.963959+00:00
2669,8fe78534-8626-4ccb-8a11-1abeb3417110,INNOVATOR,2026-04-30 20:23:27.891615+00:00
2670,036311af-4d37-429f-bcee-1957beb2bdf5,CRITIC,2026-04-30 20:33:59.757101+00:00
2671,702b5919-6fb5-46fa-8a5a-e0c7f8f37c74,CRITIC,2026-04-30 21:24:23.160398+00:00
2672,79ecd19f-9a6a-4019-aeab-38a61af2036b,CHAMPION,2026-04-30 21:38:00.000000+00:00
2673,f3ee8d81-bce1-4705-a1dd-180f42249038,CRITIC,2026-04-30 21:38:00.841429+00:00
2674,0280d734-a9d4-4fa0-ab8b-772dff7f7954,CRITIC,2026-04-30 21:41:20.919418+00:00
2675,36a7aa14-d53e-4d7a-9df0-346370185c99,CHAMPION,2026-04-30 21:45:21.726924+00:00
2676,d46a3b65-b3c2-4019-9b15-047e249159c1,ON_FIRE,2026-04-30 21:54:24.626746+00:00
2677,0deea514-779a-4aa2-b500-353e426c4bb8,INNOVATOR,2026-04-30 21:57:15.104223+00:00
2678,ad0019b6-763f-4495-9027-62286284764a,ON_FIRE,2026-04-30 22:11:46.223157+00:00
2679,db865006-8f7f-49f3-a2b6-c29e656c8004,ON_FIRE,2026-04-30 22:20:27.638563+00:00
2680,f6be51eb-5ff8-4a8e-a90d-11214c8c8539,ON_FIRE,2026-04-30 22:38:39.586206+00:00
2681,2f9348fd-73c7-4bee-b63f-b880e839a3f8,CRITIC,2026-04-30 22:50:23.675142+00:00
2682,de60686f-1075-42f6-8d70-c65c29ff1620,CHAMPION,2026-04-30 23:26:00.000000+00:00
2683,6898b9c8-16d4-46c4-a56c-4ce1865def90,ON_FIRE,2026-04-30 23:33:50.893448+00:00
2684,eb004ec6-6884-44b6-8aae-0caf60444601,CRITIC,2026-05-01 00:29:48.872790+00:00
2685,af533c93-0a75-475d-b87d-b1decc84048b,CRITIC,2026-05-01 00:50:08.514666+00:00
2686,44e180ab-f87f-4906-959a-d4208112dfeb,CHAMPION,2026-05-01 01:07:00.000000+00:00
2687,02af81eb-661b-43df-96f9-ae3e16e670eb,CHAMPION,2026-05-01 01:19:42.025014+00:00
2688,e1146103-3e33-4ed7-9a4c-3426f5922da9,CRITIC,2026-05-01 01:58:08.725370+00:00
2689,8de3a1bf-0867-4629-9291-42a74caf9008,CHAMPION,2026-05-01 02:03:00.000000+00:00
2690,4abcf7de-7bd9-4a8b-8086-69d62985a420,CRITIC,2026-05-01 02:24:37.294697+00:00
2691,76cbf7c4-1a28-4125-bb2c-8e192a892807,CRITIC,2026-05-01 03:04:49.376572+00:00
2692,a28bebfa-b4eb-4a1f-9fc2-0354999a2f57,INNOVATOR,2026-05-01 03:27:45.905378+00:00
2693,6c72c3eb-81e1-402e-8b91-1b315094e27e,CHAMPION,2026-05-01 03:54:00.000000+00:00
2694,ed50a04f-41be-4ee7-89ae-aed7531faa34,INNOVATOR,2026-05-01 04:30:47.092641+00:00
2695,109b05da-c32d-498a-baf2-dece7d8c5d21,CHAMPION,2026-05-01 04:31:54.193269+00:00
2696,36a7aa14-d53e-4d7a-9df0-346370185c99,CRITIC,2026-05-01 05:04:13.851322+00:00
2697,d8f6a1f6-2bba-4d6b-8516-7202830f5ffb,CRITIC,2026-05-01 05:14:41.782049+00:00
2698,de60686f-1075-42f6-8d70-c65c29ff1620,INNOVATOR,2026-05-01 05:14:45.644197+00:00
2699,f88e79f6-5cdb-401c-9b0a-0035434d7b18,CRITIC,2026-05-01 05:24:21.256689+00:00
2700,4c9ed491-fd91-409f-a4ce-61dddd56f08f,CRITIC,2026-05-01 06:07:48.565700+00:00
2701,8de3a1bf-0867-4629-9291-42a74caf9008,CRITIC,2026-05-01 06:42:11.021036+00:00
2702,38adb4ef-c093-482a-8067-65d85424ebf8,INNOVATOR,2026-05-01 06:56:21.809711+00:00
2703,a41333e5-1570-46d3-b7f0-bef8202da882,CHAMPION,2026-05-01 07:00:27.946293+00:00
2704,a41333e5-1570-46d3-b7f0-bef8202da882,INNOVATOR,2026-05-01 07:00:27.946293+00:00
2705,71c79692-c503-4f92-9e3b-427e5c06bcf3,CHAMPION,2026-05-01 07:08:00.000000+00:00
2706,52d16be2-1e29-40b8-8bcf-0168e069291b,ON_FIRE,2026-05-01 07:29:55.526260+00:00
2707,b78c727b-e0cf-4632-95c8-6d754d1b626c,CHAMPION,2026-05-01 08:37:01.414553+00:00
2708,b78c727b-e0cf-4632-95c8-6d754d1b626c,CRITIC,2026-05-01 08:37:01.414553+00:00
2709,05c492af-d761-4387-82ef-5279befcf02d,INNOVATOR,2026-05-01 09:00:22.276309+00:00
2710,eaaf4ff9-389b-4404-8570-7d2997f37220,CHAMPION,2026-05-01 09:00:51.141319+00:00
2711,0280d734-a9d4-4fa0-ab8b-772dff7f7954,CHAMPION,2026-05-01 09:04:00.000000+00:00
2712,432c2cf9-dd95-45fd-9867-4bb233d84a2f,CRITIC,2026-05-01 09:15:46.876405+00:00
2713,a6d83b47-4658-4d4e-833d-7ef6e7cf2e94,CHAMPION,2026-05-01 09:16:00.000000+00:00
2714,38f613ea-5861-4cc9-b537-b6b20e606666,ON_FIRE,2026-05-01 10:47:05.960375+00:00
2715,33f7c853-3ff8-4418-bdb9-d83a6f30531c,CHAMPION,2026-05-01 11:05:41.822776+00:00
2716,f94cae4d-1651-4cf9-829f-4b10982ab3a1,CHAMPION,2026-05-01 11:12:54.260473+00:00
2717,1b521727-2b9c-4bae-a8f2-c0b975bf998b,CRITIC,2026-05-01 11:25:20.450630+00:00