id,title,category,description,start_at,duration_minutes,location_type,location_name,meeting_url,address,capacity,registration_deadline,status,audience,target_department_id,created_by,created_at,updated_at,cancel_reason
d3f9df81-0269-4e4f-8f84-b362520df768,Speed meeting forum projets - Marketing - édition 0001,Networking,"Networking dédié à forum projets, conçu pour le département Marketing, avec objectifs clairs, échanges encadrés et livrables pratiques. Référence programme T2-0001.",2026-12-30 13:00:00+00:00,120,EXTERNAL,,,"Immeuble Carthage Business Center, Tunis",142,2026-12-06 11:00:00+00:00,PUBLISHED,DEPARTMENT,4,e0b41b2a-0c7b-41b4-b605-9004a85a2f65,2026-02-02 03:37:16.576112+00:00,2026-04-12 06:34:28.279025+00:00,
2523bbb1-6be5-4eca-9941-ae8a06f3a609,Journée responsable bénévolat entreprise - édition 0002,RSE,"RSE dédié à bénévolat entreprise, conçu pour tous les collaborateurs, avec objectifs clairs, échanges encadrés et livrables pratiques. Référence programme T1-0002.",2026-06-02 11:00:00+00:00,45,EXTERNAL,,,"Rue du Lac Biwa, Les Berges du Lac, Tunis",125,2026-05-29 11:00:00+00:00,REJECTED,GLOBAL,,b1b3abf0-bf40-43df-bd09-1bd861e99e17,2026-01-31 10:46:23.818869+00:00,2026-03-20 01:32:47.486104+00:00,Demande rejetée : conformité interne non validée.
31f7d096-3f06-4c78-88f5-f57c49cd1540,Afterwork innovation - édition 0003,Afterwork,"Afterwork dédié à innovation, conçu pour tous les collaborateurs, avec objectifs clairs, échanges encadrés et livrables pratiques. Référence programme T4-0003.",2026-12-04 18:45:00+00:00,150,ONSITE,Salle RH,,,87,2026-11-22 18:45:00+00:00,PENDING,GLOBAL,,b1873d56-50de-46f2-a6c2-a907abb54442,2026-04-12 23:52:54.403502+00:00,2026-04-24 17:25:02.194575+00:00,
f9c73580-29e2-4b9f-95b5-ca644fbf6287,Session valeurs feedback et transparence - Support client - édition 0004,Culture d’entreprise,"Culture d’entreprise dédié à feedback et transparence, conçu pour le département Support client, avec objectifs clairs, échanges encadrés et livrables pratiques. Référence programme T1-0004.",2026-07-24 15:30:00+00:00,90,ONLINE,,https://meet.company.example/session-valeurs-feedback-et-transparence-support-client-edition-0004,,81,2026-07-17 15:30:00+00:00,PUBLISHED,DEPARTMENT,9,054fbfd5-4987-4e74-981e-7720556bff7c,2026-03-18 09:49:03.519269+00:00,2026-04-21 15:13:08.239606+00:00,
a560bd4e-cb30-43ee-91af-4c6837282eec,Parcours engagement collaboration transversale - édition 0005,Culture d’entreprise,"Culture d’entreprise dédié à collaboration transversale, conçu pour tous les collaborateurs, avec objectifs clairs, échanges encadrés et livrables pratiques. Référence programme T2-0005.",2026-09-16 09:15:00+00:00,45,EXTERNAL,,,"Avenue Habib Bourguiba, Tunis",87,2026-08-31 08:15:00+00:00,PENDING,GLOBAL,,dfc8f475-9202-4a52-9002-24f557cc4c64,2026-03-11 20:03:12.269097+00:00,2026-04-04 18:38:39.771151+00:00,
31a7a6c8-5cc2-46b5-adfe-573cfd00515c,Rencontre culture interne rituels d’équipe - édition 0006,Culture d’entreprise,"Culture d’entreprise dédié à rituels d’équipe, conçu pour tous les collaborateurs, avec objectifs clairs, échanges encadrés et livrables pratiques. Référence programme T3-0006.",2026-12-01 16:45:00+00:00,45,ONSITE,Salle Qualité,,,178,2026-11-08 15:45:00+00:00,PUBLISHED,GLOBAL,,eb85b268-bb88-4119-939d-492d2322518f,2026-01-06 17:21:52.869224+00:00,2026-01-08 08:55:34.245096+00:00,
7ceb804d-b10a-41d4-88ca-ed69c27b4806,Rencontre santé au travail ergonomie au travail - édition 0007,Bien-être,"Bien-être dédié à ergonomie au travail, conçu pour tous les collaborateurs, avec objectifs clairs, échanges encadrés et livrables pratiques. Référence programme T2-0007.",2026-09-06 15:15:00+00:00,45,ONSITE,Salle A,,,32,2026-08-18 15:15:00+00:00,PUBLISHED,GLOBAL,,7f5ff8e9-537d-4aa6-b713-4dfdab32e67a,2026-03-08 21:51:11.521203+00:00,2026-04-19 19:24:39.824128+00:00,
5fed21d9-b15a-4c3f-9133-91649e7293fe,Lab innovation expérimentation digitale - édition 0008,Innovation,"Innovation dédié à expérimentation digitale, conçu pour tous les collaborateurs, avec objectifs clairs, échanges encadrés et livrables pratiques. Référence programme T3-0008.",2026-11-14 14:30:00+00:00,45,EXTERNAL,,,"Rue Taieb Mhiri, Tunis",45,2026-10-23 14:30:00+00:00,PUBLISHED,GLOBAL,,c31a8997-aa4f-4fcd-af44-2a2e36479c4d,2026-02-13 19:02:19.021872+00:00,2026-04-28 14:11:29.445439+00:00,
47ab9c32-9eb9-40ba-831e-c71bc4093dd8,Moment convivial finance et business - édition 0009,Afterwork,"Afterwork dédié à finance et business, conçu pour tous les collaborateurs, avec objectifs clairs, échanges encadrés et livrables pratiques. Référence programme T4-0009.",2026-08-31 18:00:00+00:00,120,ONSITE,Salle Formation,,,94,2026-08-22 15:00:00+00:00,PUBLISHED,GLOBAL,,5671894a-5a48-444a-8a73-5462d0f8e451,2026-01-12 02:42:46.286274+00:00,2026-04-03 11:54:59.252793+00:00,
c3b24c74-7c82-4d0a-b8a8-897bfbfca8be,Afterwork innovation - édition 0010,Afterwork,"Afterwork dédié à innovation, conçu pour le département Informatique, avec objectifs clairs, échanges encadrés et livrables pratiques. Référence programme T3-0010.",2026-05-02 18:15:00+00:00,150,EXTERNAL,,,"Avenue Mohamed V, Tunis",73,2026-04-26 16:15:00+00:00,DRAFT,DEPARTMENT,1,7dcdee17-8895-4c49-8c8b-2fe06574a692,2026-01-09 13:20:45.275876+00:00,2026-04-16 17:45:04.648434+00:00,
79e4e9e1-01be-46d8-bd8c-84a914c0397a,Soirée réseau convivialité - édition 0011,Afterwork,"Afterwork dédié à convivialité, conçu pour le département Support client, avec objectifs clairs, échanges encadrés et livrables pratiques. Référence programme T4-0011.",2026-04-19 18:45:00+00:00,90,ONSITE,Salle A,,,43,2026-04-06 18:45:00+00:00,ARCHIVED,DEPARTMENT,9,4126b992-e218-4090-8952-12b50eedb60c,2026-01-14 02:59:24.121912+00:00,2026-03-15 02:01:08.347014+00:00,
ab2ce376-28e6-49bb-ad6b-a99bf765862d,Parcours engagement rituels d’équipe - édition 0012,Culture d’entreprise,"Culture d’entreprise dédié à rituels d’équipe, conçu pour le département Juridique, avec objectifs clairs, échanges encadrés et livrables pratiques. Référence programme T3-0012.",2026-07-11 14:15:00+00:00,120,ONSITE,Salle Innovation,,,88,2026-07-01 13:15:00+00:00,PENDING,DEPARTMENT,10,de4286de-b923-4053-93ef-12d2821eb39f,2026-02-25 08:23:27.048380+00:00,2026-04-18 05:34:39.399047+00:00,
5fed21d9-b15a-4c3f-9133-91649e7293f6,Rencontre réseau communautés internes - édition 0013,Networking,"Networking dédié à communautés internes, conçu pour tous les collaborateurs, avec objectifs clairs, échanges encadrés et livrables pratiques. Référence programme T4-0013.",2026-08-19 15:30:00+00:00,45,ONSITE,Salle Réunion B,,,94,2026-08-15 12:30:00+00:00,REJECTED,GLOBAL,,d46a3b65-b3c2-4019-9b15-047e249159c1,2026-02-10 10:52:32.879606+00:00,2026-03-15 01:39:53.002706+00:00,Demande rejetée : objectifs insuffisamment définis.
7026d60f-f565-42d1-bc6c-d1fa27896870,Speed meeting experts internes - édition 0014,Networking,"Networking dédié à experts internes, conçu pour tous les collaborateurs, avec objectifs clairs, échanges encadrés et livrables pratiques. Référence programme T3-0014.",2026-11-25 13:15:00+00:00,60,ONSITE,Lab IoT,,,117,2026-11-20 10:15:00+00:00,PUBLISHED,GLOBAL,,a41333e5-1570-46d3-b7f0-bef8202da882,2026-03-26 07:30:12.083691+00:00,2026-03-31 05:04:18.015349+00:00,
a68d1d6d-78d0-419e-add9-752e32804859,Hackathon expérimentation digitale - Support client - édition 0015,Innovation,"Innovation dédié à expérimentation digitale, conçu pour le département Support client, avec objectifs clairs, échanges encadrés et livrables pratiques. Référence programme T4-0015.",2026-06-26 09:30:00+00:00,60,ONSITE,Salle Formation,,,66,2026-06-21 08:30:00+00:00,DRAFT,DEPARTMENT,9,1a5ca586-55ef-4c1b-9c5f-2f5b56931420,2026-04-03 04:16:20.424108+00:00,2026-04-06 01:51:16.705265+00:00,
ab2ce376-28e6-49bb-ad6b-a99bf7658626,Atelier RSE réduction carbone - édition 0016,RSE,"RSE dédié à réduction carbone, conçu pour le département Ventes, avec objectifs clairs, échanges encadrés et livrables pratiques. Référence programme T2-0016.",2026-09-26 09:00:00+00:00,45,EXTERNAL,,,"Technopole El Ghazala, Ariana",148,2026-09-13 06:00:00+00:00,PUBLISHED,DEPARTMENT,5,1f386289-521a-489e-a60a-2c215d2f95e7,2026-02-09 03:34:20.720825+00:00,2026-02-23 08:20:45.228678+00:00,
9213d23d-3be1-4ac8-b074-0c9225610db6,Session en ligne cybersécurité au quotidien - édition 0017,Webinaire,"Webinaire dédié à cybersécurité au quotidien, conçu pour le département Informatique, avec objectifs clairs, échanges encadrés et livrables pratiques. Référence programme T4-0017.",2026-04-03 14:00:00+00:00,60,ONLINE,,https://meet.company.example/session-en-ligne-cybersecurite-au-quotidien-edition-0017,,381,2026-03-12 13:00:00+00:00,PUBLISHED,DEPARTMENT,1,233d2989-90d7-4cf0-9bea-58a5e4bac3d2,2026-02-17 07:21:52.678804+00:00,2026-03-27 23:05:03.617607+00:00,
73bd980f-910f-4f26-ab3f-fd9132a7da82,Session de formation cloud computing - édition 0018,Formation,"Formation dédié à cloud computing, conçu pour le département Marketing, avec objectifs clairs, échanges encadrés et livrables pratiques. Référence programme T2-0018.",2026-11-15 10:00:00+00:00,180,EXTERNAL,,,"Parc technologique, Ariana",29,2026-11-10 09:00:00+00:00,PUBLISHED,DEPARTMENT,4,33a01618-4870-40e7-82ee-dd8ab9825756,2026-03-23 08:06:27.520228+00:00,2026-04-29 19:53:28.355245+00:00,
197a1d29-795a-48ce-b985-599dec112422,Soirée réseau culture interne - Juridique - édition 0019,Afterwork,"Afterwork dédié à culture interne, conçu pour le département Juridique, avec objectifs clairs, échanges encadrés et livrables pratiques. Référence programme T4-0019.",2026-12-08 19:15:00+00:00,120,ONSITE,Espace détente,,,88,2026-12-04 17:15:00+00:00,PUBLISHED,DEPARTMENT,10,e3a19585-197c-4218-9d75-752360108ba0,2026-02-03 23:22:57.338895+00:00,2026-03-20 18:37:49.965670+00:00,
75f8de26-2b99-4304-9613-f77a790cce1c,Rencontre santé au travail respiration et concentration - Support client - édition 0020,Bien-être,"Bien-être dédié à respiration et concentration, conçu pour le département Support client, avec objectifs clairs, échanges encadrés et livrables pratiques. Référence programme T2-0020.",2026-10-27 13:30:00+00:00,60,ONSITE,Salle Réunion B,,,66,2026-10-14 11:30:00+00:00,PENDING,DEPARTMENT,9,ea31e60e-7c45-4d0d-a72a-9b1bff423649,2026-01-31 14:40:16.463051+00:00,2026-04-23 15:07:02.231817+00:00,
6f23c9a9-ae98-4062-bdd8-8532ff1dde3c,Parcours pratique SQL avancé - édition 0021,Formation,"Formation dédié à SQL avancé, conçu pour le département IoT, avec objectifs clairs, échanges encadrés et livrables pratiques. Référence programme T2-0021.",2026-03-04 10:00:00+00:00,120,ONSITE,Salle Réunion B,,,12,2026-02-12 09:00:00+00:00,PUBLISHED,DEPARTMENT,7,eaaf4ff9-389b-4404-8570-7d2997f37220,2026-01-12 20:44:24.086881+00:00,2026-03-01 22:50:43.239607+00:00,
02a1a190-06f8-4ed7-a30a-01b1a8e047be,Challenge collectif défi inter-départements - édition 0022,Team building,"Team building dédié à défi inter-départements, conçu pour le département Qualité, avec objectifs clairs, échanges encadrés et livrables pratiques. Référence programme T3-0022.",2026-09-18 09:45:00+00:00,90,ONSITE,Salle Formation,,,36,2026-09-15 07:45:00+00:00,PUBLISHED,DEPARTMENT,8,109b05da-c32d-498a-baf2-dece7d8c5d21,2026-04-17 09:55:52.684197+00:00,2026-05-01 04:31:54.193269+00:00,
43c5ec7e-1f19-4c55-98c7-a902009e58a8,Speed meeting forum projets - édition 0023,Networking,"Networking dédié à forum projets, conçu pour le département Qualité, avec objectifs clairs, échanges encadrés et livrables pratiques. Référence programme T4-0023.",2026-04-04 13:15:00+00:00,60,ONLINE,,https://meet.company.example/speed-meeting-forum-projets-edition-0023,,182,2026-03-29 13:15:00+00:00,ARCHIVED,DEPARTMENT,8,0b72711e-4f6c-4326-9ddc-3f48887a46f7,2026-02-26 21:33:08.984392+00:00,2026-04-03 20:13:13.199506+00:00,
590b2357-9068-4e8f-bf38-5e5c3a4b0b3b,Rencontre santé au travail équilibre professionnel - édition 0024,Bien-être,"Bien-être dédié à équilibre professionnel, conçu pour le département Qualité, avec objectifs clairs, échanges encadrés et livrables pratiques. Référence programme T4-0024.",2026-05-30 10:45:00+00:00,120,ONSITE,Auditorium,,,19,2026-05-17 07:45:00+00:00,PUBLISHED,DEPARTMENT,8,8f774f8b-da2a-4c78-929b-0896a8c710b9,2026-03-09 20:33:38.102654+00:00,2026-04-15 13:24:28.680516+00:00,
9fc7b5d4-8851-4edd-8273-8dc057e5f514,Atelier gestion budgétaire - édition 0025,Atelier,"Atelier dédié à gestion budgétaire, conçu pour le département Développement, avec objectifs clairs, échanges encadrés et livrables pratiques. Référence programme T3-0025.",2026-12-10 14:30:00+00:00,120,EXTERNAL,,,"Avenue Habib Bourguiba, Tunis",36,2026-11-21 11:30:00+00:00,PENDING,DEPARTMENT,6,f88e79f6-5cdb-401c-9b0a-0035434d7b18,2026-01-02 02:59:40.367089+00:00,2026-04-06 22:52:58.453656+00:00,
9fc7b5d4-8851-4edd-8273-8dc057e5f51a,Session en ligne IoT et capteurs - édition 0026,Webinaire,"Webinaire dédié à IoT et capteurs, conçu pour le département Achats, avec objectifs clairs, échanges encadrés et livrables pratiques. Référence programme T2-0026.",2026-05-05 14:00:00+00:00,60,ONLINE,,https://meet.company.example/session-en-ligne-iot-et-capteurs-edition-0026,,498,2026-04-23 12:00:00+00:00,PUBLISHED,DEPARTMENT,11,de793784-3e9c-4a5b-a50b-5e1a0437bd90,2026-02-05 20:51:29.378430+00:00,2026-03-07 12:45:47.079886+00:00,
25a3fcfe-0cff-4036-a5c9-84a8c77e598d,Keynote interne transformation digitale - édition 0027,Conférence,"Conférence dédié à transformation digitale, conçu pour le département Qualité, avec objectifs clairs, échanges encadrés et livrables pratiques. Référence programme T3-0027.",2026-05-01 15:15:00+00:00,90,ONSITE,Lab IoT,,,41,2026-04-26 13:15:00+00:00,PUBLISHED,DEPARTMENT,8,08dc70fc-64c7-4fb3-ab1f-76c43226fdbf,2026-03-12 01:52:29.471485+00:00,2026-04-06 08:14:42.194250+00:00,
47dd6aba-71ee-413c-9e89-1201e9c52892,Rencontre informelle convivialité - édition 0028,Afterwork,"Afterwork dédié à convivialité, conçu pour le département Communication interne, avec objectifs clairs, échanges encadrés et livrables pratiques. Référence programme T2-0028.",2026-06-25 19:00:00+00:00,90,ONSITE,Salle Finance,,,69,2026-06-01 16:00:00+00:00,PUBLISHED,DEPARTMENT,12,33a01618-4870-40e7-82ee-dd8ab9825756,2026-02-08 04:32:13.612929+00:00,2026-04-27 02:33:06.304444+00:00,
963de632-17f0-4822-85a5-47f1d8fe9a10,Atelier innovation innovation ouverte - édition 0029,Innovation,"Innovation dédié à innovation ouverte, conçu pour le département IoT, avec objectifs clairs, échanges encadrés et livrables pratiques. Référence programme T2-0029.",2026-06-30 15:30:00+00:00,90,ONLINE,,https://meet.company.example/atelier-innovation-innovation-ouverte-edition-0029,,13,2026-06-07 12:30:00+00:00,DRAFT,DEPARTMENT,7,d7187d09-a013-49c8-a1b3-d822b39752f7,2026-04-02 22:19:14.661452+00:00,2026-04-04 21:45:03.320212+00:00,
ef2cb6f2-25e7-44fd-a839-25b9093cfbc6,Formation finance pour non financiers - édition 0030,Formation,"Formation dédié à finance pour non financiers, conçu pour le département Communication interne, avec objectifs clairs, échanges encadrés et livrables pratiques. Référence programme T3-0030.",2026-05-03 15:45:00+00:00,60,ONSITE,Salle RH,,,59,2026-04-09 14:45:00+00:00,DRAFT,DEPARTMENT,12,f2adb223-abf2-4dde-8eb2-d0e031d07e62,2026-01-30 13:39:26.309886+00:00,2026-03-02 08:23:33.919251+00:00,
8ecf0a7c-2549-4d32-8cbe-935910631973,Afterwork innovation - édition 0031,Afterwork,"Afterwork dédié à innovation, conçu pour tous les collaborateurs, avec objectifs clairs, échanges encadrés et livrables pratiques. Référence programme T2-0031.",2026-12-25 19:45:00+00:00,90,ONSITE,Salle Innovation,,,87,2026-12-21 17:45:00+00:00,PUBLISHED,GLOBAL,,c590c49a-6aa2-4b9e-b7ef-8de08d64a34f,2026-03-20 16:34:07.054236+00:00,2026-04-16 02:39:52.573350+00:00,
2f262fee-a22a-4460-a6e3-89ef01e4edf5,Webinaire bien-être au travail - Marketing - édition 0032,Webinaire,"Webinaire dédié à bien-être au travail, conçu pour le département Marketing, avec objectifs clairs, échanges encadrés et livrables pratiques. Référence programme T3-0032.",2026-12-09 09:45:00+00:00,30,ONLINE,,https://meet.company.example/webinaire-bien-etre-au-travail-marketing-edition-0032,,397,2026-11-24 09:45:00+00:00,PUBLISHED,DEPARTMENT,4,8d2bc111-e2d5-4410-8e67-899490f0e458,2026-02-20 13:45:28.822795+00:00,2026-03-05 01:40:27.214842+00:00,
414b29f1-be85-445c-a3f9-da4e3634cb2a,Hackathon idées produit - édition 0033,Innovation,"Innovation dédié à idées produit, conçu pour le département Développement, avec objectifs clairs, échanges encadrés et livrables pratiques. Référence programme T1-0033.",2026-05-05 11:00:00+00:00,90,ONSITE,Lab IoT,,,63,2026-04-21 11:00:00+00:00,DRAFT,DEPARTMENT,6,adf357bf-a6ea-435e-84dc-d92ef2f7cde4,2026-01-17 19:21:55.520335+00:00,2026-03-23 22:15:08.588207+00:00,
6272412f-88a3-4ecc-b97d-dd3179d8bb18,Challenge collectif défi inter-départements - Support client - édition 0034,Team building,"Team building dédié à défi inter-départements, conçu pour le département Support client, avec objectifs clairs, échanges encadrés et livrables pratiques. Référence programme T4-0034.",2026-07-03 09:45:00+00:00,120,ONSITE,Salle RH,,,34,2026-06-09 06:45:00+00:00,PUBLISHED,DEPARTMENT,9,38f613ea-5861-4cc9-b537-b6b20e606666,2026-04-27 18:35:30.072886+00:00,2026-04-30 20:32:26.120905+00:00,
27f26d0c-c3b6-4bf1-94bd-fc45e085e699,Live interne cybersécurité au quotidien - édition 0035,Webinaire,"Webinaire dédié à cybersécurité au quotidien, conçu pour le département Communication interne, avec objectifs clairs, échanges encadrés et livrables pratiques. Référence programme T4-0035.",2026-11-25 16:00:00+00:00,90,ONLINE,,https://meet.company.example/live-interne-cybersecurite-au-quotidien-edition-0035,,248,2026-11-23 13:00:00+00:00,PUBLISHED,DEPARTMENT,12,1265fdd8-49bb-4b65-8420-9820ac749a6a,2026-02-13 04:51:05.783610+00:00,2026-03-03 04:44:49.070143+00:00,
2c74c491-cde5-4213-be45-126d5dfb0057,Hackathon innovation ouverte - édition 0036,Innovation,"Innovation dédié à innovation ouverte, conçu pour tous les collaborateurs, avec objectifs clairs, échanges encadrés et livrables pratiques. Référence programme T3-0036.",2026-12-19 09:00:00+00:00,90,ONSITE,Auditorium,,,108,2026-12-03 06:00:00+00:00,PUBLISHED,GLOBAL,,671eb403-5ad4-4085-bf1b-c397caf5df96,2026-01-19 18:40:45.686845+00:00,2026-03-30 19:25:45.350304+00:00,
4eb31cab-9938-4750-b8f2-1534f43b968a,Networking partage d’expérience - édition 0037,Networking,"Networking dédié à partage d’expérience, conçu pour tous les collaborateurs, avec objectifs clairs, échanges encadrés et livrables pratiques. Référence programme T3-0037.",2026-03-10 13:30:00+00:00,90,ONLINE,,https://meet.company.example/networking-partage-d-experience-edition-0037,,51,2026-02-19 11:30:00+00:00,ARCHIVED,GLOBAL,,fcde4003-2759-47b7-b54d-25da4c86740a,2026-02-06 01:02:38.991286+00:00,2026-02-19 01:04:05.731761+00:00,
cd63bdb1-0f72-4812-9faf-a3f087b427ea,Rencontre expert expérience client - Développement - édition 0038,Conférence,"Conférence dédié à expérience client, conçu pour le département Développement, avec objectifs clairs, échanges encadrés et livrables pratiques. Référence programme T1-0038.",2026-06-04 13:15:00+00:00,45,ONLINE,,https://meet.company.example/rencontre-expert-experience-client-developpement-edition-0038,,215,2026-05-12 13:15:00+00:00,PENDING,DEPARTMENT,6,586058b9-99bc-4600-9f37-87111fcaf37e,2026-03-29 14:31:47.708246+00:00,2026-04-26 10:14:39.275536+00:00,
16fd55b8-5dd8-474a-a8bd-d400b874f67a,Atelier cohésion cohésion d’équipe - édition 0039,Team building,"Team building dédié à cohésion d’équipe, conçu pour tous les collaborateurs, avec objectifs clairs, échanges encadrés et livrables pratiques. Référence programme T2-0039.",2026-06-03 11:30:00+00:00,90,ONSITE,Salle Qualité,,,26,2026-05-15 10:30:00+00:00,CANCELLED,GLOBAL,,71c79692-c503-4f92-9e3b-427e5c06bcf3,2026-01-10 01:49:18.127238+00:00,2026-04-23 07:00:27.669834+00:00,Intervenant indisponible à la date prévue.
56b96c96-5d7b-4947-ad8d-2a21b22d4e3a,Atelier collaboratif idéation produit - Finance - édition 0040,Atelier,"Atelier dédié à idéation produit, conçu pour le département Finance, avec objectifs clairs, échanges encadrés et livrables pratiques. Référence programme T3-0040.",2026-05-12 10:00:00+00:00,180,ONSITE,Salle Réunion B,,,21,2026-04-24 10:00:00+00:00,PUBLISHED,DEPARTMENT,3,78c254c8-e08c-423c-b031-4de7e4eb1f25,2026-03-20 05:17:31.900130+00:00,2026-04-24 20:26:11.134506+00:00,
6dfa4b6c-5b6a-4343-a1e0-99c86507b4a2,Hackathon prototypage rapide - édition 0041,Innovation,"Innovation dédié à prototypage rapide, conçu pour tous les collaborateurs, avec objectifs clairs, échanges encadrés et livrables pratiques. Référence programme T3-0041.",2026-07-06 14:45:00+00:00,45,EXTERNAL,,,"Rue Taieb Mhiri, Tunis",40,2026-07-01 11:45:00+00:00,PUBLISHED,GLOBAL,,d6fe6795-80b6-44d5-81a2-ba29873a9947,2026-03-19 04:25:42.619909+00:00,2026-04-18 17:44:17.654093+00:00,
4364847c-5790-451a-bb0e-54833bb275eb,Workshop idéation produit - édition 0042,Atelier,"Atelier dédié à idéation produit, conçu pour le département Juridique, avec objectifs clairs, échanges encadrés et livrables pratiques. Référence programme T1-0042.",2026-11-18 11:00:00+00:00,90,ONSITE,Lab IoT,,,12,2026-10-25 10:00:00+00:00,PUBLISHED,DEPARTMENT,10,9dd603d9-070f-421c-9578-652d098d33ae,2026-03-21 23:12:44.823552+00:00,2026-04-03 05:12:22.398226+00:00,
a894f308-8365-4ac2-b90d-3d55405fcc3d,Webinaire marketing digital - édition 0043,Webinaire,"Webinaire dédié à marketing digital, conçu pour le département Achats, avec objectifs clairs, échanges encadrés et livrables pratiques. Référence programme T2-0043.",2026-06-16 09:00:00+00:00,60,ONLINE,,https://meet.company.example/webinaire-marketing-digital-edition-0043,,439,2026-06-02 06:00:00+00:00,PENDING,DEPARTMENT,11,5bba076a-bfef-4cf9-be7b-eaf7160e722e,2026-01-02 19:03:40.677919+00:00,2026-02-06 04:03:55.503682+00:00,
4725daa5-e75f-489b-977d-9e1a52d5d6f0,Pause prévention santé mentale - Communication interne - édition 0044,Bien-être,"Bien-être dédié à santé mentale, conçu pour le département Communication interne, avec objectifs clairs, échanges encadrés et livrables pratiques. Référence programme T4-0044.",2026-06-07 15:45:00+00:00,90,ONLINE,,https://meet.company.example/pause-prevention-sante-mentale-communication-interne-edition-0044,,14,2026-05-26 14:45:00+00:00,REJECTED,DEPARTMENT,12,4fd7b80e-d72e-42b6-8127-2b77a2ab3795,2026-03-09 13:20:43.481138+00:00,2026-04-18 00:52:07.737017+00:00,Demande rejetée : contenu similaire déjà planifié.
b3115164-4e9b-4bc2-a159-ec4bf11de6d7,Challenge collectif résolution de problèmes - Achats - édition 0045,Team building,"Team building dédié à résolution de problèmes, conçu pour le département Achats, avec objectifs clairs, échanges encadrés et livrables pratiques. Référence programme T1-0045.",2026-03-17 10:15:00+00:00,120,ONSITE,Salle Formation,,,56,2026-03-04 09:15:00+00:00,ARCHIVED,DEPARTMENT,11,8d88e517-90c5-4bdc-ab37-50e7d4be7387,2026-01-08 10:02:25.955704+00:00,2026-03-08 06:57:08.420883+00:00,
5fbe9325-fc7a-4484-89c9-2cb427003f58,Lab innovation idées produit - IoT - édition 0046,Innovation,"Innovation dédié à idées produit, conçu pour le département IoT, avec objectifs clairs, échanges encadrés et livrables pratiques. Référence programme T4-0046.",2026-09-17 09:45:00+00:00,90,ONLINE,,https://meet.company.example/lab-innovation-idees-produit-iot-edition-0046,,109,2026-09-06 08:45:00+00:00,PUBLISHED,DEPARTMENT,7,5147885c-e8a5-473d-88c2-92f1ac8aaab2,2026-03-12 14:20:36.571531+00:00,2026-04-01 11:33:51.652962+00:00,
f059e492-b15c-457b-9006-0c4d2fe094d4,Pause prévention gestion du stress - édition 0047,Bien-être,"Bien-être dédié à gestion du stress, conçu pour tous les collaborateurs, avec objectifs clairs, échanges encadrés et livrables pratiques. Référence programme T4-0047.",2026-10-12 15:30:00+00:00,45,ONSITE,Lab IoT,,,7,2026-10-10 13:30:00+00:00,PENDING,GLOBAL,,6151b758-ed55-4110-888e-d438d334a8e8,2026-02-10 19:17:59.499886+00:00,2026-04-14 04:04:55.288813+00:00,
657e8846-daba-4343-8553-9a4f5072e3a8,Atelier innovation lab IA - édition 0048,Innovation,"Innovation dédié à lab IA, conçu pour tous les collaborateurs, avec objectifs clairs, échanges encadrés et livrables pratiques. Référence programme T1-0048.",2026-06-05 10:30:00+00:00,90,ONSITE,Auditorium,,,104,2026-05-15 07:30:00+00:00,CANCELLED,GLOBAL,,500e7caa-bf0e-48e3-baf1-303ab0dbca43,2026-02-28 22:30:00.345607+00:00,2026-03-16 00:56:06.761691+00:00,Conflit de planning avec un événement prioritaire.
4da316bb-8aa8-4bbb-ad10-3b47582b7c4c,Initiative durable solidarité locale - Ressources humaines - édition 0049,RSE,"RSE dédié à solidarité locale, conçu pour le département Ressources humaines, avec objectifs clairs, échanges encadrés et livrables pratiques. Référence programme T3-0049.",2026-12-11 09:15:00+00:00,45,ONLINE,,https://meet.company.example/initiative-durable-solidarite-locale-ressources-humaines-edition-0049,,233,2026-12-03 08:15:00+00:00,PUBLISHED,DEPARTMENT,2,d03f66d8-d99b-4671-a0db-107d9ed5e8e4,2026-04-14 21:45:01.874571+00:00,2026-04-28 01:10:03.629783+00:00,
d54a6f3b-25b1-45fb-89f2-6a37558580a7,Rencontre culture interne feedback et transparence - édition 0050,Culture d’entreprise,"Culture d’entreprise dédié à feedback et transparence, conçu pour tous les collaborateurs, avec objectifs clairs, échanges encadrés et livrables pratiques. Référence programme T1-0050.",2026-04-14 15:45:00+00:00,45,EXTERNAL,,,"Rue du Lac Biwa, Les Berges du Lac, Tunis",62,2026-03-21 14:45:00+00:00,CANCELLED,GLOBAL,,6bd3493e-fd88-4531-b028-16a597e8c121,2026-01-30 08:12:38.933390+00:00,2026-01-31 07:51:51.844839+00:00,Objectifs de l’événement à clarifier avant relance.
27f26d0c-c3b6-4bf1-94bd-fc45e085e698,Culture d’entreprise onboarding culturel - édition 0051,Culture d’entreprise,"Culture d’entreprise dédié à onboarding culturel, conçu pour tous les collaborateurs, avec objectifs clairs, échanges encadrés et livrables pratiques. Référence programme T2-0051.",2026-11-25 11:15:00+00:00,120,ONLINE,,https://meet.company.example/culture-d-entreprise-onboarding-culturel-edition-0051,,113,2026-11-17 09:15:00+00:00,PUBLISHED,GLOBAL,,8109e1d3-64d6-452e-8d2d-8f0129c10b07,2026-03-23 08:32:01.059471+00:00,2026-04-25 12:32:48.802078+00:00,
90335781-0929-454c-b224-2b49f004557d,Moment convivial convivialité - édition 0052,Afterwork,"Afterwork dédié à convivialité, conçu pour le département Marketing, avec objectifs clairs, échanges encadrés et livrables pratiques. Référence programme T1-0052.",2026-09-15 18:00:00+00:00,90,ONSITE,Auditorium,,,51,2026-08-23 15:00:00+00:00,PUBLISHED,DEPARTMENT,4,56e09b90-5896-4653-a6d0-833a2aaf2380,2026-04-23 02:59:41.256716+00:00,2026-04-23 21:09:58.658651+00:00,
id,Présentation digitale reporting financier - édition 0053,Webinaire,"Webinaire dédié à reporting financier, conçu pour le département Marketing, avec objectifs clairs, échanges encadrés et livrables pratiques. Référence programme T1-0053.",2026-05-14 15:15:00+00:00,60,ONLINE,,https://meet.company.example/presentation-digitale-reporting-financier-edition-0053,,314,2026-05-10 14:15:00+00:00,PUBLISHED,DEPARTMENT,4,97fc9842-4aa8-4e8a-984d-00e4ebae786f,2026-04-28 19:16:51.446326+00:00,2026-04-29 22:30:41.405427+00:00,
9c5995e3-33ff-4dde-b5a5-c996c2a300b3,Action RSE réduction carbone - Marketing - édition 0054,RSE,"RSE dédié à réduction carbone, conçu pour le département Marketing, avec objectifs clairs, échanges encadrés et livrables pratiques. Référence programme T1-0054.",2026-10-02 13:45:00+00:00,90,ONLINE,,https://meet.company.example/action-rse-reduction-carbone-marketing-edition-0054,,250,2026-09-10 10:45:00+00:00,PUBLISHED,DEPARTMENT,4,a0f6c262-a0ec-4b15-804b-15a46fdd8632,2026-02-01 10:52:03.044924+00:00,2026-02-11 20:56:22.190692+00:00,
afbea373-e496-44fe-b18e-3abb08d2ece0,Rencontre expert transformation digitale - édition 0055,Conférence,"Conférence dédié à transformation digitale, conçu pour le département Qualité, avec objectifs clairs, échanges encadrés et livrables pratiques. Référence programme T1-0055.",2026-07-25 10:45:00+00:00,120,ONSITE,Salle Qualité,,,231,2026-07-23 07:45:00+00:00,PUBLISHED,DEPARTMENT,8,40bd5505-6dbf-49ae-817e-6ca216a5630f,2026-03-06 20:41:54.342625+00:00,2026-03-20 04:11:00.150298+00:00,
321f065f-d1e9-4ed2-85c9-3ed99c9c616c,Atelier RSE achats responsables - édition 0056,RSE,"RSE dédié à achats responsables, conçu pour le département Communication interne, avec objectifs clairs, échanges encadrés et livrables pratiques. Référence programme T1-0056.",2026-10-28 15:00:00+00:00,45,ONLINE,,https://meet.company.example/atelier-rse-achats-responsables-edition-0056,,152,2026-10-12 12:00:00+00:00,DRAFT,DEPARTMENT,12,770e95a3-7660-43c7-813b-e5d70b9b2ee1,2026-01-08 16:03:00.018017+00:00,2026-01-25 23:19:23.100443+00:00,
9c46d778-d5b2-4de4-9672-aaa31e85b4ad,Parcours engagement feedback et transparence - édition 0057,Culture d’entreprise,"Culture d’entreprise dédié à feedback et transparence, conçu pour tous les collaborateurs, avec objectifs clairs, échanges encadrés et livrables pratiques. Référence programme T1-0057.",2026-11-23 10:00:00+00:00,45,ONSITE,Salle B,,,109,2026-11-14 07:00:00+00:00,CANCELLED,GLOBAL,,d2143c02-7643-4dad-9edd-73d7e485eec7,2026-02-21 13:23:11.271589+00:00,2026-03-08 22:53:12.186949+00:00,Conflit de planning avec un événement prioritaire.
685eab0b-417d-4cb4-916d-1e7ea0e5e5d7,Session de formation contrats et conformité - édition 0058,Formation,"Formation dédié à contrats et conformité, conçu pour tous les collaborateurs, avec objectifs clairs, échanges encadrés et livrables pratiques. Référence programme T1-0058.",2026-03-15 15:30:00+00:00,180,ONLINE,,https://meet.company.example/session-de-formation-contrats-et-conformite-edition-0058,,9,2026-02-21 13:30:00+00:00,ARCHIVED,GLOBAL,,ea36f8c9-4d00-4fba-b63b-acf0a7b24913,2026-01-03 23:42:56.550802+00:00,2026-02-25 21:40:55.756037+00:00,
1250fe77-e0b6-44ab-aa71-ef2bbf882f8f,Atelier innovation lab IA - édition 0059,Innovation,"Innovation dédié à lab IA, conçu pour tous les collaborateurs, avec objectifs clairs, échanges encadrés et livrables pratiques. Référence programme T4-0059.",2026-09-22 14:00:00+00:00,120,ONSITE,Salle Qualité,,,36,2026-09-18 11:00:00+00:00,REJECTED,GLOBAL,,9246a4a8-fa4c-48db-84c1-bcec80300b95,2026-04-02 07:32:22.186379+00:00,2026-04-14 18:40:11.762766+00:00,Demande rejetée : audience cible trop large.
35d639cc-03f2-4ad4-8291-090f1906e872,Culture d’entreprise collaboration transversale - Informatique - édition 0060,Culture d’entreprise,"Culture d’entreprise dédié à collaboration transversale, conçu pour le département Informatique, avec objectifs clairs, échanges encadrés et livrables pratiques. Référence programme T1-0060.",2026-04-12 09:45:00+00:00,120,ONSITE,Salle B,,,162,2026-04-09 09:45:00+00:00,CANCELLED,DEPARTMENT,1,0642ecad-a158-4e54-85b7-a07bbaf1092f,2026-03-07 15:27:51.212713+00:00,2026-03-14 08:52:10.960610+00:00,Salle ou ressource indisponible.
097c46e4-9ca5-4bf9-abf6-29e480551b37,Networking speed networking - Finance - édition 0061,Networking,"Networking dédié à speed networking, conçu pour le département Finance, avec objectifs clairs, échanges encadrés et livrables pratiques. Référence programme T3-0061.",2026-09-10 10:00:00+00:00,90,ONLINE,,https://meet.company.example/networking-speed-networking-finance-edition-0061,,170,2026-08-25 08:00:00+00:00,PUBLISHED,DEPARTMENT,3,e85bf3a0-343f-43c6-9d3c-0139253eb5fe,2026-03-13 03:51:39.062363+00:00,2026-03-13 21:01:07.136031+00:00,
e99fc2a0-ee27-4057-8561-cc454e97c406,Rencontre culture interne feedback et transparence - Informatique - édition 0062,Culture d’entreprise,"Culture d’entreprise dédié à feedback et transparence, conçu pour le département Informatique, avec objectifs clairs, échanges encadrés et livrables pratiques. Référence programme T1-0062.",2026-12-19 09:00:00+00:00,90,ONSITE,Salle A,,,238,2026-11-30 07:00:00+00:00,PENDING,DEPARTMENT,1,241a414d-fb4b-4547-8d2a-86a522a57210,2026-03-14 08:00:49.744887+00:00,2026-05-01 09:04:19.696446+00:00,
fc34e1fc-4661-4a79-8177-57658ee1d856,Live interne IoT et capteurs - édition 0063,Webinaire,"Webinaire dédié à IoT et capteurs, conçu pour tous les collaborateurs, avec objectifs clairs, échanges encadrés et livrables pratiques. Référence programme T3-0063.",2026-03-02 09:00:00+00:00,45,ONLINE,,https://meet.company.example/live-interne-iot-et-capteurs-edition-0063,,145,2026-02-09 06:00:00+00:00,PUBLISHED,GLOBAL,,bb262322-0e8b-4c64-957d-3ecaf2e87b49,2026-01-02 00:50:16.127349+00:00,2026-02-09 02:31:13.263393+00:00,
c587b719-9e48-4fb4-bd7f-b3a47036f363,Module d’apprentissage gestion de projet - Finance - édition 0064,Formation,"Formation dédié à gestion de projet, conçu pour le département Finance, avec objectifs clairs, échanges encadrés et livrables pratiques. Référence programme T2-0064.",2026-10-28 14:45:00+00:00,180,ONSITE,Salle Formation,,,71,2026-10-16 12:45:00+00:00,PUBLISHED,DEPARTMENT,3,50e23573-ed49-4a5a-a274-62ac3d92fa00,2026-02-14 16:33:25.046449+00:00,2026-03-16 21:24:09.321398+00:00,
2bf86b0c-d22a-4f62-894f-818dcf351857,Module d’apprentissage SQL avancé - édition 0065,Formation,"Formation dédié à SQL avancé, conçu pour le département Communication interne, avec objectifs clairs, échanges encadrés et livrables pratiques. Référence programme T2-0065.",2026-03-13 14:00:00+00:00,180,ONSITE,Salle B,,,80,2026-03-04 13:00:00+00:00,PUBLISHED,DEPARTMENT,12,2b2c1a3c-9712-41b8-86c7-afa44d9e0665,2026-01-08 10:55:27.341449+00:00,2026-01-31 11:44:00.544648+00:00,
ac26fd8d-c517-4688-bef2-c5c201e2ff96,Lab innovation automatisation métier - édition 0066,Innovation,"Innovation dédié à automatisation métier, conçu pour tous les collaborateurs, avec objectifs clairs, échanges encadrés et livrables pratiques. Référence programme T1-0066.",2026-04-22 10:00:00+00:00,45,EXTERNAL,,,"Technopole El Ghazala, Ariana",26,2026-04-02 09:00:00+00:00,ARCHIVED,GLOBAL,,04ebe506-cbfc-450e-9f9f-21e8320c892b,2026-02-02 04:30:44.340259+00:00,2026-02-16 13:45:50.575176+00:00,
054ba1a5-6c55-41b3-a4cd-cc4701fe52c7,Table ronde culture agile - édition 0067,Conférence,"Conférence dédié à culture agile, conçu pour tous les collaborateurs, avec objectifs clairs, échanges encadrés et livrables pratiques. Référence programme T1-0067.",2026-10-16 09:30:00+00:00,45,ONLINE,,https://meet.company.example/table-ronde-culture-agile-edition-0067,,196,2026-09-22 07:30:00+00:00,REJECTED,GLOBAL,,16aecb05-9ec8-4d03-8476-a54437617f6a,2026-04-12 00:33:01.829208+00:00,2026-04-30 21:33:04.094430+00:00,Demande rejetée : audience cible trop large.
39470715-98e8-40aa-bd3c-5c4b6ae7fe66,Rencontre culture interne feedback et transparence - édition 0068,Culture d’entreprise,"Culture d’entreprise dédié à feedback et transparence, conçu pour tous les collaborateurs, avec objectifs clairs, échanges encadrés et livrables pratiques. Référence programme T4-0068.",2026-12-12 14:00:00+00:00,90,EXTERNAL,,,"Rue du Lac Biwa, Les Berges du Lac, Tunis",185,2026-11-23 12:00:00+00:00,PUBLISHED,GLOBAL,,ad184e40-aa0e-44d2-bd36-24c1cc63cd67,2026-02-16 05:30:08.266544+00:00,2026-02-28 02:56:17.200054+00:00,
f417cae9-99a3-4001-9226-c83e63fda347,Workshop design thinking - Juridique - édition 0069,Atelier,"Atelier dédié à design thinking, conçu pour le département Juridique, avec objectifs clairs, échanges encadrés et livrables pratiques. Référence programme T2-0069.",2026-04-28 15:00:00+00:00,180,ONSITE,Salle Finance,,,70,2026-04-14 13:00:00+00:00,PUBLISHED,DEPARTMENT,10,1265fdd8-49bb-4b65-8420-9820ac749a6a,2026-01-07 17:09:21.619133+00:00,2026-01-28 00:05:32.866832+00:00,
dd0c16c0-4b79-4f6d-9e9b-9c0c1e3629f6,Speed meeting partage d’expérience - édition 0070,Networking,"Networking dédié à partage d’expérience, conçu pour tous les collaborateurs, avec objectifs clairs, échanges encadrés et livrables pratiques. Référence programme T1-0070.",2026-09-22 14:45:00+00:00,120,ONLINE,,https://meet.company.example/speed-meeting-partage-d-experience-edition-0070,,151,2026-08-31 13:45:00+00:00,CANCELLED,GLOBAL,,4f401a8b-a036-4ae4-ac18-f69336a55209,2026-04-04 02:40:56.464909+00:00,2026-04-20 01:13:50.717295+00:00,Salle ou ressource indisponible.
b6075cac-0d08-42ad-bb6f-72d804a4abb6,Formation contrats et conformité - édition 0071,Formation,"Formation dédié à contrats et conformité, conçu pour tous les collaborateurs, avec objectifs clairs, échanges encadrés et livrables pratiques. Référence programme T1-0071.",2026-03-19 09:45:00+00:00,180,ONLINE,,https://meet.company.example/formation-contrats-et-conformite-edition-0071,,32,2026-03-10 07:45:00+00:00,ARCHIVED,GLOBAL,,c31aaa51-862f-454c-afdf-06d1d6ea07fa,2026-01-20 11:52:57.280388+00:00,2026-02-10 21:44:12.793753+00:00,
8968e7fc-bd5c-4f1d-a9f8-928d010d676d,Pause prévention respiration et concentration - édition 0072,Bien-être,"Bien-être dédié à respiration et concentration, conçu pour le département Finance, avec objectifs clairs, échanges encadrés et livrables pratiques. Référence programme T2-0072.",2026-11-01 09:15:00+00:00,90,ONSITE,Salle B,,,37,2026-10-13 09:15:00+00:00,CANCELLED,DEPARTMENT,3,074ac71d-aafc-47a0-9056-0c48ad4084ce,2026-04-12 17:37:39.978464+00:00,2026-04-15 07:45:21.913155+00:00,Événement remplacé par une édition mise à jour.
2a993f2e-58c0-4268-a821-34a46d9e99b3,Moment convivial équipes projet - édition 0073,Afterwork,"Afterwork dédié à équipes projet, conçu pour tous les collaborateurs, avec objectifs clairs, échanges encadrés et livrables pratiques. Référence programme T4-0073.",2026-04-17 18:45:00+00:00,150,EXTERNAL,,,"Centre Urbain Nord, Tunis",118,2026-04-11 15:45:00+00:00,ARCHIVED,GLOBAL,,b15efdd3-914e-4ae6-8521-c1aca1f1b04d,2026-02-10 11:11:14.396731+00:00,2026-04-12 05:12:27.521127+00:00,
ad2e50c2-1771-47ad-b9b5-fcaafafee36f,Pause prévention respiration et concentration - édition 0074,Bien-être,"Bien-être dédié à respiration et concentration, conçu pour le département Qualité, avec objectifs clairs, échanges encadrés et livrables pratiques. Référence programme T1-0074.",2026-06-20 11:30:00+00:00,45,ONSITE,Salle Finance,,,7,2026-06-18 08:30:00+00:00,PUBLISHED,DEPARTMENT,8,a653f1b8-2202-491e-8b31-77d92d162949,2026-04-10 00:29:09.144861+00:00,2026-04-24 11:58:13.261503+00:00,
431e7992-ce23-4ae2-8cb8-704473322bd3,Module d’apprentissage finance pour non financiers - édition 0075,Formation,"Formation dédié à finance pour non financiers, conçu pour tous les collaborateurs, avec objectifs clairs, échanges encadrés et livrables pratiques. Référence programme T3-0075.",2026-05-28 14:15:00+00:00,60,ONSITE,Salle Réunion B,,,24,2026-05-08 11:15:00+00:00,PUBLISHED,GLOBAL,,0ad2e8b9-a1e4-439b-82a6-7043befa8527,2026-01-25 09:10:04.342138+00:00,2026-02-21 01:06:44.343635+00:00,
91663dcc-03b8-4d0e-8b0f-6575293b7cd0,Workshop gestion des priorités - édition 0076,Atelier,"Atelier dédié à gestion des priorités, conçu pour le département Ressources humaines, avec objectifs clairs, échanges encadrés et livrables pratiques. Référence programme T1-0076.",2026-10-30 16:15:00+00:00,90,ONLINE,,https://meet.company.example/workshop-gestion-des-priorites-edition-0076,,56,2026-10-16 16:15:00+00:00,PUBLISHED,DEPARTMENT,2,9d77bbdb-a7c6-48dc-8333-69d2a53bae58,2026-01-01 17:18:27.205587+00:00,2026-02-14 00:56:33.890236+00:00,
58c345d7-c707-4350-8a43-eacf36cfa897,Session bien-être gestion du stress - édition 0077,Bien-être,"Bien-être dédié à gestion du stress, conçu pour tous les collaborateurs, avec objectifs clairs, échanges encadrés et livrables pratiques. Référence programme T4-0077.",2026-03-12 16:45:00+00:00,45,ONSITE,Salle Réunion B,,,7,2026-03-01 13:45:00+00:00,ARCHIVED,GLOBAL,,d1d788a6-dd4c-4608-94bc-b1fd10c2a24e,2026-01-04 20:30:51.654531+00:00,2026-03-01 21:15:18.597534+00:00,
36db9c54-d55b-4ff9-ac37-9e10464697e3,Session bien-être équilibre professionnel - Développement - édition 0078,Bien-être,"Bien-être dédié à équilibre professionnel, conçu pour le département Développement, avec objectifs clairs, échanges encadrés et livrables pratiques. Référence programme T1-0078.",2026-12-17 09:15:00+00:00,45,EXTERNAL,,,"Immeuble Carthage Business Center, Tunis",15,2026-11-25 09:15:00+00:00,PUBLISHED,DEPARTMENT,6,f6e7d21d-ffa2-40da-a777-6cd561fc7ca2,2026-03-23 23:31:48.143121+00:00,2026-04-16 14:27:50.837528+00:00,
cd2dfac3-7fe1-4edc-9241-30a280b5a20d,Soirée réseau innovation - Finance - édition 0079,Afterwork,"Afterwork dédié à innovation, conçu pour le département Finance, avec objectifs clairs, échanges encadrés et livrables pratiques. Référence programme T3-0079.",2026-06-21 19:15:00+00:00,120,ONSITE,Lab IoT,,,87,2026-06-10 16:15:00+00:00,PUBLISHED,DEPARTMENT,3,9630d3c5-3a6f-4cba-bd6b-09ef4505332e,2026-03-20 09:19:25.160086+00:00,2026-04-07 03:03:31.164745+00:00,
a366eae2-03cd-4763-8d27-30aec9de98b9,Atelier collaboratif gestion budgétaire - édition 0080,Atelier,"Atelier dédié à gestion budgétaire, conçu pour le département Communication interne, avec objectifs clairs, échanges encadrés et livrables pratiques. Référence programme T1-0080.",2026-07-26 14:45:00+00:00,120,ONSITE,Salle RH,,,48,2026-07-08 11:45:00+00:00,PUBLISHED,DEPARTMENT,12,47711962-da22-4bdd-bbff-0bab2bfb0355,2026-03-29 13:23:41.937633+00:00,2026-04-09 02:02:10.619921+00:00,
785ceae4-a966-45a4-9a69-d935bcdcc46c,Atelier collaboratif gestion budgétaire - édition 0081,Atelier,"Atelier dédié à gestion budgétaire, conçu pour le département Ventes, avec objectifs clairs, échanges encadrés et livrables pratiques. Référence programme T4-0081.",2026-08-06 09:30:00+00:00,60,ONLINE,,https://meet.company.example/atelier-collaboratif-gestion-budgetaire-edition-0081,,20,2026-07-19 06:30:00+00:00,DRAFT,DEPARTMENT,5,f19708c8-85b2-4faa-825b-a2fefaac0687,2026-04-03 06:19:02.230677+00:00,2026-04-25 02:36:21.716511+00:00,
f48c4843-d503-467b-9700-da596b99a644,Pause prévention ergonomie au travail - Support client - édition 0082,Bien-être,"Bien-être dédié à ergonomie au travail, conçu pour le département Support client, avec objectifs clairs, échanges encadrés et livrables pratiques. Référence programme T3-0082.",2026-10-07 16:00:00+00:00,120,ONSITE,Salle Réunion B,,,21,2026-09-25 13:00:00+00:00,PUBLISHED,DEPARTMENT,9,d37584ec-a50a-4b61-84db-4ad4f2629fd7,2026-04-18 11:30:12.776479+00:00,2026-04-19 20:04:00.454784+00:00,
9a3ef2e7-3fe8-4d9c-bc32-39c8d47f2aa3,Conférence expérience client - édition 0083,Conférence,"Conférence dédié à expérience client, conçu pour le département Ventes, avec objectifs clairs, échanges encadrés et livrables pratiques. Référence programme T1-0083.",2026-12-18 16:30:00+00:00,60,ONLINE,,https://meet.company.example/conference-experience-client-edition-0083,,110,2026-11-24 13:30:00+00:00,PUBLISHED,DEPARTMENT,5,85d69c98-5b99-4368-9470-a023a0faaa39,2026-04-18 10:20:43.529272+00:00,2026-04-27 06:31:10.851771+00:00,
7107468d-2282-4f66-8d0e-95cacbbee516,Action RSE mobilité durable - Finance - édition 0084,RSE,"RSE dédié à mobilité durable, conçu pour le département Finance, avec objectifs clairs, échanges encadrés et livrables pratiques. Référence programme T4-0084.",2026-04-30 10:00:00+00:00,45,EXTERNAL,,,"Immeuble Carthage Business Center, Tunis",188,2026-04-18 08:00:00+00:00,CANCELLED,DEPARTMENT,3,8e39130a-e867-4106-91d8-13206ebbc96a,2026-01-22 14:42:52.172517+00:00,2026-04-15 12:05:12.582813+00:00,Objectifs de l’événement à clarifier avant relance.
bdea1cca-9015-43ed-a79e-8b9a766324e1,Parcours pratique Power BI - édition 0085,Formation,"Formation dédié à Power BI, conçu pour le département Qualité, avec objectifs clairs, échanges encadrés et livrables pratiques. Référence programme T1-0085.",2026-08-29 09:30:00+00:00,180,ONSITE,Salle B,,,78,2026-08-07 08:30:00+00:00,PUBLISHED,DEPARTMENT,8,83181837-ca9a-4a93-95ef-82c0c1624078,2026-02-16 01:04:01.339432+00:00,2026-03-04 08:37:02.626215+00:00,
b4892046-240a-4d06-8b44-1204409918ba,Afterwork communauté tech - Qualité - édition 0086,Afterwork,"Afterwork dédié à communauté tech, conçu pour le département Qualité, avec objectifs clairs, échanges encadrés et livrables pratiques. Référence programme T1-0086.",2026-04-30 19:45:00+00:00,120,ONSITE,Salle Communication,,,38,2026-04-08 16:45:00+00:00,ARCHIVED,DEPARTMENT,8,2b02df80-1d86-4eca-8b1a-02e41da4ddf4,2026-03-02 05:42:10.107942+00:00,2026-03-03 18:49:21.939774+00:00,
a749677f-c9b4-43f4-b00b-18cf64018835,Culture d’entreprise rituels d’équipe - édition 0087,Culture d’entreprise,"Culture d’entreprise dédié à rituels d’équipe, conçu pour le département Ressources humaines, avec objectifs clairs, échanges encadrés et livrables pratiques. Référence programme T4-0087.",2026-09-22 09:45:00+00:00,120,ONSITE,Salle B,,,154,2026-09-13 08:45:00+00:00,PUBLISHED,DEPARTMENT,2,d3db882a-0f69-4757-86d7-7684ed050599,2026-01-01 19:33:13.024784+00:00,2026-02-25 00:23:48.050845+00:00,
296a2805-940c-4249-b715-39962d6c6a84,Table ronde expérience client - Informatique - édition 0088,Conférence,"Conférence dédié à expérience client, conçu pour le département Informatique, avec objectifs clairs, échanges encadrés et livrables pratiques. Référence programme T4-0088.",2026-10-05 10:15:00+00:00,45,EXTERNAL,,,"Zone industrielle Charguia 2, Tunis",231,2026-09-30 10:15:00+00:00,DRAFT,DEPARTMENT,1,c98070f7-ea93-464b-9719-8e5817cb346a,2026-02-09 13:08:43.489108+00:00,2026-03-27 13:08:08.475078+00:00,
ba60fa77-ee2c-409e-bef4-89c1e44ed2cc,Soirée réseau nouveaux arrivants - Marketing - édition 0089,Afterwork,"Afterwork dédié à nouveaux arrivants, conçu pour le département Marketing, avec objectifs clairs, échanges encadrés et livrables pratiques. Référence programme T1-0089.",2026-12-20 19:30:00+00:00,150,EXTERNAL,,,"Avenue Mohamed V, Tunis",23,2026-12-13 18:30:00+00:00,PUBLISHED,DEPARTMENT,4,a76c196d-d55a-489a-9e41-2892f1411a8b,2026-03-19 11:14:58.318242+00:00,2026-04-22 00:54:09.555542+00:00,
06163252-93fc-40f0-bab8-75129d5bea11,Webinaire IA générative - édition 0090,Webinaire,"Webinaire dédié à IA générative, conçu pour le département Développement, avec objectifs clairs, échanges encadrés et livrables pratiques. Référence programme T3-0090.",2026-06-29 16:45:00+00:00,90,ONLINE,,https://meet.company.example/webinaire-ia-generative-edition-0090,,176,2026-06-07 16:45:00+00:00,PUBLISHED,DEPARTMENT,6,28719ef7-aaa2-49fe-b12a-4c8df12ddbbe,2026-01-23 16:12:44.304761+00:00,2026-01-26 14:14:22.156434+00:00,
70403c43-592e-4e81-9109-c43b88eaa9b9,Formation SQL avancé - édition 0091,Formation,"Formation dédié à SQL avancé, conçu pour tous les collaborateurs, avec objectifs clairs, échanges encadrés et livrables pratiques. Référence programme T2-0091.",2026-07-12 09:30:00+00:00,60,ONSITE,Salle Innovation,,,49,2026-06-24 08:30:00+00:00,PUBLISHED,GLOBAL,,e9259942-8396-473b-9057-48dcaca6a4b8,2026-02-09 06:40:35.597611+00:00,2026-04-23 22:17:38.208127+00:00,
8493380c-136c-49c7-9a67-13e508e84822,Atelier RSE économie d’énergie - Communication interne - édition 0092,RSE,"RSE dédié à économie d’énergie, conçu pour le département Communication interne, avec objectifs clairs, échanges encadrés et livrables pratiques. Référence programme T1-0092.",2026-12-24 11:45:00+00:00,60,ONSITE,Salle Communication,,,252,2026-12-19 08:45:00+00:00,PUBLISHED,DEPARTMENT,12,cb9bfc83-d69e-4da2-b15e-b524df16c0e3,2026-04-14 10:39:23.321845+00:00,2026-04-29 04:28:18.899062+00:00,
ab6b2b3a-83d4-40ca-826d-b307061c4daf,Webinaire marketing digital - Qualité - édition 0093,Webinaire,"Webinaire dédié à marketing digital, conçu pour le département Qualité, avec objectifs clairs, échanges encadrés et livrables pratiques. Référence programme T1-0093.",2026-04-26 14:00:00+00:00,30,ONLINE,,https://meet.company.example/webinaire-marketing-digital-qualite-edition-0093,,181,2026-04-12 12:00:00+00:00,PUBLISHED,DEPARTMENT,8,a40aa065-08ee-47e0-9fe4-04100a58e6f1,2026-01-21 12:41:36.330075+00:00,2026-02-24 10:41:37.010323+00:00,
6bca5fa5-7831-4b21-991b-2bf2caa02dd7,Pause prévention nutrition et énergie - édition 0094,Bien-être,"Bien-être dédié à nutrition et énergie, conçu pour tous les collaborateurs, avec objectifs clairs, échanges encadrés et livrables pratiques. Référence programme T2-0094.",2026-06-25 16:15:00+00:00,45,EXTERNAL,,,"Parc technologique, Ariana",28,2026-06-08 15:15:00+00:00,PENDING,GLOBAL,,54ff204c-a298-4d0d-bd0e-d9817a501b70,2026-04-18 23:46:16.623307+00:00,2026-04-27 02:04:57.545554+00:00,
1d3e5d1f-ac99-4f20-92fb-db860e780050,Session valeurs rituels d’équipe - édition 0095,Culture d’entreprise,"Culture d’entreprise dédié à rituels d’équipe, conçu pour le département Ventes, avec objectifs clairs, échanges encadrés et livrables pratiques. Référence programme T4-0095.",2026-04-27 16:30:00+00:00,45,ONSITE,Salle Formation,,,75,2026-04-16 15:30:00+00:00,ARCHIVED,DEPARTMENT,5,de4286de-b923-4053-93ef-12d2821eb39f,2026-01-14 03:48:51.335720+00:00,2026-01-15 03:01:26.507529+00:00,
bfc592b9-56fd-4cb8-9d45-f4fc59f47a80,Atelier RSE bénévolat entreprise - édition 0096,RSE,"RSE dédié à bénévolat entreprise, conçu pour le département Achats, avec objectifs clairs, échanges encadrés et livrables pratiques. Référence programme T4-0096.",2026-04-04 16:30:00+00:00,120,EXTERNAL,,,"Rue de l’Innovation, Lac 1, Tunis",93,2026-04-02 16:30:00+00:00,ARCHIVED,DEPARTMENT,11,9246a4a8-fa4c-48db-84c1-bcec80300b95,2026-01-05 11:56:02.502546+00:00,2026-01-14 17:19:14.955391+00:00,
ea73df44-b3b6-4819-89de-4c7fb982ba9a,Rencontre culture interne vie d’entreprise - édition 0097,Culture d’entreprise,"Culture d’entreprise dédié à vie d’entreprise, conçu pour tous les collaborateurs, avec objectifs clairs, échanges encadrés et livrables pratiques. Référence programme T2-0097.",2026-04-20 09:30:00+00:00,120,ONSITE,Salle Qualité,,,132,2026-03-31 08:30:00+00:00,PUBLISHED,GLOBAL,,8d96e8da-9993-495a-a0c2-848796ac710e,2026-01-17 22:57:34.448747+00:00,2026-03-17 21:50:16.900352+00:00,
34baa4b3-f88a-4036-a593-a063d8d882de,Rencontre culture interne vie d’entreprise - Achats - édition 0098,Culture d’entreprise,"Culture d’entreprise dédié à vie d’entreprise, conçu pour le département Achats, avec objectifs clairs, échanges encadrés et livrables pratiques. Référence programme T3-0098.",2026-09-28 13:15:00+00:00,90,ONSITE,Salle Formation,,,56,2026-09-13 12:15:00+00:00,PUBLISHED,DEPARTMENT,11,f6a73420-1583-40dd-969e-dd8538e24dff,2026-02-08 08:40:33.837996+00:00,2026-04-18 06:23:34.249618+00:00,
a3dec61f-f204-483a-96f0-1c68bd38ecf2,Rencontre informelle nouveaux arrivants - édition 0099,Afterwork,"Afterwork dédié à nouveaux arrivants, conçu pour tous les collaborateurs, avec objectifs clairs, échanges encadrés et livrables pratiques. Référence programme T3-0099.",2026-05-21 18:00:00+00:00,90,EXTERNAL,,,"Rue Taieb Mhiri, Tunis",89,2026-05-15 16:00:00+00:00,PENDING,GLOBAL,,d420025c-f809-4d32-9066-98749e88aeb9,2026-01-20 11:35:02.726213+00:00,2026-04-17 13:13:36.606886+00:00,
d67cfd96-1aac-49fd-84d4-b0613ea1d9ce,Atelier collaboratif feedback constructif - édition 0100,Atelier,"Atelier dédié à feedback constructif, conçu pour tous les collaborateurs, avec objectifs clairs, échanges encadrés et livrables pratiques. Référence programme T2-0100.",2026-04-02 11:15:00+00:00,180,ONSITE,Espace détente,,,38,2026-03-25 08:15:00+00:00,ARCHIVED,GLOBAL,,06fcdd2c-53a6-496a-9efa-7dd79a271da4,2026-01-13 03:32:28.014643+00:00,2026-02-17 15:20:31.531166+00:00,
f1b8bb23-8d66-4e52-b752-67192c43d50d,Challenge collectif créativité collective - édition 0101,Team building,"Team building dédié à créativité collective, conçu pour le département Communication interne, avec objectifs clairs, échanges encadrés et livrables pratiques. Référence programme T3-0101.",2026-06-18 13:30:00+00:00,240,ONSITE,Salle Qualité,,,15,2026-06-03 11:30:00+00:00,DRAFT,DEPARTMENT,12,4c9ed491-fd91-409f-a4ce-61dddd56f08f,2026-02-18 01:54:31.215799+00:00,2026-04-20 02:50:33.897826+00:00,
6d31d5e9-abdc-44ea-bd7d-57ca3eba063c,Soirée réseau réseau interne - édition 0102,Afterwork,"Afterwork dédié à réseau interne, conçu pour tous les collaborateurs, avec objectifs clairs, échanges encadrés et livrables pratiques. Référence programme T2-0102.",2026-10-22 17:45:00+00:00,150,ONSITE,Salle Innovation,,,77,2026-10-11 16:45:00+00:00,PUBLISHED,GLOBAL,,66254aec-711c-4731-ad1b-12358695cff5,2026-03-11 09:41:34.144995+00:00,2026-04-10 08:26:28.965571+00:00,
13a426df-3f85-4704-8d38-6f0f72a348da,Rencontre réseau experts internes - édition 0103,Networking,"Networking dédié à experts internes, conçu pour le département Support client, avec objectifs clairs, échanges encadrés et livrables pratiques. Référence programme T3-0103.",2026-07-04 15:45:00+00:00,90,ONLINE,,https://meet.company.example/rencontre-reseau-experts-internes-edition-0103,,42,2026-06-25 15:45:00+00:00,CANCELLED,DEPARTMENT,9,8f30d88b-449d-4b4a-8d70-907a78ca75cb,2026-04-25 18:37:24.210369+00:00,2026-04-25 22:55:17.089757+00:00,Salle ou ressource indisponible.
df9061ce-768a-48f5-85fa-9e84b27f3c82,Workshop gestion budgétaire - édition 0104,Atelier,"Atelier dédié à gestion budgétaire, conçu pour tous les collaborateurs, avec objectifs clairs, échanges encadrés et livrables pratiques. Référence programme T2-0104.",2026-03-30 11:30:00+00:00,180,EXTERNAL,,,"Rue du Lac Biwa, Les Berges du Lac, Tunis",52,2026-03-11 10:30:00+00:00,ARCHIVED,GLOBAL,,e035811f-10c5-4bfc-a7c0-7eae45940633,2026-02-22 03:22:19.695423+00:00,2026-02-25 15:17:30.584318+00:00,
0a0c2bd6-9d51-441b-83d0-68db4cd99256,Rencontre culture interne onboarding culturel - édition 0105,Culture d’entreprise,"Culture d’entreprise dédié à onboarding culturel, conçu pour tous les collaborateurs, avec objectifs clairs, échanges encadrés et livrables pratiques. Référence programme T1-0105.",2026-03-03 13:30:00+00:00,60,ONLINE,,https://meet.company.example/rencontre-culture-interne-onboarding-culturel-edition-0105,,205,2026-02-17 10:30:00+00:00,ARCHIVED,GLOBAL,,978615d9-0394-47fb-a990-7b91e37cbcf3,2026-01-01 10:28:20.657048+00:00,2026-01-11 12:23:32.034322+00:00,
1bc41333-a182-457f-b1fd-1b5b623d0669,Culture d’entreprise collaboration transversale - édition 0106,Culture d’entreprise,"Culture d’entreprise dédié à collaboration transversale, conçu pour le département Informatique, avec objectifs clairs, échanges encadrés et livrables pratiques. Référence programme T1-0106.",2026-12-14 16:00:00+00:00,90,ONLINE,,https://meet.company.example/culture-d-entreprise-collaboration-transversale-edition-0106,,142,2026-11-29 16:00:00+00:00,CANCELLED,DEPARTMENT,1,a7f7f5a9-460c-4634-86dd-96133ca51131,2026-03-30 00:23:09.480111+00:00,2026-04-23 08:04:48.906368+00:00,Priorité métier modifiée.
d2d141c8-3a4f-4985-ad19-a5fcc4d1b426,Workshop idéation produit - Informatique - édition 0107,Atelier,"Atelier dédié à idéation produit, conçu pour le département Informatique, avec objectifs clairs, échanges encadrés et livrables pratiques. Référence programme T4-0107.",2026-09-05 11:00:00+00:00,120,ONSITE,Salle RH,,,65,2026-08-26 11:00:00+00:00,PENDING,DEPARTMENT,1,3ce5d8ff-3af6-4183-83e3-d0fad13a6ef1,2026-02-28 23:48:46.201850+00:00,2026-03-07 10:08:42.369658+00:00,
e2a73cf2-d769-4052-84dd-8140f2cad0bd,Initiative durable recyclage - édition 0108,RSE,"RSE dédié à recyclage, conçu pour tous les collaborateurs, avec objectifs clairs, échanges encadrés et livrables pratiques. Référence programme T4-0108.",2026-08-31 10:15:00+00:00,60,ONSITE,Salle RH,,,69,2026-08-10 09:15:00+00:00,PENDING,GLOBAL,,e50d8d05-5cc4-4343-b6bc-1df1b3f3d22f,2026-01-02 06:39:29.663800+00:00,2026-04-18 22:12:03.224728+00:00,
7fe2252b-36f4-4da7-80e4-6ac72b4eeb71,Parcours pratique analyse de données - édition 0109,Formation,"Formation dédié à analyse de données, conçu pour le département IoT, avec objectifs clairs, échanges encadrés et livrables pratiques. Référence programme T3-0109.",2026-03-31 16:45:00+00:00,60,ONLINE,,https://meet.company.example/parcours-pratique-analyse-de-donnees-edition-0109,,26,2026-03-29 14:45:00+00:00,ARCHIVED,DEPARTMENT,7,b67484d6-57c8-48b2-bc51-671001b1bcda,2026-01-12 21:19:53.722932+00:00,2026-02-25 22:11:18.492576+00:00,
8e30fd36-26f4-4f1e-a6b5-a1e9e035156a,Rencontre expert stratégie commerciale - Ventes - édition 0110,Conférence,"Conférence dédié à stratégie commerciale, conçu pour le département Ventes, avec objectifs clairs, échanges encadrés et livrables pratiques. Référence programme T4-0110.",2026-07-30 11:00:00+00:00,90,ONSITE,Salle RH,,,204,2026-07-19 11:00:00+00:00,CANCELLED,DEPARTMENT,5,66254aec-711c-4731-ad1b-12358695cff5,2026-01-04 03:55:11.282892+00:00,2026-02-07 04:55:29.486933+00:00,Événement remplacé par une édition mise à jour.
0035fc3f-70b9-42a5-a386-bc95ee622a36,Webinaire outils collaboratifs - édition 0111,Webinaire,"Webinaire dédié à outils collaboratifs, conçu pour le département Développement, avec objectifs clairs, échanges encadrés et livrables pratiques. Référence programme T1-0111.",2026-10-10 11:15:00+00:00,90,ONLINE,,https://meet.company.example/webinaire-outils-collaboratifs-edition-0111,,275,2026-10-03 08:15:00+00:00,PUBLISHED,DEPARTMENT,6,45c10be6-7fac-4883-8cee-b772caa3f8de,2026-02-13 05:26:52.263617+00:00,2026-03-26 12:24:22.581302+00:00,
eb17a1a0-38a2-4c30-8fc1-37c4a1315e81,Team building sport d’équipe - édition 0112,Team building,"Team building dédié à sport d’équipe, conçu pour tous les collaborateurs, avec objectifs clairs, échanges encadrés et livrables pratiques. Référence programme T3-0112.",2026-08-28 13:00:00+00:00,90,ONSITE,Salle Finance,,,15,2026-08-17 10:00:00+00:00,PUBLISHED,GLOBAL,,966251e0-21da-4b33-8c4f-5acafc653771,2026-04-19 07:18:50.817757+00:00,2026-04-27 07:05:12.012069+00:00,
0bd1af03-8f68-480c-8a4a-57e23c682bcb,Rencontre informelle culture interne - édition 0113,Afterwork,"Afterwork dédié à culture interne, conçu pour le département Communication interne, avec objectifs clairs, échanges encadrés et livrables pratiques. Référence programme T1-0113.",2026-08-24 18:15:00+00:00,90,EXTERNAL,,,"Zone industrielle Charguia 2, Tunis",64,2026-08-22 15:15:00+00:00,PENDING,DEPARTMENT,12,a40aa065-08ee-47e0-9fe4-04100a58e6f1,2026-01-17 19:47:39.925744+00:00,2026-03-02 19:56:06.123387+00:00,
ab44a7f3-cd0e-4510-9087-f61a9a4118f5,Rencontre santé au travail respiration et concentration - Ressources humaines - édition 0114,Bien-être,"Bien-être dédié à respiration et concentration, conçu pour le département Ressources humaines, avec objectifs clairs, échanges encadrés et livrables pratiques. Référence programme T2-0114.",2026-06-27 09:00:00+00:00,45,EXTERNAL,,,"Centre Urbain Nord, Tunis",23,2026-06-18 08:00:00+00:00,DRAFT,DEPARTMENT,2,9ae48ba1-0867-4c64-a244-f1510ff241c4,2026-03-23 08:40:23.540000+00:00,2026-04-10 22:16:15.253050+00:00,
60897eae-9013-4e77-bb9f-9dfa22d82591,Networking rencontre métiers - Développement - édition 0115,Networking,"Networking dédié à rencontre métiers, conçu pour le département Développement, avec objectifs clairs, échanges encadrés et livrables pratiques. Référence programme T1-0115.",2026-06-11 15:30:00+00:00,45,ONLINE,,https://meet.company.example/networking-rencontre-metiers-developpement-edition-0115,,158,2026-05-20 14:30:00+00:00,PUBLISHED,DEPARTMENT,6,829eabd6-72af-4c4e-b91e-42647a56cf50,2026-02-01 18:06:52.683328+00:00,2026-03-11 05:34:01.749549+00:00,
97aa0f5a-1728-4de2-9a42-f07a583c6080,Atelier gestion des priorités - édition 0116,Atelier,"Atelier dédié à gestion des priorités, conçu pour tous les collaborateurs, avec objectifs clairs, échanges encadrés et livrables pratiques. Référence programme T2-0116.",2026-12-01 10:00:00+00:00,120,ONSITE,Salle B,,,65,2026-11-12 10:00:00+00:00,REJECTED,GLOBAL,,84e69d57-36b1-481d-a823-b2bb1e0eff7b,2026-04-17 18:54:01.164607+00:00,2026-04-26 11:05:56.033251+00:00,Demande rejetée : conformité interne non validée.
53b72b57-ba17-47d8-ba23-2382ac956667,Atelier amélioration continue - édition 0117,Atelier,"Atelier dédié à amélioration continue, conçu pour le département Juridique, avec objectifs clairs, échanges encadrés et livrables pratiques. Référence programme T4-0117.",2026-04-12 09:15:00+00:00,60,EXTERNAL,,,"Technopole El Ghazala, Ariana",32,2026-04-07 08:15:00+00:00,ARCHIVED,DEPARTMENT,10,ac16955a-100a-49c4-9550-f3e3c118b812,2026-04-05 08:17:59.973834+00:00,2026-04-07 23:36:49.732655+00:00,
4ff7d7ba-9f5f-4213-8202-667c71b8f6df,Présentation digitale marketing digital - édition 0118,Webinaire,"Webinaire dédié à marketing digital, conçu pour tous les collaborateurs, avec objectifs clairs, échanges encadrés et livrables pratiques. Référence programme T2-0118.",2026-09-04 10:45:00+00:00,45,ONLINE,,https://meet.company.example/presentation-digitale-marketing-digital-edition-0118,,153,2026-08-22 09:45:00+00:00,PUBLISHED,GLOBAL,,a267cd55-dae7-4edb-9cd9-1ac6f46d89a0,2026-03-09 10:48:21.072573+00:00,2026-03-19 22:25:30.399339+00:00,
a3a9cf13-0c74-45b6-a588-751f50caeb45,Session de formation cybersécurité - édition 0119,Formation,"Formation dédié à cybersécurité, conçu pour tous les collaborateurs, avec objectifs clairs, échanges encadrés et livrables pratiques. Référence programme T2-0119.",2026-07-17 14:30:00+00:00,180,ONSITE,Salle Innovation,,,27,2026-06-27 13:30:00+00:00,PUBLISHED,GLOBAL,,1282a9e9-9325-4f3d-94ee-887a13d79265,2026-04-01 00:19:15.253636+00:00,2026-04-22 00:46:17.830893+00:00,
a87cea4f-934c-4a75-9d70-4524e24d6276,Session pratique gestion des priorités - Informatique - édition 0120,Atelier,"Atelier dédié à gestion des priorités, conçu pour le département Informatique, avec objectifs clairs, échanges encadrés et livrables pratiques. Référence programme T2-0120.",2026-08-21 14:45:00+00:00,90,ONSITE,Salle A,,,66,2026-07-30 14:45:00+00:00,REJECTED,DEPARTMENT,1,82682e93-7af6-4971-b751-acd09d094d2a,2026-03-06 07:20:06.129616+00:00,2026-03-30 23:28:52.011012+00:00,Demande rejetée : contenu similaire déjà planifié.
658e02f3-c88a-48e7-9cf0-23d49cadbc0e,Présentation digitale outils collaboratifs - édition 0121,Webinaire,"Webinaire dédié à outils collaboratifs, conçu pour tous les collaborateurs, avec objectifs clairs, échanges encadrés et livrables pratiques. Référence programme T4-0121.",2026-06-24 16:30:00+00:00,90,ONLINE,,https://meet.company.example/presentation-digitale-outils-collaboratifs-edition-0121,,455,2026-06-21 13:30:00+00:00,DRAFT,GLOBAL,,9dd603d9-070f-421c-9578-652d098d33ae,2026-03-29 07:54:06.652744+00:00,2026-04-22 08:24:34.738127+00:00,
0005ee17-1dd8-4096-b9bc-0a21a242ebd5,Session valeurs onboarding culturel - Développement - édition 0122,Culture d’entreprise,"Culture d’entreprise dédié à onboarding culturel, conçu pour le département Développement, avec objectifs clairs, échanges encadrés et livrables pratiques. Référence programme T3-0122.",2026-12-22 16:15:00+00:00,90,ONLINE,,https://meet.company.example/session-valeurs-onboarding-culturel-developpement-edition-0122,,241,2026-12-13 14:15:00+00:00,PUBLISHED,DEPARTMENT,6,0b259536-155f-4e39-9154-32d25e0d2eca,2026-03-07 09:17:15.765131+00:00,2026-04-18 04:00:00.247879+00:00,
051cf8f7-d6a2-408a-b1bb-4d8a9dbad1bd,Rencontre culture interne valeurs et vision - édition 0123,Culture d’entreprise,"Culture d’entreprise dédié à valeurs et vision, conçu pour le département Ressources humaines, avec objectifs clairs, échanges encadrés et livrables pratiques. Référence programme T3-0123.",2026-10-28 11:30:00+00:00,60,ONSITE,Salle Communication,,,76,2026-10-16 11:30:00+00:00,PUBLISHED,DEPARTMENT,2,ea31e60e-7c45-4d0d-a72a-9b1bff423649,2026-04-15 02:37:18.554622+00:00,2026-04-22 05:58:45.627562+00:00,
ed1a0f86-11e8-48fd-a5b7-1beef8e7499a,Afterwork finance et business - édition 0124,Afterwork,"Afterwork dédié à finance et business, conçu pour le département Qualité, avec objectifs clairs, échanges encadrés et livrables pratiques. Référence programme T2-0124.",2026-06-11 17:15:00+00:00,120,ONSITE,Salle A,,,24,2026-06-09 14:15:00+00:00,CANCELLED,DEPARTMENT,8,170d2f68-2e8a-4567-81c1-cd4a0016ee2d,2026-01-02 22:48:53.355839+00:00,2026-04-05 18:21:20.715133+00:00,Nombre d’inscriptions insuffisant pour maintenir la session.
543157a8-cee7-47fe-9c1d-496e941e9632,Moment convivial réseau interne - édition 0125,Afterwork,"Afterwork dédié à réseau interne, conçu pour tous les collaborateurs, avec objectifs clairs, échanges encadrés et livrables pratiques. Référence programme T2-0125.",2026-05-03 17:00:00+00:00,120,EXTERNAL,,,"Rue Taieb Mhiri, Tunis",28,2026-04-17 16:00:00+00:00,PUBLISHED,GLOBAL,,465f2a51-6e74-4cea-b466-c62c29193b73,2026-01-19 08:41:54.700853+00:00,2026-03-07 22:41:52.061158+00:00,
a557f518-e677-4dfd-8651-19057fd9cba8,Hackathon expérimentation digitale - édition 0126,Innovation,"Innovation dédié à expérimentation digitale, conçu pour le département Juridique, avec objectifs clairs, échanges encadrés et livrables pratiques. Référence programme T4-0126.",2026-08-28 11:30:00+00:00,45,EXTERNAL,,,"Immeuble Carthage Business Center, Tunis",20,2026-08-07 10:30:00+00:00,PUBLISHED,DEPARTMENT,10,317b3030-2453-480a-be7a-493d61b447f0,2026-03-21 04:45:47.497514+00:00,2026-04-13 07:38:29.003298+00:00,
9d3098e0-1636-4cc4-afda-35b15eccbcc4,Session valeurs collaboration transversale - édition 0127,Culture d’entreprise,"Culture d’entreprise dédié à collaboration transversale, conçu pour tous les collaborateurs, avec objectifs clairs, échanges encadrés et livrables pratiques. Référence programme T2-0127.",2026-03-22 09:30:00+00:00,45,ONSITE,Espace détente,,,174,2026-03-05 09:30:00+00:00,ARCHIVED,GLOBAL,,702b5919-6fb5-46fa-8a5a-e0c7f8f37c74,2026-01-10 17:51:43.769314+00:00,2026-03-01 05:41:02.897342+00:00,
8e83b2b3-f5d6-4e3f-b45f-832be490eea1,Module d’apprentissage analyse de données - édition 0128,Formation,"Formation dédié à analyse de données, conçu pour tous les collaborateurs, avec objectifs clairs, échanges encadrés et livrables pratiques. Référence programme T4-0128.",2026-06-12 15:00:00+00:00,180,ONLINE,,https://meet.company.example/module-d-apprentissage-analyse-de-donnees-edition-0128,,44,2026-05-29 15:00:00+00:00,PUBLISHED,GLOBAL,,7fe85746-fe19-422b-8bf2-d167d79a2d1a,2026-01-27 11:16:46.569710+00:00,2026-02-22 15:29:55.346728+00:00,
a2541dce-305f-47bf-bfdb-97c3a6c40f97,Atelier RSE réduction carbone - édition 0129,RSE,"RSE dédié à réduction carbone, conçu pour le département IoT, avec objectifs clairs, échanges encadrés et livrables pratiques. Référence programme T3-0129.",2026-12-24 09:30:00+00:00,90,EXTERNAL,,,"Immeuble Carthage Business Center, Tunis",201,2026-12-12 07:30:00+00:00,DRAFT,DEPARTMENT,7,ebe1cbd3-513d-4852-b31c-67c8b1dbeca9,2026-04-10 16:14:57.572292+00:00,2026-04-21 01:56:41.732247+00:00,
760c8431-f294-459b-aa8b-c3bb45236213,Défi collaboratif escape game interne - édition 0130,Team building,"Team building dédié à escape game interne, conçu pour le département Informatique, avec objectifs clairs, échanges encadrés et livrables pratiques. Référence programme T2-0130.",2026-10-23 15:30:00+00:00,180,ONSITE,Salle Qualité,,,61,2026-10-08 12:30:00+00:00,PUBLISHED,DEPARTMENT,1,83181837-ca9a-4a93-95ef-82c0c1624078,2026-02-10 14:11:45.910170+00:00,2026-03-13 23:33:34.363910+00:00,
dd42a907-04b9-4348-a8b6-57ba79d2efe7,Rencontre réseau forum projets - édition 0131,Networking,"Networking dédié à forum projets, conçu pour le département Ventes, avec objectifs clairs, échanges encadrés et livrables pratiques. Référence programme T2-0131.",2026-11-08 11:45:00+00:00,90,ONSITE,Salle RH,,,253,2026-10-28 11:45:00+00:00,PUBLISHED,DEPARTMENT,5,ea36f8c9-4d00-4fba-b63b-acf0a7b24913,2026-04-23 06:19:13.294594+00:00,2026-04-30 11:35:26.691079+00:00,
6c382018-beb3-4ca6-a1ec-e15dd0faede5,Challenge innovation prototypage rapide - édition 0132,Innovation,"Innovation dédié à prototypage rapide, conçu pour le département Qualité, avec objectifs clairs, échanges encadrés et livrables pratiques. Référence programme T3-0132.",2026-10-21 16:00:00+00:00,90,ONSITE,Salle Formation,,,61,2026-10-11 16:00:00+00:00,PUBLISHED,DEPARTMENT,8,1350d9cc-bc62-4dbc-b818-0ec25656b4c8,2026-03-17 19:30:57.963312+00:00,2026-04-28 10:08:07.420194+00:00,
780acb40-cd78-44c5-bbea-4072ffa746d0,Atelier amélioration continue - édition 0133,Atelier,"Atelier dédié à amélioration continue, conçu pour tous les collaborateurs, avec objectifs clairs, échanges encadrés et livrables pratiques. Référence programme T3-0133.",2026-12-27 10:00:00+00:00,120,EXTERNAL,,,"Rue du Lac Biwa, Les Berges du Lac, Tunis",39,2026-12-15 08:00:00+00:00,REJECTED,GLOBAL,,dac9ce9c-3e17-44ed-ac45-a48a89ca4b8d,2026-01-30 14:20:59.196312+00:00,2026-04-07 23:08:16.093221+00:00,Demande rejetée : audience cible trop large.
4cedd96c-8f97-41f3-a67f-2aeb082c3053,Action RSE mobilité durable - édition 0134,RSE,"RSE dédié à mobilité durable, conçu pour le département Achats, avec objectifs clairs, échanges encadrés et livrables pratiques. Référence programme T1-0134.",2026-07-16 10:30:00+00:00,120,ONLINE,,https://meet.company.example/action-rse-mobilite-durable-edition-0134,,41,2026-06-25 09:30:00+00:00,PUBLISHED,DEPARTMENT,11,dd44faee-f20f-47e5-94ff-6945e2284b01,2026-01-04 12:08:31.213342+00:00,2026-02-21 23:11:18.549622+00:00,
415c7e94-a9aa-4864-8800-0743b58005bb,Atelier collaboratif amélioration continue - Développement - édition 0135,Atelier,"Atelier dédié à amélioration continue, conçu pour le département Développement, avec objectifs clairs, échanges encadrés et livrables pratiques. Référence programme T4-0135.",2026-08-26 09:00:00+00:00,180,ONSITE,Salle A,,,71,2026-08-08 06:00:00+00:00,PUBLISHED,DEPARTMENT,6,67a9bdfe-c1f6-4192-8df9-d2341b9bf61f,2026-01-04 23:48:58.575050+00:00,2026-01-09 20:09:07.509164+00:00,
3588338f-9a4e-4843-a250-5707c7007565,Action RSE bénévolat entreprise - Juridique - édition 0136,RSE,"RSE dédié à bénévolat entreprise, conçu pour le département Juridique, avec objectifs clairs, échanges encadrés et livrables pratiques. Référence programme T2-0136.",2026-11-11 13:15:00+00:00,90,ONSITE,Lab IoT,,,161,2026-10-31 10:15:00+00:00,PENDING,DEPARTMENT,10,99c5d90c-a8d4-4f31-8abd-cc6d6cbad26b,2026-01-23 03:43:15.849215+00:00,2026-02-28 13:29:49.883161+00:00,
af589d7b-c9ce-41f2-bd90-57e48435ec68,Workshop feedback constructif - édition 0137,Atelier,"Atelier dédié à feedback constructif, conçu pour le département Ventes, avec objectifs clairs, échanges encadrés et livrables pratiques. Référence programme T3-0137.",2026-05-04 10:30:00+00:00,90,ONLINE,,https://meet.company.example/workshop-feedback-constructif-edition-0137,,32,2026-05-01 08:30:00+00:00,PUBLISHED,DEPARTMENT,5,fd4de66f-9089-4132-b386-bcc0aed023a5,2026-02-26 17:21:46.142908+00:00,2026-03-21 05:04:37.409327+00:00,
f53d95cf-d7de-4deb-91dc-8dd8bd6d3821,Lab innovation innovation ouverte - édition 0138,Innovation,"Innovation dédié à innovation ouverte, conçu pour tous les collaborateurs, avec objectifs clairs, échanges encadrés et livrables pratiques. Référence programme T2-0138.",2026-06-22 15:45:00+00:00,120,ONSITE,Espace détente,,,90,2026-05-31 13:45:00+00:00,PUBLISHED,GLOBAL,,e6b32c11-c369-4ced-9813-924c8e864732,2026-02-06 22:45:58.824923+00:00,2026-02-19 13:49:11.702470+00:00,
e46f3940-218d-4bd6-9b21-99b9f9599cb4,Journée responsable économie d’énergie - édition 0139,RSE,"RSE dédié à économie d’énergie, conçu pour tous les collaborateurs, avec objectifs clairs, échanges encadrés et livrables pratiques. Référence programme T1-0139.",2026-05-07 15:00:00+00:00,60,ONSITE,Salle Qualité,,,254,2026-04-27 12:00:00+00:00,CANCELLED,GLOBAL,,8e755df7-d353-4b98-b399-336164ee4a93,2026-03-29 14:53:27.834411+00:00,2026-04-03 15:46:47.997670+00:00,Contenu à retravailler avant publication.
db509583-e966-4a97-9553-e69ed85d466f,Rencontre expert risques cyber - édition 0140,Conférence,"Conférence dédié à risques cyber, conçu pour le département Développement, avec objectifs clairs, échanges encadrés et livrables pratiques. Référence programme T1-0140.",2026-10-13 16:00:00+00:00,120,ONSITE,Salle A,,,61,2026-09-30 13:00:00+00:00,PUBLISHED,DEPARTMENT,6,4fd7b80e-d72e-42b6-8127-2b77a2ab3795,2026-03-07 14:39:48.798717+00:00,2026-04-03 16:57:03.118473+00:00,
fc79f76a-4b98-4bb9-ab15-860513b08168,Conférence risques cyber - édition 0141,Conférence,"Conférence dédié à risques cyber, conçu pour le département Ressources humaines, avec objectifs clairs, échanges encadrés et livrables pratiques. Référence programme T1-0141.",2026-08-18 13:00:00+00:00,120,ONLINE,,https://meet.company.example/conference-risques-cyber-edition-0141,,243,2026-08-04 11:00:00+00:00,PUBLISHED,DEPARTMENT,2,29f74c43-1a2b-4d01-b448-078c38c9e28a,2026-04-22 17:53:13.489113+00:00,2026-04-30 07:51:21.586313+00:00,
597224b9-f66a-414b-bdcd-52bd1b9ec4c5,Atelier collaboratif gestion budgétaire - Ressources humaines - édition 0142,Atelier,"Atelier dédié à gestion budgétaire, conçu pour le département Ressources humaines, avec objectifs clairs, échanges encadrés et livrables pratiques. Référence programme T2-0142.",2026-09-01 16:15:00+00:00,120,ONSITE,Espace détente,,,74,2026-08-11 15:15:00+00:00,PUBLISHED,DEPARTMENT,2,bbeb5b7f-c80b-4db1-ba90-903c1a075cf7,2026-01-21 13:10:14.688395+00:00,2026-03-17 06:15:08.225476+00:00,
d67136b8-55c7-416e-adb2-58da02ae9819,Keynote interne risques cyber - édition 0143,Conférence,"Conférence dédié à risques cyber, conçu pour tous les collaborateurs, avec objectifs clairs, échanges encadrés et livrables pratiques. Référence programme T3-0143.",2026-03-26 13:15:00+00:00,90,ONSITE,Salle Finance,,,257,2026-03-02 12:15:00+00:00,ARCHIVED,GLOBAL,,d37584ec-a50a-4b61-84db-4ad4f2629fd7,2026-03-04 16:23:18.715850+00:00,2026-03-18 00:44:46.376581+00:00,
f7a54488-0611-449e-bf85-c0398fd517a2,Workshop prise de parole - édition 0144,Atelier,"Atelier dédié à prise de parole, conçu pour le département Achats, avec objectifs clairs, échanges encadrés et livrables pratiques. Référence programme T1-0144.",2026-03-04 14:00:00+00:00,90,ONLINE,,https://meet.company.example/workshop-prise-de-parole-edition-0144,,71,2026-02-21 13:00:00+00:00,ARCHIVED,DEPARTMENT,11,b108c01c-8d8b-44d9-b7b4-c8ff2f95bdfa,2026-01-01 21:20:23.710222+00:00,2026-02-11 04:29:51.421562+00:00,
6bdd10d0-95c8-44ca-8c68-2af9f76c05e9,Initiative durable réduction carbone - Qualité - édition 0145,RSE,"RSE dédié à réduction carbone, conçu pour le département Qualité, avec objectifs clairs, échanges encadrés et livrables pratiques. Référence programme T1-0145.",2026-04-28 09:30:00+00:00,90,ONSITE,Salle B,,,199,2026-04-15 09:30:00+00:00,PUBLISHED,DEPARTMENT,8,aa4e1ebb-5f2c-431e-b14c-49099924347c,2026-02-12 22:26:57.777384+00:00,2026-03-20 13:35:34.262362+00:00,
157c8780-850d-4d86-b2f0-22a72460bd5c,Atelier RSE bénévolat entreprise - édition 0146,RSE,"RSE dédié à bénévolat entreprise, conçu pour tous les collaborateurs, avec objectifs clairs, échanges encadrés et livrables pratiques. Référence programme T1-0146.",2026-09-15 16:30:00+00:00,45,ONSITE,Auditorium,,,194,2026-08-23 16:30:00+00:00,PUBLISHED,GLOBAL,,cf29d572-baa2-4d38-804f-fd6f6cf8a890,2026-04-18 16:49:47.164203+00:00,2026-04-26 21:18:05.990999+00:00,
b081655a-41fa-49b1-865b-a13755980cd8,Forum d’échanges petit-déjeuner business - édition 0147,Networking,"Networking dédié à petit-déjeuner business, conçu pour le département Qualité, avec objectifs clairs, échanges encadrés et livrables pratiques. Référence programme T4-0147.",2026-04-18 14:00:00+00:00,90,EXTERNAL,,,"Centre Urbain Nord, Tunis",84,2026-04-05 14:00:00+00:00,ARCHIVED,DEPARTMENT,8,2b6d1065-0b7d-4434-8df1-5b0f01a68955,2026-04-05 21:53:09.713338+00:00,2026-04-08 10:11:38.632814+00:00,
a5953fe9-dee4-4ed8-b866-294824a3b893,Session de formation cybersécurité - édition 0148,Formation,"Formation dédié à cybersécurité, conçu pour le département IoT, avec objectifs clairs, échanges encadrés et livrables pratiques. Référence programme T4-0148.",2026-08-06 11:15:00+00:00,120,ONSITE,Salle Finance,,,27,2026-08-03 11:15:00+00:00,DRAFT,DEPARTMENT,7,181e7e03-af2a-43ee-9324-840d14c267d3,2026-04-14 05:08:03.146909+00:00,2026-04-27 01:59:26.584710+00:00,
4734d518-c76a-41ee-8295-565dc7977d68,Culture d’entreprise rencontre direction - Qualité - édition 0149,Culture d’entreprise,"Culture d’entreprise dédié à rencontre direction, conçu pour le département Qualité, avec objectifs clairs, échanges encadrés et livrables pratiques. Référence programme T1-0149.",2026-03-31 16:45:00+00:00,45,ONSITE,Salle B,,,229,2026-03-07 14:45:00+00:00,ARCHIVED,DEPARTMENT,8,702b5919-6fb5-46fa-8a5a-e0c7f8f37c74,2026-01-12 20:48:06.117454+00:00,2026-02-25 08:53:50.464626+00:00,
8f2841ec-5eb3-4725-b0dc-67772a71c7a6,Challenge innovation hackathon interne - édition 0150,Innovation,"Innovation dédié à hackathon interne, conçu pour le département Juridique, avec objectifs clairs, échanges encadrés et livrables pratiques. Référence programme T1-0150.",2026-05-03 14:15:00+00:00,45,ONSITE,Auditorium,,,45,2026-04-23 14:15:00+00:00,PUBLISHED,DEPARTMENT,10,109b05da-c32d-498a-baf2-dece7d8c5d21,2026-01-10 11:41:01.501771+00:00,2026-04-13 02:51:55.977411+00:00,
40d54d79-34d4-4d11-86bb-c5d5bda886db,Rencontre santé au travail yoga au bureau - édition 0151,Bien-être,"Bien-être dédié à yoga au bureau, conçu pour tous les collaborateurs, avec objectifs clairs, échanges encadrés et livrables pratiques. Référence programme T3-0151.",2026-05-23 09:15:00+00:00,120,ONSITE,Salle Innovation,,,67,2026-04-29 08:15:00+00:00,PUBLISHED,GLOBAL,,3153eaad-facb-4e77-bf73-9a19018c032d,2026-01-19 15:46:17.637861+00:00,2026-05-01 04:57:44.520862+00:00,
8bd3500e-6ef1-40e4-91e0-e1b6284d7170,Session en ligne cybersécurité au quotidien - édition 0152,Webinaire,"Webinaire dédié à cybersécurité au quotidien, conçu pour tous les collaborateurs, avec objectifs clairs, échanges encadrés et livrables pratiques. Référence programme T4-0152.",2026-05-02 15:00:00+00:00,45,ONLINE,,https://meet.company.example/session-en-ligne-cybersecurite-au-quotidien-edition-0152,,401,2026-04-28 13:00:00+00:00,PUBLISHED,GLOBAL,,830b26e2-0a20-44ba-bebb-2eb0e55eb5eb,2026-04-04 11:43:27.969498+00:00,2026-04-22 16:32:05.374762+00:00,
89e63b1c-1544-4b2e-a258-3b90348d4022,Keynote interne expérience client - Finance - édition 0153,Conférence,"Conférence dédié à expérience client, conçu pour le département Finance, avec objectifs clairs, échanges encadrés et livrables pratiques. Référence programme T4-0153.",2026-06-23 09:45:00+00:00,60,ONLINE,,https://meet.company.example/keynote-interne-experience-client-finance-edition-0153,,173,2026-06-12 06:45:00+00:00,CANCELLED,DEPARTMENT,3,3e8f245c-15c1-4831-9299-c0ac3087461f,2026-03-11 20:49:17.010512+00:00,2026-04-23 18:53:34.027540+00:00,Contraintes logistiques non résolues.
d018f0f3-81f1-4125-8073-386f3bbb1ff4,Hackathon idées produit - Informatique - édition 0154,Innovation,"Innovation dédié à idées produit, conçu pour le département Informatique, avec objectifs clairs, échanges encadrés et livrables pratiques. Référence programme T4-0154.",2026-03-26 14:45:00+00:00,60,ONSITE,Salle A,,,49,2026-03-12 12:45:00+00:00,ARCHIVED,DEPARTMENT,1,b5fe5b9a-eaee-4b14-8a4b-ade6055198b0,2026-01-02 15:59:13.379327+00:00,2026-02-28 02:47:03.814100+00:00,
256bfed6-2be0-4e5c-9ab8-bbe3761eacb3,Keynote interne finance durable - édition 0155,Conférence,"Conférence dédié à finance durable, conçu pour tous les collaborateurs, avec objectifs clairs, échanges encadrés et livrables pratiques. Référence programme T3-0155.",2026-08-01 14:45:00+00:00,90,ONLINE,,https://meet.company.example/keynote-interne-finance-durable-edition-0155,,135,2026-07-08 13:45:00+00:00,PUBLISHED,GLOBAL,,770a3736-dd6c-443d-92ff-d84e014a53e9,2026-01-09 20:11:49.573003+00:00,2026-02-21 12:54:02.604744+00:00,
3c4390c0-4045-47b1-b57c-ea02ad589d79,Team building défi inter-départements - édition 0156,Team building,"Team building dédié à défi inter-départements, conçu pour le département Marketing, avec objectifs clairs, échanges encadrés et livrables pratiques. Référence programme T2-0156.",2026-09-25 10:30:00+00:00,90,EXTERNAL,,,"Avenue Mohamed V, Tunis",45,2026-09-02 10:30:00+00:00,PUBLISHED,DEPARTMENT,4,28ed3041-bf44-4e82-90cd-dbc09eec2534,2026-04-15 12:34:49.317268+00:00,2026-04-22 22:07:16.079554+00:00,
cee00863-a562-4cfb-b563-689815bd69c2,Soirée réseau nouveaux arrivants - édition 0157,Afterwork,"Afterwork dédié à nouveaux arrivants, conçu pour le département Marketing, avec objectifs clairs, échanges encadrés et livrables pratiques. Référence programme T1-0157.",2026-09-16 17:00:00+00:00,90,EXTERNAL,,,"Zone industrielle Charguia 2, Tunis",108,2026-08-29 15:00:00+00:00,PUBLISHED,DEPARTMENT,4,10d5d40f-127e-4b4f-b286-d0a7efa50bd5,2026-02-13 10:00:52.890820+00:00,2026-04-05 08:31:38.133514+00:00,
858082cc-5855-4055-95ee-44512fcbfb8f,Session valeurs rituels d’équipe - édition 0158,Culture d’entreprise,"Culture d’entreprise dédié à rituels d’équipe, conçu pour tous les collaborateurs, avec objectifs clairs, échanges encadrés et livrables pratiques. Référence programme T4-0158.",2026-11-27 15:30:00+00:00,120,ONLINE,,https://meet.company.example/session-valeurs-rituels-d-equipe-edition-0158,,234,2026-11-11 12:30:00+00:00,PUBLISHED,GLOBAL,,83181837-ca9a-4a93-95ef-82c0c1624078,2026-03-28 03:54:31.853507+00:00,2026-04-25 17:51:35.442984+00:00,
3cd5082a-ec24-469f-a76b-7341dfa7c754,Table ronde qualité opérationnelle - édition 0159,Conférence,"Conférence dédié à qualité opérationnelle, conçu pour tous les collaborateurs, avec objectifs clairs, échanges encadrés et livrables pratiques. Référence programme T4-0159.",2026-11-17 13:15:00+00:00,90,EXTERNAL,,,"Centre Urbain Nord, Tunis",206,2026-11-03 11:15:00+00:00,REJECTED,GLOBAL,,216e3c28-a95a-4cd1-b163-01b319c3d109,2026-01-27 21:12:14.074777+00:00,2026-04-03 21:37:39.003408+00:00,Demande rejetée : conformité interne non validée.
6af31655-bd57-4de3-9593-b7e1decf369e,Rencontre santé au travail gestion du stress - édition 0160,Bien-être,"Bien-être dédié à gestion du stress, conçu pour le département Marketing, avec objectifs clairs, échanges encadrés et livrables pratiques. Référence programme T1-0160.",2026-08-26 10:00:00+00:00,45,EXTERNAL,,,"Rue du Lac Biwa, Les Berges du Lac, Tunis",46,2026-08-12 09:00:00+00:00,PUBLISHED,DEPARTMENT,4,33c2a0a3-edc7-43d3-8124-cd893c2c777a,2026-01-16 08:37:23.990905+00:00,2026-02-21 16:03:41.235892+00:00,
dd751286-d03a-4b80-802e-da3b26015d3c,Initiative durable économie d’énergie - édition 0161,RSE,"RSE dédié à économie d’énergie, conçu pour tous les collaborateurs, avec objectifs clairs, échanges encadrés et livrables pratiques. Référence programme T4-0161.",2026-05-25 14:15:00+00:00,60,EXTERNAL,,,"Immeuble Carthage Business Center, Tunis",76,2026-05-10 14:15:00+00:00,DRAFT,GLOBAL,,608ced08-9e47-4568-b2c6-81b0a7fdf075,2026-02-03 10:45:05.878875+00:00,2026-02-16 18:44:39.756332+00:00,
4dfd9a7c-50c9-41e3-9125-2ebbe63e128b,Défi collaboratif résolution de problèmes - édition 0162,Team building,"Team building dédié à résolution de problèmes, conçu pour le département Informatique, avec objectifs clairs, échanges encadrés et livrables pratiques. Référence programme T3-0162.",2026-04-19 11:30:00+00:00,180,ONSITE,Salle B,,,51,2026-04-09 11:30:00+00:00,ARCHIVED,DEPARTMENT,1,adf357bf-a6ea-435e-84dc-d92ef2f7cde4,2026-02-24 02:01:46.452213+00:00,2026-03-17 09:11:15.554151+00:00,
82a0a1d7-4b04-4a8b-9230-83cd7fecec92,Afterwork réseau interne - édition 0163,Afterwork,"Afterwork dédié à réseau interne, conçu pour tous les collaborateurs, avec objectifs clairs, échanges encadrés et livrables pratiques. Référence programme T4-0163.",2026-04-26 18:30:00+00:00,150,EXTERNAL,,,"Zone industrielle Charguia 2, Tunis",50,2026-04-21 15:30:00+00:00,PUBLISHED,GLOBAL,,0deccb0f-28c2-4434-a9fc-b509e554f041,2026-02-19 23:02:49.490208+00:00,2026-03-30 22:28:34.711670+00:00,
5ff18732-a544-4072-9bc4-0c498534be68,Forum d’échanges petit-déjeuner business - IoT - édition 0164,Networking,"Networking dédié à petit-déjeuner business, conçu pour le département IoT, avec objectifs clairs, échanges encadrés et livrables pratiques. Référence programme T4-0164.",2026-04-29 11:30:00+00:00,90,ONSITE,Salle RH,,,175,2026-04-24 11:30:00+00:00,PUBLISHED,DEPARTMENT,7,f85deb38-8a7f-46fd-aa7f-0c9d18401a70,2026-02-14 19:17:07.142686+00:00,2026-03-31 20:24:30.473611+00:00,
a7992941-ac5b-4923-985f-b8be3e23a195,Workshop idéation produit - édition 0165,Atelier,"Atelier dédié à idéation produit, conçu pour tous les collaborateurs, avec objectifs clairs, échanges encadrés et livrables pratiques. Référence programme T4-0165.",2026-08-06 11:45:00+00:00,120,ONLINE,,https://meet.company.example/workshop-ideation-produit-edition-0165,,30,2026-08-02 09:45:00+00:00,PUBLISHED,GLOBAL,,04ae859c-0c10-43f9-b75f-3eda713debdb,2026-02-02 18:08:31.802467+00:00,2026-04-25 06:37:20.439943+00:00,
55b011e8-96ef-456b-a43f-e9c50fb357b2,Workshop feedback constructif - édition 0166,Atelier,"Atelier dédié à feedback constructif, conçu pour tous les collaborateurs, avec objectifs clairs, échanges encadrés et livrables pratiques. Référence programme T4-0166.",2026-07-05 09:00:00+00:00,120,EXTERNAL,,,"Rue Taieb Mhiri, Tunis",67,2026-07-01 08:00:00+00:00,CANCELLED,GLOBAL,,d264ec2d-d6b4-4a68-a16e-2ce4e95ca174,2026-03-06 00:43:07.861105+00:00,2026-03-07 22:37:02.258223+00:00,Budget non validé pour cette édition.
a585835f-1da8-4e7a-81be-8358e43a4e08,Atelier bien-être ergonomie au travail - édition 0167,Bien-être,"Bien-être dédié à ergonomie au travail, conçu pour tous les collaborateurs, avec objectifs clairs, échanges encadrés et livrables pratiques. Référence programme T3-0167.",2026-03-15 11:00:00+00:00,60,ONLINE,,https://meet.company.example/atelier-bien-etre-ergonomie-au-travail-edition-0167,,14,2026-03-13 08:00:00+00:00,PUBLISHED,GLOBAL,,869f5770-ffbd-42b1-9908-f61f8fbbc8ea,2026-02-04 08:21:32.343651+00:00,2026-03-01 00:11:27.804425+00:00,
b392e6a7-971b-48a9-b46a-e3bf764cfdd9,Formation cybersécurité - édition 0168,Formation,"Formation dédié à cybersécurité, conçu pour tous les collaborateurs, avec objectifs clairs, échanges encadrés et livrables pratiques. Référence programme T4-0168.",2026-06-22 15:00:00+00:00,180,ONSITE,Salle B,,,75,2026-06-18 15:00:00+00:00,PUBLISHED,GLOBAL,,47711962-da22-4bdd-bbff-0bab2bfb0355,2026-03-09 05:25:48.614180+00:00,2026-03-29 19:25:35.745176+00:00,
af44f69a-eacd-4522-be2a-ffd151f4843c,Pause prévention yoga au bureau - édition 0169,Bien-être,"Bien-être dédié à yoga au bureau, conçu pour tous les collaborateurs, avec objectifs clairs, échanges encadrés et livrables pratiques. Référence programme T4-0169.",2026-11-01 10:15:00+00:00,60,EXTERNAL,,,"Parc technologique, Ariana",21,2026-10-23 07:15:00+00:00,PUBLISHED,GLOBAL,,694b0956-4e4d-45ad-893c-29800a2bcfd9,2026-02-10 04:22:07.201635+00:00,2026-03-22 03:42:58.417058+00:00,
dc3f4035-7fb4-44d6-86b0-667688d3e195,Soirée réseau réseau interne - édition 0170,Afterwork,"Afterwork dédié à réseau interne, conçu pour le département Communication interne, avec objectifs clairs, échanges encadrés et livrables pratiques. Référence programme T4-0170.",2026-05-13 17:00:00+00:00,150,ONSITE,Salle Formation,,,69,2026-05-06 14:00:00+00:00,DRAFT,DEPARTMENT,12,b899ea61-699a-400a-98b6-1966f23e209b,2026-03-27 14:52:09.881943+00:00,2026-04-16 19:55:24.525537+00:00,
6c372386-e1ed-4901-b613-f4abbd307781,Formation cloud computing - édition 0171,Formation,"Formation dédié à cloud computing, conçu pour le département Juridique, avec objectifs clairs, échanges encadrés et livrables pratiques. Référence programme T4-0171.",2026-09-21 15:00:00+00:00,90,ONLINE,,https://meet.company.example/formation-cloud-computing-edition-0171,,72,2026-09-01 12:00:00+00:00,PUBLISHED,DEPARTMENT,10,14d940d1-b6b9-46db-ad09-0f473052b4b5,2026-02-07 16:01:39.177784+00:00,2026-03-13 16:04:32.472721+00:00,
a133e88c-2f8c-4ef8-a26c-dc9e3a309243,Session bien-être prévention fatigue numérique - Finance - édition 0172,Bien-être,"Bien-être dédié à prévention fatigue numérique, conçu pour le département Finance, avec objectifs clairs, échanges encadrés et livrables pratiques. Référence programme T4-0172.",2026-12-18 11:30:00+00:00,60,EXTERNAL,,,"Parc technologique, Ariana",35,2026-12-15 11:30:00+00:00,PUBLISHED,DEPARTMENT,3,91859730-a2c4-46b6-855a-a89620a317df,2026-01-14 02:26:34.302534+00:00,2026-03-13 11:26:57.834527+00:00,
26fa31eb-4a5c-46d1-ae4d-08f60fac2632,Challenge collectif créativité collective - édition 0173,Team building,"Team building dédié à créativité collective, conçu pour tous les collaborateurs, avec objectifs clairs, échanges encadrés et livrables pratiques. Référence programme T4-0173.",2026-04-26 13:15:00+00:00,180,EXTERNAL,,,"Parc technologique, Ariana",65,2026-04-17 11:15:00+00:00,PUBLISHED,GLOBAL,,274ae9a0-e988-401e-abd7-6ebe2287f737,2026-02-27 01:43:47.715887+00:00,2026-03-04 00:43:42.144285+00:00,
87bad3c8-3954-4cc1-9e75-c83bb740ea24,Initiative durable recyclage - Ventes - édition 0174,RSE,"RSE dédié à recyclage, conçu pour le département Ventes, avec objectifs clairs, échanges encadrés et livrables pratiques. Référence programme T2-0174.",2026-10-10 11:30:00+00:00,90,EXTERNAL,,,"Rue Taieb Mhiri, Tunis",179,2026-09-19 10:30:00+00:00,PUBLISHED,DEPARTMENT,5,23ce8810-f0b8-4d2e-8e2b-68771418b437,2026-01-08 16:45:55.224323+00:00,2026-02-27 11:16:02.651737+00:00,
6b34ce9e-5532-4dba-a0bf-7d62eeafa1dc,Challenge innovation expérimentation digitale - Finance - édition 0175,Innovation,"Innovation dédié à expérimentation digitale, conçu pour le département Finance, avec objectifs clairs, échanges encadrés et livrables pratiques. Référence programme T2-0175.",2026-09-16 09:45:00+00:00,60,ONSITE,Salle Formation,,,103,2026-08-31 07:45:00+00:00,PUBLISHED,DEPARTMENT,3,93c2ea2c-f36b-43fb-8081-333512ad6dfe,2026-01-30 18:11:35.502537+00:00,2026-02-05 16:58:30.579002+00:00,
1f72d24a-e486-4aa5-9fa8-6be6b17de935,Hackathon innovation client - édition 0176,Innovation,"Innovation dédié à innovation client, conçu pour le département Marketing, avec objectifs clairs, échanges encadrés et livrables pratiques. Référence programme T3-0176.",2026-11-30 11:30:00+00:00,90,ONLINE,,https://meet.company.example/hackathon-innovation-client-edition-0176,,20,2026-11-23 08:30:00+00:00,DRAFT,DEPARTMENT,4,eaa9cc85-b28c-4878-9ca7-f4d797d0e0d9,2026-04-18 03:04:15.783025+00:00,2026-04-19 22:09:47.416213+00:00,
4e720696-d2a5-441b-b518-98ad19868c14,Défi collaboratif confiance et coopération - édition 0177,Team building,"Team building dédié à confiance et coopération, conçu pour le département Informatique, avec objectifs clairs, échanges encadrés et livrables pratiques. Référence programme T1-0177.",2026-11-24 15:45:00+00:00,120,EXTERNAL,,,"Avenue Mohamed V, Tunis",50,2026-10-31 12:45:00+00:00,REJECTED,DEPARTMENT,1,5974ae31-04b8-4503-9dea-54b6eb4c5696,2026-03-18 23:22:16.704520+00:00,2026-04-02 10:52:21.773897+00:00,Demande rejetée : budget non justifié.
46129971-51c8-46ac-8170-e8517321874d,Rencontre expert IoT industriel - édition 0178,Conférence,"Conférence dédié à IoT industriel, conçu pour le département Ventes, avec objectifs clairs, échanges encadrés et livrables pratiques. Référence programme T1-0178.",2026-07-31 15:15:00+00:00,120,EXTERNAL,,,"Centre Urbain Nord, Tunis",74,2026-07-27 13:15:00+00:00,PUBLISHED,DEPARTMENT,5,4c166401-3fd9-47c6-993a-883bd0d2ca29,2026-02-14 21:09:42.752924+00:00,2026-04-30 02:19:25.109921+00:00,
9b92ca9f-326e-499c-9bc7-6f7d701b20cf,Atelier feedback constructif - édition 0179,Atelier,"Atelier dédié à feedback constructif, conçu pour tous les collaborateurs, avec objectifs clairs, échanges encadrés et livrables pratiques. Référence programme T4-0179.",2026-11-30 15:45:00+00:00,180,ONLINE,,https://meet.company.example/atelier-feedback-constructif-edition-0179,,20,2026-11-06 13:45:00+00:00,PUBLISHED,GLOBAL,,fa28ce57-bb38-4d8a-a0f3-a2d5cd14c061,2026-04-26 21:48:50.598045+00:00,2026-04-29 05:23:45.920715+00:00,
d13dd871-9f24-415d-9830-cbfa68bc54e2,Atelier innovation idées produit - édition 0180,Innovation,"Innovation dédié à idées produit, conçu pour le département IoT, avec objectifs clairs, échanges encadrés et livrables pratiques. Référence programme T4-0180.",2026-10-14 15:30:00+00:00,60,EXTERNAL,,,"Avenue Mohamed V, Tunis",109,2026-10-10 15:30:00+00:00,REJECTED,DEPARTMENT,7,83fa4897-ec74-4b08-86e3-0d09187fe146,2026-02-01 03:35:40.934638+00:00,2026-04-16 10:16:26.013282+00:00,Demande rejetée : conformité interne non validée.
35468667-53e4-4049-a55d-fe60b8c205d2,Parcours engagement collaboration transversale - Développement - édition 0181,Culture d’entreprise,"Culture d’entreprise dédié à collaboration transversale, conçu pour le département Développement, avec objectifs clairs, échanges encadrés et livrables pratiques. Référence programme T1-0181.",2026-11-09 15:15:00+00:00,90,ONSITE,Salle Finance,,,142,2026-11-02 15:15:00+00:00,PUBLISHED,DEPARTMENT,6,0bbae24c-66cb-42bc-8f35-4e9d6e77ac24,2026-02-21 15:17:43.711290+00:00,2026-02-24 16:47:48.276662+00:00,
cb989bf2-8e6c-44f0-b52b-a59a39848fff,Challenge innovation prototypage rapide - Ventes - édition 0182,Innovation,"Innovation dédié à prototypage rapide, conçu pour le département Ventes, avec objectifs clairs, échanges encadrés et livrables pratiques. Référence programme T3-0182.",2026-09-08 10:15:00+00:00,45,ONSITE,Auditorium,,,32,2026-08-30 07:15:00+00:00,REJECTED,DEPARTMENT,5,16027d3d-1f20-426f-a1bf-3b8acac085b6,2026-02-06 06:56:25.417464+00:00,2026-02-07 13:32:27.068967+00:00,Demande rejetée : conformité interne non validée.
c0735008-8ac7-4fe4-88c9-117f68ce15af,Atelier amélioration continue - édition 0183,Atelier,"Atelier dédié à amélioration continue, conçu pour tous les collaborateurs, avec objectifs clairs, échanges encadrés et livrables pratiques. Référence programme T2-0183.",2026-06-29 16:45:00+00:00,60,ONLINE,,https://meet.company.example/atelier-amelioration-continue-edition-0183,,31,2026-06-24 15:45:00+00:00,REJECTED,GLOBAL,,caca8e6f-6250-4097-921b-cd1598cb3532,2026-04-17 03:55:22.857060+00:00,2026-04-28 05:32:13.872288+00:00,Demande rejetée : contenu similaire déjà planifié.
40a96c53-bfd8-4925-99a9-b8cd3e0cdb3a,Conférence expérience client - Développement - édition 0184,Conférence,"Conférence dédié à expérience client, conçu pour le département Développement, avec objectifs clairs, échanges encadrés et livrables pratiques. Référence programme T2-0184.",2026-06-06 15:45:00+00:00,60,EXTERNAL,,,"Parc technologique, Ariana",172,2026-05-17 13:45:00+00:00,REJECTED,DEPARTMENT,6,d3db882a-0f69-4757-86d7-7684ed050599,2026-04-15 05:45:13.191741+00:00,2026-04-23 12:32:22.626975+00:00,Demande rejetée : audience cible trop large.
ce554c33-ebb2-4e99-b337-6b852d3e1248,Team building confiance et coopération - édition 0185,Team building,"Team building dédié à confiance et coopération, conçu pour le département Développement, avec objectifs clairs, échanges encadrés et livrables pratiques. Référence programme T3-0185.",2026-08-04 14:00:00+00:00,120,ONSITE,Salle Innovation,,,15,2026-07-13 11:00:00+00:00,PUBLISHED,DEPARTMENT,6,1ee0455f-7a11-42b3-883e-1a778adfa225,2026-03-31 19:52:17.157883+00:00,2026-04-24 04:16:03.941582+00:00,
fe7bf7f8-cc6e-4eaa-b66f-09fa2dd769a6,Session bien-être prévention fatigue numérique - édition 0186,Bien-être,"Bien-être dédié à prévention fatigue numérique, conçu pour tous les collaborateurs, avec objectifs clairs, échanges encadrés et livrables pratiques. Référence programme T3-0186.",2026-04-11 16:00:00+00:00,45,ONSITE,Salle B,,,52,2026-03-22 14:00:00+00:00,ARCHIVED,GLOBAL,,985eaa3f-7b48-432c-980e-612cac39b2d6,2026-01-09 02:38:12.413146+00:00,2026-02-13 10:28:00.899177+00:00,
b008409c-8aac-493e-8481-b0f2a4a07fad,Lab innovation prototypage rapide - édition 0187,Innovation,"Innovation dédié à prototypage rapide, conçu pour le département Informatique, avec objectifs clairs, échanges encadrés et livrables pratiques. Référence programme T3-0187.",2026-12-14 15:45:00+00:00,90,ONSITE,Auditorium,,,26,2026-12-02 14:45:00+00:00,REJECTED,DEPARTMENT,1,c3f44d1a-e988-4b73-a7f1-9fe2fbfeaaca,2026-01-09 02:30:01.843376+00:00,2026-02-16 03:04:30.529836+00:00,Demande rejetée : conformité interne non validée.
099bea11-4767-49e4-99b5-6d85289dfeff,Table ronde risques cyber - édition 0188,Conférence,"Conférence dédié à risques cyber, conçu pour le département Achats, avec objectifs clairs, échanges encadrés et livrables pratiques. Référence programme T3-0188.",2026-09-27 11:15:00+00:00,120,EXTERNAL,,,"Immeuble Carthage Business Center, Tunis",181,2026-09-17 08:15:00+00:00,PUBLISHED,DEPARTMENT,11,182f7f8c-7ece-40b1-9940-ad0854333381,2026-03-22 19:40:49.862071+00:00,2026-04-15 16:23:29.691625+00:00,
36730804-e754-45b2-adb5-e819ea14a7eb,Team building challenge collaboratif - édition 0189,Team building,"Team building dédié à challenge collaboratif, conçu pour tous les collaborateurs, avec objectifs clairs, échanges encadrés et livrables pratiques. Référence programme T2-0189.",2026-05-06 16:00:00+00:00,90,ONSITE,Salle Innovation,,,29,2026-04-14 13:00:00+00:00,PUBLISHED,GLOBAL,,84e69d57-36b1-481d-a823-b2bb1e0eff7b,2026-01-21 21:59:05.240620+00:00,2026-03-12 04:50:11.655383+00:00,
ec82a583-604f-437f-a255-66b4a7459372,Moment convivial communauté tech - édition 0190,Afterwork,"Afterwork dédié à communauté tech, conçu pour le département Achats, avec objectifs clairs, échanges encadrés et livrables pratiques. Référence programme T4-0190.",2026-03-06 17:00:00+00:00,120,ONSITE,Salle Finance,,,36,2026-03-01 16:00:00+00:00,ARCHIVED,DEPARTMENT,11,070f1315-23db-4264-a087-d9f5634d6d48,2026-01-17 17:30:56.191100+00:00,2026-02-18 13:20:53.645761+00:00,
d9c4d881-020c-4cbc-83cf-ca72128da206,Team building confiance et coopération - Marketing - édition 0191,Team building,"Team building dédié à confiance et coopération, conçu pour le département Marketing, avec objectifs clairs, échanges encadrés et livrables pratiques. Référence programme T1-0191.",2026-12-22 11:45:00+00:00,240,EXTERNAL,,,"Rue Taieb Mhiri, Tunis",66,2026-12-05 11:45:00+00:00,DRAFT,DEPARTMENT,4,66cca95d-9fc9-4eb7-9ec6-1a35ddebfc83,2026-02-06 17:37:47.038137+00:00,2026-04-01 12:26:07.346560+00:00,
84d53ec1-4692-45b1-b64f-056688594760,Webinaire IA générative - édition 0192,Webinaire,"Webinaire dédié à IA générative, conçu pour tous les collaborateurs, avec objectifs clairs, échanges encadrés et livrables pratiques. Référence programme T2-0192.",2026-10-23 10:00:00+00:00,60,ONLINE,,https://meet.company.example/webinaire-ia-generative-edition-0192,,292,2026-10-08 10:00:00+00:00,PUBLISHED,GLOBAL,,0deccb0f-28c2-4434-a9fc-b509e554f041,2026-02-10 12:53:36.948953+00:00,2026-04-26 15:15:59.708810+00:00,
cf8eaf39-c610-4983-ad91-9070e15ac646,Moment convivial communauté tech - édition 0193,Afterwork,"Afterwork dédié à communauté tech, conçu pour le département IoT, avec objectifs clairs, échanges encadrés et livrables pratiques. Référence programme T4-0193.",2026-09-19 18:30:00+00:00,90,EXTERNAL,,,"Rue de l’Innovation, Lac 1, Tunis",30,2026-09-12 17:30:00+00:00,PUBLISHED,DEPARTMENT,7,1b030e36-9144-4f9e-b30f-599f3b124204,2026-04-29 04:40:40.004717+00:00,2026-04-29 08:52:25.112280+00:00,
aee29c6f-8347-41b2-a217-49933a7f71ce,Atelier gestion des priorités - édition 0194,Atelier,"Atelier dédié à gestion des priorités, conçu pour tous les collaborateurs, avec objectifs clairs, échanges encadrés et livrables pratiques. Référence programme T4-0194.",2026-09-28 11:15:00+00:00,60,ONSITE,Auditorium,,,25,2026-09-23 09:15:00+00:00,PUBLISHED,GLOBAL,,78af47a7-ad8d-4faf-a4eb-52cb18a6a2cd,2026-04-06 07:10:46.197469+00:00,2026-04-07 03:52:44.730956+00:00,
d0382f3b-37e2-4ad7-a62a-f513b369d470,Action RSE recyclage - édition 0195,RSE,"RSE dédié à recyclage, conçu pour le département Communication interne, avec objectifs clairs, échanges encadrés et livrables pratiques. Référence programme T2-0195.",2026-10-02 16:00:00+00:00,90,EXTERNAL,,,"Technopole El Ghazala, Ariana",94,2026-09-15 14:00:00+00:00,PUBLISHED,DEPARTMENT,12,f93fc94f-b705-49f5-954a-4683273857f4,2026-03-24 03:34:50.440815+00:00,2026-04-08 11:50:40.569415+00:00,
be73a2ad-0c60-4ba7-b1c4-b301012d88ec,Parcours engagement onboarding culturel - édition 0196,Culture d’entreprise,"Culture d’entreprise dédié à onboarding culturel, conçu pour tous les collaborateurs, avec objectifs clairs, échanges encadrés et livrables pratiques. Référence programme T2-0196.",2026-03-02 14:15:00+00:00,60,ONLINE,,https://meet.company.example/parcours-engagement-onboarding-culturel-edition-0196,,81,2026-02-06 12:15:00+00:00,ARCHIVED,GLOBAL,,f5fabd31-c937-4924-a2a4-7cd151d87d06,2026-01-21 12:29:45.378283+00:00,2026-01-27 00:44:43.642208+00:00,
b24e1d4a-5afd-4d85-8e0d-95b961808be9,Session valeurs ambassadeurs culture - Communication interne - édition 0197,Culture d’entreprise,"Culture d’entreprise dédié à ambassadeurs culture, conçu pour le département Communication interne, avec objectifs clairs, échanges encadrés et livrables pratiques. Référence programme T2-0197.",2026-11-09 15:00:00+00:00,120,ONSITE,Salle Formation,,,166,2026-11-06 15:00:00+00:00,PUBLISHED,DEPARTMENT,12,41417e3e-4fd4-4942-a396-ba652bde8364,2026-03-15 07:22:17.203999+00:00,2026-03-21 02:20:18.446494+00:00,
31760e12-8fb2-4fcc-8cce-419d0921ba78,Table ronde risques cyber - édition 0198,Conférence,"Conférence dédié à risques cyber, conçu pour le département Qualité, avec objectifs clairs, échanges encadrés et livrables pratiques. Référence programme T2-0198.",2026-07-17 09:45:00+00:00,120,ONLINE,,https://meet.company.example/table-ronde-risques-cyber-edition-0198,,62,2026-07-08 08:45:00+00:00,PUBLISHED,DEPARTMENT,8,0a7c3f39-db01-4c8d-b560-eb1abdfe5054,2026-03-01 23:07:51.220697+00:00,2026-04-23 19:14:56.974774+00:00,
693231ef-bb2f-408c-be9f-eee0768b9255,Défi collaboratif escape game interne - édition 0199,Team building,"Team building dédié à escape game interne, conçu pour tous les collaborateurs, avec objectifs clairs, échanges encadrés et livrables pratiques. Référence programme T2-0199.",2026-07-01 09:00:00+00:00,240,ONLINE,,https://meet.company.example/defi-collaboratif-escape-game-interne-edition-0199,,24,2026-06-09 07:00:00+00:00,PUBLISHED,GLOBAL,,b13534c3-1d41-4edb-ad71-f6f58ff36484,2026-04-25 15:18:25.846708+00:00,2026-04-30 16:49:18.549059+00:00,
0064ed31-ce7a-459c-a9a4-c5b5d26a4dd3,Atelier cohésion cohésion d’équipe - édition 0200,Team building,"Team building dédié à cohésion d’équipe, conçu pour tous les collaborateurs, avec objectifs clairs, échanges encadrés et livrables pratiques. Référence programme T2-0200.",2026-07-25 10:15:00+00:00,90,EXTERNAL,,,"Centre Urbain Nord, Tunis",7,2026-07-05 08:15:00+00:00,PUBLISHED,GLOBAL,,99af7d44-61e4-4858-ab38-26d8bb855d58,2026-01-16 14:47:00.825257+00:00,2026-02-05 10:23:06.416395+00:00,
b22a565b-8fff-497d-a61d-83781fd9a616,Soirée réseau nouveaux arrivants - édition 0201,Afterwork,"Afterwork dédié à nouveaux arrivants, conçu pour le département Développement, avec objectifs clairs, échanges encadrés et livrables pratiques. Référence programme T1-0201.",2026-04-19 17:15:00+00:00,90,ONSITE,Lab IoT,,,45,2026-04-07 14:15:00+00:00,PUBLISHED,DEPARTMENT,6,ad0019b6-763f-4495-9027-62286284764a,2026-01-18 15:42:56.133604+00:00,2026-03-24 18:27:59.401860+00:00,
5742f3c4-4c43-42dd-ae5c-de8858a0b74d,Atelier innovation idées produit - édition 0202,Innovation,"Innovation dédié à idées produit, conçu pour tous les collaborateurs, avec objectifs clairs, échanges encadrés et livrables pratiques. Référence programme T3-0202.",2026-12-08 11:15:00+00:00,90,ONSITE,Salle Réunion B,,,22,2026-11-22 11:15:00+00:00,PUBLISHED,GLOBAL,,ef84d501-5809-42c6-811a-459fc59c8de1,2026-03-26 09:31:05.898020+00:00,2026-03-27 11:12:08.759358+00:00,
fc7d8e9c-859f-43cb-957b-1f2e2a449eba,Journée responsable solidarité locale - Ventes - édition 0203,RSE,"RSE dédié à solidarité locale, conçu pour le département Ventes, avec objectifs clairs, échanges encadrés et livrables pratiques. Référence programme T3-0203.",2026-12-24 09:45:00+00:00,120,EXTERNAL,,,"Avenue Habib Bourguiba, Tunis",185,2026-12-14 08:45:00+00:00,PENDING,DEPARTMENT,5,320540a7-1daa-4726-b502-7fecc0270091,2026-02-14 02:06:29.995821+00:00,2026-03-24 21:20:35.808138+00:00,
b065bd43-9147-4cbb-81cf-0a54ed8da5f3,Rencontre informelle finance et business - édition 0204,Afterwork,"Afterwork dédié à finance et business, conçu pour le département Support client, avec objectifs clairs, échanges encadrés et livrables pratiques. Référence programme T2-0204.",2026-08-26 19:45:00+00:00,150,ONSITE,Salle RH,,,13,2026-08-21 18:45:00+00:00,PUBLISHED,DEPARTMENT,9,5147885c-e8a5-473d-88c2-92f1ac8aaab2,2026-01-11 16:27:17.671835+00:00,2026-02-10 20:33:39.378967+00:00,
db3191ee-501c-4a0b-9744-5a424f0bc38f,Speed meeting réseau inter-départements - édition 0205,Networking,"Networking dédié à réseau inter-départements, conçu pour le département Ressources humaines, avec objectifs clairs, échanges encadrés et livrables pratiques. Référence programme T2-0205.",2026-09-21 15:30:00+00:00,90,EXTERNAL,,,"Rue de l’Innovation, Lac 1, Tunis",196,2026-08-28 12:30:00+00:00,DRAFT,DEPARTMENT,2,9fd6253e-a662-4cde-bf57-754afdda3595,2026-02-09 19:44:31.150592+00:00,2026-03-17 09:51:25.123683+00:00,
efd925e5-a2ca-4001-8007-7c38864594d6,Module d’apprentissage cybersécurité - édition 0206,Formation,"Formation dédié à cybersécurité, conçu pour tous les collaborateurs, avec objectifs clairs, échanges encadrés et livrables pratiques. Référence programme T3-0206.",2026-12-16 14:30:00+00:00,90,ONSITE,Salle RH,,,70,2026-11-26 14:30:00+00:00,REJECTED,GLOBAL,,2b6d1065-0b7d-4434-8df1-5b0f01a68955,2026-04-11 03:51:51.224156+00:00,2026-04-18 09:10:10.178861+00:00,Demande rejetée : audience cible trop large.
d038ef31-ff82-4662-9453-831f5e6e9087,Parcours pratique finance pour non financiers - édition 0207,Formation,"Formation dédié à finance pour non financiers, conçu pour le département Communication interne, avec objectifs clairs, échanges encadrés et livrables pratiques. Référence programme T4-0207.",2026-06-02 16:15:00+00:00,180,ONSITE,Salle Communication,,,12,2026-05-31 14:15:00+00:00,PUBLISHED,DEPARTMENT,12,5ab7c5af-6bf1-4ff5-93a6-4bcc1ea926d5,2026-02-01 04:16:04.576695+00:00,2026-03-01 05:32:00.783817+00:00,
f6f8d608-2379-4ad1-a352-460f527109bc,Afterwork culture interne - Ventes - édition 0208,Afterwork,"Afterwork dédié à culture interne, conçu pour le département Ventes, avec objectifs clairs, échanges encadrés et livrables pratiques. Référence programme T2-0208.",2026-08-30 17:45:00+00:00,90,ONSITE,Salle Communication,,,113,2026-08-15 17:45:00+00:00,PENDING,DEPARTMENT,5,915de5a6-4e56-45a3-9ec0-f304a3b83653,2026-02-16 06:36:50.641853+00:00,2026-03-26 02:05:40.046500+00:00,
207fd162-8ed8-436b-af47-25f94a4b0829,Atelier collaboratif prise de parole - Support client - édition 0209,Atelier,"Atelier dédié à prise de parole, conçu pour le département Support client, avec objectifs clairs, échanges encadrés et livrables pratiques. Référence programme T3-0209.",2026-11-20 14:30:00+00:00,180,ONSITE,Salle Communication,,,72,2026-10-28 14:30:00+00:00,CANCELLED,DEPARTMENT,9,7b19046f-9ad2-4f03-b469-0a8c894bbccb,2026-01-13 17:09:43.455869+00:00,2026-04-03 04:30:21.820437+00:00,Priorité métier modifiée.
0802f77c-a353-4879-83e3-605e7c1e67cf,Forum d’échanges rencontre métiers - édition 0210,Networking,"Networking dédié à rencontre métiers, conçu pour tous les collaborateurs, avec objectifs clairs, échanges encadrés et livrables pratiques. Référence programme T3-0210.",2026-10-21 15:45:00+00:00,120,EXTERNAL,,,"Rue du Lac Biwa, Les Berges du Lac, Tunis",202,2026-10-15 15:45:00+00:00,PENDING,GLOBAL,,57ba55cf-425f-48e2-9ed7-0fc2e1c80530,2026-04-17 23:03:56.048563+00:00,2026-04-18 07:57:32.531104+00:00,
dbf081c0-a428-47b0-aca2-557b94f4216e,Speed meeting petit-déjeuner business - édition 0211,Networking,"Networking dédié à petit-déjeuner business, conçu pour tous les collaborateurs, avec objectifs clairs, échanges encadrés et livrables pratiques. Référence programme T2-0211.",2026-08-21 11:30:00+00:00,90,ONSITE,Salle Communication,,,49,2026-07-30 09:30:00+00:00,DRAFT,GLOBAL,,ab6db78b-7377-4bd2-b600-5e71d3b60e91,2026-01-04 09:15:30.008753+00:00,2026-02-06 12:35:42.583065+00:00,
72262adf-4368-4454-8fdc-33187b65ec61,Speed meeting petit-déjeuner business - édition 0212,Networking,"Networking dédié à petit-déjeuner business, conçu pour le département Ressources humaines, avec objectifs clairs, échanges encadrés et livrables pratiques. Référence programme T4-0212.",2026-09-18 13:30:00+00:00,60,ONSITE,Lab IoT,,,116,2026-09-13 12:30:00+00:00,PUBLISHED,DEPARTMENT,2,c3b0f176-69f0-4028-872a-0091128bf3a7,2026-04-16 18:21:37.435387+00:00,2026-04-18 07:42:03.293095+00:00,
64b272c0-bda4-494b-9a70-7a23111a5e82,Webinaire IA générative - édition 0213,Webinaire,"Webinaire dédié à IA générative, conçu pour le département Ventes, avec objectifs clairs, échanges encadrés et livrables pratiques. Référence programme T3-0213.",2026-09-23 16:00:00+00:00,60,ONLINE,,https://meet.company.example/webinaire-ia-generative-edition-0213,,216,2026-09-16 15:00:00+00:00,PUBLISHED,DEPARTMENT,5,e1146103-3e33-4ed7-9a4c-3426f5922da9,2026-01-27 09:08:04.139306+00:00,2026-04-13 02:05:58.256779+00:00,
d0143ccc-8b3a-4afb-8cb6-3dc7bd65494a,Module d’apprentissage communication professionnelle - édition 0214,Formation,"Formation dédié à communication professionnelle, conçu pour le département Développement, avec objectifs clairs, échanges encadrés et livrables pratiques. Référence programme T2-0214.",2026-11-26 10:45:00+00:00,180,ONSITE,Salle Innovation,,,20,2026-11-11 10:45:00+00:00,PENDING,DEPARTMENT,6,e7809835-b2eb-469d-af70-252267401dcd,2026-01-14 15:07:39.184366+00:00,2026-04-25 11:18:52.005150+00:00,
a1c913dd-a8e7-40ce-ab91-55f2ac950992,Action RSE solidarité locale - édition 0215,RSE,"RSE dédié à solidarité locale, conçu pour le département Communication interne, avec objectifs clairs, échanges encadrés et livrables pratiques. Référence programme T2-0215.",2026-06-11 09:00:00+00:00,45,EXTERNAL,,,"Centre Urbain Nord, Tunis",157,2026-06-06 09:00:00+00:00,PENDING,DEPARTMENT,12,a653f1b8-2202-491e-8b31-77d92d162949,2026-02-15 08:28:14.769194+00:00,2026-04-17 09:15:38.785586+00:00,
27a6cefe-63a3-43a5-a6da-1fe18a1d2c4a,Atelier prise de parole - Communication interne - édition 0216,Atelier,"Atelier dédié à prise de parole, conçu pour le département Communication interne, avec objectifs clairs, échanges encadrés et livrables pratiques. Référence programme T2-0216.",2026-09-22 14:15:00+00:00,90,ONSITE,Salle Réunion B,,,52,2026-09-09 12:15:00+00:00,PUBLISHED,DEPARTMENT,12,4b6514c1-383f-4056-9a6e-81fe0599fec3,2026-01-22 10:20:10.273528+00:00,2026-04-16 07:10:47.768841+00:00,
de42b0c2-957c-43a6-ade5-13c123da28cc,Forum d’échanges forum projets - édition 0217,Networking,"Networking dédié à forum projets, conçu pour tous les collaborateurs, avec objectifs clairs, échanges encadrés et livrables pratiques. Référence programme T2-0217.",2026-06-19 13:00:00+00:00,120,ONSITE,Auditorium,,,55,2026-06-07 12:00:00+00:00,PUBLISHED,GLOBAL,,1282a9e9-9325-4f3d-94ee-887a13d79265,2026-03-21 10:14:18.922930+00:00,2026-03-30 22:01:04.668365+00:00,
10471bc6-59fb-4fe8-9ec6-e25b30e93106,Parcours engagement vie d’entreprise - édition 0218,Culture d’entreprise,"Culture d’entreprise dédié à vie d’entreprise, conçu pour tous les collaborateurs, avec objectifs clairs, échanges encadrés et livrables pratiques. Référence programme T4-0218.",2026-09-19 10:00:00+00:00,90,ONSITE,Salle Réunion B,,,199,2026-09-03 10:00:00+00:00,CANCELLED,GLOBAL,,1a5ca586-55ef-4c1b-9c5f-2f5b56931420,2026-04-08 01:44:58.881142+00:00,2026-04-10 18:56:39.096513+00:00,Conflit de planning avec un événement prioritaire.
7e483021-c725-4a6a-9410-a04abf5f6514,Live interne cybersécurité au quotidien - édition 0219,Webinaire,"Webinaire dédié à cybersécurité au quotidien, conçu pour tous les collaborateurs, avec objectifs clairs, échanges encadrés et livrables pratiques. Référence programme T4-0219.",2026-06-02 11:00:00+00:00,30,ONLINE,,https://meet.company.example/live-interne-cybersecurite-au-quotidien-edition-0219,,284,2026-05-16 11:00:00+00:00,PUBLISHED,GLOBAL,,acbfcf92-50ae-44fd-b9a5-7c398170cfd5,2026-02-12 01:26:25.633077+00:00,2026-03-26 15:02:08.557893+00:00,
239e6a25-75b0-4b89-b719-f5a75bed215f,Formation cloud computing - édition 0220,Formation,"Formation dédié à cloud computing, conçu pour tous les collaborateurs, avec objectifs clairs, échanges encadrés et livrables pratiques. Référence programme T2-0220.",2026-10-31 11:00:00+00:00,180,ONSITE,Salle B,,,79,2026-10-15 08:00:00+00:00,PUBLISHED,GLOBAL,,c024ae2f-747f-4e78-b09d-430b0eca3860,2026-02-15 20:12:30.841798+00:00,2026-03-26 03:41:01.187962+00:00,
c594977c-a83a-454a-b91e-eee911d77f2d,Session en ligne bien-être au travail - Développement - édition 0221,Webinaire,"Webinaire dédié à bien-être au travail, conçu pour le département Développement, avec objectifs clairs, échanges encadrés et livrables pratiques. Référence programme T2-0221.",2026-12-14 15:00:00+00:00,60,ONLINE,,https://meet.company.example/session-en-ligne-bien-etre-au-travail-developpement-edition-0221,,290,2026-12-06 15:00:00+00:00,PUBLISHED,DEPARTMENT,6,ed50e871-1708-4f88-8eff-4450af6fd5de,2026-03-24 03:08:58.616106+00:00,2026-04-28 18:16:57.819720+00:00,
946cd857-f31c-4057-a650-4c0897c6e1c1,Atelier RSE réduction carbone - édition 0222,RSE,"RSE dédié à réduction carbone, conçu pour le département Communication interne, avec objectifs clairs, échanges encadrés et livrables pratiques. Référence programme T3-0222.",2026-08-11 10:30:00+00:00,60,ONLINE,,https://meet.company.example/atelier-rse-reduction-carbone-edition-0222,,43,2026-07-18 10:30:00+00:00,PUBLISHED,DEPARTMENT,12,11e4bafe-f46f-4714-ae79-46782f98afcc,2026-04-01 19:30:28.847022+00:00,2026-04-12 02:49:36.657726+00:00,
d824321d-89e6-4631-85f9-bfbd0214e442,Live interne cybersécurité au quotidien - édition 0223,Webinaire,"Webinaire dédié à cybersécurité au quotidien, conçu pour tous les collaborateurs, avec objectifs clairs, échanges encadrés et livrables pratiques. Référence programme T1-0223.",2026-11-07 10:45:00+00:00,60,ONLINE,,https://meet.company.example/live-interne-cybersecurite-au-quotidien-edition-0223,,107,2026-11-04 10:45:00+00:00,PUBLISHED,GLOBAL,,1a5ca586-55ef-4c1b-9c5f-2f5b56931420,2026-03-19 17:50:55.144872+00:00,2026-04-22 17:13:53.095884+00:00,
bd1a3473-a2be-43bf-9f69-fbd42e9fb520,Rencontre informelle réseau interne - édition 0224,Afterwork,"Afterwork dédié à réseau interne, conçu pour le département Qualité, avec objectifs clairs, échanges encadrés et livrables pratiques. Référence programme T4-0224.",2026-03-28 19:30:00+00:00,150,EXTERNAL,,,"Parc technologique, Ariana",69,2026-03-09 18:30:00+00:00,ARCHIVED,DEPARTMENT,8,80d67e75-1cd6-4308-ace2-c8929c58a1fc,2026-02-11 21:30:29.335339+00:00,2026-02-24 04:00:26.069185+00:00,
209bb094-cb78-48c9-a7e3-dfe1f556fd9f,Session bien-être ergonomie au travail - édition 0225,Bien-être,"Bien-être dédié à ergonomie au travail, conçu pour le département Finance, avec objectifs clairs, échanges encadrés et livrables pratiques. Référence programme T4-0225.",2026-03-06 11:15:00+00:00,120,ONSITE,Salle Communication,,,16,2026-02-23 08:15:00+00:00,CANCELLED,DEPARTMENT,3,07f0e359-3ca2-4c08-b113-4b4f9ace8bfe,2026-01-13 09:50:08.151799+00:00,2026-02-10 08:11:49.206372+00:00,Budget non validé pour cette édition.
5337a936-7659-46d6-b40e-55d2dbec406d,Rencontre culture interne onboarding culturel - Ressources humaines - édition 0226,Culture d’entreprise,"Culture d’entreprise dédié à onboarding culturel, conçu pour le département Ressources humaines, avec objectifs clairs, échanges encadrés et livrables pratiques. Référence programme T4-0226.",2026-04-30 10:30:00+00:00,90,ONSITE,Salle Innovation,,,248,2026-04-25 07:30:00+00:00,ARCHIVED,DEPARTMENT,2,33a01618-4870-40e7-82ee-dd8ab9825756,2026-02-22 21:56:38.795648+00:00,2026-04-04 03:38:20.793212+00:00,
57496590-44ac-4aaf-9625-2e297f6bca83,Atelier cohésion résolution de problèmes - édition 0227,Team building,"Team building dédié à résolution de problèmes, conçu pour tous les collaborateurs, avec objectifs clairs, échanges encadrés et livrables pratiques. Référence programme T3-0227.",2026-11-11 14:00:00+00:00,180,ONSITE,Salle Qualité,,,34,2026-10-25 11:00:00+00:00,PUBLISHED,GLOBAL,,320bb62b-bc55-479e-a685-a27deaf87f3a,2026-02-21 16:09:52.302078+00:00,2026-04-25 07:00:17.742026+00:00,
dfa939af-6607-43a0-b543-8cfa5904ccd0,Moment convivial culture interne - Support client - édition 0228,Afterwork,"Afterwork dédié à culture interne, conçu pour le département Support client, avec objectifs clairs, échanges encadrés et livrables pratiques. Référence programme T2-0228.",2026-07-22 18:30:00+00:00,150,EXTERNAL,,,"Avenue Habib Bourguiba, Tunis",27,2026-07-06 15:30:00+00:00,PUBLISHED,DEPARTMENT,9,ea1a0264-de52-481b-a0f7-f867deda082c,2026-02-04 05:37:35.276509+00:00,2026-03-18 23:55:24.803823+00:00,
3bc800a2-26db-481a-a05c-bb8149c9dd83,Culture d’entreprise ambassadeurs culture - édition 0229,Culture d’entreprise,"Culture d’entreprise dédié à ambassadeurs culture, conçu pour tous les collaborateurs, avec objectifs clairs, échanges encadrés et livrables pratiques. Référence programme T4-0229.",2026-11-17 16:15:00+00:00,120,ONSITE,Salle A,,,112,2026-10-31 13:15:00+00:00,PUBLISHED,GLOBAL,,2ddc0de1-b086-459e-8934-d9b7c1771d9d,2026-03-26 12:26:54.579120+00:00,2026-03-27 13:38:12.260037+00:00,
0e8ed710-0046-431c-bbe7-acbbf03fa23c,Forum d’échanges réseau inter-départements - édition 0230,Networking,"Networking dédié à réseau inter-départements, conçu pour le département IoT, avec objectifs clairs, échanges encadrés et livrables pratiques. Référence programme T2-0230.",2026-09-03 10:45:00+00:00,45,EXTERNAL,,,"Rue du Lac Biwa, Les Berges du Lac, Tunis",149,2026-08-11 07:45:00+00:00,PUBLISHED,DEPARTMENT,7,539b3526-9e3d-45bd-baef-ec9d16abc2eb,2026-03-22 10:05:42.093630+00:00,2026-04-02 02:57:06.931676+00:00,
83fa86ec-a36a-4b3d-bd10-64437f5e558c,Live interne cybersécurité au quotidien - Qualité - édition 0231,Webinaire,"Webinaire dédié à cybersécurité au quotidien, conçu pour le département Qualité, avec objectifs clairs, échanges encadrés et livrables pratiques. Référence programme T1-0231.",2026-03-07 15:30:00+00:00,90,ONLINE,,https://meet.company.example/live-interne-cybersecurite-au-quotidien-qualite-edition-0231,,483,2026-02-18 13:30:00+00:00,ARCHIVED,DEPARTMENT,8,0deccb0f-28c2-4434-a9fc-b509e554f041,2026-01-06 19:59:19.216702+00:00,2026-01-15 02:16:44.630527+00:00,
71486792-b350-4ced-ac61-cc2d8e273273,Atelier cohésion challenge collaboratif - Finance - édition 0232,Team building,"Team building dédié à challenge collaboratif, conçu pour le département Finance, avec objectifs clairs, échanges encadrés et livrables pratiques. Référence programme T4-0232.",2026-10-09 09:45:00+00:00,120,ONSITE,Auditorium,,,40,2026-09-27 06:45:00+00:00,PENDING,DEPARTMENT,3,284ef197-5fe6-404b-92da-1fd69387091d,2026-04-25 16:29:56.554506+00:00,2026-04-29 11:33:45.554385+00:00,
96d02c0d-4080-4522-909b-5b97fea7b4f7,Afterwork nouveaux arrivants - Support client - édition 0233,Afterwork,"Afterwork dédié à nouveaux arrivants, conçu pour le département Support client, avec objectifs clairs, échanges encadrés et livrables pratiques. Référence programme T1-0233.",2026-07-08 18:00:00+00:00,150,EXTERNAL,,,"Rue de l’Innovation, Lac 1, Tunis",99,2026-06-16 18:00:00+00:00,PUBLISHED,DEPARTMENT,9,40bd5505-6dbf-49ae-817e-6ca216a5630f,2026-03-07 20:49:16.217478+00:00,2026-03-28 20:04:19.010914+00:00,
ca296d96-1efb-403a-af11-a5133143c991,Rencontre informelle convivialité - édition 0234,Afterwork,"Afterwork dédié à convivialité, conçu pour le département Ressources humaines, avec objectifs clairs, échanges encadrés et livrables pratiques. Référence programme T3-0234.",2026-03-26 19:00:00+00:00,120,EXTERNAL,,,"Parc technologique, Ariana",120,2026-03-12 16:00:00+00:00,ARCHIVED,DEPARTMENT,2,b8b374dd-9fa4-4bbd-9bb0-e00bf90d665f,2026-01-24 00:41:15.368153+00:00,2026-03-14 20:47:05.468997+00:00,
f75f76e1-e560-4a24-a1d2-40a469ed3cdf,Workshop design thinking - édition 0235,Atelier,"Atelier dédié à design thinking, conçu pour tous les collaborateurs, avec objectifs clairs, échanges encadrés et livrables pratiques. Référence programme T2-0235.",2026-06-15 14:30:00+00:00,60,EXTERNAL,,,"Immeuble Carthage Business Center, Tunis",73,2026-06-03 13:30:00+00:00,REJECTED,GLOBAL,,553aa3f4-b0d4-4902-96eb-9580f1ab5102,2026-01-02 09:52:06.747775+00:00,2026-04-24 16:46:06.984183+00:00,Demande rejetée : contenu similaire déjà planifié.
4ef7bf54-90a3-4c63-a922-3a6f5b37becb,Formation gestion de projet - Ressources humaines - édition 0236,Formation,"Formation dédié à gestion de projet, conçu pour le département Ressources humaines, avec objectifs clairs, échanges encadrés et livrables pratiques. Référence programme T2-0236.",2026-03-28 16:00:00+00:00,180,EXTERNAL,,,"Avenue Mohamed V, Tunis",18,2026-03-13 13:00:00+00:00,ARCHIVED,DEPARTMENT,2,bc82679b-60ac-4cb8-a2c8-90cf85491d9f,2026-02-03 12:11:14.894429+00:00,2026-03-22 17:43:23.642789+00:00,
813fc325-70a3-48c5-a1e5-bd44bbd05f25,Atelier cohésion escape game interne - édition 0237,Team building,"Team building dédié à escape game interne, conçu pour le département IoT, avec objectifs clairs, échanges encadrés et livrables pratiques. Référence programme T2-0237.",2026-10-20 13:00:00+00:00,240,ONSITE,Salle B,,,70,2026-10-13 12:00:00+00:00,PUBLISHED,DEPARTMENT,7,465f2a51-6e74-4cea-b466-c62c29193b73,2026-03-07 10:51:06.851936+00:00,2026-04-03 21:59:16.851794+00:00,
b2326879-6101-41db-9112-2ef9d6e38d0c,Table ronde expérience client - édition 0238,Conférence,"Conférence dédié à expérience client, conçu pour tous les collaborateurs, avec objectifs clairs, échanges encadrés et livrables pratiques. Référence programme T2-0238.",2026-03-14 16:15:00+00:00,90,EXTERNAL,,,"Parc technologique, Ariana",107,2026-02-22 15:15:00+00:00,PUBLISHED,GLOBAL,,9ae48ba1-0867-4c64-a244-f1510ff241c4,2026-01-11 14:03:10.239858+00:00,2026-01-25 21:15:32.274814+00:00,
d054626b-730a-4f72-a0ba-5cf0757bddb9,Session pratique organisation d’événement - Qualité - édition 0239,Atelier,"Atelier dédié à organisation d’événement, conçu pour le département Qualité, avec objectifs clairs, échanges encadrés et livrables pratiques. Référence programme T1-0239.",2026-03-05 11:00:00+00:00,120,ONSITE,Salle A,,,14,2026-02-26 10:00:00+00:00,ARCHIVED,DEPARTMENT,8,c4aac5db-f0a1-41f7-ad7b-af5bdfaee13f,2026-01-28 05:45:57.895208+00:00,2026-02-23 19:15:19.732126+00:00,
298d7be8-b9f1-4248-99a4-a79b4692facc,Live interne protection des données - édition 0240,Webinaire,"Webinaire dédié à protection des données, conçu pour le département Ventes, avec objectifs clairs, échanges encadrés et livrables pratiques. Référence programme T3-0240.",2026-03-03 10:15:00+00:00,30,ONLINE,,https://meet.company.example/live-interne-protection-des-donnees-edition-0240,,282,2026-02-14 08:15:00+00:00,PUBLISHED,DEPARTMENT,5,f2b06dee-e475-4ddf-9811-39467ec5c4b3,2026-01-10 18:44:00.392382+00:00,2026-01-19 03:15:06.027756+00:00,
3cb1025c-f447-469e-89ee-f1cf5a678881,Pause prévention équilibre professionnel - Ventes - édition 0241,Bien-être,"Bien-être dédié à équilibre professionnel, conçu pour le département Ventes, avec objectifs clairs, échanges encadrés et livrables pratiques. Référence programme T4-0241.",2026-05-15 16:00:00+00:00,120,ONSITE,Espace détente,,,37,2026-05-10 14:00:00+00:00,PUBLISHED,DEPARTMENT,5,320bb62b-bc55-479e-a685-a27deaf87f3a,2026-02-20 11:31:30.751726+00:00,2026-03-29 14:49:05.504443+00:00,
79583501-ee6a-4ef7-b486-cd6f35c4d46d,Atelier feedback constructif - Qualité - édition 0242,Atelier,"Atelier dédié à feedback constructif, conçu pour le département Qualité, avec objectifs clairs, échanges encadrés et livrables pratiques. Référence programme T4-0242.",2026-08-25 16:00:00+00:00,60,ONSITE,Salle A,,,41,2026-08-21 15:00:00+00:00,PUBLISHED,DEPARTMENT,8,ae0998f5-ac8d-41f3-ac2d-777a7f7ca079,2026-01-27 16:22:33.489545+00:00,2026-03-09 02:30:29.094242+00:00,
706d91f9-c37d-42cd-9569-01b9ee2f3a5e,Formation Power BI - édition 0243,Formation,"Formation dédié à Power BI, conçu pour tous les collaborateurs, avec objectifs clairs, échanges encadrés et livrables pratiques. Référence programme T1-0243.",2026-08-14 10:00:00+00:00,60,ONSITE,Salle Réunion B,,,33,2026-07-22 10:00:00+00:00,PUBLISHED,GLOBAL,,054fbfd5-4987-4e74-981e-7720556bff7c,2026-01-13 11:52:42.672518+00:00,2026-03-26 02:00:02.424596+00:00,
1a293e47-17fb-4d71-990d-c03d93366351,Session de formation qualité logicielle - Qualité - édition 0244,Formation,"Formation dédié à qualité logicielle, conçu pour le département Qualité, avec objectifs clairs, échanges encadrés et livrables pratiques. Référence programme T2-0244.",2026-12-26 15:00:00+00:00,60,ONSITE,Salle Communication,,,41,2026-12-02 12:00:00+00:00,PUBLISHED,DEPARTMENT,8,6dc39d9c-e178-4f38-874c-f4d9d30d1b2e,2026-03-04 16:48:11.969828+00:00,2026-03-05 12:17:53.885250+00:00,
59361462-e25b-4dcc-bdc9-8c5fdaf893e9,Action RSE achats responsables - Achats - édition 0245,RSE,"RSE dédié à achats responsables, conçu pour le département Achats, avec objectifs clairs, échanges encadrés et livrables pratiques. Référence programme T2-0245.",2026-10-22 09:30:00+00:00,60,EXTERNAL,,,"Avenue Habib Bourguiba, Tunis",227,2026-10-05 07:30:00+00:00,PUBLISHED,DEPARTMENT,11,8006d300-c0ae-4a0d-ba53-074804f86119,2026-02-16 08:04:37.497813+00:00,2026-03-23 22:15:23.166043+00:00,
a2b3b8cf-bd9c-43be-af17-212fb0f24e0a,Session de formation contrats et conformité - IoT - édition 0246,Formation,"Formation dédié à contrats et conformité, conçu pour le département IoT, avec objectifs clairs, échanges encadrés et livrables pratiques. Référence programme T2-0246.",2026-06-19 15:45:00+00:00,120,ONSITE,Espace détente,,,23,2026-06-06 14:45:00+00:00,PUBLISHED,DEPARTMENT,7,8a32d959-70a5-4d75-a21f-8a47260e0f27,2026-03-25 07:28:49.075166+00:00,2026-04-07 01:24:02.357204+00:00,
7e23b2ce-e55d-49c1-91fd-045a28a2b616,Module d’apprentissage contrats et conformité - édition 0247,Formation,"Formation dédié à contrats et conformité, conçu pour le département Ressources humaines, avec objectifs clairs, échanges encadrés et livrables pratiques. Référence programme T1-0247.",2026-05-06 10:30:00+00:00,60,ONSITE,Salle Communication,,,15,2026-04-16 08:30:00+00:00,DRAFT,DEPARTMENT,2,3dded13e-5120-43d0-a063-fb98185a8252,2026-04-26 18:18:40.406314+00:00,2026-05-01 11:22:07.109848+00:00,
ac514cb3-9a08-45aa-9111-f46d265bf62f,Pause prévention ergonomie au travail - Communication interne - édition 0248,Bien-être,"Bien-être dédié à ergonomie au travail, conçu pour le département Communication interne, avec objectifs clairs, échanges encadrés et livrables pratiques. Référence programme T4-0248.",2026-06-24 10:00:00+00:00,60,ONSITE,Salle Qualité,,,59,2026-06-02 09:00:00+00:00,PUBLISHED,DEPARTMENT,12,2237a47b-d19c-43f7-b1bb-db7310cd2750,2026-01-05 06:57:51.285500+00:00,2026-02-16 23:35:55.586986+00:00,
b4460a6b-789c-4b16-bca0-3794329f0ab3,Pause prévention équilibre professionnel - édition 0249,Bien-être,"Bien-être dédié à équilibre professionnel, conçu pour tous les collaborateurs, avec objectifs clairs, échanges encadrés et livrables pratiques. Référence programme T4-0249.",2026-04-25 09:30:00+00:00,45,EXTERNAL,,,"Technopole El Ghazala, Ariana",56,2026-04-20 08:30:00+00:00,ARCHIVED,GLOBAL,,578da049-e513-4249-a1cf-ad5d43e8fb14,2026-01-22 14:18:37.250677+00:00,2026-02-16 03:15:10.247596+00:00,
4bdcdda1-bf86-438e-8b5a-4b82df6d5cb7,Atelier RSE achats responsables - édition 0250,RSE,"RSE dédié à achats responsables, conçu pour tous les collaborateurs, avec objectifs clairs, échanges encadrés et livrables pratiques. Référence programme T4-0250.",2026-07-30 09:00:00+00:00,45,ONLINE,,https://meet.company.example/atelier-rse-achats-responsables-edition-0250,,184,2026-07-13 07:00:00+00:00,PUBLISHED,GLOBAL,,9b0ab4d7-fb2d-49c3-8d03-3d1bed5d58d8,2026-01-18 03:41:20.347068+00:00,2026-01-21 13:28:23.649310+00:00,
e124590f-42b0-467f-b4aa-b515751c1160,Soirée réseau culture interne - Juridique - édition 0251,Afterwork,"Afterwork dédié à culture interne, conçu pour le département Juridique, avec objectifs clairs, échanges encadrés et livrables pratiques. Référence programme T3-0251.",2026-12-13 18:00:00+00:00,90,EXTERNAL,,,"Parc technologique, Ariana",92,2026-12-01 16:00:00+00:00,CANCELLED,DEPARTMENT,10,c0278ba1-ce60-47e3-9f28-8dd3d2d45b37,2026-01-09 00:05:31.655184+00:00,2026-01-27 07:08:30.058038+00:00,Conflit de planning avec un événement prioritaire.
7f9f7e69-c39a-43c5-98c5-0d7e0b1b9a14,Speed meeting speed networking - Support client - édition 0252,Networking,"Networking dédié à speed networking, conçu pour le département Support client, avec objectifs clairs, échanges encadrés et livrables pratiques. Référence programme T4-0252.",2026-05-27 16:15:00+00:00,60,EXTERNAL,,,"Rue du Lac Biwa, Les Berges du Lac, Tunis",104,2026-05-07 14:15:00+00:00,PUBLISHED,DEPARTMENT,9,50480e44-2e0d-4139-aa9b-67dfcc405d62,2026-04-27 02:38:41.728535+00:00,2026-04-30 11:43:30.449646+00:00,
73ce9b53-f938-4d56-ab2c-9f511dd0e206,Action RSE réduction carbone - édition 0253,RSE,"RSE dédié à réduction carbone, conçu pour tous les collaborateurs, avec objectifs clairs, échanges encadrés et livrables pratiques. Référence programme T1-0253.",2026-11-25 09:00:00+00:00,120,EXTERNAL,,,"Avenue Mohamed V, Tunis",73,2026-11-11 09:00:00+00:00,PUBLISHED,GLOBAL,,0aa6c832-d272-493b-af96-e53a16a8ba84,2026-01-03 18:50:00.104955+00:00,2026-01-18 00:23:24.546824+00:00,
830b04bc-032d-4f4d-94a5-2c5f30c999a7,Hackathon prototypage rapide - Communication interne - édition 0254,Innovation,"Innovation dédié à prototypage rapide, conçu pour le département Communication interne, avec objectifs clairs, échanges encadrés et livrables pratiques. Référence programme T2-0254.",2026-09-04 10:00:00+00:00,90,ONLINE,,https://meet.company.example/hackathon-prototypage-rapide-communication-interne-edition-0254,,80,2026-08-23 10:00:00+00:00,PENDING,DEPARTMENT,12,47711962-da22-4bdd-bbff-0bab2bfb0355,2026-01-11 03:11:18.720477+00:00,2026-01-14 02:13:24.411857+00:00,
149382f3-a712-4450-84fe-495a749c9ce8,Atelier prise de parole - édition 0255,Atelier,"Atelier dédié à prise de parole, conçu pour tous les collaborateurs, avec objectifs clairs, échanges encadrés et livrables pratiques. Référence programme T2-0255.",2026-07-25 16:00:00+00:00,90,ONSITE,Salle Formation,,,36,2026-07-16 15:00:00+00:00,PUBLISHED,GLOBAL,,42985594-b4de-4967-9bb0-fa9bd3a9e08f,2026-01-14 12:01:48.900120+00:00,2026-02-03 18:13:24.061855+00:00,
c827e587-1162-4887-9e5b-927b61dd3c69,Networking experts internes - IoT - édition 0256,Networking,"Networking dédié à experts internes, conçu pour le département IoT, avec objectifs clairs, échanges encadrés et livrables pratiques. Référence programme T1-0256.",2026-12-08 09:45:00+00:00,90,EXTERNAL,,,"Zone industrielle Charguia 2, Tunis",100,2026-11-17 08:45:00+00:00,PUBLISHED,DEPARTMENT,7,ae923cee-de34-4666-b2f5-d8b68dd987f9,2026-01-06 14:50:52.009328+00:00,2026-03-01 08:32:49.001999+00:00,
50c9a29b-93df-4ad8-9874-8736bad58747,Présentation digitale IA générative - édition 0257,Webinaire,"Webinaire dédié à IA générative, conçu pour tous les collaborateurs, avec objectifs clairs, échanges encadrés et livrables pratiques. Référence programme T3-0257.",2026-12-30 16:00:00+00:00,90,ONLINE,,https://meet.company.example/presentation-digitale-ia-generative-edition-0257,,325,2026-12-06 16:00:00+00:00,CANCELLED,GLOBAL,,f97a0b32-2873-4e32-aeb0-26f42cfbc29d,2026-04-26 20:18:19.620941+00:00,2026-04-27 14:52:38.427591+00:00,Intervenant indisponible à la date prévue.
316a39be-c75d-4127-9918-2989a2b1f1c5,Rencontre culture interne vie d’entreprise - édition 0258,Culture d’entreprise,"Culture d’entreprise dédié à vie d’entreprise, conçu pour tous les collaborateurs, avec objectifs clairs, échanges encadrés et livrables pratiques. Référence programme T4-0258.",2026-03-01 13:15:00+00:00,120,ONLINE,,https://meet.company.example/rencontre-culture-interne-vie-d-entreprise-edition-0258,,83,2026-02-08 11:15:00+00:00,ARCHIVED,GLOBAL,,4a0da242-8758-4153-94cc-b7593207978b,2026-01-05 09:16:36.586339+00:00,2026-01-28 08:29:29.538148+00:00,
b927869c-402a-4000-b2ca-46281223aa86,Rencontre culture interne feedback et transparence - édition 0259,Culture d’entreprise,"Culture d’entreprise dédié à feedback et transparence, conçu pour le département Marketing, avec objectifs clairs, échanges encadrés et livrables pratiques. Référence programme T3-0259.",2026-08-24 11:45:00+00:00,120,EXTERNAL,,,"Immeuble Carthage Business Center, Tunis",92,2026-08-10 10:45:00+00:00,CANCELLED,DEPARTMENT,4,c95d510a-3346-4f36-be97-770bde6ccec1,2026-02-02 02:35:22.344490+00:00,2026-04-15 19:25:43.952215+00:00,Salle ou ressource indisponible.
e28bbd10-d8d3-42ed-bb1c-ffe5f137b958,Lab innovation innovation ouverte - édition 0260,Innovation,"Innovation dédié à innovation ouverte, conçu pour tous les collaborateurs, avec objectifs clairs, échanges encadrés et livrables pratiques. Référence programme T4-0260.",2026-08-22 15:30:00+00:00,120,ONSITE,Salle A,,,99,2026-08-05 13:30:00+00:00,CANCELLED,GLOBAL,,53691fc5-65db-4948-a53d-05eb7c9cbafd,2026-04-20 11:05:05.582352+00:00,2026-04-20 13:56:35.276064+00:00,Contraintes logistiques non résolues.
82bfc371-72ff-4a14-bee7-b3e6b7b548a5,Afterwork nouveaux arrivants - édition 0261,Afterwork,"Afterwork dédié à nouveaux arrivants, conçu pour le département Marketing, avec objectifs clairs, échanges encadrés et livrables pratiques. Référence programme T4-0261.",2026-12-02 18:15:00+00:00,120,ONSITE,Salle Innovation,,,22,2026-11-13 17:15:00+00:00,PUBLISHED,DEPARTMENT,4,3fed2f1f-ed8e-425e-a9c7-8401c4bea33c,2026-03-24 00:21:53.592704+00:00,2026-04-14 21:43:59.105814+00:00,
4cef1a31-ebac-406f-8bb7-a0a99ffd08dc,Workshop amélioration continue - édition 0262,Atelier,"Atelier dédié à amélioration continue, conçu pour le département Communication interne, avec objectifs clairs, échanges encadrés et livrables pratiques. Référence programme T1-0262.",2026-08-11 11:30:00+00:00,180,ONSITE,Salle Finance,,,56,2026-07-20 10:30:00+00:00,PENDING,DEPARTMENT,12,a04f5eda-a557-4705-92b5-88cc55ea6558,2026-02-13 08:45:01.039536+00:00,2026-02-14 13:38:45.577527+00:00,
5d29a005-582d-4acb-904c-38558d9f4384,Hackathon lab IA - édition 0263,Innovation,"Innovation dédié à lab IA, conçu pour le département Développement, avec objectifs clairs, échanges encadrés et livrables pratiques. Référence programme T3-0263.",2026-12-03 15:15:00+00:00,90,ONSITE,Salle Réunion B,,,103,2026-11-10 12:15:00+00:00,PUBLISHED,DEPARTMENT,6,e7809835-b2eb-469d-af70-252267401dcd,2026-04-23 15:13:32.643615+00:00,2026-04-28 16:00:10.967822+00:00,
d8436e62-2ac7-47aa-af2a-25ae17857295,Formation qualité logicielle - édition 0264,Formation,"Formation dédié à qualité logicielle, conçu pour tous les collaborateurs, avec objectifs clairs, échanges encadrés et livrables pratiques. Référence programme T2-0264.",2026-12-27 16:15:00+00:00,120,ONSITE,Salle Qualité,,,11,2026-12-13 13:15:00+00:00,PUBLISHED,GLOBAL,,25764ce0-1d1e-4fd5-8ccb-bb0e652d2a41,2026-01-14 02:25:26.242984+00:00,2026-02-24 04:24:47.375874+00:00,
a795bfd6-fbc9-4f45-9b13-242d10a07849,Webinaire marketing digital - Informatique - édition 0265,Webinaire,"Webinaire dédié à marketing digital, conçu pour le département Informatique, avec objectifs clairs, échanges encadrés et livrables pratiques. Référence programme T4-0265.",2026-05-18 11:15:00+00:00,90,ONLINE,,https://meet.company.example/webinaire-marketing-digital-informatique-edition-0265,,322,2026-05-01 11:15:00+00:00,PUBLISHED,DEPARTMENT,1,a267cd55-dae7-4edb-9cd9-1ac6f46d89a0,2026-02-11 06:06:24.133727+00:00,2026-04-06 18:22:43.586400+00:00,
2fe4bbd0-86d5-4b72-9d44-d86bbd1edb63,Journée responsable bénévolat entreprise - édition 0266,RSE,"RSE dédié à bénévolat entreprise, conçu pour le département Achats, avec objectifs clairs, échanges encadrés et livrables pratiques. Référence programme T2-0266.",2026-11-22 10:45:00+00:00,90,EXTERNAL,,,"Technopole El Ghazala, Ariana",202,2026-11-18 10:45:00+00:00,PUBLISHED,DEPARTMENT,11,4104f49c-666e-4c48-8185-e1ef630c83c1,2026-01-16 18:34:13.432160+00:00,2026-03-17 09:36:45.032962+00:00,
540f9610-c417-4550-bfa4-81eb1b1bd771,Module d’apprentissage gestion de projet - édition 0267,Formation,"Formation dédié à gestion de projet, conçu pour tous les collaborateurs, avec objectifs clairs, échanges encadrés et livrables pratiques. Référence programme T4-0267.",2026-09-06 16:30:00+00:00,120,ONSITE,Salle Communication,,,75,2026-08-25 16:30:00+00:00,CANCELLED,GLOBAL,,c12cd7d4-3770-47ae-9237-24b35609b70d,2026-04-17 04:10:28.473743+00:00,2026-04-23 14:16:07.575404+00:00,Salle ou ressource indisponible.
6f5170db-199b-433f-89eb-782b3c1feb30,Parcours pratique cloud computing - Ressources humaines - édition 0268,Formation,"Formation dédié à cloud computing, conçu pour le département Ressources humaines, avec objectifs clairs, échanges encadrés et livrables pratiques. Référence programme T3-0268.",2026-12-01 09:00:00+00:00,180,ONSITE,Lab IoT,,,47,2026-11-11 08:00:00+00:00,DRAFT,DEPARTMENT,2,db0a6297-8193-47c9-a815-151141095ca6,2026-01-17 19:14:19.527728+00:00,2026-03-28 18:49:44.560216+00:00,
a5888a22-1038-461e-8cbb-d35fcf296f48,Atelier prise de parole - édition 0269,Atelier,"Atelier dédié à prise de parole, conçu pour tous les collaborateurs, avec objectifs clairs, échanges encadrés et livrables pratiques. Référence programme T2-0269.",2026-10-22 15:15:00+00:00,90,ONSITE,Salle B,,,76,2026-10-17 14:15:00+00:00,PUBLISHED,GLOBAL,,3a08652a-01d6-4fac-9ce5-fcbee3269ae4,2026-02-15 10:00:37.624542+00:00,2026-04-22 07:47:37.409947+00:00,
e55aa1f4-5ea3-40ef-881c-fcb4d593914b,Rencontre réseau petit-déjeuner business - édition 0270,Networking,"Networking dédié à petit-déjeuner business, conçu pour le département Finance, avec objectifs clairs, échanges encadrés et livrables pratiques. Référence programme T1-0270.",2026-04-24 11:30:00+00:00,90,ONLINE,,https://meet.company.example/rencontre-reseau-petit-dejeuner-business-edition-0270,,142,2026-04-05 09:30:00+00:00,CANCELLED,DEPARTMENT,3,099e1b0f-acb5-4a7d-829c-134345792106,2026-02-10 21:34:05.578039+00:00,2026-03-18 00:30:12.097576+00:00,Contenu à retravailler avant publication.
2077798b-b0f5-4b9d-b4eb-a4bda2c28578,Rencontre réseau experts internes - Achats - édition 0271,Networking,"Networking dédié à experts internes, conçu pour le département Achats, avec objectifs clairs, échanges encadrés et livrables pratiques. Référence programme T2-0271.",2026-11-14 14:45:00+00:00,120,ONLINE,,https://meet.company.example/rencontre-reseau-experts-internes-achats-edition-0271,,234,2026-10-26 14:45:00+00:00,PUBLISHED,DEPARTMENT,11,8316ff5f-cf64-4d38-95c5-ca2d545ce3d2,2026-04-17 00:53:41.970076+00:00,2026-04-19 12:20:53.187248+00:00,
abf32af2-e35f-4b07-af36-278cd1c95202,Forum d’échanges experts internes - édition 0272,Networking,"Networking dédié à experts internes, conçu pour le département Achats, avec objectifs clairs, échanges encadrés et livrables pratiques. Référence programme T3-0272.",2026-03-28 15:30:00+00:00,90,EXTERNAL,,,"Zone industrielle Charguia 2, Tunis",258,2026-03-05 15:30:00+00:00,PUBLISHED,DEPARTMENT,11,f5a200ca-45a2-445d-906e-548d24f00cd6,2026-01-19 08:17:52.163396+00:00,2026-02-01 12:45:32.536597+00:00,
f315b1f0-b6e9-4d46-8bb4-11382ab86958,Forum d’échanges communautés internes - Juridique - édition 0273,Networking,"Networking dédié à communautés internes, conçu pour le département Juridique, avec objectifs clairs, échanges encadrés et livrables pratiques. Référence programme T1-0273.",2026-11-02 10:15:00+00:00,90,EXTERNAL,,,"Rue Taieb Mhiri, Tunis",77,2026-10-27 10:15:00+00:00,CANCELLED,DEPARTMENT,10,ee1c4d3b-ec68-41f3-b7f1-58779c7a6bd9,2026-01-13 19:44:30.763864+00:00,2026-04-20 16:19:03.198217+00:00,Contraintes logistiques non résolues.
4c28dda4-da10-4eb1-b54f-28d6e8fff5c4,Networking partage d’expérience - édition 0274,Networking,"Networking dédié à partage d’expérience, conçu pour tous les collaborateurs, avec objectifs clairs, échanges encadrés et livrables pratiques. Référence programme T4-0274.",2026-03-23 13:45:00+00:00,45,EXTERNAL,,,"Zone industrielle Charguia 2, Tunis",147,2026-03-07 10:45:00+00:00,ARCHIVED,GLOBAL,,76d0d2a2-4118-4160-aa2f-d3e4e8396d50,2026-01-10 09:09:18.224161+00:00,2026-01-13 16:59:05.556041+00:00,
f0caf089-b4aa-4108-8992-7138290be9c4,Culture d’entreprise valeurs et vision - édition 0275,Culture d’entreprise,"Culture d’entreprise dédié à valeurs et vision, conçu pour tous les collaborateurs, avec objectifs clairs, échanges encadrés et livrables pratiques. Référence programme T3-0275.",2026-12-28 15:15:00+00:00,60,ONSITE,Salle Communication,,,183,2026-12-23 13:15:00+00:00,PENDING,GLOBAL,,4f401a8b-a036-4ae4-ac18-f69336a55209,2026-03-06 23:52:37.392616+00:00,2026-04-12 22:57:52.322266+00:00,
e5e8e107-d2ec-4718-850f-26f28a79aa2d,Table ronde transformation digitale - édition 0276,Conférence,"Conférence dédié à transformation digitale, conçu pour tous les collaborateurs, avec objectifs clairs, échanges encadrés et livrables pratiques. Référence programme T3-0276.",2026-07-06 13:45:00+00:00,45,ONSITE,Espace détente,,,213,2026-06-27 10:45:00+00:00,PUBLISHED,GLOBAL,,ea94002e-07bf-4277-9b9a-4f657eaa8125,2026-01-30 14:56:45.104527+00:00,2026-02-05 00:04:09.089348+00:00,
7692dae2-6599-4e86-a57d-f5248dcdda80,Session pratique gestion budgétaire - édition 0277,Atelier,"Atelier dédié à gestion budgétaire, conçu pour tous les collaborateurs, avec objectifs clairs, échanges encadrés et livrables pratiques. Référence programme T4-0277.",2026-09-19 10:30:00+00:00,180,ONSITE,Salle Formation,,,29,2026-09-16 08:30:00+00:00,PUBLISHED,GLOBAL,,c13abe7d-3c09-4714-9eb5-f4811cd6ae6b,2026-02-21 07:24:54.207866+00:00,2026-03-04 17:09:42.996523+00:00,
e151d746-c8a2-4d3a-bfbf-338d3e39b4b3,Session pratique gestion budgétaire - édition 0278,Atelier,"Atelier dédié à gestion budgétaire, conçu pour le département Ressources humaines, avec objectifs clairs, échanges encadrés et livrables pratiques. Référence programme T4-0278.",2026-03-18 09:00:00+00:00,120,EXTERNAL,,,"Rue du Lac Biwa, Les Berges du Lac, Tunis",50,2026-03-05 08:00:00+00:00,CANCELLED,DEPARTMENT,2,00f7fbed-d7cd-4b53-9344-aa42ba92c94d,2026-01-05 00:10:06.981582+00:00,2026-02-24 05:46:21.324252+00:00,Contraintes logistiques non résolues.
7559f8d5-ce10-400c-8390-e728808e199d,Session pratique design thinking - édition 0279,Atelier,"Atelier dédié à design thinking, conçu pour le département Informatique, avec objectifs clairs, échanges encadrés et livrables pratiques. Référence programme T1-0279.",2026-08-07 14:00:00+00:00,120,EXTERNAL,,,"Parc technologique, Ariana",29,2026-07-14 13:00:00+00:00,PUBLISHED,DEPARTMENT,1,8a674818-0a1b-475b-a8c9-cbe1e87d7943,2026-01-16 07:48:42.009911+00:00,2026-04-22 14:44:03.913559+00:00,
60bea73a-0d4b-441f-8513-d878d93aedc7,Présentation digitale protection des données - Informatique - édition 0280,Webinaire,"Webinaire dédié à protection des données, conçu pour le département Informatique, avec objectifs clairs, échanges encadrés et livrables pratiques. Référence programme T4-0280.",2026-07-23 14:30:00+00:00,60,ONLINE,,https://meet.company.example/presentation-digitale-protection-des-donnees-informatique-edition-0280,,367,2026-07-01 13:30:00+00:00,REJECTED,DEPARTMENT,1,a0f6c262-a0ec-4b15-804b-15a46fdd8632,2026-01-29 18:50:34.784019+00:00,2026-03-10 01:33:41.147088+00:00,Demande rejetée : contenu similaire déjà planifié.
c5b0e7ae-467f-4687-a75b-4aadf57fd966,Défi collaboratif créativité collective - édition 0281,Team building,"Team building dédié à créativité collective, conçu pour tous les collaborateurs, avec objectifs clairs, échanges encadrés et livrables pratiques. Référence programme T2-0281.",2026-12-17 11:00:00+00:00,120,ONSITE,Salle B,,,48,2026-12-06 09:00:00+00:00,PUBLISHED,GLOBAL,,c2c17b8a-e8e3-4734-8a5d-558dcb795104,2026-03-27 13:04:31.142102+00:00,2026-04-25 18:56:17.473780+00:00,
53c15269-f0cd-4e63-bd78-7aa8afcc6d46,Workshop design thinking - édition 0282,Atelier,"Atelier dédié à design thinking, conçu pour tous les collaborateurs, avec objectifs clairs, échanges encadrés et livrables pratiques. Référence programme T3-0282.",2026-06-12 11:30:00+00:00,120,ONSITE,Salle Innovation,,,41,2026-05-24 08:30:00+00:00,PUBLISHED,GLOBAL,,16027d3d-1f20-426f-a1bf-3b8acac085b6,2026-04-20 22:12:18.226792+00:00,2026-04-23 09:33:06.525529+00:00,
435b25d0-1615-4477-9b67-f397fdded607,Atelier prise de parole - édition 0283,Atelier,"Atelier dédié à prise de parole, conçu pour tous les collaborateurs, avec objectifs clairs, échanges encadrés et livrables pratiques. Référence programme T4-0283.",2026-06-20 09:45:00+00:00,180,ONSITE,Lab IoT,,,19,2026-06-01 06:45:00+00:00,PENDING,GLOBAL,,1edf11bf-caeb-49fc-8f55-69e63e815dae,2026-01-16 19:43:08.488521+00:00,2026-03-06 21:52:51.338240+00:00,
05044dbb-8278-4dd1-88c2-baa6dd813f0c,Session pratique design thinking - édition 0284,Atelier,"Atelier dédié à design thinking, conçu pour tous les collaborateurs, avec objectifs clairs, échanges encadrés et livrables pratiques. Référence programme T4-0284.",2026-12-25 16:30:00+00:00,120,ONSITE,Salle RH,,,68,2026-12-06 14:30:00+00:00,PUBLISHED,GLOBAL,,23f999be-8f3a-4135-a109-48825f2b5ce3,2026-03-12 15:08:59.109447+00:00,2026-05-01 02:43:35.962529+00:00,
c69cf8b1-c1a4-408f-833f-7f413583eabc,Workshop organisation d’événement - Qualité - édition 0285,Atelier,"Atelier dédié à organisation d’événement, conçu pour le département Qualité, avec objectifs clairs, échanges encadrés et livrables pratiques. Référence programme T3-0285.",2026-04-15 16:45:00+00:00,120,EXTERNAL,,,"Centre Urbain Nord, Tunis",19,2026-04-11 16:45:00+00:00,PUBLISHED,DEPARTMENT,8,5eaddab7-e9e5-496f-98cf-f1c69022ecfa,2026-01-24 05:22:28.366660+00:00,2026-02-14 22:51:58.241075+00:00,
a779c006-7510-4048-94bc-ffdc9259f64a,Atelier innovation prototypage rapide - édition 0286,Innovation,"Innovation dédié à prototypage rapide, conçu pour le département Qualité, avec objectifs clairs, échanges encadrés et livrables pratiques. Référence programme T4-0286.",2026-03-09 10:00:00+00:00,45,ONSITE,Salle A,,,73,2026-03-05 09:00:00+00:00,ARCHIVED,DEPARTMENT,8,8292224d-865d-414d-b46e-895c5152d1a0,2026-01-07 07:59:07.274216+00:00,2026-01-23 01:36:07.868278+00:00,
7905e218-a3d4-4a7d-8b83-c52bac8b08b3,Atelier innovation innovation client - édition 0287,Innovation,"Innovation dédié à innovation client, conçu pour tous les collaborateurs, avec objectifs clairs, échanges encadrés et livrables pratiques. Référence programme T3-0287.",2026-10-11 16:15:00+00:00,120,ONSITE,Salle Communication,,,100,2026-10-03 14:15:00+00:00,PUBLISHED,GLOBAL,,4b3f668a-c5f0-43d5-ab24-83157512c528,2026-03-05 12:41:29.821927+00:00,2026-04-12 09:45:56.655559+00:00,
78e25779-b82c-4876-8da1-cf2aa0c5701e,Atelier collaboratif amélioration continue - édition 0288,Atelier,"Atelier dédié à amélioration continue, conçu pour tous les collaborateurs, avec objectifs clairs, échanges encadrés et livrables pratiques. Référence programme T3-0288.",2026-12-24 10:45:00+00:00,90,EXTERNAL,,,"Technopole El Ghazala, Ariana",25,2026-12-22 07:45:00+00:00,PUBLISHED,GLOBAL,,4b525688-1acd-4981-b213-0ea3aa8ecb43,2026-04-07 19:07:39.684957+00:00,2026-04-19 01:03:51.771603+00:00,
e80de757-21e9-4a2b-b149-b9f835ef496b,Parcours pratique cloud computing - édition 0289,Formation,"Formation dédié à cloud computing, conçu pour tous les collaborateurs, avec objectifs clairs, échanges encadrés et livrables pratiques. Référence programme T4-0289.",2026-03-04 16:00:00+00:00,120,ONLINE,,https://meet.company.example/parcours-pratique-cloud-computing-edition-0289,,80,2026-02-24 13:00:00+00:00,ARCHIVED,GLOBAL,,7497f43c-158d-489b-b70c-fe3b4c138821,2026-01-17 21:53:31.014121+00:00,2026-03-04 03:16:18.606658+00:00,
16e84873-9b73-4ac3-8f9f-2866eb392d96,Présentation digitale reporting financier - édition 0290,Webinaire,"Webinaire dédié à reporting financier, conçu pour tous les collaborateurs, avec objectifs clairs, échanges encadrés et livrables pratiques. Référence programme T4-0290.",2026-08-16 10:45:00+00:00,45,ONLINE,,https://meet.company.example/presentation-digitale-reporting-financier-edition-0290,,241,2026-07-28 10:45:00+00:00,PUBLISHED,GLOBAL,,c848b20c-f059-4930-95e5-93f28ae465c9,2026-01-09 11:01:17.970341+00:00,2026-04-26 05:17:26.868337+00:00,
7d286db0-4ef0-461e-996e-dd817fa97db0,Pause prévention prévention fatigue numérique - Communication interne - édition 0291,Bien-être,"Bien-être dédié à prévention fatigue numérique, conçu pour le département Communication interne, avec objectifs clairs, échanges encadrés et livrables pratiques. Référence programme T4-0291.",2026-09-17 11:15:00+00:00,60,EXTERNAL,,,"Centre Urbain Nord, Tunis",42,2026-09-01 11:15:00+00:00,PUBLISHED,DEPARTMENT,12,8447be2e-4776-47d8-b0e5-e6a88f3e7d22,2026-04-07 05:24:43.467174+00:00,2026-04-12 20:53:10.885015+00:00,
7e8e00bb-f227-4be3-8b82-23a96c8c0f59,Atelier gestion des priorités - édition 0292,Atelier,"Atelier dédié à gestion des priorités, conçu pour le département Ressources humaines, avec objectifs clairs, échanges encadrés et livrables pratiques. Référence programme T2-0292.",2026-03-19 14:15:00+00:00,180,ONSITE,Salle Innovation,,,73,2026-03-03 14:15:00+00:00,PUBLISHED,DEPARTMENT,2,c3cebde2-04c5-4bd6-8742-5138c5699944,2026-01-30 05:31:00.801186+00:00,2026-03-17 22:46:11.816112+00:00,
d89732cc-ed82-48f8-a079-b96683b0e660,Moment convivial réseau interne - Juridique - édition 0293,Afterwork,"Afterwork dédié à réseau interne, conçu pour le département Juridique, avec objectifs clairs, échanges encadrés et livrables pratiques. Référence programme T4-0293.",2026-08-11 17:30:00+00:00,90,ONSITE,Salle Qualité,,,27,2026-07-24 14:30:00+00:00,PUBLISHED,DEPARTMENT,10,6487383a-0fb9-4616-a52e-d9a0ba69cc53,2026-04-28 06:42:07.056871+00:00,2026-05-01 05:16:12.790651+00:00,
4364b08f-e787-4e9f-a578-0577862495d1,Pause prévention prévention fatigue numérique - Juridique - édition 0294,Bien-être,"Bien-être dédié à prévention fatigue numérique, conçu pour le département Juridique, avec objectifs clairs, échanges encadrés et livrables pratiques. Référence programme T1-0294.",2026-10-05 10:00:00+00:00,90,ONSITE,Salle A,,,46,2026-09-26 10:00:00+00:00,PUBLISHED,DEPARTMENT,10,d4a71d21-d547-4736-9c69-2ae754d8e3f0,2026-02-20 12:46:21.055735+00:00,2026-04-02 22:21:11.292680+00:00,
1aa9499c-985b-437c-be19-641187acee9a,Hackathon automatisation métier - Ressources humaines - édition 0295,Innovation,"Innovation dédié à automatisation métier, conçu pour le département Ressources humaines, avec objectifs clairs, échanges encadrés et livrables pratiques. Référence programme T3-0295.",2026-03-21 10:15:00+00:00,60,ONLINE,,https://meet.company.example/hackathon-automatisation-metier-ressources-humaines-edition-0295,,112,2026-03-19 09:15:00+00:00,PUBLISHED,DEPARTMENT,2,500e7caa-bf0e-48e3-baf1-303ab0dbca43,2026-02-22 19:06:36.362937+00:00,2026-03-01 00:39:22.311105+00:00,
e6e8d4f8-fc0a-4126-a09d-e801439b9f66,Atelier amélioration continue - édition 0296,Atelier,"Atelier dédié à amélioration continue, conçu pour tous les collaborateurs, avec objectifs clairs, échanges encadrés et livrables pratiques. Référence programme T3-0296.",2026-09-02 10:00:00+00:00,180,ONSITE,Salle Communication,,,60,2026-08-12 10:00:00+00:00,PUBLISHED,GLOBAL,,48ecf4f9-3692-43b7-ae68-8199908358ec,2026-03-02 07:12:34.327568+00:00,2026-03-14 04:26:23.916858+00:00,
d6f7f9c8-a295-4d28-ace6-d1a83e454624,Afterwork innovation - édition 0297,Afterwork,"Afterwork dédié à innovation, conçu pour tous les collaborateurs, avec objectifs clairs, échanges encadrés et livrables pratiques. Référence programme T1-0297.",2026-11-08 18:30:00+00:00,150,ONSITE,Salle Finance,,,47,2026-11-01 16:30:00+00:00,PUBLISHED,GLOBAL,,7dddaa8e-deb1-42ed-88bb-dc5a16514cdc,2026-03-27 04:03:17.517104+00:00,2026-04-09 11:28:15.039148+00:00,
763f49d5-af36-4bf1-9a34-effd61089fda,Rencontre culture interne ambassadeurs culture - Achats - édition 0298,Culture d’entreprise,"Culture d’entreprise dédié à ambassadeurs culture, conçu pour le département Achats, avec objectifs clairs, échanges encadrés et livrables pratiques. Référence programme T4-0298.",2026-12-19 14:00:00+00:00,90,EXTERNAL,,,"Immeuble Carthage Business Center, Tunis",195,2026-12-10 14:00:00+00:00,REJECTED,DEPARTMENT,11,a9eb667c-0911-4e4e-955e-a556167a78c0,2026-04-27 11:50:23.597987+00:00,2026-04-28 19:26:39.716076+00:00,Demande rejetée : contenu similaire déjà planifié.
ca8cdcc1-120e-4ce3-ba72-73946121e0d1,Team building challenge collaboratif - Support client - édition 0299,Team building,"Team building dédié à challenge collaboratif, conçu pour le département Support client, avec objectifs clairs, échanges encadrés et livrables pratiques. Référence programme T2-0299.",2026-03-14 09:00:00+00:00,120,ONSITE,Salle A,,,15,2026-03-01 07:00:00+00:00,ARCHIVED,DEPARTMENT,9,ad077160-525d-4c40-8102-623ecef44a68,2026-01-18 00:40:39.315775+00:00,2026-03-14 04:34:07.551986+00:00,
3783fdce-4a8c-4a31-8fee-23b415086ef7,Journée responsable réduction carbone - Développement - édition 0300,RSE,"RSE dédié à réduction carbone, conçu pour le département Développement, avec objectifs clairs, échanges encadrés et livrables pratiques. Référence programme T1-0300.",2026-06-29 09:15:00+00:00,90,ONSITE,Salle Qualité,,,56,2026-06-21 06:15:00+00:00,PENDING,DEPARTMENT,6,b9c5c31c-70c5-4d31-b5fa-06019974af0a,2026-03-10 13:58:31.010458+00:00,2026-03-31 23:59:03.871865+00:00,
b1d9c2c6-62f6-4610-ab9e-52c91967c72d,Team building confiance et coopération - Support client - édition 0301,Team building,"Team building dédié à confiance et coopération, conçu pour le département Support client, avec objectifs clairs, échanges encadrés et livrables pratiques. Référence programme T1-0301.",2026-12-21 15:15:00+00:00,90,EXTERNAL,,,"Centre Urbain Nord, Tunis",36,2026-12-13 14:15:00+00:00,DRAFT,DEPARTMENT,9,86c5b659-a2b1-435e-ad5f-6550a8be0606,2026-04-22 01:35:39.853781+00:00,2026-04-24 08:51:30.070757+00:00,
42895c1e-2063-416b-8010-4b266e41cdc8,Rencontre expert qualité opérationnelle - édition 0302,Conférence,"Conférence dédié à qualité opérationnelle, conçu pour tous les collaborateurs, avec objectifs clairs, échanges encadrés et livrables pratiques. Référence programme T1-0302.",2026-03-02 14:30:00+00:00,120,ONLINE,,https://meet.company.example/rencontre-expert-qualite-operationnelle-edition-0302,,241,2026-02-22 12:30:00+00:00,PUBLISHED,GLOBAL,,7c86415e-73e1-4452-b345-730bd15fcbcf,2026-01-07 17:20:16.549871+00:00,2026-01-13 05:24:53.664370+00:00,
bb9a42ab-0a75-4029-93a8-c42b519ac612,Action RSE solidarité locale - édition 0303,RSE,"RSE dédié à solidarité locale, conçu pour le département Support client, avec objectifs clairs, échanges encadrés et livrables pratiques. Référence programme T1-0303.",2026-06-05 16:00:00+00:00,60,EXTERNAL,,,"Avenue Habib Bourguiba, Tunis",234,2026-05-16 13:00:00+00:00,REJECTED,DEPARTMENT,9,98096adb-c347-4b91-b157-13d91467faa7,2026-04-12 10:50:20.745404+00:00,2026-04-18 19:59:15.224649+00:00,Demande rejetée : contenu similaire déjà planifié.
ebd07186-4e25-4152-9eb7-88e5503c0a34,Session pratique gestion budgétaire - édition 0304,Atelier,"Atelier dédié à gestion budgétaire, conçu pour tous les collaborateurs, avec objectifs clairs, échanges encadrés et livrables pratiques. Référence programme T2-0304.",2026-03-25 16:00:00+00:00,180,EXTERNAL,,,"Technopole El Ghazala, Ariana",52,2026-03-03 13:00:00+00:00,ARCHIVED,GLOBAL,,cda07ab2-acb0-42ea-8b8d-d21f330bf70c,2026-01-14 00:47:30.288621+00:00,2026-03-23 04:04:16.223185+00:00,
3994655c-08b7-43ac-8c5e-43cd06abe517,Présentation digitale protection des données - édition 0305,Webinaire,"Webinaire dédié à protection des données, conçu pour le département IoT, avec objectifs clairs, échanges encadrés et livrables pratiques. Référence programme T1-0305.",2026-08-20 09:00:00+00:00,30,ONLINE,,https://meet.company.example/presentation-digitale-protection-des-donnees-edition-0305,,238,2026-08-14 06:00:00+00:00,PUBLISHED,DEPARTMENT,7,25764ce0-1d1e-4fd5-8ccb-bb0e652d2a41,2026-04-06 05:32:13.142737+00:00,2026-04-26 17:13:46.221343+00:00,
055e0ca4-fbda-423c-a051-b11650cebb56,Table ronde risques cyber - édition 0306,Conférence,"Conférence dédié à risques cyber, conçu pour tous les collaborateurs, avec objectifs clairs, échanges encadrés et livrables pratiques. Référence programme T2-0306.",2026-10-18 10:30:00+00:00,90,ONLINE,,https://meet.company.example/table-ronde-risques-cyber-edition-0306,,60,2026-10-12 07:30:00+00:00,PUBLISHED,GLOBAL,,e035811f-10c5-4bfc-a7c0-7eae45940633,2026-01-04 08:06:14.335680+00:00,2026-04-25 09:13:43.399798+00:00,
792f1d1f-f4ad-45a7-b5fd-5995d8dcbd3d,Moment convivial finance et business - édition 0307,Afterwork,"Afterwork dédié à finance et business, conçu pour tous les collaborateurs, avec objectifs clairs, échanges encadrés et livrables pratiques. Référence programme T3-0307.",2026-09-15 19:45:00+00:00,150,ONSITE,Salle Communication,,,108,2026-08-23 17:45:00+00:00,PUBLISHED,GLOBAL,,e0b41b2a-0c7b-41b4-b605-9004a85a2f65,2026-04-16 17:55:44.235982+00:00,2026-04-20 07:17:54.905892+00:00,
6e8c32dc-c507-4898-bb5e-82719544dcbe,Conférence stratégie commerciale - édition 0308,Conférence,"Conférence dédié à stratégie commerciale, conçu pour tous les collaborateurs, avec objectifs clairs, échanges encadrés et livrables pratiques. Référence programme T2-0308.",2026-12-11 16:00:00+00:00,45,EXTERNAL,,,"Rue Taieb Mhiri, Tunis",135,2026-11-27 15:00:00+00:00,DRAFT,GLOBAL,,ea40f618-7f28-4677-9945-8b26e9dad431,2026-01-16 14:45:06.866037+00:00,2026-03-04 17:30:37.742773+00:00,
c368d659-2d4d-4e1c-9b7e-89c7b76c4052,Atelier collaboratif prise de parole - édition 0309,Atelier,"Atelier dédié à prise de parole, conçu pour tous les collaborateurs, avec objectifs clairs, échanges encadrés et livrables pratiques. Référence programme T1-0309.",2026-11-21 15:30:00+00:00,120,ONLINE,,https://meet.company.example/atelier-collaboratif-prise-de-parole-edition-0309,,43,2026-11-12 15:30:00+00:00,PENDING,GLOBAL,,eacc44aa-5528-442f-bf03-d93b3123467d,2026-04-21 00:14:04.259624+00:00,2026-05-01 01:40:05.647159+00:00,
4d8782b0-3c2d-4296-bef5-7377fb833010,Soirée réseau finance et business - édition 0310,Afterwork,"Afterwork dédié à finance et business, conçu pour tous les collaborateurs, avec objectifs clairs, échanges encadrés et livrables pratiques. Référence programme T1-0310.",2026-07-19 17:15:00+00:00,120,ONSITE,Salle Communication,,,17,2026-07-07 14:15:00+00:00,PUBLISHED,GLOBAL,,25764ce0-1d1e-4fd5-8ccb-bb0e652d2a41,2026-01-09 18:25:05.058789+00:00,2026-02-19 02:46:58.063748+00:00,
82446da1-e8d8-4385-97ea-cdf6e9a410fd,Module d’apprentissage qualité logicielle - édition 0311,Formation,"Formation dédié à qualité logicielle, conçu pour le département Développement, avec objectifs clairs, échanges encadrés et livrables pratiques. Référence programme T3-0311.",2026-09-20 11:30:00+00:00,120,ONSITE,Salle Finance,,,36,2026-09-16 08:30:00+00:00,PUBLISHED,DEPARTMENT,6,8953121f-1a21-4cf5-9842-a8bab20d555c,2026-04-02 18:28:55.556926+00:00,2026-04-27 05:07:14.252550+00:00,
0ecd8622-7de2-4bd2-83ae-31ca4925c47e,Rencontre santé au travail équilibre professionnel - édition 0312,Bien-être,"Bien-être dédié à équilibre professionnel, conçu pour le département Développement, avec objectifs clairs, échanges encadrés et livrables pratiques. Référence programme T1-0312.",2026-04-07 11:45:00+00:00,90,EXTERNAL,,,"Centre Urbain Nord, Tunis",21,2026-03-14 11:45:00+00:00,ARCHIVED,DEPARTMENT,6,8062edae-a09d-450b-b9e9-61d162542cc6,2026-02-08 09:05:35.033958+00:00,2026-02-13 04:27:58.285130+00:00,
6c597cfd-316a-4123-903e-869723f1140e,Challenge collectif challenge collaboratif - édition 0313,Team building,"Team building dédié à challenge collaboratif, conçu pour le département Ventes, avec objectifs clairs, échanges encadrés et livrables pratiques. Référence programme T3-0313.",2026-11-24 13:45:00+00:00,120,ONSITE,Salle Formation,,,63,2026-11-11 12:45:00+00:00,PUBLISHED,DEPARTMENT,5,2017d595-cb92-43c2-b6ad-78ccf95a782c,2026-02-02 15:50:42.668388+00:00,2026-03-23 14:14:56.735413+00:00,
90dbe7a5-daad-44d0-9560-0041453b82e3,Moment convivial finance et business - édition 0314,Afterwork,"Afterwork dédié à finance et business, conçu pour tous les collaborateurs, avec objectifs clairs, échanges encadrés et livrables pratiques. Référence programme T2-0314.",2026-09-24 18:00:00+00:00,120,ONSITE,Salle Innovation,,,61,2026-09-09 15:00:00+00:00,PUBLISHED,GLOBAL,,8954a352-4311-4f3c-a1bf-25bad61c44c0,2026-01-17 16:22:29.136251+00:00,2026-04-05 00:09:31.295079+00:00,
90e0abeb-3ac8-44b8-9516-cff97481a6d9,Culture d’entreprise feedback et transparence - édition 0315,Culture d’entreprise,"Culture d’entreprise dédié à feedback et transparence, conçu pour le département Développement, avec objectifs clairs, échanges encadrés et livrables pratiques. Référence programme T4-0315.",2026-09-29 14:45:00+00:00,120,ONLINE,,https://meet.company.example/culture-d-entreprise-feedback-et-transparence-edition-0315,,171,2026-09-27 11:45:00+00:00,PUBLISHED,DEPARTMENT,6,b67484d6-57c8-48b2-bc51-671001b1bcda,2026-04-12 01:51:04.447253+00:00,2026-04-17 14:27:13.079479+00:00,
c073d2e6-0e9b-4b9d-980c-bba9b920c28c,Rencontre réseau partage d’expérience - édition 0316,Networking,"Networking dédié à partage d’expérience, conçu pour tous les collaborateurs, avec objectifs clairs, échanges encadrés et livrables pratiques. Référence programme T3-0316.",2026-07-16 15:30:00+00:00,90,EXTERNAL,,,"Technopole El Ghazala, Ariana",229,2026-07-08 14:30:00+00:00,PUBLISHED,GLOBAL,,83181837-ca9a-4a93-95ef-82c0c1624078,2026-03-02 11:32:28.777534+00:00,2026-03-03 11:25:21.925424+00:00,
9cee104c-1520-43d1-825e-1db6fd238552,Atelier collaboratif prise de parole - édition 0317,Atelier,"Atelier dédié à prise de parole, conçu pour tous les collaborateurs, avec objectifs clairs, échanges encadrés et livrables pratiques. Référence programme T4-0317.",2026-03-19 11:45:00+00:00,120,ONSITE,Lab IoT,,,13,2026-03-05 09:45:00+00:00,ARCHIVED,GLOBAL,,9fd6253e-a662-4cde-bf57-754afdda3595,2026-01-27 18:13:49.691469+00:00,2026-01-28 17:29:51.782575+00:00,
f926b5d2-f334-489c-9581-bd03e2bc89a6,Rencontre santé au travail nutrition et énergie - édition 0318,Bien-être,"Bien-être dédié à nutrition et énergie, conçu pour tous les collaborateurs, avec objectifs clairs, échanges encadrés et livrables pratiques. Référence programme T2-0318.",2026-11-11 16:30:00+00:00,45,EXTERNAL,,,"Immeuble Carthage Business Center, Tunis",33,2026-10-19 13:30:00+00:00,PUBLISHED,GLOBAL,,6d306999-ddb5-47e6-9aec-107cca3f6bbb,2026-02-18 04:41:07.159180+00:00,2026-02-28 21:13:01.005504+00:00,
b2d95066-bef2-46c0-ac7c-077db04abfb7,Afterwork communauté tech - édition 0319,Afterwork,"Afterwork dédié à communauté tech, conçu pour le département Ventes, avec objectifs clairs, échanges encadrés et livrables pratiques. Référence programme T4-0319.",2026-09-11 17:45:00+00:00,120,ONSITE,Salle B,,,99,2026-08-19 17:45:00+00:00,PUBLISHED,DEPARTMENT,5,1488e2ee-e5fc-4fda-a6c5-2e6dbdbec50b,2026-01-22 12:13:48.312266+00:00,2026-04-21 01:15:40.321422+00:00,
3c0034e3-6b27-406d-ac59-b92c27db6fb4,Session pratique amélioration continue - édition 0320,Atelier,"Atelier dédié à amélioration continue, conçu pour tous les collaborateurs, avec objectifs clairs, échanges encadrés et livrables pratiques. Référence programme T2-0320.",2026-12-06 11:30:00+00:00,60,ONSITE,Auditorium,,,60,2026-11-28 11:30:00+00:00,PUBLISHED,GLOBAL,,63c7f6a6-1fb9-467e-a32c-b7f7fbd263d6,2026-03-07 13:30:36.500156+00:00,2026-04-03 07:27:18.876091+00:00,
5b5ccc04-c6f9-4ee4-b711-48c132225bd6,Parcours pratique qualité logicielle - édition 0321,Formation,"Formation dédié à qualité logicielle, conçu pour tous les collaborateurs, avec objectifs clairs, échanges encadrés et livrables pratiques. Référence programme T1-0321.",2026-10-25 09:00:00+00:00,60,ONLINE,,https://meet.company.example/parcours-pratique-qualite-logicielle-edition-0321,,30,2026-10-18 09:00:00+00:00,PUBLISHED,GLOBAL,,c3f44d1a-e988-4b73-a7f1-9fe2fbfeaaca,2026-02-19 09:06:33.977393+00:00,2026-04-12 07:45:13.297483+00:00,
49385b04-9810-4260-afd8-645c23541e8d,Forum d’échanges communautés internes - édition 0322,Networking,"Networking dédié à communautés internes, conçu pour le département Ressources humaines, avec objectifs clairs, échanges encadrés et livrables pratiques. Référence programme T4-0322.",2026-07-18 14:45:00+00:00,90,ONSITE,Salle Formation,,,115,2026-07-11 14:45:00+00:00,PUBLISHED,DEPARTMENT,2,2a2ff3aa-a839-4038-a81c-29bf4839823e,2026-04-24 06:49:12.155850+00:00,2026-04-24 21:12:59.462364+00:00,
08a66393-7f7c-4737-8da1-71c6f72f340c,Atelier RSE achats responsables - édition 0323,RSE,"RSE dédié à achats responsables, conçu pour tous les collaborateurs, avec objectifs clairs, échanges encadrés et livrables pratiques. Référence programme T1-0323.",2026-06-22 10:15:00+00:00,60,ONSITE,Salle B,,,151,2026-06-17 09:15:00+00:00,PUBLISHED,GLOBAL,,f2a1a80b-ee11-4d4d-934b-4728eb24d690,2026-04-06 19:05:15.582577+00:00,2026-04-28 05:30:29.977777+00:00,
d521bfb9-b9c9-451f-8f3f-b6a598358d5c,Afterwork nouveaux arrivants - édition 0324,Afterwork,"Afterwork dédié à nouveaux arrivants, conçu pour tous les collaborateurs, avec objectifs clairs, échanges encadrés et livrables pratiques. Référence programme T4-0324.",2026-06-08 17:00:00+00:00,90,ONSITE,Auditorium,,,19,2026-05-16 16:00:00+00:00,CANCELLED,GLOBAL,,794fc94e-96be-40c8-8451-4a63913e6c27,2026-01-01 09:08:34.137111+00:00,2026-03-20 09:05:18.690307+00:00,Budget non validé pour cette édition.
ef589184-1d84-47a7-8022-8c2207c92660,Session en ligne IoT et capteurs - Support client - édition 0325,Webinaire,"Webinaire dédié à IoT et capteurs, conçu pour le département Support client, avec objectifs clairs, échanges encadrés et livrables pratiques. Référence programme T2-0325.",2026-05-07 16:45:00+00:00,30,ONLINE,,https://meet.company.example/session-en-ligne-iot-et-capteurs-support-client-edition-0325,,347,2026-04-13 14:45:00+00:00,PUBLISHED,DEPARTMENT,9,96fcb81f-46c4-4e0d-9431-72d62e53de35,2026-01-24 04:33:13.438113+00:00,2026-04-22 11:09:18.810846+00:00,
ce4542ae-2659-4ccb-a083-64bd069caa2f,Webinaire cybersécurité au quotidien - édition 0326,Webinaire,"Webinaire dédié à cybersécurité au quotidien, conçu pour le département Ressources humaines, avec objectifs clairs, échanges encadrés et livrables pratiques. Référence programme T3-0326.",2026-10-08 09:15:00+00:00,45,ONLINE,,https://meet.company.example/webinaire-cybersecurite-au-quotidien-edition-0326,,374,2026-10-01 09:15:00+00:00,PUBLISHED,DEPARTMENT,2,82262980-bc3c-49fb-a210-28daa74d1ba3,2026-03-03 15:48:17.003199+00:00,2026-04-19 04:23:45.503401+00:00,
9872f946-7a8a-44c3-bb65-0ed5bff274b8,Atelier collaboratif organisation d’événement - édition 0327,Atelier,"Atelier dédié à organisation d’événement, conçu pour le département Achats, avec objectifs clairs, échanges encadrés et livrables pratiques. Référence programme T1-0327.",2026-10-04 09:00:00+00:00,60,ONSITE,Salle RH,,,25,2026-09-29 07:00:00+00:00,DRAFT,DEPARTMENT,11,0f921b9c-f5ad-48fc-a6b4-eba7430c551c,2026-04-25 00:34:06.322142+00:00,2026-04-29 08:55:09.740878+00:00,
bc4491ec-2481-4a06-9ac2-0aa743c0d0a8,Atelier RSE bénévolat entreprise - édition 0328,RSE,"RSE dédié à bénévolat entreprise, conçu pour le département Développement, avec objectifs clairs, échanges encadrés et livrables pratiques. Référence programme T2-0328.",2026-11-08 11:00:00+00:00,60,ONSITE,Auditorium,,,152,2026-11-06 10:00:00+00:00,PUBLISHED,DEPARTMENT,6,0f921b9c-f5ad-48fc-a6b4-eba7430c551c,2026-01-08 01:17:12.932627+00:00,2026-04-10 10:13:46.927755+00:00,
671d4c34-b02f-402a-bec6-25044f839525,Défi collaboratif résolution de problèmes - Développement - édition 0329,Team building,"Team building dédié à résolution de problèmes, conçu pour le département Développement, avec objectifs clairs, échanges encadrés et livrables pratiques. Référence programme T1-0329.",2026-06-12 15:15:00+00:00,90,EXTERNAL,,,"Avenue Mohamed V, Tunis",36,2026-05-21 12:15:00+00:00,PUBLISHED,DEPARTMENT,6,0ad2e8b9-a1e4-439b-82a6-7043befa8527,2026-02-05 22:42:49.180976+00:00,2026-03-17 08:25:02.473557+00:00,
3c21ac8e-aee8-4cce-909f-fa2aa49b0916,Moment convivial convivialité - édition 0330,Afterwork,"Afterwork dédié à convivialité, conçu pour tous les collaborateurs, avec objectifs clairs, échanges encadrés et livrables pratiques. Référence programme T2-0330.",2026-09-05 19:30:00+00:00,90,EXTERNAL,,,"Parc technologique, Ariana",51,2026-08-13 16:30:00+00:00,PUBLISHED,GLOBAL,,ce175c8f-1175-4928-bf29-79fe69406339,2026-03-07 10:13:40.563506+00:00,2026-04-19 00:21:25.081999+00:00,
7c74f05d-bfb8-4726-8c16-e95b17f5e4be,Défi collaboratif confiance et coopération - édition 0331,Team building,"Team building dédié à confiance et coopération, conçu pour tous les collaborateurs, avec objectifs clairs, échanges encadrés et livrables pratiques. Référence programme T3-0331.",2026-04-29 09:15:00+00:00,180,EXTERNAL,,,"Avenue Mohamed V, Tunis",30,2026-04-15 09:15:00+00:00,PUBLISHED,GLOBAL,,7120f862-693b-4518-8e4c-e2bfe7963695,2026-01-13 21:21:33.232361+00:00,2026-04-07 04:51:27.625842+00:00,
9c626364-6cd5-4ec4-8ade-fcb877751981,Afterwork culture interne - édition 0332,Afterwork,"Afterwork dédié à culture interne, conçu pour tous les collaborateurs, avec objectifs clairs, échanges encadrés et livrables pratiques. Référence programme T3-0332.",2026-05-13 17:30:00+00:00,120,ONSITE,Salle Formation,,,74,2026-05-05 15:30:00+00:00,DRAFT,GLOBAL,,2b2c1a3c-9712-41b8-86c7-afa44d9e0665,2026-03-04 17:23:43.216897+00:00,2026-03-15 23:39:29.935923+00:00,
9242d95e-aaa3-43d1-a8ca-62efd1a2e084,Pause prévention équilibre professionnel - édition 0333,Bien-être,"Bien-être dédié à équilibre professionnel, conçu pour tous les collaborateurs, avec objectifs clairs, échanges encadrés et livrables pratiques. Référence programme T1-0333.",2026-06-04 11:00:00+00:00,90,ONSITE,Salle Réunion B,,,9,2026-05-31 08:00:00+00:00,DRAFT,GLOBAL,,c31a8997-aa4f-4fcd-af44-2a2e36479c4d,2026-02-21 06:23:27.321427+00:00,2026-03-13 07:17:37.238155+00:00,
c098c88a-9127-40aa-9f8d-d2a1646ad1c1,Module d’apprentissage qualité logicielle - édition 0334,Formation,"Formation dédié à qualité logicielle, conçu pour le département Qualité, avec objectifs clairs, échanges encadrés et livrables pratiques. Référence programme T1-0334.",2026-05-23 15:30:00+00:00,180,ONSITE,Salle RH,,,47,2026-05-19 15:30:00+00:00,PUBLISHED,DEPARTMENT,8,d03f66d8-d99b-4671-a0db-107d9ed5e8e4,2026-02-24 03:01:53.696162+00:00,2026-03-10 20:36:08.233060+00:00,
b3bc584d-c65f-4321-977f-19df483cdb38,Session pratique gestion des priorités - Marketing - édition 0335,Atelier,"Atelier dédié à gestion des priorités, conçu pour le département Marketing, avec objectifs clairs, échanges encadrés et livrables pratiques. Référence programme T4-0335.",2026-08-10 11:30:00+00:00,180,ONSITE,Salle B,,,79,2026-08-05 11:30:00+00:00,CANCELLED,DEPARTMENT,4,915de5a6-4e56-45a3-9ec0-f304a3b83653,2026-03-22 00:55:29.615204+00:00,2026-04-24 04:27:49.480782+00:00,Objectifs de l’événement à clarifier avant relance.
d15fc0ba-7db6-48ee-8242-fa87d9ecd8c5,Session de formation Power BI - édition 0336,Formation,"Formation dédié à Power BI, conçu pour tous les collaborateurs, avec objectifs clairs, échanges encadrés et livrables pratiques. Référence programme T2-0336.",2026-08-20 16:30:00+00:00,90,ONSITE,Salle Finance,,,25,2026-08-11 14:30:00+00:00,PUBLISHED,GLOBAL,,12f5d09b-3a9f-46b1-98f3-f1fcb7df3201,2026-02-14 07:26:55.351129+00:00,2026-03-25 08:48:11.167590+00:00,
3deed760-ae80-4ac8-814a-34abab0168ab,Rencontre informelle équipes projet - Achats - édition 0337,Afterwork,"Afterwork dédié à équipes projet, conçu pour le département Achats, avec objectifs clairs, échanges encadrés et livrables pratiques. Référence programme T4-0337.",2026-03-06 19:00:00+00:00,90,EXTERNAL,,,"Rue Taieb Mhiri, Tunis",86,2026-02-14 19:00:00+00:00,CANCELLED,DEPARTMENT,11,1139ba1c-108d-408a-bcce-dc297a47ae0b,2026-01-30 04:17:02.461149+00:00,2026-02-03 13:38:10.821340+00:00,Nombre d’inscriptions insuffisant pour maintenir la session.
20d3a062-bf25-485b-a031-78bb2c0f8dab,Session pratique idéation produit - édition 0338,Atelier,"Atelier dédié à idéation produit, conçu pour tous les collaborateurs, avec objectifs clairs, échanges encadrés et livrables pratiques. Référence programme T1-0338.",2026-05-23 09:00:00+00:00,180,ONLINE,,https://meet.company.example/session-pratique-ideation-produit-edition-0338,,17,2026-04-29 07:00:00+00:00,PUBLISHED,GLOBAL,,eaaf4ff9-389b-4404-8570-7d2997f37220,2026-02-16 16:56:05.361315+00:00,2026-05-01 11:32:23.097941+00:00,
3ad062a9-8c36-465f-b596-0f124a3765a0,Présentation digitale outils collaboratifs - édition 0339,Webinaire,"Webinaire dédié à outils collaboratifs, conçu pour le département Finance, avec objectifs clairs, échanges encadrés et livrables pratiques. Référence programme T4-0339.",2026-10-23 16:45:00+00:00,30,ONLINE,,https://meet.company.example/presentation-digitale-outils-collaboratifs-edition-0339,,158,2026-10-07 14:45:00+00:00,PUBLISHED,DEPARTMENT,3,514d1d62-3100-4b79-9ace-199ed15abd30,2026-03-02 18:35:55.189193+00:00,2026-03-30 22:54:28.911456+00:00,
678867f6-b342-4f9e-b72a-194e25f98895,Atelier bien-être prévention fatigue numérique - édition 0340,Bien-être,"Bien-être dédié à prévention fatigue numérique, conçu pour le département IoT, avec objectifs clairs, échanges encadrés et livrables pratiques. Référence programme T3-0340.",2026-12-28 09:00:00+00:00,60,ONSITE,Lab IoT,,,51,2026-12-04 07:00:00+00:00,PUBLISHED,DEPARTMENT,7,24142aac-d1c8-42ac-a86d-f1049fd901a2,2026-02-02 10:05:37.875137+00:00,2026-04-01 23:39:58.593675+00:00,
0a79a2bc-5e01-4dc2-a5dd-7454071eb550,Parcours engagement collaboration transversale - édition 0341,Culture d’entreprise,"Culture d’entreprise dédié à collaboration transversale, conçu pour tous les collaborateurs, avec objectifs clairs, échanges encadrés et livrables pratiques. Référence programme T3-0341.",2026-09-24 16:15:00+00:00,45,ONLINE,,https://meet.company.example/parcours-engagement-collaboration-transversale-edition-0341,,197,2026-09-05 15:15:00+00:00,PENDING,GLOBAL,,67218b7a-eda7-4eed-b37b-939fba1ef9ce,2026-04-06 09:21:02.409772+00:00,2026-04-23 12:53:41.119814+00:00,
e32b43b8-ccea-4637-aace-baf82f872f28,Session de formation contrats et conformité - édition 0342,Formation,"Formation dédié à contrats et conformité, conçu pour tous les collaborateurs, avec objectifs clairs, échanges encadrés et livrables pratiques. Référence programme T2-0342.",2026-08-08 16:45:00+00:00,90,EXTERNAL,,,"Immeuble Carthage Business Center, Tunis",48,2026-07-22 13:45:00+00:00,PENDING,GLOBAL,,4b525688-1acd-4981-b213-0ea3aa8ecb43,2026-01-24 03:26:32.812070+00:00,2026-03-04 18:17:40.502825+00:00,
52cbf5a8-4fa4-40ea-8478-24d6f34dff38,Module d’apprentissage DevOps - édition 0343,Formation,"Formation dédié à DevOps, conçu pour le département Ressources humaines, avec objectifs clairs, échanges encadrés et livrables pratiques. Référence programme T1-0343.",2026-05-06 16:00:00+00:00,180,ONSITE,Salle Innovation,,,55,2026-04-30 14:00:00+00:00,PUBLISHED,DEPARTMENT,2,94df617c-7422-4cee-8fff-551c271661f6,2026-03-16 00:37:52.329128+00:00,2026-04-06 20:12:36.184536+00:00,
7e4dfcd4-6e9d-4080-a1d0-67be7cf670f0,Initiative durable économie d’énergie - édition 0344,RSE,"RSE dédié à économie d’énergie, conçu pour tous les collaborateurs, avec objectifs clairs, échanges encadrés et livrables pratiques. Référence programme T4-0344.",2026-04-17 15:45:00+00:00,120,EXTERNAL,,,"Rue du Lac Biwa, Les Berges du Lac, Tunis",124,2026-04-13 12:45:00+00:00,CANCELLED,GLOBAL,,f5a200ca-45a2-445d-906e-548d24f00cd6,2026-02-22 17:39:53.279120+00:00,2026-03-18 23:00:47.342734+00:00,Données d’organisation incomplètes.
ccba84ec-f7e3-415a-ad8a-413ce1cebbfb,Parcours engagement feedback et transparence - édition 0345,Culture d’entreprise,"Culture d’entreprise dédié à feedback et transparence, conçu pour tous les collaborateurs, avec objectifs clairs, échanges encadrés et livrables pratiques. Référence programme T3-0345.",2026-09-30 09:15:00+00:00,60,ONSITE,Salle B,,,153,2026-09-15 06:15:00+00:00,PENDING,GLOBAL,,5eaddab7-e9e5-496f-98cf-f1c69022ecfa,2026-02-09 02:38:47.832319+00:00,2026-04-19 06:22:56.528478+00:00,
2389a90c-9d8c-4ecd-b9d2-764f491b540b,Session pratique gestion budgétaire - édition 0346,Atelier,"Atelier dédié à gestion budgétaire, conçu pour le département Communication interne, avec objectifs clairs, échanges encadrés et livrables pratiques. Référence programme T3-0346.",2026-10-10 14:15:00+00:00,90,ONSITE,Salle Qualité,,,43,2026-10-07 11:15:00+00:00,PUBLISHED,DEPARTMENT,12,43961ba3-19dc-4b35-a7d8-f70fec307809,2026-03-23 01:11:32.916357+00:00,2026-04-28 13:40:16.431792+00:00,
0b984b60-49d3-410c-a532-18d4908343fb,Hackathon hackathon interne - édition 0347,Innovation,"Innovation dédié à hackathon interne, conçu pour le département Juridique, avec objectifs clairs, échanges encadrés et livrables pratiques. Référence programme T3-0347.",2026-03-10 13:15:00+00:00,60,ONLINE,,https://meet.company.example/hackathon-hackathon-interne-edition-0347,,42,2026-02-17 11:15:00+00:00,CANCELLED,DEPARTMENT,10,8ee4e6aa-49bf-4476-8827-7c43c8576b3a,2026-01-13 13:15:19.541751+00:00,2026-02-21 18:42:54.416194+00:00,Décision de report prise par l’équipe organisatrice.
0940e45c-a38f-414d-9798-4a371dfc614e,Action RSE solidarité locale - édition 0348,RSE,"RSE dédié à solidarité locale, conçu pour le département Support client, avec objectifs clairs, échanges encadrés et livrables pratiques. Référence programme T3-0348.",2026-07-29 15:00:00+00:00,120,ONSITE,Salle Innovation,,,172,2026-07-15 14:00:00+00:00,DRAFT,DEPARTMENT,9,21e93a46-e401-457d-ad44-d22012a753d7,2026-03-06 16:00:12.563169+00:00,2026-03-09 00:38:22.485493+00:00,
3c67c7b8-587b-4176-aaab-2524eedda433,Présentation digitale reporting financier - édition 0349,Webinaire,"Webinaire dédié à reporting financier, conçu pour le département Achats, avec objectifs clairs, échanges encadrés et livrables pratiques. Référence programme T2-0349.",2026-04-09 16:30:00+00:00,60,ONLINE,,https://meet.company.example/presentation-digitale-reporting-financier-edition-0349,,446,2026-03-18 16:30:00+00:00,PUBLISHED,DEPARTMENT,11,4b1a88ac-4167-4eac-a0d2-4e293ef8f000,2026-01-25 14:31:08.963063+00:00,2026-02-22 00:01:20.599424+00:00,
f1dabf18-145f-43fd-991b-848f97989638,Workshop feedback constructif - Qualité - édition 0350,Atelier,"Atelier dédié à feedback constructif, conçu pour le département Qualité, avec objectifs clairs, échanges encadrés et livrables pratiques. Référence programme T2-0350.",2026-04-20 15:30:00+00:00,120,ONSITE,Salle Formation,,,32,2026-04-04 15:30:00+00:00,PUBLISHED,DEPARTMENT,8,746f9a16-167c-4335-ad48-53bd33464aae,2026-03-02 16:43:10.065364+00:00,2026-03-16 18:08:57.219863+00:00,
00a14724-34d9-43a8-a123-7fec31fc7f66,Rencontre santé au travail prévention fatigue numérique - édition 0351,Bien-être,"Bien-être dédié à prévention fatigue numérique, conçu pour tous les collaborateurs, avec objectifs clairs, échanges encadrés et livrables pratiques. Référence programme T4-0351.",2026-05-23 16:00:00+00:00,45,EXTERNAL,,,"Centre Urbain Nord, Tunis",25,2026-05-05 16:00:00+00:00,PUBLISHED,GLOBAL,,2924ebf4-7416-4911-9fb8-c3bd86f39111,2026-01-26 07:56:26.158058+00:00,2026-03-24 09:27:23.845171+00:00,
36b983c0-d67a-468a-a8c7-bc43cb011a1c,Initiative durable mobilité durable - édition 0352,RSE,"RSE dédié à mobilité durable, conçu pour le département Support client, avec objectifs clairs, échanges encadrés et livrables pratiques. Référence programme T4-0352.",2026-05-22 16:00:00+00:00,120,ONSITE,Salle Formation,,,198,2026-05-14 14:00:00+00:00,DRAFT,DEPARTMENT,9,3b4c8589-a29e-4f2a-9518-57ade939fcf8,2026-03-16 23:29:55.246442+00:00,2026-03-28 19:32:35.599396+00:00,
8f9c345b-30b7-4f97-92b7-95660b12ec36,Défi collaboratif escape game interne - édition 0353,Team building,"Team building dédié à escape game interne, conçu pour tous les collaborateurs, avec objectifs clairs, échanges encadrés et livrables pratiques. Référence programme T1-0353.",2026-06-01 11:45:00+00:00,180,ONSITE,Salle A,,,54,2026-05-18 10:45:00+00:00,REJECTED,GLOBAL,,b84486da-21ec-4b82-bf29-a0ba711862f5,2026-03-23 22:54:30.455626+00:00,2026-05-01 10:49:55.802032+00:00,Demande rejetée : audience cible trop large.
79389f87-9235-4cad-8394-83a8e0a7a0de,Workshop amélioration continue - édition 0354,Atelier,"Atelier dédié à amélioration continue, conçu pour tous les collaborateurs, avec objectifs clairs, échanges encadrés et livrables pratiques. Référence programme T3-0354.",2026-11-16 15:30:00+00:00,120,ONLINE,,https://meet.company.example/workshop-amelioration-continue-edition-0354,,75,2026-11-11 13:30:00+00:00,DRAFT,GLOBAL,,efe3f27d-9b61-4dcc-bdee-66d1ff6634b6,2026-01-02 07:53:11.700881+00:00,2026-02-06 13:12:59.087057+00:00,
24c1ea2e-31ae-49b8-a210-1db89b614ee7,Atelier amélioration continue - édition 0355,Atelier,"Atelier dédié à amélioration continue, conçu pour tous les collaborateurs, avec objectifs clairs, échanges encadrés et livrables pratiques. Référence programme T2-0355.",2026-10-20 14:45:00+00:00,90,ONLINE,,https://meet.company.example/atelier-amelioration-continue-edition-0355,,18,2026-10-17 12:45:00+00:00,PUBLISHED,GLOBAL,,49f84812-c3fe-4a66-b400-497728964a71,2026-01-23 12:30:35.465012+00:00,2026-03-19 13:17:39.924266+00:00,
3e7b3334-b6ca-4eb4-bf94-17adb68ba247,Atelier cohésion défi inter-départements - édition 0356,Team building,"Team building dédié à défi inter-départements, conçu pour le département Communication interne, avec objectifs clairs, échanges encadrés et livrables pratiques. Référence programme T3-0356.",2026-06-01 14:15:00+00:00,240,ONSITE,Lab IoT,,,35,2026-05-24 12:15:00+00:00,DRAFT,DEPARTMENT,12,05ebad91-5c0a-406d-b835-141c19b231e0,2026-02-03 22:17:41.227579+00:00,2026-03-12 16:35:12.823997+00:00,
32550296-6435-4ef2-90e1-028656282c7f,Forum d’échanges petit-déjeuner business - édition 0357,Networking,"Networking dédié à petit-déjeuner business, conçu pour le département Marketing, avec objectifs clairs, échanges encadrés et livrables pratiques. Référence programme T3-0357.",2026-03-17 10:00:00+00:00,60,ONLINE,,https://meet.company.example/forum-d-echanges-petit-dejeuner-business-edition-0357,,122,2026-03-06 07:00:00+00:00,ARCHIVED,DEPARTMENT,4,7d2c6a5c-bbcc-46be-8ba4-b7518ab7a644,2026-01-13 14:44:38.917166+00:00,2026-01-31 14:24:12.713659+00:00,
6e894a8c-84a8-4a14-8194-eca50da6f501,Rencontre informelle finance et business - Qualité - édition 0358,Afterwork,"Afterwork dédié à finance et business, conçu pour le département Qualité, avec objectifs clairs, échanges encadrés et livrables pratiques. Référence programme T1-0358.",2026-09-13 19:45:00+00:00,90,EXTERNAL,,,"Rue du Lac Biwa, Les Berges du Lac, Tunis",40,2026-08-21 16:45:00+00:00,DRAFT,DEPARTMENT,8,4c324c73-2dc1-425d-8e1b-f3224f6128ec,2026-04-13 23:44:51.040147+00:00,2026-04-20 17:14:05.066066+00:00,
e8762dcf-9e1e-4867-bf3d-806eca86e54b,Journée responsable recyclage - édition 0359,RSE,"RSE dédié à recyclage, conçu pour tous les collaborateurs, avec objectifs clairs, échanges encadrés et livrables pratiques. Référence programme T2-0359.",2026-04-08 13:00:00+00:00,60,EXTERNAL,,,"Rue de l’Innovation, Lac 1, Tunis",153,2026-04-05 12:00:00+00:00,CANCELLED,GLOBAL,,0d3b9abd-2bf6-47a0-b674-e66bfbd1c058,2026-02-14 17:06:03.252168+00:00,2026-03-22 13:34:09.394264+00:00,Nombre d’inscriptions insuffisant pour maintenir la session.
5b1d66a7-15db-402d-9e18-8abb534ed67c,Formation cybersécurité - édition 0360,Formation,"Formation dédié à cybersécurité, conçu pour tous les collaborateurs, avec objectifs clairs, échanges encadrés et livrables pratiques. Référence programme T4-0360.",2026-11-11 10:30:00+00:00,180,ONLINE,,https://meet.company.example/formation-cybersecurite-edition-0360,,70,2026-10-30 07:30:00+00:00,PUBLISHED,GLOBAL,,233d2989-90d7-4cf0-9bea-58a5e4bac3d2,2026-02-24 12:07:57.203446+00:00,2026-04-17 16:40:42.491845+00:00,
8acf73ec-f027-4d33-9e95-54dea80fd229,Formation contrats et conformité - Communication interne - édition 0361,Formation,"Formation dédié à contrats et conformité, conçu pour le département Communication interne, avec objectifs clairs, échanges encadrés et livrables pratiques. Référence programme T3-0361.",2026-05-21 15:30:00+00:00,90,ONSITE,Salle Finance,,,47,2026-05-07 12:30:00+00:00,DRAFT,DEPARTMENT,12,829eabd6-72af-4c4e-b91e-42647a56cf50,2026-02-11 20:57:12.074843+00:00,2026-04-27 19:06:23.362821+00:00,
2210923b-c68d-4a2d-b29b-f9e7a5e234d2,Atelier collaboratif idéation produit - édition 0362,Atelier,"Atelier dédié à idéation produit, conçu pour tous les collaborateurs, avec objectifs clairs, échanges encadrés et livrables pratiques. Référence programme T1-0362.",2026-09-28 14:45:00+00:00,180,EXTERNAL,,,"Parc technologique, Ariana",19,2026-09-26 14:45:00+00:00,PUBLISHED,GLOBAL,,67b9e613-4792-4b7e-88f0-54df3f761ed0,2026-02-16 19:35:41.194184+00:00,2026-04-23 10:32:06.145738+00:00,
2432ec17-09f7-40e6-a236-e0ce7955853d,Hackathon expérimentation digitale - édition 0363,Innovation,"Innovation dédié à expérimentation digitale, conçu pour tous les collaborateurs, avec objectifs clairs, échanges encadrés et livrables pratiques. Référence programme T4-0363.",2026-10-12 09:00:00+00:00,60,ONSITE,Salle B,,,65,2026-09-27 06:00:00+00:00,DRAFT,GLOBAL,,f5f28e61-f4ca-473a-8c02-7e708513646c,2026-03-03 14:37:08.847790+00:00,2026-04-05 10:56:18.187622+00:00,
85005264-d974-4e04-af4f-07db95225b12,Journée responsable bénévolat entreprise - édition 0364,RSE,"RSE dédié à bénévolat entreprise, conçu pour tous les collaborateurs, avec objectifs clairs, échanges encadrés et livrables pratiques. Référence programme T1-0364.",2026-11-22 15:45:00+00:00,60,EXTERNAL,,,"Technopole El Ghazala, Ariana",43,2026-11-01 14:45:00+00:00,PUBLISHED,GLOBAL,,3fe14d18-0cfa-492c-9c98-5c09e18406f4,2026-03-29 11:49:10.498856+00:00,2026-04-30 03:18:12.417404+00:00,
188d1d7b-4047-456e-aa21-9a02c8aef7f7,Parcours engagement valeurs et vision - Informatique - édition 0365,Culture d’entreprise,"Culture d’entreprise dédié à valeurs et vision, conçu pour le département Informatique, avec objectifs clairs, échanges encadrés et livrables pratiques. Référence programme T3-0365.",2026-07-03 11:15:00+00:00,45,ONSITE,Salle Formation,,,210,2026-07-01 08:15:00+00:00,CANCELLED,DEPARTMENT,1,a9eb667c-0911-4e4e-955e-a556167a78c0,2026-02-23 12:56:25.378014+00:00,2026-03-26 17:32:54.765194+00:00,Priorité métier modifiée.
73ed9e10-d7dd-4f35-812a-0836380719a5,Session en ligne bien-être au travail - édition 0366,Webinaire,"Webinaire dédié à bien-être au travail, conçu pour tous les collaborateurs, avec objectifs clairs, échanges encadrés et livrables pratiques. Référence programme T4-0366.",2026-04-11 09:00:00+00:00,60,ONLINE,,https://meet.company.example/session-en-ligne-bien-etre-au-travail-edition-0366,,375,2026-03-29 08:00:00+00:00,ARCHIVED,GLOBAL,,c98070f7-ea93-464b-9719-8e5817cb346a,2026-02-23 21:12:35.012491+00:00,2026-03-14 09:48:23.231172+00:00,
ef1eaeb9-f393-47fe-bbda-96278e19762b,Hackathon innovation ouverte - édition 0367,Innovation,"Innovation dédié à innovation ouverte, conçu pour tous les collaborateurs, avec objectifs clairs, échanges encadrés et livrables pratiques. Référence programme T4-0367.",2026-12-25 11:45:00+00:00,90,ONLINE,,https://meet.company.example/hackathon-innovation-ouverte-edition-0367,,118,2026-12-01 08:45:00+00:00,PUBLISHED,GLOBAL,,1092232c-ca39-4c9d-90f6-d303d67af0e4,2026-03-16 19:23:12.443463+00:00,2026-04-14 01:21:43.680241+00:00,
232b4a56-a9a0-419f-872e-eec6679bc2da,Keynote interne risques cyber - édition 0368,Conférence,"Conférence dédié à risques cyber, conçu pour tous les collaborateurs, avec objectifs clairs, échanges encadrés et livrables pratiques. Référence programme T2-0368.",2026-11-11 11:45:00+00:00,120,ONSITE,Salle Formation,,,233,2026-11-08 08:45:00+00:00,PUBLISHED,GLOBAL,,e3a19585-197c-4218-9d75-752360108ba0,2026-04-06 05:55:14.678690+00:00,2026-04-19 20:52:46.796143+00:00,
20e375da-b8ae-4f7d-bf94-de852a6d05dd,Soirée réseau réseau interne - édition 0369,Afterwork,"Afterwork dédié à réseau interne, conçu pour tous les collaborateurs, avec objectifs clairs, échanges encadrés et livrables pratiques. Référence programme T1-0369.",2026-06-26 17:00:00+00:00,90,ONLINE,,https://meet.company.example/soiree-reseau-reseau-interne-edition-0369,,104,2026-06-03 14:00:00+00:00,DRAFT,GLOBAL,,d37584ec-a50a-4b61-84db-4ad4f2629fd7,2026-03-01 02:04:50.226502+00:00,2026-03-10 00:39:04.580949+00:00,
01dfbdf6-ef15-47d2-92e2-1f4a9297c791,Atelier RSE mobilité durable - Achats - édition 0370,RSE,"RSE dédié à mobilité durable, conçu pour le département Achats, avec objectifs clairs, échanges encadrés et livrables pratiques. Référence programme T1-0370.",2026-07-28 15:15:00+00:00,60,ONLINE,,https://meet.company.example/atelier-rse-mobilite-durable-achats-edition-0370,,36,2026-07-07 14:15:00+00:00,PUBLISHED,DEPARTMENT,11,b877de62-103a-4774-b161-65d240e35474,2026-04-17 16:16:00.623870+00:00,2026-04-20 16:08:44.857455+00:00,
0f44ec14-e8d6-4a67-9723-de29c44b9fb4,Atelier RSE inclusion - Finance - édition 0371,RSE,"RSE dédié à inclusion, conçu pour le département Finance, avec objectifs clairs, échanges encadrés et livrables pratiques. Référence programme T2-0371.",2026-07-09 11:45:00+00:00,120,ONLINE,,https://meet.company.example/atelier-rse-inclusion-finance-edition-0371,,141,2026-06-18 09:45:00+00:00,DRAFT,DEPARTMENT,3,124d31c9-67e3-4463-a3dc-e5d31d3560a1,2026-04-12 15:32:31.237482+00:00,2026-04-29 11:10:32.531877+00:00,
2ff507a7-1a57-45cf-9957-f1b23a2d6b5f,Speed meeting rencontre métiers - édition 0372,Networking,"Networking dédié à rencontre métiers, conçu pour le département Ressources humaines, avec objectifs clairs, échanges encadrés et livrables pratiques. Référence programme T1-0372.",2026-03-23 10:15:00+00:00,60,ONSITE,Salle RH,,,177,2026-02-27 08:15:00+00:00,ARCHIVED,DEPARTMENT,2,00a63ee3-b72e-4d31-b5f3-e2c9113709fa,2026-01-22 22:18:18.430282+00:00,2026-03-07 11:08:15.801867+00:00,
c7a72375-8ec5-494e-92dd-e78f748ec527,Session pratique organisation d’événement - édition 0373,Atelier,"Atelier dédié à organisation d’événement, conçu pour le département Achats, avec objectifs clairs, échanges encadrés et livrables pratiques. Référence programme T1-0373.",2026-07-21 14:15:00+00:00,120,ONSITE,Salle A,,,22,2026-07-18 11:15:00+00:00,PUBLISHED,DEPARTMENT,11,2cd12ab6-9690-4f95-a135-d3dc346ec176,2026-03-25 05:25:45.023329+00:00,2026-04-12 01:22:26.957840+00:00,
5a25e52a-af9d-4124-946e-cc18441d4b27,Hackathon prototypage rapide - édition 0374,Innovation,"Innovation dédié à prototypage rapide, conçu pour le département Informatique, avec objectifs clairs, échanges encadrés et livrables pratiques. Référence programme T3-0374.",2026-10-16 09:15:00+00:00,90,ONSITE,Salle Réunion B,,,43,2026-10-13 07:15:00+00:00,PUBLISHED,DEPARTMENT,1,04ae859c-0c10-43f9-b75f-3eda713debdb,2026-02-15 01:17:21.013605+00:00,2026-04-28 10:28:30.327832+00:00,
b9b10e8c-9c17-4e79-96fb-3d1173c0a09c,Webinaire outils collaboratifs - Développement - édition 0375,Webinaire,"Webinaire dédié à outils collaboratifs, conçu pour le département Développement, avec objectifs clairs, échanges encadrés et livrables pratiques. Référence programme T4-0375.",2026-04-09 11:30:00+00:00,30,ONLINE,,https://meet.company.example/webinaire-outils-collaboratifs-developpement-edition-0375,,184,2026-03-24 09:30:00+00:00,ARCHIVED,DEPARTMENT,6,99deadaf-8a75-4075-aeaa-bf9ec069cd7a,2026-03-24 10:28:25.889114+00:00,2026-03-31 18:14:55.071784+00:00,
022c26da-b0a6-4366-8e7f-4617d97be281,Session de formation qualité logicielle - édition 0376,Formation,"Formation dédié à qualité logicielle, conçu pour tous les collaborateurs, avec objectifs clairs, échanges encadrés et livrables pratiques. Référence programme T2-0376.",2026-05-29 10:30:00+00:00,60,ONSITE,Salle RH,,,22,2026-05-11 08:30:00+00:00,DRAFT,GLOBAL,,09d2cf11-ac8c-461a-94a4-50153a860768,2026-01-04 18:31:40.995303+00:00,2026-01-05 20:06:58.946048+00:00,
7920eb23-af22-42fb-bbee-4c1253883ac4,Speed meeting experts internes - édition 0377,Networking,"Networking dédié à experts internes, conçu pour tous les collaborateurs, avec objectifs clairs, échanges encadrés et livrables pratiques. Référence programme T1-0377.",2026-03-22 14:30:00+00:00,120,EXTERNAL,,,"Parc technologique, Ariana",219,2026-03-03 11:30:00+00:00,ARCHIVED,GLOBAL,,b0953e8e-335d-49b9-b394-fc0fe62b5e1e,2026-01-01 21:55:57.055239+00:00,2026-01-08 13:07:40.949799+00:00,
9fd14df2-a2c4-48bc-bc92-afffcdafd793,Parcours engagement rencontre direction - édition 0378,Culture d’entreprise,"Culture d’entreprise dédié à rencontre direction, conçu pour le département Qualité, avec objectifs clairs, échanges encadrés et livrables pratiques. Référence programme T3-0378.",2026-08-08 09:15:00+00:00,120,ONLINE,,https://meet.company.example/parcours-engagement-rencontre-direction-edition-0378,,254,2026-08-04 09:15:00+00:00,REJECTED,DEPARTMENT,8,62668eb7-8a70-4916-8f73-9d676777f177,2026-01-09 08:58:10.213463+00:00,2026-01-28 15:52:53.171637+00:00,Demande rejetée : objectifs insuffisamment définis.
88afc1a0-a52d-4e22-9e66-ee302f27df17,Conférence transformation digitale - édition 0379,Conférence,"Conférence dédié à transformation digitale, conçu pour tous les collaborateurs, avec objectifs clairs, échanges encadrés et livrables pratiques. Référence programme T1-0379.",2026-06-24 09:45:00+00:00,120,ONLINE,,https://meet.company.example/conference-transformation-digitale-edition-0379,,137,2026-06-20 08:45:00+00:00,PENDING,GLOBAL,,5e61724f-7287-442f-963a-0d5dd803249c,2026-03-05 16:04:20.123555+00:00,2026-04-07 07:28:01.242691+00:00,
5dc337da-1964-4bb6-91bf-e70cc0f2c12c,Workshop prise de parole - édition 0380,Atelier,"Atelier dédié à prise de parole, conçu pour tous les collaborateurs, avec objectifs clairs, échanges encadrés et livrables pratiques. Référence programme T3-0380.",2026-07-10 10:15:00+00:00,90,EXTERNAL,,,"Technopole El Ghazala, Ariana",74,2026-07-06 07:15:00+00:00,PUBLISHED,GLOBAL,,1423a03e-cee5-47c1-8a33-c4e950c56923,2026-01-16 15:38:26.753753+00:00,2026-04-23 23:58:03.257047+00:00,
91d84e8b-66e1-469a-b5e8-ddf49c43965f,Conférence culture agile - édition 0381,Conférence,"Conférence dédié à culture agile, conçu pour tous les collaborateurs, avec objectifs clairs, échanges encadrés et livrables pratiques. Référence programme T2-0381.",2026-05-12 14:30:00+00:00,45,ONLINE,,https://meet.company.example/conference-culture-agile-edition-0381,,94,2026-04-23 13:30:00+00:00,PUBLISHED,GLOBAL,,16db286d-1b67-49c2-b2c8-9d4d0fa29db6,2026-01-29 11:08:48.955805+00:00,2026-02-18 18:28:52.653232+00:00,
196546de-04a1-4596-8ed8-427782dc268c,Session valeurs collaboration transversale - Finance - édition 0382,Culture d’entreprise,"Culture d’entreprise dédié à collaboration transversale, conçu pour le département Finance, avec objectifs clairs, échanges encadrés et livrables pratiques. Référence programme T1-0382.",2026-05-06 16:15:00+00:00,45,ONSITE,Salle RH,,,49,2026-04-19 16:15:00+00:00,PUBLISHED,DEPARTMENT,3,2ef6e49e-2db4-4aba-9300-2be6b73234f7,2026-01-31 04:59:39.671664+00:00,2026-04-24 07:23:26.300140+00:00,
a8f3bd41-a65b-4266-98d5-01932b80fcba,Action RSE mobilité durable - édition 0383,RSE,"RSE dédié à mobilité durable, conçu pour tous les collaborateurs, avec objectifs clairs, échanges encadrés et livrables pratiques. Référence programme T3-0383.",2026-05-05 16:30:00+00:00,90,ONSITE,Salle Qualité,,,135,2026-04-22 15:30:00+00:00,PUBLISHED,GLOBAL,,38f134e4-e62f-4bb9-a0f5-99a23ed433c7,2026-01-07 15:15:58.465815+00:00,2026-01-11 08:44:42.949564+00:00,
646022b8-e623-40a7-a2e0-85158facdae7,Hackathon lab IA - édition 0384,Innovation,"Innovation dédié à lab IA, conçu pour tous les collaborateurs, avec objectifs clairs, échanges encadrés et livrables pratiques. Référence programme T3-0384.",2026-04-16 16:00:00+00:00,45,ONSITE,Salle Innovation,,,110,2026-04-14 14:00:00+00:00,ARCHIVED,GLOBAL,,915de5a6-4e56-45a3-9ec0-f304a3b83653,2026-03-16 20:24:42.813619+00:00,2026-03-29 02:29:52.969321+00:00,
bea91322-9ea4-4494-89b9-36f392aaa187,Live interne protection des données - édition 0385,Webinaire,"Webinaire dédié à protection des données, conçu pour tous les collaborateurs, avec objectifs clairs, échanges encadrés et livrables pratiques. Référence programme T4-0385.",2026-08-21 14:45:00+00:00,60,ONLINE,,https://meet.company.example/live-interne-protection-des-donnees-edition-0385,,280,2026-07-29 13:45:00+00:00,PENDING,GLOBAL,,830b26e2-0a20-44ba-bebb-2eb0e55eb5eb,2026-03-07 21:40:09.696219+00:00,2026-03-12 12:02:57.936168+00:00,
4c6d316a-1d2a-4f4d-b8fe-7db6da10cf66,Rencontre réseau réseau inter-départements - édition 0386,Networking,"Networking dédié à réseau inter-départements, conçu pour le département Développement, avec objectifs clairs, échanges encadrés et livrables pratiques. Référence programme T1-0386.",2026-05-04 16:00:00+00:00,120,EXTERNAL,,,"Zone industrielle Charguia 2, Tunis",134,2026-04-22 13:00:00+00:00,PUBLISHED,DEPARTMENT,6,bab3b9b7-1720-4ec8-bb46-1e879b6cb5ff,2026-01-14 05:39:59.043157+00:00,2026-02-19 19:54:19.888476+00:00,
091efd72-02aa-4128-a47c-47796f159a2e,Parcours pratique contrats et conformité - édition 0387,Formation,"Formation dédié à contrats et conformité, conçu pour tous les collaborateurs, avec objectifs clairs, échanges encadrés et livrables pratiques. Référence programme T1-0387.",2026-12-11 14:00:00+00:00,120,ONSITE,Espace détente,,,18,2026-11-27 12:00:00+00:00,PUBLISHED,GLOBAL,,33a01618-4870-40e7-82ee-dd8ab9825756,2026-02-02 11:54:11.940655+00:00,2026-04-05 18:32:17.141065+00:00,
b422d938-3eee-4e8f-8dba-cbbba0cf95aa,Session bien-être yoga au bureau - Juridique - édition 0388,Bien-être,"Bien-être dédié à yoga au bureau, conçu pour le département Juridique, avec objectifs clairs, échanges encadrés et livrables pratiques. Référence programme T2-0388.",2026-03-19 10:15:00+00:00,120,ONSITE,Auditorium,,,48,2026-03-14 07:15:00+00:00,ARCHIVED,DEPARTMENT,10,c0651ad3-8066-41be-bcae-d7c1a16aa7f5,2026-01-26 10:04:13.960692+00:00,2026-03-03 06:11:30.711040+00:00,
f6c3105b-8ec6-440e-b2e4-dd8234a55832,Networking speed networking - Finance - édition 0389,Networking,"Networking dédié à speed networking, conçu pour le département Finance, avec objectifs clairs, échanges encadrés et livrables pratiques. Référence programme T1-0389.",2026-07-22 16:00:00+00:00,60,ONSITE,Salle RH,,,93,2026-06-30 16:00:00+00:00,PENDING,DEPARTMENT,3,4c066895-d413-435c-a54a-7085ccebb310,2026-01-02 20:52:43.782793+00:00,2026-04-25 13:32:12.500241+00:00,
9fda2f56-e4cf-476d-b400-21a0efd4c57e,Soirée réseau finance et business - IoT - édition 0390,Afterwork,"Afterwork dédié à finance et business, conçu pour le département IoT, avec objectifs clairs, échanges encadrés et livrables pratiques. Référence programme T4-0390.",2026-05-27 18:15:00+00:00,150,ONSITE,Salle A,,,90,2026-05-21 18:15:00+00:00,PENDING,DEPARTMENT,7,52d16be2-1e29-40b8-8bcf-0168e069291b,2026-01-12 04:18:09.001474+00:00,2026-02-02 22:43:12.752353+00:00,
fab5e8cc-b39d-44b4-8092-146637312d1f,Atelier RSE achats responsables - édition 0391,RSE,"RSE dédié à achats responsables, conçu pour tous les collaborateurs, avec objectifs clairs, échanges encadrés et livrables pratiques. Référence programme T4-0391.",2026-09-22 09:30:00+00:00,45,EXTERNAL,,,"Rue Taieb Mhiri, Tunis",242,2026-09-19 09:30:00+00:00,PUBLISHED,GLOBAL,,c5ec37ad-d7cc-4309-bff5-cff9fdf99c93,2026-03-23 19:20:03.786953+00:00,2026-04-05 06:17:04.259490+00:00,
039483b7-e1f1-4253-85d2-b9d830af53f1,Soirée réseau communauté tech - édition 0392,Afterwork,"Afterwork dédié à communauté tech, conçu pour tous les collaborateurs, avec objectifs clairs, échanges encadrés et livrables pratiques. Référence programme T1-0392.",2026-08-12 17:30:00+00:00,90,ONSITE,Salle A,,,43,2026-08-04 16:30:00+00:00,PUBLISHED,GLOBAL,,eb85b268-bb88-4119-939d-492d2322518f,2026-01-19 01:38:39.434500+00:00,2026-04-06 19:32:32.056346+00:00,
f89024fa-7498-4a32-9bda-b85fd8e85d44,Conférence stratégie commerciale - édition 0393,Conférence,"Conférence dédié à stratégie commerciale, conçu pour tous les collaborateurs, avec objectifs clairs, échanges encadrés et livrables pratiques. Référence programme T2-0393.",2026-07-25 09:15:00+00:00,90,EXTERNAL,,,"Rue Taieb Mhiri, Tunis",184,2026-07-18 08:15:00+00:00,CANCELLED,GLOBAL,,f19708c8-85b2-4faa-825b-a2fefaac0687,2026-03-15 05:19:27.421358+00:00,2026-03-28 21:15:02.358938+00:00,Nombre d’inscriptions insuffisant pour maintenir la session.
ab26d383-f377-446d-ba9c-43a38f47967d,Pause prévention gestion du stress - édition 0394,Bien-être,"Bien-être dédié à gestion du stress, conçu pour le département Achats, avec objectifs clairs, échanges encadrés et livrables pratiques. Référence programme T1-0394.",2026-04-29 09:00:00+00:00,90,ONSITE,Salle Communication,,,42,2026-04-08 08:00:00+00:00,PUBLISHED,DEPARTMENT,11,ea6a2151-71d0-4a29-bdab-6b249f5466e9,2026-01-01 09:20:20.786157+00:00,2026-02-11 06:58:05.733192+00:00,
e7f257e3-9c20-4c33-9dfc-ba7283486e69,Webinaire cybersécurité au quotidien - édition 0395,Webinaire,"Webinaire dédié à cybersécurité au quotidien, conçu pour tous les collaborateurs, avec objectifs clairs, échanges encadrés et livrables pratiques. Référence programme T2-0395.",2026-07-30 09:30:00+00:00,60,ONLINE,,https://meet.company.example/webinaire-cybersecurite-au-quotidien-edition-0395,,151,2026-07-08 06:30:00+00:00,PUBLISHED,GLOBAL,,d8f6a1f6-2bba-4d6b-8516-7202830f5ffb,2026-04-15 05:13:51.151599+00:00,2026-04-24 03:34:50.282392+00:00,
b1ae845b-fa49-4156-bfaf-1ca7ffe95d10,Networking réseau inter-départements - édition 0396,Networking,"Networking dédié à réseau inter-départements, conçu pour tous les collaborateurs, avec objectifs clairs, échanges encadrés et livrables pratiques. Référence programme T3-0396.",2026-12-19 13:30:00+00:00,120,ONSITE,Salle Finance,,,223,2026-12-10 12:30:00+00:00,PUBLISHED,GLOBAL,,829eabd6-72af-4c4e-b91e-42647a56cf50,2026-01-27 00:52:32.156539+00:00,2026-02-11 14:45:22.782846+00:00,
7aedf1ae-61bb-42f7-8ec8-079f2402fb35,Lab innovation automatisation métier - édition 0397,Innovation,"Innovation dédié à automatisation métier, conçu pour le département Support client, avec objectifs clairs, échanges encadrés et livrables pratiques. Référence programme T4-0397.",2026-03-27 14:15:00+00:00,60,ONSITE,Salle Communication,,,94,2026-03-06 13:15:00+00:00,ARCHIVED,DEPARTMENT,9,60a4713c-9862-4c54-b843-99e82e3e7bea,2026-01-09 14:05:58.503861+00:00,2026-03-18 09:22:46.753553+00:00,
4d997fe0-6d7e-4e0f-bee9-416ab8e4714e,Afterwork convivialité - édition 0398,Afterwork,"Afterwork dédié à convivialité, conçu pour le département Ventes, avec objectifs clairs, échanges encadrés et livrables pratiques. Référence programme T1-0398.",2026-05-21 19:45:00+00:00,90,ONSITE,Salle Innovation,,,45,2026-05-07 16:45:00+00:00,PUBLISHED,DEPARTMENT,5,32093958-cbbd-4c22-a8c5-3659bb18aae5,2026-01-23 04:17:48.158850+00:00,2026-03-08 13:37:45.392192+00:00,
bb83982e-c8cc-4fda-98aa-0a54f2b673c1,Atelier RSE réduction carbone - édition 0399,RSE,"RSE dédié à réduction carbone, conçu pour le département Informatique, avec objectifs clairs, échanges encadrés et livrables pratiques. Référence programme T3-0399.",2026-03-27 11:15:00+00:00,90,EXTERNAL,,,"Avenue Mohamed V, Tunis",74,2026-03-06 10:15:00+00:00,PUBLISHED,DEPARTMENT,1,320bb62b-bc55-479e-a685-a27deaf87f3a,2026-01-19 13:10:46.940850+00:00,2026-02-15 12:13:40.525299+00:00,
02e97a95-a427-4f8e-8852-dfa058c3daaa,Formation DevOps - Communication interne - édition 0400,Formation,"Formation dédié à DevOps, conçu pour le département Communication interne, avec objectifs clairs, échanges encadrés et livrables pratiques. Référence programme T4-0400.",2026-08-22 11:30:00+00:00,90,ONSITE,Salle RH,,,26,2026-08-04 08:30:00+00:00,REJECTED,DEPARTMENT,12,566b3448-8c23-4e51-898b-60f56bfe4ff0,2026-01-07 06:26:21.646720+00:00,2026-03-28 10:51:24.583852+00:00,Demande rejetée : conformité interne non validée.
4860e8eb-ddfc-4520-8ca4-e86a6ce28ec7,Lab innovation prototypage rapide - Juridique - édition 0401,Innovation,"Innovation dédié à prototypage rapide, conçu pour le département Juridique, avec objectifs clairs, échanges encadrés et livrables pratiques. Référence programme T4-0401.",2026-05-04 09:15:00+00:00,120,ONLINE,,https://meet.company.example/lab-innovation-prototypage-rapide-juridique-edition-0401,,91,2026-04-19 08:15:00+00:00,DRAFT,DEPARTMENT,10,93104829-8594-400a-b598-aff286b49018,2026-01-13 16:12:22.494011+00:00,2026-04-08 19:49:26.460281+00:00,
7eb35b2d-451a-4a04-97a8-804d9b23224c,Afterwork nouveaux arrivants - édition 0402,Afterwork,"Afterwork dédié à nouveaux arrivants, conçu pour le département Informatique, avec objectifs clairs, échanges encadrés et livrables pratiques. Référence programme T4-0402.",2026-12-05 19:45:00+00:00,90,ONSITE,Salle Qualité,,,41,2026-11-25 19:45:00+00:00,PUBLISHED,DEPARTMENT,1,1a7b75b9-6dfb-43ac-8df5-e9d9c7ef26d8,2026-02-27 19:59:31.879876+00:00,2026-03-06 11:07:38.037688+00:00,
bbdff216-f0bc-45b9-b441-6a20671cd1b2,Atelier collaboratif gestion budgétaire - édition 0403,Atelier,"Atelier dédié à gestion budgétaire, conçu pour le département Qualité, avec objectifs clairs, échanges encadrés et livrables pratiques. Référence programme T2-0403.",2026-06-23 16:00:00+00:00,60,ONSITE,Salle Qualité,,,36,2026-06-11 16:00:00+00:00,PUBLISHED,DEPARTMENT,8,48330897-124f-4e58-aa9c-5880e8a51283,2026-03-01 01:25:40.806260+00:00,2026-04-20 11:50:17.844505+00:00,
b50aace0-eb21-428e-ba41-bcc486468751,Parcours pratique communication professionnelle - édition 0404,Formation,"Formation dédié à communication professionnelle, conçu pour le département Informatique, avec objectifs clairs, échanges encadrés et livrables pratiques. Référence programme T1-0404.",2026-07-24 16:00:00+00:00,90,EXTERNAL,,,"Rue du Lac Biwa, Les Berges du Lac, Tunis",41,2026-07-09 13:00:00+00:00,PUBLISHED,DEPARTMENT,1,e24ef779-8a19-45dc-82da-af12648144c1,2026-01-09 10:53:01.789657+00:00,2026-04-04 19:59:57.330749+00:00,
9dc86d47-c0e9-423f-87c6-a5afe9ee2d83,Workshop gestion budgétaire - Marketing - édition 0405,Atelier,"Atelier dédié à gestion budgétaire, conçu pour le département Marketing, avec objectifs clairs, échanges encadrés et livrables pratiques. Référence programme T3-0405.",2026-08-01 14:30:00+00:00,60,ONSITE,Salle Qualité,,,63,2026-07-20 14:30:00+00:00,PUBLISHED,DEPARTMENT,4,4fd46ebc-f590-48ab-9c20-b28ac7350ca8,2026-03-17 08:36:14.665685+00:00,2026-04-14 06:50:32.597551+00:00,
40d339c6-9f7e-4c65-80aa-eeed3589bc0a,Rencontre culture interne ambassadeurs culture - édition 0406,Culture d’entreprise,"Culture d’entreprise dédié à ambassadeurs culture, conçu pour tous les collaborateurs, avec objectifs clairs, échanges encadrés et livrables pratiques. Référence programme T4-0406.",2026-03-29 15:15:00+00:00,120,ONLINE,,https://meet.company.example/rencontre-culture-interne-ambassadeurs-culture-edition-0406,,173,2026-03-19 13:15:00+00:00,ARCHIVED,GLOBAL,,542134d1-b226-400c-8d7c-4e24b1a088a6,2026-01-19 19:52:17.433251+00:00,2026-01-28 12:42:34.491083+00:00,
546d16bd-a875-4b59-ba5e-b9c0c04b5d3f,Challenge innovation innovation ouverte - IoT - édition 0407,Innovation,"Innovation dédié à innovation ouverte, conçu pour le département IoT, avec objectifs clairs, échanges encadrés et livrables pratiques. Référence programme T3-0407.",2026-03-13 10:30:00+00:00,90,ONSITE,Salle Finance,,,111,2026-02-19 07:30:00+00:00,ARCHIVED,DEPARTMENT,7,7120f862-693b-4518-8e4c-e2bfe7963695,2026-01-18 11:37:27.573198+00:00,2026-01-31 20:12:51.059161+00:00,
72397e68-fa9b-417f-917b-05f6e564ee76,Networking partage d’expérience - édition 0408,Networking,"Networking dédié à partage d’expérience, conçu pour le département Achats, avec objectifs clairs, échanges encadrés et livrables pratiques. Référence programme T2-0408.",2026-07-24 10:45:00+00:00,120,ONSITE,Salle Réunion B,,,131,2026-07-09 07:45:00+00:00,PUBLISHED,DEPARTMENT,11,c3f44d1a-e988-4b73-a7f1-9fe2fbfeaaca,2026-02-27 21:13:48.216573+00:00,2026-04-16 17:41:04.361674+00:00,
010d16ef-31f2-48f4-8103-c913b64efb2a,Hackathon innovation ouverte - Ressources humaines - édition 0409,Innovation,"Innovation dédié à innovation ouverte, conçu pour le département Ressources humaines, avec objectifs clairs, échanges encadrés et livrables pratiques. Référence programme T1-0409.",2026-07-24 13:30:00+00:00,120,ONSITE,Salle RH,,,78,2026-07-03 13:30:00+00:00,PUBLISHED,DEPARTMENT,2,15422187-1dc9-46d5-8bf2-867217ee9f44,2026-04-09 14:40:11.254643+00:00,2026-04-21 09:51:53.187083+00:00,
f7c17814-13ad-41b8-9310-66cb2468c615,Speed meeting partage d’expérience - Support client - édition 0410,Networking,"Networking dédié à partage d’expérience, conçu pour le département Support client, avec objectifs clairs, échanges encadrés et livrables pratiques. Référence programme T4-0410.",2026-06-13 10:30:00+00:00,90,EXTERNAL,,,"Rue de l’Innovation, Lac 1, Tunis",253,2026-05-26 09:30:00+00:00,PENDING,DEPARTMENT,9,cba14f0b-756c-46b4-82ed-29b71212aeae,2026-02-14 09:15:25.386784+00:00,2026-04-20 05:18:55.208228+00:00,
9727044d-d124-42f4-98a5-e960dd45342c,Formation DevOps - édition 0411,Formation,"Formation dédié à DevOps, conçu pour le département Achats, avec objectifs clairs, échanges encadrés et livrables pratiques. Référence programme T1-0411.",2026-12-26 09:45:00+00:00,120,EXTERNAL,,,"Avenue Mohamed V, Tunis",68,2026-12-15 09:45:00+00:00,DRAFT,DEPARTMENT,11,1092232c-ca39-4c9d-90f6-d303d67af0e4,2026-03-19 10:27:01.264798+00:00,2026-04-25 11:13:58.701267+00:00,
34a47a1c-287d-4fb7-ab4a-cfc33cd32a9b,Session valeurs ambassadeurs culture - édition 0412,Culture d’entreprise,"Culture d’entreprise dédié à ambassadeurs culture, conçu pour le département Informatique, avec objectifs clairs, échanges encadrés et livrables pratiques. Référence programme T1-0412.",2026-11-22 10:30:00+00:00,45,ONLINE,,https://meet.company.example/session-valeurs-ambassadeurs-culture-edition-0412,,43,2026-11-17 10:30:00+00:00,REJECTED,DEPARTMENT,1,829eabd6-72af-4c4e-b91e-42647a56cf50,2026-04-13 20:06:38.037492+00:00,2026-04-17 07:48:07.334864+00:00,Demande rejetée : conformité interne non validée.
522c3f73-470c-4a0d-9e96-90865bac2772,Atelier cohésion cohésion d’équipe - édition 0413,Team building,"Team building dédié à cohésion d’équipe, conçu pour le département Ressources humaines, avec objectifs clairs, échanges encadrés et livrables pratiques. Référence programme T3-0413.",2026-11-10 15:30:00+00:00,90,ONSITE,Salle B,,,23,2026-10-27 12:30:00+00:00,PUBLISHED,DEPARTMENT,2,5dc41219-d217-4f8f-a4d3-a9ec3b263384,2026-01-02 07:14:35.988047+00:00,2026-03-29 17:43:32.257657+00:00,
33009069-3d0a-4a5e-9229-c4e4178d49a7,Live interne marketing digital - édition 0414,Webinaire,"Webinaire dédié à marketing digital, conçu pour le département Support client, avec objectifs clairs, échanges encadrés et livrables pratiques. Référence programme T3-0414.",2026-05-12 11:45:00+00:00,30,ONLINE,,https://meet.company.example/live-interne-marketing-digital-edition-0414,,484,2026-05-02 08:45:00+00:00,PUBLISHED,DEPARTMENT,9,cd925f76-6a4a-4b65-b4d7-839f7aa778fc,2026-03-20 04:39:49.669085+00:00,2026-04-12 03:28:20.092982+00:00,
b86f0384-24f6-46df-93c3-86be246fbab3,Module d’apprentissage cybersécurité - Ventes - édition 0415,Formation,"Formation dédié à cybersécurité, conçu pour le département Ventes, avec objectifs clairs, échanges encadrés et livrables pratiques. Référence programme T1-0415.",2026-06-24 11:45:00+00:00,120,ONSITE,Salle Formation,,,29,2026-06-19 09:45:00+00:00,PUBLISHED,DEPARTMENT,5,399ddb4e-8253-4685-9236-d599b6eef665,2026-01-29 12:45:18.532106+00:00,2026-04-14 15:57:10.601621+00:00,
01d62fb6-7a47-4004-9d0e-0f67c1cdbfc2,Session pratique feedback constructif - Développement - édition 0416,Atelier,"Atelier dédié à feedback constructif, conçu pour le département Développement, avec objectifs clairs, échanges encadrés et livrables pratiques. Référence programme T3-0416.",2026-04-28 10:30:00+00:00,120,ONLINE,,https://meet.company.example/session-pratique-feedback-constructif-developpement-edition-0416,,50,2026-04-10 09:30:00+00:00,CANCELLED,DEPARTMENT,6,342b5161-320b-428c-a3a4-897f848e1286,2026-01-22 11:20:23.197618+00:00,2026-04-04 20:00:11.887322+00:00,Priorité métier modifiée.
97a3b52e-269a-43c6-8f5a-ded32c232db0,Team building défi inter-départements - édition 0417,Team building,"Team building dédié à défi inter-départements, conçu pour tous les collaborateurs, avec objectifs clairs, échanges encadrés et livrables pratiques. Référence programme T4-0417.",2026-12-18 16:45:00+00:00,180,ONSITE,Espace détente,,,51,2026-12-04 15:45:00+00:00,PUBLISHED,GLOBAL,,4c166401-3fd9-47c6-993a-883bd0d2ca29,2026-03-04 16:22:49.303687+00:00,2026-03-06 08:01:12.787781+00:00,
85b47055-2b20-4170-9342-0a6e368e2d23,Challenge collectif créativité collective - édition 0418,Team building,"Team building dédié à créativité collective, conçu pour tous les collaborateurs, avec objectifs clairs, échanges encadrés et livrables pratiques. Référence programme T2-0418.",2026-04-01 11:45:00+00:00,180,ONLINE,,https://meet.company.example/challenge-collectif-creativite-collective-edition-0418,,44,2026-03-27 11:45:00+00:00,PUBLISHED,GLOBAL,,42985594-b4de-4967-9bb0-fa9bd3a9e08f,2026-01-06 20:33:09.018515+00:00,2026-02-06 17:10:12.768068+00:00,
c0182337-39bd-4501-96fa-66756a1e1111,Rencontre informelle innovation - Communication interne - édition 0419,Afterwork,"Afterwork dédié à innovation, conçu pour le département Communication interne, avec objectifs clairs, échanges encadrés et livrables pratiques. Référence programme T3-0419.",2026-05-02 17:30:00+00:00,150,ONSITE,Salle Qualité,,,102,2026-04-20 16:30:00+00:00,PUBLISHED,DEPARTMENT,12,5974ae31-04b8-4503-9dea-54b6eb4c5696,2026-01-28 04:18:12.836056+00:00,2026-03-11 02:09:06.415276+00:00,
6e484911-c649-4292-a87c-698f370eac7b,Rencontre santé au travail ergonomie au travail - édition 0420,Bien-être,"Bien-être dédié à ergonomie au travail, conçu pour le département Support client, avec objectifs clairs, échanges encadrés et livrables pratiques. Référence programme T1-0420.",2026-05-22 15:15:00+00:00,90,EXTERNAL,,,"Centre Urbain Nord, Tunis",45,2026-04-28 14:15:00+00:00,CANCELLED,DEPARTMENT,9,f32fdb6b-d074-4fe9-9c58-dafa738bada1,2026-04-03 12:04:33.400795+00:00,2026-04-08 01:09:26.685667+00:00,Événement remplacé par une édition mise à jour.
ea1fb951-3954-4f24-8f53-c2d93d58b342,Présentation digitale protection des données - édition 0421,Webinaire,"Webinaire dédié à protection des données, conçu pour tous les collaborateurs, avec objectifs clairs, échanges encadrés et livrables pratiques. Référence programme T3-0421.",2026-06-01 14:15:00+00:00,30,ONLINE,,https://meet.company.example/presentation-digitale-protection-des-donnees-edition-0421,,171,2026-05-21 11:15:00+00:00,PUBLISHED,GLOBAL,,dbb62cac-e512-454a-a2dd-cd278e6b0b3e,2026-02-20 12:30:56.488428+00:00,2026-03-16 19:32:03.657620+00:00,
d596b677-661d-4daa-91d2-5b24dfb649fd,Conférence culture agile - Développement - édition 0422,Conférence,"Conférence dédié à culture agile, conçu pour le département Développement, avec objectifs clairs, échanges encadrés et livrables pratiques. Référence programme T4-0422.",2026-05-20 13:45:00+00:00,120,EXTERNAL,,,"Centre Urbain Nord, Tunis",172,2026-05-15 10:45:00+00:00,PUBLISHED,DEPARTMENT,6,b15efdd3-914e-4ae6-8521-c1aca1f1b04d,2026-01-08 05:32:12.059093+00:00,2026-01-21 02:17:39.988444+00:00,
b0555c13-8b9f-47bb-8a7d-20bb5b2f7869,Forum d’échanges communautés internes - édition 0423,Networking,"Networking dédié à communautés internes, conçu pour le département Ressources humaines, avec objectifs clairs, échanges encadrés et livrables pratiques. Référence programme T2-0423.",2026-10-02 15:00:00+00:00,60,ONSITE,Salle Réunion B,,,46,2026-09-19 15:00:00+00:00,PUBLISHED,DEPARTMENT,2,aea65023-ce55-417a-a93c-d43c8afc615f,2026-03-26 16:28:23.947011+00:00,2026-04-13 14:26:36.806099+00:00,
45371dc1-8181-4b0b-a3e6-dda374234478,Atelier idéation produit - édition 0424,Atelier,"Atelier dédié à idéation produit, conçu pour tous les collaborateurs, avec objectifs clairs, échanges encadrés et livrables pratiques. Référence programme T4-0424.",2026-10-24 09:15:00+00:00,60,ONSITE,Salle Qualité,,,29,2026-10-13 06:15:00+00:00,REJECTED,GLOBAL,,b4288a6b-52f0-44ab-821f-5bb760918a76,2026-02-03 08:52:07.407231+00:00,2026-04-28 01:57:45.197073+00:00,Demande rejetée : budget non justifié.
073d2f2a-978c-49a6-b1c6-1e03c0a1a857,Rencontre réseau partage d’expérience - édition 0425,Networking,"Networking dédié à partage d’expérience, conçu pour le département Juridique, avec objectifs clairs, échanges encadrés et livrables pratiques. Référence programme T1-0425.",2026-03-13 16:00:00+00:00,90,ONSITE,Auditorium,,,207,2026-03-08 15:00:00+00:00,ARCHIVED,DEPARTMENT,10,a0aa60fd-568a-4e6d-86f9-4d6b89c6e255,2026-01-06 22:09:43.464764+00:00,2026-01-16 09:58:13.981432+00:00,
aa13bdcb-c179-4f0b-8f92-5caf34496ab3,Rencontre réseau petit-déjeuner business - Support client - édition 0426,Networking,"Networking dédié à petit-déjeuner business, conçu pour le département Support client, avec objectifs clairs, échanges encadrés et livrables pratiques. Référence programme T2-0426.",2026-03-29 10:15:00+00:00,60,ONSITE,Salle Communication,,,90,2026-03-10 09:15:00+00:00,PUBLISHED,DEPARTMENT,9,542706cb-ff1a-4d9a-9b3d-621e4e7fe4bb,2026-01-18 16:01:51.262672+00:00,2026-03-04 13:44:55.831800+00:00,
cc75d8e0-a0dc-4653-aaac-b2060d0a463d,Lab innovation idées produit - édition 0427,Innovation,"Innovation dédié à idées produit, conçu pour le département Ventes, avec objectifs clairs, échanges encadrés et livrables pratiques. Référence programme T4-0427.",2026-03-14 11:45:00+00:00,45,ONSITE,Salle Qualité,,,75,2026-02-27 08:45:00+00:00,ARCHIVED,DEPARTMENT,5,4abcf7de-7bd9-4a8b-8086-69d62985a420,2026-01-05 03:10:23.727353+00:00,2026-02-10 06:13:59.362220+00:00,
32cb31bf-af32-4b4c-9e52-a480a287a750,Module d’apprentissage cloud computing - édition 0428,Formation,"Formation dédié à cloud computing, conçu pour tous les collaborateurs, avec objectifs clairs, échanges encadrés et livrables pratiques. Référence programme T3-0428.",2026-10-05 11:15:00+00:00,90,ONSITE,Salle Formation,,,8,2026-09-13 11:15:00+00:00,PUBLISHED,GLOBAL,,1edf11bf-caeb-49fc-8f55-69e63e815dae,2026-03-12 18:36:50.175656+00:00,2026-04-25 10:33:01.164958+00:00,
b5faadcb-6290-40f7-9223-a77ecc978af7,Module d’apprentissage cloud computing - édition 0429,Formation,"Formation dédié à cloud computing, conçu pour le département Finance, avec objectifs clairs, échanges encadrés et livrables pratiques. Référence programme T2-0429.",2026-06-02 11:45:00+00:00,120,ONSITE,Salle RH,,,25,2026-05-20 10:45:00+00:00,PUBLISHED,DEPARTMENT,3,1afa7fed-df03-44c8-b7f4-59e0d64bbaad,2026-02-15 10:29:16.002367+00:00,2026-04-08 12:57:45.367928+00:00,
5a36874b-683f-4765-8804-3d5480458aeb,Atelier cohésion sport d’équipe - édition 0430,Team building,"Team building dédié à sport d’équipe, conçu pour tous les collaborateurs, avec objectifs clairs, échanges encadrés et livrables pratiques. Référence programme T2-0430.",2026-07-11 16:30:00+00:00,90,EXTERNAL,,,"Rue de l’Innovation, Lac 1, Tunis",67,2026-06-30 15:30:00+00:00,PUBLISHED,GLOBAL,,7dddaa8e-deb1-42ed-88bb-dc5a16514cdc,2026-02-05 21:44:40.124885+00:00,2026-04-23 16:45:07.416668+00:00,
7687306c-714e-46c6-8860-76b572e18f8b,Module d’apprentissage Git professionnel - Qualité - édition 0431,Formation,"Formation dédié à Git professionnel, conçu pour le département Qualité, avec objectifs clairs, échanges encadrés et livrables pratiques. Référence programme T4-0431.",2026-08-06 15:15:00+00:00,60,ONLINE,,https://meet.company.example/module-d-apprentissage-git-professionnel-qualite-edition-0431,,49,2026-07-29 15:15:00+00:00,REJECTED,DEPARTMENT,8,4c066895-d413-435c-a54a-7085ccebb310,2026-03-17 10:09:45.708733+00:00,2026-03-18 06:58:12.486338+00:00,Demande rejetée : conformité interne non validée.
93c7742c-1cd3-48df-9aab-afcdcc303cc0,Workshop idéation produit - édition 0432,Atelier,"Atelier dédié à idéation produit, conçu pour tous les collaborateurs, avec objectifs clairs, échanges encadrés et livrables pratiques. Référence programme T4-0432.",2026-05-20 09:15:00+00:00,90,ONLINE,,https://meet.company.example/workshop-ideation-produit-edition-0432,,28,2026-05-17 06:15:00+00:00,PENDING,GLOBAL,,b4288a6b-52f0-44ab-821f-5bb760918a76,2026-03-29 19:35:34.849240+00:00,2026-04-03 16:05:26.591983+00:00,
94eef033-87d1-4925-9943-469b296b89fd,Team building créativité collective - édition 0433,Team building,"Team building dédié à créativité collective, conçu pour tous les collaborateurs, avec objectifs clairs, échanges encadrés et livrables pratiques. Référence programme T2-0433.",2026-08-31 10:15:00+00:00,240,ONSITE,Salle Réunion B,,,23,2026-08-19 08:15:00+00:00,PUBLISHED,GLOBAL,,ddf3e419-1b94-4594-a39d-89115b54e666,2026-03-19 11:39:16.866923+00:00,2026-03-21 00:18:56.051523+00:00,
34e967e2-0842-4433-93c1-f62b9fc23d32,Challenge collectif confiance et coopération - édition 0434,Team building,"Team building dédié à confiance et coopération, conçu pour le département Support client, avec objectifs clairs, échanges encadrés et livrables pratiques. Référence programme T1-0434.",2026-04-05 15:45:00+00:00,240,ONSITE,Salle Réunion B,,,10,2026-03-26 12:45:00+00:00,PUBLISHED,DEPARTMENT,9,4aebd320-ccf1-472f-a813-521405bb8292,2026-01-02 09:17:11.936515+00:00,2026-02-05 17:56:55.316938+00:00,
63b1a9bd-1766-40ca-a0f1-6d8964f0ed41,Culture d’entreprise rencontre direction - édition 0435,Culture d’entreprise,"Culture d’entreprise dédié à rencontre direction, conçu pour tous les collaborateurs, avec objectifs clairs, échanges encadrés et livrables pratiques. Référence programme T3-0435.",2026-03-18 11:15:00+00:00,90,ONLINE,,https://meet.company.example/culture-d-entreprise-rencontre-direction-edition-0435,,46,2026-02-28 10:15:00+00:00,CANCELLED,GLOBAL,,de60686f-1075-42f6-8d70-c65c29ff1620,2026-02-13 18:16:52.230370+00:00,2026-03-03 12:33:35.646134+00:00,Nombre d’inscriptions insuffisant pour maintenir la session.
1364463f-c613-4a01-8e70-fce6229a0297,Speed meeting experts internes - édition 0436,Networking,"Networking dédié à experts internes, conçu pour le département Finance, avec objectifs clairs, échanges encadrés et livrables pratiques. Référence programme T1-0436.",2026-09-01 10:30:00+00:00,45,ONSITE,Salle Formation,,,36,2026-08-25 09:30:00+00:00,PENDING,DEPARTMENT,3,3dd95e2a-5330-4b89-abcd-aecc3361f37d,2026-02-12 07:01:06.399153+00:00,2026-03-24 11:24:22.289803+00:00,
c6c91311-534f-44b1-b843-5b3b283bea7b,Journée responsable solidarité locale - édition 0437,RSE,"RSE dédié à solidarité locale, conçu pour le département Support client, avec objectifs clairs, échanges encadrés et livrables pratiques. Référence programme T3-0437.",2026-12-17 11:15:00+00:00,45,ONSITE,Salle Communication,,,115,2026-11-28 08:15:00+00:00,PUBLISHED,DEPARTMENT,9,1350d9cc-bc62-4dbc-b818-0ec25656b4c8,2026-03-30 09:14:40.863636+00:00,2026-04-22 11:43:45.111580+00:00,
460a53ca-0cc1-4ea5-a0dc-bb0fbe8d3f7f,Session en ligne marketing digital - édition 0438,Webinaire,"Webinaire dédié à marketing digital, conçu pour tous les collaborateurs, avec objectifs clairs, échanges encadrés et livrables pratiques. Référence programme T4-0438.",2026-10-04 11:15:00+00:00,60,ONLINE,,https://meet.company.example/session-en-ligne-marketing-digital-edition-0438,,181,2026-09-13 10:15:00+00:00,PUBLISHED,GLOBAL,,622dbe54-2ae7-45b3-9c3e-e10174715762,2026-01-15 06:32:21.233343+00:00,2026-03-18 01:00:57.809996+00:00,
274dd3da-283d-4ddb-9900-30d8d7693adb,Workshop prise de parole - édition 0439,Atelier,"Atelier dédié à prise de parole, conçu pour tous les collaborateurs, avec objectifs clairs, échanges encadrés et livrables pratiques. Référence programme T3-0439.",2026-09-27 10:15:00+00:00,60,ONSITE,Espace détente,,,40,2026-09-23 08:15:00+00:00,PUBLISHED,GLOBAL,,dc77d7ee-0010-4612-9a40-e655be92d3eb,2026-04-18 04:31:00.042077+00:00,2026-04-20 07:42:51.299108+00:00,
f4ef8066-c6c9-4741-8d23-8b9a12ba6d01,Table ronde transformation digitale - édition 0440,Conférence,"Conférence dédié à transformation digitale, conçu pour le département Juridique, avec objectifs clairs, échanges encadrés et livrables pratiques. Référence programme T1-0440.",2026-12-25 09:15:00+00:00,45,EXTERNAL,,,"Parc technologique, Ariana",63,2026-12-21 09:15:00+00:00,PUBLISHED,DEPARTMENT,10,b9c5c31c-70c5-4d31-b5fa-06019974af0a,2026-02-10 22:42:58.598543+00:00,2026-02-23 18:21:19.865083+00:00,
ced6a030-caa8-4772-976f-d0c26f95ff13,Session bien-être nutrition et énergie - édition 0441,Bien-être,"Bien-être dédié à nutrition et énergie, conçu pour tous les collaborateurs, avec objectifs clairs, échanges encadrés et livrables pratiques. Référence programme T3-0441.",2026-04-04 13:30:00+00:00,60,EXTERNAL,,,"Rue Taieb Mhiri, Tunis",45,2026-03-14 12:30:00+00:00,ARCHIVED,GLOBAL,,8d96e8da-9993-495a-a0c2-848796ac710e,2026-02-05 07:59:53.655147+00:00,2026-02-12 00:09:50.345930+00:00,
827cf4e6-c07c-4da2-bdf1-54e2760174c0,Atelier idéation produit - Juridique - édition 0442,Atelier,"Atelier dédié à idéation produit, conçu pour le département Juridique, avec objectifs clairs, échanges encadrés et livrables pratiques. Référence programme T1-0442.",2026-03-09 16:00:00+00:00,180,ONLINE,,https://meet.company.example/atelier-ideation-produit-juridique-edition-0442,,46,2026-02-22 13:00:00+00:00,ARCHIVED,DEPARTMENT,10,aea65023-ce55-417a-a93c-d43c8afc615f,2026-01-02 05:29:37.098375+00:00,2026-02-12 22:37:23.711997+00:00,
5cebab24-3343-49c0-9993-b40c91def978,Keynote interne expérience client - édition 0443,Conférence,"Conférence dédié à expérience client, conçu pour tous les collaborateurs, avec objectifs clairs, échanges encadrés et livrables pratiques. Référence programme T1-0443.",2026-11-18 10:45:00+00:00,120,ONSITE,Salle Innovation,,,190,2026-11-10 07:45:00+00:00,PUBLISHED,GLOBAL,,1815820e-1287-4637-b9f1-9bd95f95ca22,2026-01-29 22:01:40.323489+00:00,2026-04-05 11:02:23.530912+00:00,
64d2f93b-34a2-4383-b491-2e58ecd69bcf,Lab innovation innovation ouverte - Support client - édition 0444,Innovation,"Innovation dédié à innovation ouverte, conçu pour le département Support client, avec objectifs clairs, échanges encadrés et livrables pratiques. Référence programme T4-0444.",2026-11-04 13:15:00+00:00,120,ONSITE,Salle Formation,,,102,2026-10-15 10:15:00+00:00,PUBLISHED,DEPARTMENT,9,0b3a5337-8158-4195-b718-c1f64fec5d76,2026-01-04 03:56:22.113632+00:00,2026-04-01 06:38:09.026575+00:00,
760cad90-d961-4ebf-8585-316dc95212ab,Challenge collectif créativité collective - Ventes - édition 0445,Team building,"Team building dédié à créativité collective, conçu pour le département Ventes, avec objectifs clairs, échanges encadrés et livrables pratiques. Référence programme T1-0445.",2026-04-06 13:00:00+00:00,240,ONLINE,,https://meet.company.example/challenge-collectif-creativite-collective-ventes-edition-0445,,52,2026-03-26 10:00:00+00:00,CANCELLED,DEPARTMENT,5,1a4b66de-c33c-49df-9b73-d52c3e699483,2026-01-04 16:54:56.512955+00:00,2026-02-12 19:28:07.247601+00:00,Contenu à retravailler avant publication.
2018e1dd-8651-4c53-a72c-8cbff3bb8ca1,Défi collaboratif escape game interne - Développement - édition 0446,Team building,"Team building dédié à escape game interne, conçu pour le département Développement, avec objectifs clairs, échanges encadrés et livrables pratiques. Référence programme T1-0446.",2026-09-07 15:45:00+00:00,120,ONSITE,Salle B,,,60,2026-08-21 14:45:00+00:00,PENDING,DEPARTMENT,6,66cca95d-9fc9-4eb7-9ec6-1a35ddebfc83,2026-01-25 14:15:04.936645+00:00,2026-03-20 19:51:28.637810+00:00,
34b9498d-775d-41a7-a8be-b17c1bf5cbc8,Table ronde leadership responsable - Qualité - édition 0447,Conférence,"Conférence dédié à leadership responsable, conçu pour le département Qualité, avec objectifs clairs, échanges encadrés et livrables pratiques. Référence programme T4-0447.",2026-05-06 10:45:00+00:00,45,EXTERNAL,,,"Rue Taieb Mhiri, Tunis",52,2026-04-24 09:45:00+00:00,PUBLISHED,DEPARTMENT,8,f5a200ca-45a2-445d-906e-548d24f00cd6,2026-01-14 02:23:48.972101+00:00,2026-02-07 15:27:57.914943+00:00,
0d9c3e32-3abc-475a-99e3-ee36fc5c8ab5,Lab innovation prototypage rapide - édition 0448,Innovation,"Innovation dédié à prototypage rapide, conçu pour tous les collaborateurs, avec objectifs clairs, échanges encadrés et livrables pratiques. Référence programme T2-0448.",2026-07-18 14:45:00+00:00,90,EXTERNAL,,,"Immeuble Carthage Business Center, Tunis",26,2026-07-01 14:45:00+00:00,REJECTED,GLOBAL,,db0a6297-8193-47c9-a815-151141095ca6,2026-03-12 20:41:31.972706+00:00,2026-03-13 05:56:06.254072+00:00,Demande rejetée : audience cible trop large.
785cfbf1-488c-41df-aacd-31498c90fb44,Speed meeting communautés internes - Ressources humaines - édition 0449,Networking,"Networking dédié à communautés internes, conçu pour le département Ressources humaines, avec objectifs clairs, échanges encadrés et livrables pratiques. Référence programme T1-0449.",2026-03-28 16:15:00+00:00,60,ONLINE,,https://meet.company.example/speed-meeting-communautes-internes-ressources-humaines-edition-0449,,59,2026-03-05 14:15:00+00:00,ARCHIVED,DEPARTMENT,2,b15efdd3-914e-4ae6-8521-c1aca1f1b04d,2026-01-29 01:22:35.250519+00:00,2026-03-02 06:28:27.467027+00:00,
bb92fd99-7d4f-471f-ad8e-8f69110d9ae1,Speed meeting rencontre métiers - Juridique - édition 0450,Networking,"Networking dédié à rencontre métiers, conçu pour le département Juridique, avec objectifs clairs, échanges encadrés et livrables pratiques. Référence programme T3-0450.",2026-05-05 13:15:00+00:00,90,ONSITE,Salle A,,,217,2026-04-12 11:15:00+00:00,PUBLISHED,DEPARTMENT,10,7c907411-53e7-4a2f-9fb2-368bef893ae6,2026-03-09 03:51:32.720555+00:00,2026-03-14 03:15:02.034774+00:00,
bb3030d5-512b-4717-9b63-cea116f7c837,Team building cohésion d’équipe - Communication interne - édition 0451,Team building,"Team building dédié à cohésion d’équipe, conçu pour le département Communication interne, avec objectifs clairs, échanges encadrés et livrables pratiques. Référence programme T3-0451.",2026-06-13 16:30:00+00:00,180,ONSITE,Auditorium,,,14,2026-06-02 14:30:00+00:00,PUBLISHED,DEPARTMENT,12,18913824-a75f-44b9-a1c5-cec90c6cd419,2026-01-12 19:45:09.961517+00:00,2026-03-06 02:32:45.741356+00:00,
660562e1-b72c-4e8f-bdc6-4362b6ba0774,Session de formation cloud computing - édition 0452,Formation,"Formation dédié à cloud computing, conçu pour tous les collaborateurs, avec objectifs clairs, échanges encadrés et livrables pratiques. Référence programme T4-0452.",2026-08-07 15:45:00+00:00,120,ONSITE,Salle Formation,,,18,2026-07-21 12:45:00+00:00,PUBLISHED,GLOBAL,,3f6cb692-1581-4462-b260-3cad29f36489,2026-03-13 21:07:26.745063+00:00,2026-04-04 06:23:20.087408+00:00,
2662f2f2-e147-4bfb-a3b6-41a7cba757de,Rencontre santé au travail équilibre professionnel - édition 0453,Bien-être,"Bien-être dédié à équilibre professionnel, conçu pour le département Juridique, avec objectifs clairs, échanges encadrés et livrables pratiques. Référence programme T3-0453.",2026-04-08 13:15:00+00:00,90,EXTERNAL,,,"Immeuble Carthage Business Center, Tunis",21,2026-03-24 10:15:00+00:00,ARCHIVED,DEPARTMENT,10,ed50e871-1708-4f88-8eff-4450af6fd5de,2026-02-01 23:30:16.735901+00:00,2026-02-20 22:19:06.085725+00:00,
11b08828-5c85-4e37-a2e6-519f0db10774,Rencontre informelle culture interne - Développement - édition 0454,Afterwork,"Afterwork dédié à culture interne, conçu pour le département Développement, avec objectifs clairs, échanges encadrés et livrables pratiques. Référence programme T3-0454.",2026-05-17 19:30:00+00:00,150,EXTERNAL,,,"Immeuble Carthage Business Center, Tunis",100,2026-04-29 18:30:00+00:00,DRAFT,DEPARTMENT,6,36a7aa14-d53e-4d7a-9df0-346370185c99,2026-03-14 14:50:43.476942+00:00,2026-05-01 00:28:24.529017+00:00,
6d36223b-7581-4286-ad5e-2e6018ce07d7,Présentation digitale protection des données - IoT - édition 0455,Webinaire,"Webinaire dédié à protection des données, conçu pour le département IoT, avec objectifs clairs, échanges encadrés et livrables pratiques. Référence programme T3-0455.",2026-11-12 09:15:00+00:00,60,ONLINE,,https://meet.company.example/presentation-digitale-protection-des-donnees-iot-edition-0455,,352,2026-11-02 08:15:00+00:00,PUBLISHED,DEPARTMENT,7,d038d3e8-db0f-4824-9216-4de208fd6652,2026-02-26 04:05:40.547467+00:00,2026-03-29 01:35:41.932337+00:00,
3dc0ac63-c3bb-404a-8563-1310650d1445,Conférence culture agile - édition 0456,Conférence,"Conférence dédié à culture agile, conçu pour tous les collaborateurs, avec objectifs clairs, échanges encadrés et livrables pratiques. Référence programme T2-0456.",2026-06-18 11:00:00+00:00,60,ONSITE,Salle Innovation,,,120,2026-06-15 09:00:00+00:00,PUBLISHED,GLOBAL,,c58bb0f6-4d0a-48af-8710-da23e9acd1d0,2026-02-10 17:15:56.738263+00:00,2026-04-23 17:41:15.008471+00:00,
b9453029-a560-443f-b304-0ed85a4b82d1,Session en ligne protection des données - Achats - édition 0457,Webinaire,"Webinaire dédié à protection des données, conçu pour le département Achats, avec objectifs clairs, échanges encadrés et livrables pratiques. Référence programme T3-0457.",2026-08-25 14:00:00+00:00,90,ONLINE,,https://meet.company.example/session-en-ligne-protection-des-donnees-achats-edition-0457,,329,2026-08-17 12:00:00+00:00,PUBLISHED,DEPARTMENT,11,25764ce0-1d1e-4fd5-8ccb-bb0e652d2a41,2026-04-04 20:57:36.140328+00:00,2026-04-12 09:44:19.167070+00:00,
67e34b48-d3e7-4768-a2eb-1ac090988e1f,Atelier innovation innovation ouverte - édition 0458,Innovation,"Innovation dédié à innovation ouverte, conçu pour le département Achats, avec objectifs clairs, échanges encadrés et livrables pratiques. Référence programme T2-0458.",2026-12-15 16:00:00+00:00,45,ONLINE,,https://meet.company.example/atelier-innovation-innovation-ouverte-edition-0458,,77,2026-12-09 16:00:00+00:00,PUBLISHED,DEPARTMENT,11,495bd104-33c7-4b5a-9072-a2d144130630,2026-02-07 10:43:32.218510+00:00,2026-04-22 14:52:58.072070+00:00,
8f803258-fb46-4b53-af0e-08ffd7a6d837,Session valeurs rencontre direction - édition 0459,Culture d’entreprise,"Culture d’entreprise dédié à rencontre direction, conçu pour tous les collaborateurs, avec objectifs clairs, échanges encadrés et livrables pratiques. Référence programme T1-0459.",2026-07-24 13:15:00+00:00,120,ONSITE,Espace détente,,,55,2026-07-14 11:15:00+00:00,PUBLISHED,GLOBAL,,d264ec2d-d6b4-4a68-a16e-2ce4e95ca174,2026-04-15 08:49:59.365988+00:00,2026-04-20 16:09:00.531220+00:00,
89cb71ba-bdf8-4241-9f3b-a4e10605aa05,Session valeurs onboarding culturel - édition 0460,Culture d’entreprise,"Culture d’entreprise dédié à onboarding culturel, conçu pour tous les collaborateurs, avec objectifs clairs, échanges encadrés et livrables pratiques. Référence programme T4-0460.",2026-11-30 16:30:00+00:00,45,ONSITE,Salle B,,,92,2026-11-25 13:30:00+00:00,PUBLISHED,GLOBAL,,d7f518f6-8981-4973-9c42-b49423f7f23e,2026-03-18 01:46:54.842566+00:00,2026-04-27 19:53:52.574621+00:00,
9901affb-bd11-4829-95c7-fe9adc56f64f,Speed meeting communautés internes - édition 0461,Networking,"Networking dédié à communautés internes, conçu pour le département Qualité, avec objectifs clairs, échanges encadrés et livrables pratiques. Référence programme T4-0461.",2026-07-19 09:45:00+00:00,120,EXTERNAL,,,"Centre Urbain Nord, Tunis",50,2026-06-26 07:45:00+00:00,CANCELLED,DEPARTMENT,8,4939d78a-0c57-4ce5-bee3-d1fe244be125,2026-02-18 17:31:29.638498+00:00,2026-03-03 09:00:35.729260+00:00,Budget non validé pour cette édition.
f22cfef6-1b59-4695-a04a-f935a7666d25,Afterwork communauté tech - édition 0462,Afterwork,"Afterwork dédié à communauté tech, conçu pour tous les collaborateurs, avec objectifs clairs, échanges encadrés et livrables pratiques. Référence programme T2-0462.",2026-05-17 17:00:00+00:00,120,ONSITE,Espace détente,,,106,2026-05-06 15:00:00+00:00,PUBLISHED,GLOBAL,,13b60d08-4e39-4999-9cce-26b8ce8619c7,2026-02-17 07:47:43.359951+00:00,2026-04-09 14:40:49.508322+00:00,
8ab14006-b776-448d-9d93-d01d7cd90426,Défi collaboratif résolution de problèmes - Informatique - édition 0463,Team building,"Team building dédié à résolution de problèmes, conçu pour le département Informatique, avec objectifs clairs, échanges encadrés et livrables pratiques. Référence programme T2-0463.",2026-03-07 15:00:00+00:00,90,ONSITE,Salle RH,,,12,2026-02-19 14:00:00+00:00,PUBLISHED,DEPARTMENT,1,0d89d375-2da9-4e6e-bf17-55801c583b8e,2026-01-01 09:41:52.358244+00:00,2026-02-10 06:03:12.338842+00:00,
a4686edb-8c4c-4a44-853f-9cafd456cf87,Forum d’échanges experts internes - édition 0464,Networking,"Networking dédié à experts internes, conçu pour tous les collaborateurs, avec objectifs clairs, échanges encadrés et livrables pratiques. Référence programme T4-0464.",2026-05-27 09:00:00+00:00,90,EXTERNAL,,,"Avenue Habib Bourguiba, Tunis",167,2026-05-12 06:00:00+00:00,REJECTED,GLOBAL,,399ddb4e-8253-4685-9236-d599b6eef665,2026-04-16 22:30:30.297193+00:00,2026-04-18 21:11:30.966576+00:00,Demande rejetée : contenu similaire déjà planifié.
1056d451-6e2c-4e0b-ab8d-961e38beb84d,Parcours engagement onboarding culturel - Juridique - édition 0465,Culture d’entreprise,"Culture d’entreprise dédié à onboarding culturel, conçu pour le département Juridique, avec objectifs clairs, échanges encadrés et livrables pratiques. Référence programme T4-0465.",2026-06-10 10:30:00+00:00,90,EXTERNAL,,,"Avenue Mohamed V, Tunis",245,2026-05-18 10:30:00+00:00,CANCELLED,DEPARTMENT,10,0b3a5337-8158-4195-b718-c1f64fec5d76,2026-01-08 02:14:08.500347+00:00,2026-04-06 16:21:28.291089+00:00,Nombre d’inscriptions insuffisant pour maintenir la session.
835fa0c0-b1ce-4197-9d8c-462ff4d38ee0,Rencontre culture interne feedback et transparence - Ressources humaines - édition 0466,Culture d’entreprise,"Culture d’entreprise dédié à feedback et transparence, conçu pour le département Ressources humaines, avec objectifs clairs, échanges encadrés et livrables pratiques. Référence programme T1-0466.",2026-07-25 15:00:00+00:00,120,EXTERNAL,,,"Rue de l’Innovation, Lac 1, Tunis",212,2026-07-04 12:00:00+00:00,PUBLISHED,DEPARTMENT,2,d3db882a-0f69-4757-86d7-7684ed050599,2026-02-07 05:06:55.748487+00:00,2026-05-01 02:33:38.882653+00:00,
bc6e0f14-d4ac-40b1-b52d-4e5239845049,Atelier innovation expérimentation digitale - édition 0467,Innovation,"Innovation dédié à expérimentation digitale, conçu pour le département Ventes, avec objectifs clairs, échanges encadrés et livrables pratiques. Référence programme T4-0467.",2026-07-26 16:30:00+00:00,60,ONSITE,Salle Qualité,,,46,2026-07-12 16:30:00+00:00,PUBLISHED,DEPARTMENT,5,33c2a0a3-edc7-43d3-8124-cd893c2c777a,2026-04-12 10:32:19.080276+00:00,2026-04-12 21:26:40.636066+00:00,
01885779-265b-4e26-a331-e4da398cb5c2,Atelier bien-être ergonomie au travail - Finance - édition 0468,Bien-être,"Bien-être dédié à ergonomie au travail, conçu pour le département Finance, avec objectifs clairs, échanges encadrés et livrables pratiques. Référence programme T3-0468.",2026-04-06 09:15:00+00:00,90,ONSITE,Salle A,,,46,2026-03-28 07:15:00+00:00,ARCHIVED,DEPARTMENT,3,5a0d457e-b130-4a86-8cf9-1ff778d42d02,2026-02-14 13:31:17.485293+00:00,2026-02-19 01:43:04.403191+00:00,
5b27c245-102f-43cd-9ab6-f91e03443581,Networking petit-déjeuner business - édition 0469,Networking,"Networking dédié à petit-déjeuner business, conçu pour tous les collaborateurs, avec objectifs clairs, échanges encadrés et livrables pratiques. Référence programme T4-0469.",2026-09-18 16:15:00+00:00,45,EXTERNAL,,,"Rue de l’Innovation, Lac 1, Tunis",219,2026-08-27 15:15:00+00:00,PUBLISHED,GLOBAL,,c1e9f1c5-3a1d-407e-9767-7cb7c9089296,2026-02-16 23:50:22.977555+00:00,2026-04-09 09:43:37.431340+00:00,
1bf2db86-3c8d-497c-a0ed-8d6322e1e869,Formation cloud computing - Communication interne - édition 0470,Formation,"Formation dédié à cloud computing, conçu pour le département Communication interne, avec objectifs clairs, échanges encadrés et livrables pratiques. Référence programme T3-0470.",2026-06-07 11:00:00+00:00,90,ONLINE,,https://meet.company.example/formation-cloud-computing-communication-interne-edition-0470,,36,2026-05-22 09:00:00+00:00,PUBLISHED,DEPARTMENT,12,a0aa60fd-568a-4e6d-86f9-4d6b89c6e255,2026-01-29 07:02:14.351388+00:00,2026-04-10 02:35:05.251194+00:00,
12a171bf-84ee-4e2e-8da7-5a585c7eca75,Culture d’entreprise vie d’entreprise - Qualité - édition 0471,Culture d’entreprise,"Culture d’entreprise dédié à vie d’entreprise, conçu pour le département Qualité, avec objectifs clairs, échanges encadrés et livrables pratiques. Référence programme T1-0471.",2026-12-08 10:00:00+00:00,120,ONLINE,,https://meet.company.example/culture-d-entreprise-vie-d-entreprise-qualite-edition-0471,,102,2026-11-19 09:00:00+00:00,PUBLISHED,DEPARTMENT,8,a7f7f5a9-460c-4634-86dd-96133ca51131,2026-04-04 23:00:38.612021+00:00,2026-04-22 18:42:03.946543+00:00,
20381396-b550-4218-898a-872e373af9ec,Rencontre expert expérience client - édition 0472,Conférence,"Conférence dédié à expérience client, conçu pour le département Qualité, avec objectifs clairs, échanges encadrés et livrables pratiques. Référence programme T3-0472.",2026-04-12 14:45:00+00:00,45,ONSITE,Espace détente,,,232,2026-03-20 11:45:00+00:00,ARCHIVED,DEPARTMENT,8,320bb62b-bc55-479e-a685-a27deaf87f3a,2026-01-31 13:29:46.644387+00:00,2026-03-13 04:10:14.660333+00:00,
3c6d240b-6697-466c-9fa5-1348ee58de95,Conférence transformation digitale - Support client - édition 0473,Conférence,"Conférence dédié à transformation digitale, conçu pour le département Support client, avec objectifs clairs, échanges encadrés et livrables pratiques. Référence programme T4-0473.",2026-05-16 10:30:00+00:00,90,EXTERNAL,,,"Avenue Habib Bourguiba, Tunis",55,2026-05-14 08:30:00+00:00,PUBLISHED,DEPARTMENT,9,0255ba23-f10c-4e55-a632-f39545ad53f2,2026-02-26 12:02:09.177682+00:00,2026-02-28 20:50:12.021594+00:00,
3767443b-8b24-4c29-8f7e-a40de243cc14,Présentation digitale IA générative - édition 0474,Webinaire,"Webinaire dédié à IA générative, conçu pour le département Qualité, avec objectifs clairs, échanges encadrés et livrables pratiques. Référence programme T3-0474.",2026-09-28 14:30:00+00:00,60,ONLINE,,https://meet.company.example/presentation-digitale-ia-generative-edition-0474,,276,2026-09-23 11:30:00+00:00,REJECTED,DEPARTMENT,8,7fe85746-fe19-422b-8bf2-d167d79a2d1a,2026-01-03 21:19:16.198606+00:00,2026-03-16 15:30:20.966026+00:00,Demande rejetée : objectifs insuffisamment définis.
1f1249b3-f491-4b83-8cfd-58a35bf14eee,Rencontre expert expérience client - édition 0475,Conférence,"Conférence dédié à expérience client, conçu pour tous les collaborateurs, avec objectifs clairs, échanges encadrés et livrables pratiques. Référence programme T3-0475.",2026-11-29 15:00:00+00:00,90,ONLINE,,https://meet.company.example/rencontre-expert-experience-client-edition-0475,,94,2026-11-10 12:00:00+00:00,PUBLISHED,GLOBAL,,c0278ba1-ce60-47e3-9f28-8dd3d2d45b37,2026-01-21 13:45:45.063055+00:00,2026-02-18 16:10:19.884814+00:00,
62928efd-6ea0-46c3-8b5a-7705b155fbc0,Pause prévention respiration et concentration - édition 0476,Bien-être,"Bien-être dédié à respiration et concentration, conçu pour le département Informatique, avec objectifs clairs, échanges encadrés et livrables pratiques. Référence programme T1-0476.",2026-04-16 14:15:00+00:00,120,ONLINE,,https://meet.company.example/pause-prevention-respiration-et-concentration-edition-0476,,30,2026-04-04 13:15:00+00:00,ARCHIVED,DEPARTMENT,1,4c324c73-2dc1-425d-8e1b-f3224f6128ec,2026-03-12 04:36:22.506174+00:00,2026-04-02 23:57:31.159714+00:00,
3443063a-1d85-4422-84f2-c5a450c7af4e,Atelier RSE réduction carbone - édition 0477,RSE,"RSE dédié à réduction carbone, conçu pour tous les collaborateurs, avec objectifs clairs, échanges encadrés et livrables pratiques. Référence programme T1-0477.",2026-10-24 14:15:00+00:00,45,EXTERNAL,,,"Immeuble Carthage Business Center, Tunis",156,2026-10-18 14:15:00+00:00,PUBLISHED,GLOBAL,,57ba55cf-425f-48e2-9ed7-0fc2e1c80530,2026-01-19 18:09:31.127867+00:00,2026-02-26 07:16:45.119326+00:00,
5d42f5a2-a668-4e5a-9ab7-5eec4028a896,Parcours engagement collaboration transversale - IoT - édition 0478,Culture d’entreprise,"Culture d’entreprise dédié à collaboration transversale, conçu pour le département IoT, avec objectifs clairs, échanges encadrés et livrables pratiques. Référence programme T2-0478.",2026-11-08 14:15:00+00:00,120,EXTERNAL,,,"Avenue Habib Bourguiba, Tunis",220,2026-11-02 12:15:00+00:00,PUBLISHED,DEPARTMENT,7,5b666a1b-6391-46d4-8c0c-b2e34ab3fb1b,2026-02-08 14:31:43.538250+00:00,2026-04-15 07:08:06.939705+00:00,
e7d44a4c-847a-43b9-9912-20c747a0c5de,Webinaire bien-être au travail - édition 0479,Webinaire,"Webinaire dédié à bien-être au travail, conçu pour le département Finance, avec objectifs clairs, échanges encadrés et livrables pratiques. Référence programme T1-0479.",2026-03-25 09:15:00+00:00,45,ONLINE,,https://meet.company.example/webinaire-bien-etre-au-travail-edition-0479,,402,2026-03-04 08:15:00+00:00,ARCHIVED,DEPARTMENT,3,549a7925-348b-43cd-a3b9-dd25c12212b3,2026-01-29 07:29:14.404786+00:00,2026-03-21 13:26:55.024988+00:00,
d0b6e4bb-661b-406e-abd3-60859a0d688b,Session pratique organisation d’événement - édition 0480,Atelier,"Atelier dédié à organisation d’événement, conçu pour tous les collaborateurs, avec objectifs clairs, échanges encadrés et livrables pratiques. Référence programme T2-0480.",2026-03-06 16:45:00+00:00,60,EXTERNAL,,,"Centre Urbain Nord, Tunis",72,2026-03-02 16:45:00+00:00,ARCHIVED,GLOBAL,,b945f48a-ccc4-43f6-928b-e2c1f46146b6,2026-02-08 03:22:54.472535+00:00,2026-03-03 23:15:14.017408+00:00,
a8eb3e49-963f-41cb-b07d-9ea66ffee42f,Initiative durable recyclage - édition 0481,RSE,"RSE dédié à recyclage, conçu pour tous les collaborateurs, avec objectifs clairs, échanges encadrés et livrables pratiques. Référence programme T3-0481.",2026-12-12 16:45:00+00:00,90,ONSITE,Espace détente,,,176,2026-12-08 16:45:00+00:00,PUBLISHED,GLOBAL,,9dfc227f-7a2c-4af9-81e9-aaf98bdb8fda,2026-02-01 03:33:19.612042+00:00,2026-03-02 12:15:58.787213+00:00,
454f775c-605e-4972-9730-3e0d1c22b90d,Lab innovation idées produit - édition 0482,Innovation,"Innovation dédié à idées produit, conçu pour tous les collaborateurs, avec objectifs clairs, échanges encadrés et livrables pratiques. Référence programme T4-0482.",2026-06-15 13:15:00+00:00,120,ONSITE,Salle A,,,92,2026-06-07 11:15:00+00:00,DRAFT,GLOBAL,,1c17e3b7-1ace-4929-8a17-4b637e56b0b6,2026-03-31 20:04:55.228757+00:00,2026-04-13 04:17:53.249699+00:00,
0f4cf545-b0f5-43c1-96e0-de63aab43dff,Pause prévention équilibre professionnel - édition 0483,Bien-être,"Bien-être dédié à équilibre professionnel, conçu pour tous les collaborateurs, avec objectifs clairs, échanges encadrés et livrables pratiques. Référence programme T4-0483.",2026-10-09 11:00:00+00:00,90,EXTERNAL,,,"Centre Urbain Nord, Tunis",61,2026-09-25 08:00:00+00:00,PUBLISHED,GLOBAL,,b8b374dd-9fa4-4bbd-9bb0-e00bf90d665f,2026-04-21 04:24:29.591710+00:00,2026-04-23 15:49:56.923649+00:00,
4b91f2e3-cfe9-4772-a76a-8d75476d6508,Rencontre informelle culture interne - Marketing - édition 0484,Afterwork,"Afterwork dédié à culture interne, conçu pour le département Marketing, avec objectifs clairs, échanges encadrés et livrables pratiques. Référence programme T4-0484.",2026-08-07 19:30:00+00:00,120,ONSITE,Salle Réunion B,,,18,2026-07-14 17:30:00+00:00,PUBLISHED,DEPARTMENT,4,241a414d-fb4b-4547-8d2a-86a522a57210,2026-03-31 06:43:38.355683+00:00,2026-04-28 16:29:58.275630+00:00,
de29fc94-9d2b-45c9-9eab-7757fe76e8cd,Challenge collectif cohésion d’équipe - Communication interne - édition 0485,Team building,"Team building dédié à cohésion d’équipe, conçu pour le département Communication interne, avec objectifs clairs, échanges encadrés et livrables pratiques. Référence programme T3-0485.",2026-05-29 15:45:00+00:00,90,ONSITE,Salle RH,,,60,2026-05-19 12:45:00+00:00,DRAFT,DEPARTMENT,12,f2b06dee-e475-4ddf-9811-39467ec5c4b3,2026-04-16 02:45:30.397622+00:00,2026-04-22 11:22:37.738269+00:00,
d187bed4-b8a5-4cb9-aaf5-bfaddd0b23b6,Pause prévention respiration et concentration - édition 0486,Bien-être,"Bien-être dédié à respiration et concentration, conçu pour tous les collaborateurs, avec objectifs clairs, échanges encadrés et livrables pratiques. Référence programme T4-0486.",2026-10-11 15:45:00+00:00,90,ONSITE,Salle Finance,,,59,2026-10-03 14:45:00+00:00,PUBLISHED,GLOBAL,,79456f8d-6ac6-4880-873b-04763ea7326d,2026-02-21 04:44:05.391115+00:00,2026-03-09 21:11:03.824459+00:00,
e0acd6e5-2b5d-4215-921d-88e1f7145f7c,Initiative durable recyclage - édition 0487,RSE,"RSE dédié à recyclage, conçu pour tous les collaborateurs, avec objectifs clairs, échanges encadrés et livrables pratiques. Référence programme T1-0487.",2026-04-13 11:30:00+00:00,120,EXTERNAL,,,"Avenue Mohamed V, Tunis",209,2026-03-22 08:30:00+00:00,ARCHIVED,GLOBAL,,16f1ef83-2744-47e3-a8fa-a79542e39c6e,2026-01-10 16:07:44.844247+00:00,2026-01-20 13:07:22.683892+00:00,
c1a6bd7d-3c45-4662-ac40-9b328b63a094,Session de formation analyse de données - édition 0488,Formation,"Formation dédié à analyse de données, conçu pour le département Qualité, avec objectifs clairs, échanges encadrés et livrables pratiques. Référence programme T1-0488.",2026-05-09 16:30:00+00:00,180,EXTERNAL,,,"Avenue Habib Bourguiba, Tunis",76,2026-04-27 16:30:00+00:00,PUBLISHED,DEPARTMENT,8,5cfa3cf8-4522-4c4c-8087-ae79149ab327,2026-02-11 16:13:53.702102+00:00,2026-03-18 07:03:53.467049+00:00,
37cd9162-543f-4a21-be7e-e08de2d5bc0f,Rencontre santé au travail prévention fatigue numérique - édition 0489,Bien-être,"Bien-être dédié à prévention fatigue numérique, conçu pour tous les collaborateurs, avec objectifs clairs, échanges encadrés et livrables pratiques. Référence programme T1-0489.",2026-05-02 11:45:00+00:00,120,EXTERNAL,,,"Technopole El Ghazala, Ariana",16,2026-04-08 08:45:00+00:00,PUBLISHED,GLOBAL,,85480232-8d0c-45e2-bb3b-62ccdcf67029,2026-01-02 11:45:11.385562+00:00,2026-04-08 04:32:04.163491+00:00,
65661a08-9c20-4260-b2ae-dab621c67d08,Culture d’entreprise rituels d’équipe - édition 0490,Culture d’entreprise,"Culture d’entreprise dédié à rituels d’équipe, conçu pour le département Communication interne, avec objectifs clairs, échanges encadrés et livrables pratiques. Référence programme T4-0490.",2026-04-14 15:30:00+00:00,120,ONSITE,Salle Innovation,,,200,2026-04-08 14:30:00+00:00,PUBLISHED,DEPARTMENT,12,07f0e359-3ca2-4c08-b113-4b4f9ace8bfe,2026-03-07 19:52:59.853028+00:00,2026-03-14 13:32:54.551362+00:00,
92f4daee-6f44-4942-ae13-22e1505abb8b,Session bien-être santé mentale - Finance - édition 0491,Bien-être,"Bien-être dédié à santé mentale, conçu pour le département Finance, avec objectifs clairs, échanges encadrés et livrables pratiques. Référence programme T4-0491.",2026-03-29 11:00:00+00:00,45,ONSITE,Salle Finance,,,41,2026-03-18 10:00:00+00:00,ARCHIVED,DEPARTMENT,3,2a5fc018-eeb8-406f-83fc-1862252f93b0,2026-01-02 12:29:41.687795+00:00,2026-02-12 22:49:30.026580+00:00,
c998667f-4864-437b-b5c1-0264dd37f5e5,Challenge innovation innovation client - édition 0492,Innovation,"Innovation dédié à innovation client, conçu pour tous les collaborateurs, avec objectifs clairs, échanges encadrés et livrables pratiques. Référence programme T3-0492.",2026-10-29 13:00:00+00:00,120,ONSITE,Salle B,,,97,2026-10-24 13:00:00+00:00,PUBLISHED,GLOBAL,,0e9ff6d0-1673-43bf-b1d0-6d9e99f229b3,2026-04-14 18:15:27.622906+00:00,2026-04-25 07:54:10.919703+00:00,
a240d30c-8950-495b-bed6-29ed816b18e9,Parcours engagement feedback et transparence - édition 0493,Culture d’entreprise,"Culture d’entreprise dédié à feedback et transparence, conçu pour le département Support client, avec objectifs clairs, échanges encadrés et livrables pratiques. Référence programme T1-0493.",2026-11-28 16:15:00+00:00,90,ONSITE,Salle Finance,,,36,2026-11-05 15:15:00+00:00,PUBLISHED,DEPARTMENT,9,33f7c853-3ff8-4418-bdb9-d83a6f30531c,2026-04-10 06:29:03.656504+00:00,2026-04-20 17:42:01.736662+00:00,
39fe5602-f571-4c93-b345-bb53db9d71c7,Challenge innovation innovation ouverte - Juridique - édition 0494,Innovation,"Innovation dédié à innovation ouverte, conçu pour le département Juridique, avec objectifs clairs, échanges encadrés et livrables pratiques. Référence programme T4-0494.",2026-09-09 09:45:00+00:00,45,ONSITE,Salle Finance,,,97,2026-08-23 08:45:00+00:00,CANCELLED,DEPARTMENT,10,fd139f69-a02f-403a-a413-19b49a716926,2026-03-01 19:11:24.265099+00:00,2026-03-17 22:27:11.768348+00:00,Données d’organisation incomplètes.
40cade50-c69d-4917-9e7e-594593d2cc2e,Table ronde marque employeur - édition 0495,Conférence,"Conférence dédié à marque employeur, conçu pour tous les collaborateurs, avec objectifs clairs, échanges encadrés et livrables pratiques. Référence programme T1-0495.",2026-12-27 10:30:00+00:00,60,ONSITE,Salle A,,,202,2026-12-10 07:30:00+00:00,PUBLISHED,GLOBAL,,2b2c1a3c-9712-41b8-86c7-afa44d9e0665,2026-01-21 06:44:19.186719+00:00,2026-04-22 22:09:17.437751+00:00,
0b473b00-e7c4-4499-8c85-ccfb07d64727,Formation analyse de données - édition 0496,Formation,"Formation dédié à analyse de données, conçu pour tous les collaborateurs, avec objectifs clairs, échanges encadrés et livrables pratiques. Référence programme T2-0496.",2026-06-02 11:00:00+00:00,180,ONLINE,,https://meet.company.example/formation-analyse-de-donnees-edition-0496,,62,2026-05-31 09:00:00+00:00,PUBLISHED,GLOBAL,,8e9296c5-bcd9-48b9-a595-2c11e6d596ef,2026-03-04 03:01:35.147605+00:00,2026-04-02 07:21:06.959420+00:00,
43cfb2da-47ce-46b7-8734-310666884d11,Défi collaboratif escape game interne - édition 0497,Team building,"Team building dédié à escape game interne, conçu pour tous les collaborateurs, avec objectifs clairs, échanges encadrés et livrables pratiques. Référence programme T4-0497.",2026-10-16 13:45:00+00:00,240,ONSITE,Salle Communication,,,40,2026-10-09 12:45:00+00:00,PUBLISHED,GLOBAL,,88ca13bd-4e60-4303-800f-294b5b96f80d,2026-04-18 17:04:22.779388+00:00,2026-04-23 03:16:27.498847+00:00,
c62ef5e8-8052-4387-8eda-2b041d17374c,Journée responsable bénévolat entreprise - Ressources humaines - édition 0498,RSE,"RSE dédié à bénévolat entreprise, conçu pour le département Ressources humaines, avec objectifs clairs, échanges encadrés et livrables pratiques. Référence programme T3-0498.",2026-05-05 13:00:00+00:00,60,EXTERNAL,,,"Rue Taieb Mhiri, Tunis",49,2026-04-23 12:00:00+00:00,PUBLISHED,DEPARTMENT,2,3fed2f1f-ed8e-425e-a9c7-8401c4bea33c,2026-01-25 11:24:41.772667+00:00,2026-04-22 13:30:09.271979+00:00,
22d75cee-0522-44b1-a8db-ed16f5a2793c,Culture d’entreprise feedback et transparence - édition 0499,Culture d’entreprise,"Culture d’entreprise dédié à feedback et transparence, conçu pour le département Finance, avec objectifs clairs, échanges encadrés et livrables pratiques. Référence programme T3-0499.",2026-10-22 15:30:00+00:00,60,ONSITE,Espace détente,,,168,2026-09-30 13:30:00+00:00,PUBLISHED,DEPARTMENT,3,a653f1b8-2202-491e-8b31-77d92d162949,2026-04-29 03:03:49.424085+00:00,2026-04-30 04:21:07.492115+00:00,
1bd081c5-51d0-49b2-8050-4336c9ad4628,Rencontre informelle culture interne - édition 0500,Afterwork,"Afterwork dédié à culture interne, conçu pour le département Ressources humaines, avec objectifs clairs, échanges encadrés et livrables pratiques. Référence programme T4-0500.",2026-10-21 19:45:00+00:00,120,ONSITE,Auditorium,,,30,2026-10-06 19:45:00+00:00,REJECTED,DEPARTMENT,2,794fc94e-96be-40c8-8451-4a63913e6c27,2026-01-25 02:28:14.641662+00:00,2026-04-20 20:48:02.273299+00:00,Demande rejetée : conformité interne non validée.
0d190215-dd65-4aca-a803-d461f0c97c68,Action RSE économie d’énergie - édition 0501,RSE,"RSE dédié à économie d’énergie, conçu pour tous les collaborateurs, avec objectifs clairs, échanges encadrés et livrables pratiques. Référence programme T3-0501.",2026-03-14 09:00:00+00:00,60,EXTERNAL,,,"Rue du Lac Biwa, Les Berges du Lac, Tunis",259,2026-03-04 06:00:00+00:00,ARCHIVED,GLOBAL,,66cca95d-9fc9-4eb7-9ec6-1a35ddebfc83,2026-01-24 07:53:03.326866+00:00,2026-02-15 22:25:32.371091+00:00,
ffe58a11-ab65-4cef-a645-65089859b598,Workshop prise de parole - Support client - édition 0502,Atelier,"Atelier dédié à prise de parole, conçu pour le département Support client, avec objectifs clairs, échanges encadrés et livrables pratiques. Référence programme T2-0502.",2026-12-10 10:15:00+00:00,90,EXTERNAL,,,"Rue du Lac Biwa, Les Berges du Lac, Tunis",11,2026-11-22 08:15:00+00:00,DRAFT,DEPARTMENT,9,bab3b9b7-1720-4ec8-bb46-1e879b6cb5ff,2026-04-02 06:28:45.621988+00:00,2026-04-06 15:04:16.770220+00:00,
5c5e6005-3b62-4304-9232-4bddbe68059b,Atelier innovation lab IA - Achats - édition 0503,Innovation,"Innovation dédié à lab IA, conçu pour le département Achats, avec objectifs clairs, échanges encadrés et livrables pratiques. Référence programme T3-0503.",2026-12-10 09:15:00+00:00,60,ONSITE,Salle RH,,,74,2026-12-02 08:15:00+00:00,PUBLISHED,DEPARTMENT,11,63c7f6a6-1fb9-467e-a32c-b7f7fbd263d6,2026-02-25 06:49:12.568076+00:00,2026-04-02 11:37:26.686311+00:00,
5d83012d-37d4-43c1-9864-3b1d57609d13,Parcours pratique gestion de projet - Achats - édition 0504,Formation,"Formation dédié à gestion de projet, conçu pour le département Achats, avec objectifs clairs, échanges encadrés et livrables pratiques. Référence programme T3-0504.",2026-08-18 14:45:00+00:00,120,ONSITE,Salle Réunion B,,,18,2026-08-05 13:45:00+00:00,PUBLISHED,DEPARTMENT,11,0b259536-155f-4e39-9154-32d25e0d2eca,2026-04-18 22:53:46.975744+00:00,2026-04-26 17:07:54.279264+00:00,
0d9f3375-2736-4fd8-b8cb-de9d1465a62c,Présentation digitale protection des données - édition 0505,Webinaire,"Webinaire dédié à protection des données, conçu pour le département Achats, avec objectifs clairs, échanges encadrés et livrables pratiques. Référence programme T2-0505.",2026-03-15 10:30:00+00:00,30,ONLINE,,https://meet.company.example/presentation-digitale-protection-des-donnees-edition-0505,,350,2026-03-12 08:30:00+00:00,ARCHIVED,DEPARTMENT,11,273af618-b029-48bf-9f93-07a654f545f4,2026-01-14 09:21:27.254243+00:00,2026-02-16 13:43:55.159521+00:00,
4df048b1-328d-4e4e-94fc-9c165c10890d,Networking petit-déjeuner business - édition 0506,Networking,"Networking dédié à petit-déjeuner business, conçu pour le département Marketing, avec objectifs clairs, échanges encadrés et livrables pratiques. Référence programme T1-0506.",2026-06-26 14:45:00+00:00,90,ONLINE,,https://meet.company.example/networking-petit-dejeuner-business-edition-0506,,169,2026-06-16 13:45:00+00:00,PENDING,DEPARTMENT,4,b54fdc5c-e828-48f4-8b75-28fe75c046a8,2026-03-10 15:43:17.250317+00:00,2026-03-21 00:01:57.062234+00:00,
7dd6c375-bc30-4b54-9918-bfaebbc54d99,Formation cybersécurité - édition 0507,Formation,"Formation dédié à cybersécurité, conçu pour le département Qualité, avec objectifs clairs, échanges encadrés et livrables pratiques. Référence programme T4-0507.",2026-03-29 09:30:00+00:00,60,ONSITE,Salle RH,,,28,2026-03-23 08:30:00+00:00,PUBLISHED,DEPARTMENT,8,3cb20e66-1f63-4917-96a0-d76276f9e1ec,2026-02-14 01:34:06.678076+00:00,2026-03-27 23:49:13.865915+00:00,
6a02b6b4-edc4-457d-ad04-4ae3422e27df,Afterwork innovation - édition 0508,Afterwork,"Afterwork dédié à innovation, conçu pour tous les collaborateurs, avec objectifs clairs, échanges encadrés et livrables pratiques. Référence programme T1-0508.",2026-12-11 18:00:00+00:00,150,ONSITE,Lab IoT,,,44,2026-11-22 15:00:00+00:00,PENDING,GLOBAL,,f4ff8b53-48fb-46e8-9ea0-bc7c51ea9fee,2026-01-24 00:22:00.879392+00:00,2026-03-25 19:38:44.251311+00:00,
8ce0f756-4250-4d96-823d-f23fffa653d8,Rencontre réseau rencontre métiers - édition 0509,Networking,"Networking dédié à rencontre métiers, conçu pour le département Communication interne, avec objectifs clairs, échanges encadrés et livrables pratiques. Référence programme T2-0509.",2026-06-18 15:00:00+00:00,45,EXTERNAL,,,"Rue du Lac Biwa, Les Berges du Lac, Tunis",209,2026-06-16 14:00:00+00:00,PUBLISHED,DEPARTMENT,12,4311ce77-f8c2-4006-914c-00bf45307cde,2026-02-17 21:24:56.531126+00:00,2026-04-14 01:39:32.768767+00:00,
a7336f7a-bf35-43cd-9586-7729f994c062,Atelier gestion des priorités - IoT - édition 0510,Atelier,"Atelier dédié à gestion des priorités, conçu pour le département IoT, avec objectifs clairs, échanges encadrés et livrables pratiques. Référence programme T3-0510.",2026-03-22 14:45:00+00:00,60,ONLINE,,https://meet.company.example/atelier-gestion-des-priorites-iot-edition-0510,,64,2026-03-16 12:45:00+00:00,ARCHIVED,DEPARTMENT,7,dafc105e-50d6-45fc-881b-f8c7648a1d01,2026-01-28 15:25:31.919864+00:00,2026-03-19 03:20:00.576628+00:00,
e5b2957d-2193-4632-b662-61e50c7da267,Session valeurs valeurs et vision - édition 0511,Culture d’entreprise,"Culture d’entreprise dédié à valeurs et vision, conçu pour tous les collaborateurs, avec objectifs clairs, échanges encadrés et livrables pratiques. Référence programme T1-0511.",2026-07-28 15:45:00+00:00,45,EXTERNAL,,,"Immeuble Carthage Business Center, Tunis",136,2026-07-07 15:45:00+00:00,PUBLISHED,GLOBAL,,11e4bafe-f46f-4714-ae79-46782f98afcc,2026-02-18 06:34:19.871353+00:00,2026-02-20 07:52:14.603547+00:00,
aefd1606-13d7-47cc-8844-c225c32c5493,Rencontre informelle innovation - édition 0512,Afterwork,"Afterwork dédié à innovation, conçu pour tous les collaborateurs, avec objectifs clairs, échanges encadrés et livrables pratiques. Référence programme T1-0512.",2026-10-19 19:15:00+00:00,150,EXTERNAL,,,"Rue Taieb Mhiri, Tunis",37,2026-10-01 17:15:00+00:00,PUBLISHED,GLOBAL,,7dcdee17-8895-4c49-8c8b-2fe06574a692,2026-01-31 10:06:53.008865+00:00,2026-02-18 00:30:57.042768+00:00,
ac12dac1-15b9-4ac5-9dd0-52cc9c25cf13,Live interne IA générative - édition 0513,Webinaire,"Webinaire dédié à IA générative, conçu pour le département Finance, avec objectifs clairs, échanges encadrés et livrables pratiques. Référence programme T4-0513.",2026-07-04 11:45:00+00:00,60,ONLINE,,https://meet.company.example/live-interne-ia-generative-edition-0513,,461,2026-06-22 08:45:00+00:00,PUBLISHED,DEPARTMENT,3,2b2c1a3c-9712-41b8-86c7-afa44d9e0665,2026-04-28 01:53:23.374520+00:00,2026-04-28 07:20:29.236258+00:00,
42c9c57a-ba63-4afa-81eb-ff8c59bac14f,Atelier RSE réduction carbone - édition 0514,RSE,"RSE dédié à réduction carbone, conçu pour tous les collaborateurs, avec objectifs clairs, échanges encadrés et livrables pratiques. Référence programme T1-0514.",2026-09-12 11:00:00+00:00,45,ONSITE,Salle Qualité,,,122,2026-08-27 11:00:00+00:00,PENDING,GLOBAL,,9164ed25-60b7-490a-8cd1-097fbea158ab,2026-04-24 20:39:38.122263+00:00,2026-04-30 21:27:58.065158+00:00,
8b4fc50c-6012-4c7d-9f3d-33ebe4862b2a,Keynote interne finance durable - édition 0515,Conférence,"Conférence dédié à finance durable, conçu pour tous les collaborateurs, avec objectifs clairs, échanges encadrés et livrables pratiques. Référence programme T2-0515.",2026-09-14 15:00:00+00:00,90,ONLINE,,https://meet.company.example/keynote-interne-finance-durable-edition-0515,,80,2026-08-22 12:00:00+00:00,PUBLISHED,GLOBAL,,39a22ca0-e67b-4e63-8b37-6aea793fe5ea,2026-01-10 21:01:58.442259+00:00,2026-01-17 21:08:02.579124+00:00,
aec93e90-e6d2-487f-a83f-c0168afa27b6,Atelier innovation expérimentation digitale - édition 0516,Innovation,"Innovation dédié à expérimentation digitale, conçu pour le département Ressources humaines, avec objectifs clairs, échanges encadrés et livrables pratiques. Référence programme T3-0516.",2026-05-27 09:15:00+00:00,90,ONLINE,,https://meet.company.example/atelier-innovation-experimentation-digitale-edition-0516,,15,2026-05-09 09:15:00+00:00,PUBLISHED,DEPARTMENT,2,82015a98-3b01-41dc-9cac-7c689d1a99b7,2026-03-30 13:58:51.172048+00:00,2026-04-21 18:35:37.454837+00:00,
a5ed6c38-e898-4ec6-b07d-cb3916c55f75,Culture d’entreprise valeurs et vision - édition 0517,Culture d’entreprise,"Culture d’entreprise dédié à valeurs et vision, conçu pour le département Ressources humaines, avec objectifs clairs, échanges encadrés et livrables pratiques. Référence programme T4-0517.",2026-07-23 11:15:00+00:00,60,ONSITE,Salle Réunion B,,,93,2026-07-19 10:15:00+00:00,PUBLISHED,DEPARTMENT,2,9246a4a8-fa4c-48db-84c1-bcec80300b95,2026-04-16 14:44:38.286314+00:00,2026-04-19 20:13:13.056226+00:00,
9e6f705e-5702-4026-b238-17ba8cf1bbaf,Challenge collectif challenge collaboratif - Qualité - édition 0518,Team building,"Team building dédié à challenge collaboratif, conçu pour le département Qualité, avec objectifs clairs, échanges encadrés et livrables pratiques. Référence programme T3-0518.",2026-11-27 10:15:00+00:00,120,ONSITE,Salle Réunion B,,,15,2026-11-21 08:15:00+00:00,PUBLISHED,DEPARTMENT,8,75c4fd88-9e44-46ab-b324-a068f16ab956,2026-04-25 11:16:49.310588+00:00,2026-04-29 10:35:24.507441+00:00,
9bde9d91-ca5a-4267-9ab0-6937934ec32a,Session de formation cloud computing - Communication interne - édition 0519,Formation,"Formation dédié à cloud computing, conçu pour le département Communication interne, avec objectifs clairs, échanges encadrés et livrables pratiques. Référence programme T4-0519.",2026-03-04 11:00:00+00:00,60,ONLINE,,https://meet.company.example/session-de-formation-cloud-computing-communication-interne-edition-051,,33,2026-02-24 08:00:00+00:00,ARCHIVED,DEPARTMENT,12,342b5161-320b-428c-a3a4-897f848e1286,2026-01-22 15:44:28.379781+00:00,2026-02-12 18:08:52.121513+00:00,
7107a2b6-2374-4d39-8142-66f4bc5c0e94,Moment convivial finance et business - édition 0520,Afterwork,"Afterwork dédié à finance et business, conçu pour tous les collaborateurs, avec objectifs clairs, échanges encadrés et livrables pratiques. Référence programme T3-0520.",2026-06-24 17:30:00+00:00,120,ONSITE,Salle RH,,,70,2026-06-21 17:30:00+00:00,PUBLISHED,GLOBAL,,702b5919-6fb5-46fa-8a5a-e0c7f8f37c74,2026-04-25 18:52:53.678193+00:00,2026-04-26 23:24:43.564090+00:00,
d10dbb5d-cb93-4d17-bf87-6a7ad9e99f05,Lab innovation prototypage rapide - édition 0521,Innovation,"Innovation dédié à prototypage rapide, conçu pour tous les collaborateurs, avec objectifs clairs, échanges encadrés et livrables pratiques. Référence programme T3-0521.",2026-05-09 15:15:00+00:00,120,ONSITE,Salle Réunion B,,,66,2026-04-25 15:15:00+00:00,PUBLISHED,GLOBAL,,ad077160-525d-4c40-8102-623ecef44a68,2026-02-02 09:33:20.554954+00:00,2026-03-05 18:34:22.948612+00:00,
40d5d584-0d67-4efa-905c-1514dac01f21,Atelier design thinking - Informatique - édition 0522,Atelier,"Atelier dédié à design thinking, conçu pour le département Informatique, avec objectifs clairs, échanges encadrés et livrables pratiques. Référence programme T4-0522.",2026-04-15 11:00:00+00:00,180,EXTERNAL,,,"Avenue Habib Bourguiba, Tunis",56,2026-03-25 09:00:00+00:00,ARCHIVED,DEPARTMENT,1,dd44faee-f20f-47e5-94ff-6945e2284b01,2026-02-11 11:49:28.451938+00:00,2026-04-02 20:06:33.427564+00:00,
97c7901c-773f-4673-9f0c-8e024411e77c,Live interne reporting financier - édition 0523,Webinaire,"Webinaire dédié à reporting financier, conçu pour le département Ventes, avec objectifs clairs, échanges encadrés et livrables pratiques. Référence programme T4-0523.",2026-03-12 15:00:00+00:00,90,ONLINE,,https://meet.company.example/live-interne-reporting-financier-edition-0523,,328,2026-03-04 14:00:00+00:00,PUBLISHED,DEPARTMENT,5,f26d448f-05f1-49b5-915f-c47667f8a942,2026-01-13 04:40:17.304838+00:00,2026-02-26 14:46:41.045168+00:00,
582f8fb2-9e92-49bb-bf71-9bcf48efc20d,Forum d’échanges partage d’expérience - édition 0524,Networking,"Networking dédié à partage d’expérience, conçu pour le département Développement, avec objectifs clairs, échanges encadrés et livrables pratiques. Référence programme T2-0524.",2026-08-08 09:45:00+00:00,90,ONLINE,,https://meet.company.example/forum-d-echanges-partage-d-experience-edition-0524,,159,2026-07-26 08:45:00+00:00,PENDING,DEPARTMENT,6,592aac8f-3efc-40e6-8749-bea31258b4be,2026-01-16 05:11:47.369285+00:00,2026-04-25 01:56:38.517810+00:00,
b4070ecc-52b1-4db0-9f28-f3a89f1ba4eb,Challenge collectif défi inter-départements - édition 0525,Team building,"Team building dédié à défi inter-départements, conçu pour tous les collaborateurs, avec objectifs clairs, échanges encadrés et livrables pratiques. Référence programme T1-0525.",2026-04-25 15:15:00+00:00,240,ONSITE,Salle Réunion B,,,34,2026-04-10 12:15:00+00:00,CANCELLED,GLOBAL,,8006d300-c0ae-4a0d-ba53-074804f86119,2026-02-03 20:09:49.858411+00:00,2026-04-12 06:28:13.117131+00:00,Intervenant indisponible à la date prévue.
2b346d89-d70a-46c4-920c-b49d41d78bc8,Rencontre expert leadership responsable - édition 0526,Conférence,"Conférence dédié à leadership responsable, conçu pour tous les collaborateurs, avec objectifs clairs, échanges encadrés et livrables pratiques. Référence programme T3-0526.",2026-10-07 15:30:00+00:00,60,ONLINE,,https://meet.company.example/rencontre-expert-leadership-responsable-edition-0526,,158,2026-09-18 12:30:00+00:00,PUBLISHED,GLOBAL,,7b5a28c5-3946-4a3b-ad59-fc33a2e44d00,2026-03-22 17:30:49.608605+00:00,2026-04-30 09:01:14.613634+00:00,
235878cd-ac3b-473b-8f9f-dd03f2e66eb5,Live interne marketing digital - édition 0527,Webinaire,"Webinaire dédié à marketing digital, conçu pour tous les collaborateurs, avec objectifs clairs, échanges encadrés et livrables pratiques. Référence programme T2-0527.",2026-05-23 09:15:00+00:00,60,ONLINE,,https://meet.company.example/live-interne-marketing-digital-edition-0527,,83,2026-05-16 06:15:00+00:00,PUBLISHED,GLOBAL,,e8dda1ab-4e22-4b44-b642-16d429b530e6,2026-02-02 07:16:51.283683+00:00,2026-04-29 22:18:34.270342+00:00,
96a9b100-7e1b-432d-a8e9-c1e5a50d31d3,Speed meeting réseau inter-départements - édition 0528,Networking,"Networking dédié à réseau inter-départements, conçu pour le département Finance, avec objectifs clairs, échanges encadrés et livrables pratiques. Référence programme T1-0528.",2026-11-22 13:00:00+00:00,90,ONSITE,Salle B,,,229,2026-11-11 13:00:00+00:00,PENDING,DEPARTMENT,3,5aa58bc0-b0f5-4658-982f-0167e1ddd6f1,2026-01-02 10:03:26.780285+00:00,2026-02-21 18:22:47.205451+00:00,
aae84404-1759-4d09-97e3-45ad547083fc,Culture d’entreprise feedback et transparence - édition 0529,Culture d’entreprise,"Culture d’entreprise dédié à feedback et transparence, conçu pour tous les collaborateurs, avec objectifs clairs, échanges encadrés et livrables pratiques. Référence programme T1-0529.",2026-10-19 11:00:00+00:00,90,ONLINE,,https://meet.company.example/culture-d-entreprise-feedback-et-transparence-edition-0529,,232,2026-10-11 11:00:00+00:00,PUBLISHED,GLOBAL,,0f332dc1-8d8c-4d07-9e8e-61e2d0086221,2026-04-28 10:07:25.128230+00:00,2026-04-29 00:00:59.482338+00:00,
92ddad17-4595-483d-86db-d175927efbee,Speed meeting rencontre métiers - édition 0530,Networking,"Networking dédié à rencontre métiers, conçu pour le département Support client, avec objectifs clairs, échanges encadrés et livrables pratiques. Référence programme T3-0530.",2026-08-26 15:30:00+00:00,90,EXTERNAL,,,"Avenue Habib Bourguiba, Tunis",132,2026-08-11 13:30:00+00:00,CANCELLED,DEPARTMENT,9,17f812f6-c3b4-4bc7-a54b-f1133fe132f8,2026-02-01 05:06:33.232664+00:00,2026-02-13 17:03:57.926914+00:00,Contenu à retravailler avant publication.
bd2b60d1-0fdd-4048-838c-ff5c0f6ecca2,Action RSE inclusion - Ventes - édition 0531,RSE,"RSE dédié à inclusion, conçu pour le département Ventes, avec objectifs clairs, échanges encadrés et livrables pratiques. Référence programme T2-0531.",2026-09-29 13:45:00+00:00,120,EXTERNAL,,,"Centre Urbain Nord, Tunis",49,2026-09-05 13:45:00+00:00,DRAFT,DEPARTMENT,5,4284538a-2eb5-4ac7-9e74-d9148261af39,2026-02-27 20:17:38.607984+00:00,2026-03-29 10:22:42.817158+00:00,
12deabfb-b33b-446a-a442-3320fa8615b3,Atelier collaboratif design thinking - Ressources humaines - édition 0532,Atelier,"Atelier dédié à design thinking, conçu pour le département Ressources humaines, avec objectifs clairs, échanges encadrés et livrables pratiques. Référence programme T2-0532.",2026-09-02 10:00:00+00:00,120,ONSITE,Salle Formation,,,79,2026-08-10 10:00:00+00:00,PENDING,DEPARTMENT,2,11f3834e-b75c-47de-8f68-181c73c2203d,2026-01-15 14:40:09.291932+00:00,2026-04-01 17:43:41.715264+00:00,
fb518144-8d76-42a9-a016-6da13e385137,Forum d’échanges partage d’expérience - Support client - édition 0533,Networking,"Networking dédié à partage d’expérience, conçu pour le département Support client, avec objectifs clairs, échanges encadrés et livrables pratiques. Référence programme T3-0533.",2026-04-12 16:45:00+00:00,60,EXTERNAL,,,"Technopole El Ghazala, Ariana",238,2026-03-30 14:45:00+00:00,ARCHIVED,DEPARTMENT,9,3dded13e-5120-43d0-a063-fb98185a8252,2026-03-12 04:23:59.351618+00:00,2026-03-19 05:53:04.718354+00:00,
d9e6e336-7cef-4f7f-b0fb-17eb2f494362,Atelier prise de parole - édition 0534,Atelier,"Atelier dédié à prise de parole, conçu pour tous les collaborateurs, avec objectifs clairs, échanges encadrés et livrables pratiques. Référence programme T2-0534.",2026-06-25 11:45:00+00:00,60,ONLINE,,https://meet.company.example/atelier-prise-de-parole-edition-0534,,37,2026-06-19 11:45:00+00:00,CANCELLED,GLOBAL,,18913824-a75f-44b9-a1c5-cec90c6cd419,2026-01-17 18:42:09.607581+00:00,2026-02-26 19:20:57.270666+00:00,Budget non validé pour cette édition.
050e842b-f062-4b5d-adba-9c84aad5dad3,Rencontre réseau petit-déjeuner business - Finance - édition 0535,Networking,"Networking dédié à petit-déjeuner business, conçu pour le département Finance, avec objectifs clairs, échanges encadrés et livrables pratiques. Référence programme T4-0535.",2026-06-06 14:45:00+00:00,60,ONSITE,Salle Innovation,,,178,2026-05-22 14:45:00+00:00,PUBLISHED,DEPARTMENT,3,9a6ea003-a666-4c29-8ae5-e7fa86361a43,2026-01-10 15:12:43.621471+00:00,2026-04-11 03:58:23.742349+00:00,
1ddbc509-59eb-481a-b86c-4a99e3cb26de,Challenge innovation lab IA - édition 0536,Innovation,"Innovation dédié à lab IA, conçu pour tous les collaborateurs, avec objectifs clairs, échanges encadrés et livrables pratiques. Référence programme T2-0536.",2026-11-20 14:00:00+00:00,90,ONLINE,,https://meet.company.example/challenge-innovation-lab-ia-edition-0536,,33,2026-11-11 14:00:00+00:00,PENDING,GLOBAL,,6ed2246c-0899-4390-bcd4-1c784aa4dcbf,2026-03-14 06:18:39.882155+00:00,2026-04-07 06:55:59.683028+00:00,
2f659969-e184-4e7c-8cb9-0be7c958ae07,Speed meeting communautés internes - édition 0537,Networking,"Networking dédié à communautés internes, conçu pour le département Ressources humaines, avec objectifs clairs, échanges encadrés et livrables pratiques. Référence programme T3-0537.",2026-08-13 14:00:00+00:00,45,ONLINE,,https://meet.company.example/speed-meeting-communautes-internes-edition-0537,,82,2026-07-27 13:00:00+00:00,DRAFT,DEPARTMENT,2,ad184e40-aa0e-44d2-bd36-24c1cc63cd67,2026-01-16 00:51:59.500190+00:00,2026-03-29 15:53:14.386134+00:00,
3f064adf-423b-4b65-b800-8cbdeebc74b6,Parcours pratique SQL avancé - édition 0538,Formation,"Formation dédié à SQL avancé, conçu pour le département Communication interne, avec objectifs clairs, échanges encadrés et livrables pratiques. Référence programme T1-0538.",2026-06-25 09:15:00+00:00,90,ONLINE,,https://meet.company.example/parcours-pratique-sql-avance-edition-0538,,23,2026-06-14 06:15:00+00:00,PUBLISHED,DEPARTMENT,12,60d3d345-0e8d-47d9-8016-5a0a66060125,2026-02-07 00:46:25.368806+00:00,2026-03-18 21:42:58.015768+00:00,
201891f5-9c35-42da-8474-89570e1c8a07,Challenge collectif défi inter-départements - édition 0539,Team building,"Team building dédié à défi inter-départements, conçu pour tous les collaborateurs, avec objectifs clairs, échanges encadrés et livrables pratiques. Référence programme T2-0539.",2026-07-07 11:30:00+00:00,90,ONSITE,Lab IoT,,,51,2026-06-14 09:30:00+00:00,PENDING,GLOBAL,,96c2c320-89b7-409d-a93a-aee004fcc338,2026-02-06 04:21:54.332482+00:00,2026-03-31 11:21:02.249442+00:00,
505f695d-9135-4ffe-8381-ea0b6bb42c9a,Atelier bien-être respiration et concentration - Ventes - édition 0540,Bien-être,"Bien-être dédié à respiration et concentration, conçu pour le département Ventes, avec objectifs clairs, échanges encadrés et livrables pratiques. Référence programme T3-0540.",2026-04-18 14:15:00+00:00,60,EXTERNAL,,,"Zone industrielle Charguia 2, Tunis",40,2026-04-03 14:15:00+00:00,ARCHIVED,DEPARTMENT,5,2a2ff3aa-a839-4038-a81c-29bf4839823e,2026-01-21 21:11:00.442149+00:00,2026-02-05 14:18:13.494747+00:00,
2beba5b6-f244-4e33-aeac-a36d91dc8365,Module d’apprentissage cloud computing - édition 0541,Formation,"Formation dédié à cloud computing, conçu pour tous les collaborateurs, avec objectifs clairs, échanges encadrés et livrables pratiques. Référence programme T3-0541.",2026-12-23 10:45:00+00:00,60,ONSITE,Auditorium,,,74,2026-11-29 07:45:00+00:00,DRAFT,GLOBAL,,c5722e37-67de-4703-9c3e-8bfefb98abe1,2026-03-31 04:12:35.184629+00:00,2026-04-27 12:31:23.255701+00:00,
84839441-6dc2-453a-9297-8014ecdf1743,Culture d’entreprise ambassadeurs culture - IoT - édition 0542,Culture d’entreprise,"Culture d’entreprise dédié à ambassadeurs culture, conçu pour le département IoT, avec objectifs clairs, échanges encadrés et livrables pratiques. Référence programme T3-0542.",2026-05-24 13:30:00+00:00,90,EXTERNAL,,,"Parc technologique, Ariana",37,2026-05-06 11:30:00+00:00,PUBLISHED,DEPARTMENT,7,473aea92-b352-4816-84a6-998d6674e016,2026-03-17 05:33:12.950037+00:00,2026-03-22 00:50:04.380484+00:00,
8af54406-4b29-4c2a-8ecd-9baaf0006dcc,Formation contrats et conformité - édition 0543,Formation,"Formation dédié à contrats et conformité, conçu pour le département IoT, avec objectifs clairs, échanges encadrés et livrables pratiques. Référence programme T3-0543.",2026-06-28 11:30:00+00:00,90,ONSITE,Salle A,,,12,2026-06-12 09:30:00+00:00,PUBLISHED,DEPARTMENT,7,c5ec37ad-d7cc-4309-bff5-cff9fdf99c93,2026-01-30 04:22:52.106893+00:00,2026-02-21 23:40:18.551943+00:00,
59d6066c-cf48-4f77-8c18-e7d46be72a04,Challenge collectif escape game interne - Qualité - édition 0544,Team building,"Team building dédié à escape game interne, conçu pour le département Qualité, avec objectifs clairs, échanges encadrés et livrables pratiques. Référence programme T1-0544.",2026-07-04 11:00:00+00:00,120,ONSITE,Salle Communication,,,40,2026-06-18 10:00:00+00:00,PUBLISHED,DEPARTMENT,8,374bb2b1-7239-47b4-a7f3-42a9312229af,2026-03-03 22:42:24.351555+00:00,2026-03-27 00:57:58.953290+00:00,
3dfa7a52-9682-4c4b-b9e9-a774176b43c3,Rencontre informelle réseau interne - édition 0545,Afterwork,"Afterwork dédié à réseau interne, conçu pour tous les collaborateurs, avec objectifs clairs, échanges encadrés et livrables pratiques. Référence programme T3-0545.",2026-08-17 18:15:00+00:00,120,EXTERNAL,,,"Avenue Habib Bourguiba, Tunis",71,2026-08-03 16:15:00+00:00,PUBLISHED,GLOBAL,,05ebad91-5c0a-406d-b835-141c19b231e0,2026-04-14 17:43:15.909217+00:00,2026-04-26 18:47:03.257145+00:00,
b25220ab-7faf-4f36-a609-4af699fa57e3,Forum d’échanges speed networking - édition 0546,Networking,"Networking dédié à speed networking, conçu pour tous les collaborateurs, avec objectifs clairs, échanges encadrés et livrables pratiques. Référence programme T2-0546.",2026-08-25 16:45:00+00:00,120,EXTERNAL,,,"Technopole El Ghazala, Ariana",54,2026-08-13 13:45:00+00:00,PENDING,GLOBAL,,d7a3f62a-7276-4b1a-9abc-2110c1979b89,2026-04-13 22:51:36.796560+00:00,2026-04-19 23:22:08.622353+00:00,
18627693-c87d-43c7-a77d-6d6a422c5698,Afterwork réseau interne - Juridique - édition 0547,Afterwork,"Afterwork dédié à réseau interne, conçu pour le département Juridique, avec objectifs clairs, échanges encadrés et livrables pratiques. Référence programme T1-0547.",2026-12-19 19:15:00+00:00,90,EXTERNAL,,,"Rue de l’Innovation, Lac 1, Tunis",54,2026-12-07 16:15:00+00:00,PUBLISHED,DEPARTMENT,10,4311ce77-f8c2-4006-914c-00bf45307cde,2026-04-15 06:19:50.271937+00:00,2026-04-25 16:11:10.317041+00:00,
db5dadee-806c-47c7-bb6f-984ee560ad4a,Atelier organisation d’événement - édition 0548,Atelier,"Atelier dédié à organisation d’événement, conçu pour tous les collaborateurs, avec objectifs clairs, échanges encadrés et livrables pratiques. Référence programme T2-0548.",2026-08-17 11:00:00+00:00,180,ONSITE,Espace détente,,,29,2026-08-05 09:00:00+00:00,PENDING,GLOBAL,,63f2b289-92ce-4991-81bd-1f30b50191dd,2026-04-26 14:08:27.166386+00:00,2026-04-28 03:36:18.416786+00:00,
61ca9e18-a13d-4e71-b0fb-9a8ac26dd465,Atelier collaboratif design thinking - édition 0549,Atelier,"Atelier dédié à design thinking, conçu pour le département Finance, avec objectifs clairs, échanges encadrés et livrables pratiques. Référence programme T4-0549.",2026-07-18 09:15:00+00:00,120,ONLINE,,https://meet.company.example/atelier-collaboratif-design-thinking-edition-0549,,72,2026-07-11 06:15:00+00:00,PUBLISHED,DEPARTMENT,3,c95d510a-3346-4f36-be97-770bde6ccec1,2026-01-06 14:35:42.219610+00:00,2026-01-31 10:36:39.465596+00:00,
cb472ff3-47ee-4a30-93c9-71aecaf3e3ec,Soirée réseau convivialité - édition 0550,Afterwork,"Afterwork dédié à convivialité, conçu pour tous les collaborateurs, avec objectifs clairs, échanges encadrés et livrables pratiques. Référence programme T1-0550.",2026-07-18 18:15:00+00:00,150,ONSITE,Salle A,,,52,2026-07-15 16:15:00+00:00,PUBLISHED,GLOBAL,,d4bea928-8cc6-40c1-ad6c-85ba2f32c3ca,2026-03-28 06:19:28.696194+00:00,2026-04-06 21:59:55.178840+00:00,
36f3a434-8992-4f66-8b6d-0b69280be4c7,Journée responsable recyclage - édition 0551,RSE,"RSE dédié à recyclage, conçu pour tous les collaborateurs, avec objectifs clairs, échanges encadrés et livrables pratiques. Référence programme T3-0551.",2026-12-11 16:15:00+00:00,45,ONSITE,Salle B,,,105,2026-11-30 13:15:00+00:00,PUBLISHED,GLOBAL,,67b9e613-4792-4b7e-88f0-54df3f761ed0,2026-02-10 11:09:37.294286+00:00,2026-02-12 00:14:58.811561+00:00,
ca47c4b6-25e1-44ad-95a5-46d60056ab77,Rencontre expert leadership responsable - édition 0552,Conférence,"Conférence dédié à leadership responsable, conçu pour le département Ventes, avec objectifs clairs, échanges encadrés et livrables pratiques. Référence programme T3-0552.",2026-12-29 16:30:00+00:00,90,EXTERNAL,,,"Parc technologique, Ariana",168,2026-12-15 16:30:00+00:00,DRAFT,DEPARTMENT,5,e684e654-4778-457f-88f4-600f7b349c6a,2026-03-12 21:07:53.049519+00:00,2026-04-16 02:55:41.400803+00:00,
afb200a6-0db9-47d9-81dc-668cf0ffd251,Webinaire reporting financier - édition 0553,Webinaire,"Webinaire dédié à reporting financier, conçu pour le département Juridique, avec objectifs clairs, échanges encadrés et livrables pratiques. Référence programme T3-0553.",2026-07-04 09:00:00+00:00,30,ONLINE,,https://meet.company.example/webinaire-reporting-financier-edition-0553,,219,2026-06-26 09:00:00+00:00,PUBLISHED,DEPARTMENT,10,9d09832f-ff19-4c77-9c05-12881b06c117,2026-01-04 06:25:19.665594+00:00,2026-02-19 19:56:20.688087+00:00,
058b9dce-6cbc-4281-b0f1-2e542af1e4b5,Rencontre informelle équipes projet - édition 0554,Afterwork,"Afterwork dédié à équipes projet, conçu pour le département Développement, avec objectifs clairs, échanges encadrés et livrables pratiques. Référence programme T3-0554.",2026-09-27 19:00:00+00:00,150,ONSITE,Salle A,,,61,2026-09-16 17:00:00+00:00,PUBLISHED,DEPARTMENT,6,c7e688a0-9d9d-4d3f-9e2e-62a547733a58,2026-01-23 15:10:44.100899+00:00,2026-03-10 03:08:06.851678+00:00,
9ff50505-7085-4846-9019-b4c2cb95fb57,Workshop idéation produit - édition 0555,Atelier,"Atelier dédié à idéation produit, conçu pour le département Marketing, avec objectifs clairs, échanges encadrés et livrables pratiques. Référence programme T3-0555.",2026-10-02 10:30:00+00:00,120,ONSITE,Salle Réunion B,,,43,2026-09-19 07:30:00+00:00,PUBLISHED,DEPARTMENT,4,523b8c7a-c2fe-456d-b96a-d35efdae8e10,2026-03-02 14:20:32.241249+00:00,2026-04-06 23:01:00.965895+00:00,
e40beea1-58f0-4048-a910-d3582dc942f0,Session pratique prise de parole - édition 0556,Atelier,"Atelier dédié à prise de parole, conçu pour tous les collaborateurs, avec objectifs clairs, échanges encadrés et livrables pratiques. Référence programme T3-0556.",2026-09-28 15:30:00+00:00,60,ONSITE,Salle RH,,,26,2026-09-20 14:30:00+00:00,PUBLISHED,GLOBAL,,4fd46ebc-f590-48ab-9c20-b28ac7350ca8,2026-01-21 04:39:44.675781+00:00,2026-04-28 03:54:36.528018+00:00,
476b8a57-a47f-4957-98c6-1d80cbdfce28,Journée responsable inclusion - édition 0557,RSE,"RSE dédié à inclusion, conçu pour tous les collaborateurs, avec objectifs clairs, échanges encadrés et livrables pratiques. Référence programme T1-0557.",2026-06-08 11:15:00+00:00,90,EXTERNAL,,,"Rue Taieb Mhiri, Tunis",50,2026-05-18 09:15:00+00:00,PUBLISHED,GLOBAL,,b028e6d5-941b-4894-816c-80a8024ffabd,2026-01-12 17:57:15.067012+00:00,2026-02-10 13:20:15.013891+00:00,
b96da388-419d-473c-8c5f-02578dd34bc5,Rencontre santé au travail gestion du stress - édition 0558,Bien-être,"Bien-être dédié à gestion du stress, conçu pour le département Support client, avec objectifs clairs, échanges encadrés et livrables pratiques. Référence programme T3-0558.",2026-11-25 15:00:00+00:00,90,ONSITE,Lab IoT,,,27,2026-11-06 14:00:00+00:00,PENDING,DEPARTMENT,9,91e9323a-e856-492f-b6b6-379bc6570add,2026-03-12 17:32:28.877424+00:00,2026-03-29 13:22:28.295487+00:00,
5d614d42-fbb1-42f0-a8f7-2a9827229432,Challenge innovation automatisation métier - édition 0559,Innovation,"Innovation dédié à automatisation métier, conçu pour le département Juridique, avec objectifs clairs, échanges encadrés et livrables pratiques. Référence programme T2-0559.",2026-05-16 13:00:00+00:00,120,ONLINE,,https://meet.company.example/challenge-innovation-automatisation-metier-edition-0559,,85,2026-04-24 11:00:00+00:00,PUBLISHED,DEPARTMENT,10,1c8aea5a-7709-44a0-898c-a882a974318f,2026-02-07 20:10:10.563728+00:00,2026-03-04 13:23:11.764144+00:00,
2e96ab79-86fb-430a-9892-798bce3ea945,Présentation digitale marketing digital - édition 0560,Webinaire,"Webinaire dédié à marketing digital, conçu pour le département Marketing, avec objectifs clairs, échanges encadrés et livrables pratiques. Référence programme T2-0560.",2026-12-29 09:15:00+00:00,45,ONLINE,,https://meet.company.example/presentation-digitale-marketing-digital-edition-0560,,432,2026-12-11 09:15:00+00:00,PUBLISHED,DEPARTMENT,4,074ac71d-aafc-47a0-9056-0c48ad4084ce,2026-02-11 12:36:32.895886+00:00,2026-04-17 04:44:35.573070+00:00,
d7d75fe3-bfd0-45be-a601-4c189f10076e,Session de formation cloud computing - édition 0561,Formation,"Formation dédié à cloud computing, conçu pour tous les collaborateurs, avec objectifs clairs, échanges encadrés et livrables pratiques. Référence programme T4-0561.",2026-11-30 10:00:00+00:00,60,ONSITE,Salle A,,,8,2026-11-21 08:00:00+00:00,REJECTED,GLOBAL,,608ced08-9e47-4568-b2c6-81b0a7fdf075,2026-01-15 09:19:13.764946+00:00,2026-03-09 00:44:21.423021+00:00,Demande rejetée : budget non justifié.
b891175e-b2a2-4f8f-9973-52b440b70ecd,Challenge innovation lab IA - édition 0562,Innovation,"Innovation dédié à lab IA, conçu pour le département Finance, avec objectifs clairs, échanges encadrés et livrables pratiques. Référence programme T3-0562.",2026-10-19 16:00:00+00:00,60,ONLINE,,https://meet.company.example/challenge-innovation-lab-ia-edition-0562,,60,2026-10-08 16:00:00+00:00,PUBLISHED,DEPARTMENT,3,608ced08-9e47-4568-b2c6-81b0a7fdf075,2026-01-18 07:50:02.280270+00:00,2026-03-27 12:30:59.839646+00:00,
5d84cc0e-7e7f-4ce0-8044-9b827f236bdd,Culture d’entreprise valeurs et vision - édition 0563,Culture d’entreprise,"Culture d’entreprise dédié à valeurs et vision, conçu pour tous les collaborateurs, avec objectifs clairs, échanges encadrés et livrables pratiques. Référence programme T2-0563.",2026-03-10 14:45:00+00:00,120,ONLINE,,https://meet.company.example/culture-d-entreprise-valeurs-et-vision-edition-0563,,142,2026-02-17 11:45:00+00:00,ARCHIVED,GLOBAL,,79ecd19f-9a6a-4019-aeab-38a61af2036b,2026-01-14 20:30:04.451704+00:00,2026-01-15 12:43:37.723907+00:00,
6fa4473a-ea77-4780-8e50-fef069e589b2,Journée responsable économie d’énergie - édition 0564,RSE,"RSE dédié à économie d’énergie, conçu pour le département Qualité, avec objectifs clairs, échanges encadrés et livrables pratiques. Référence programme T2-0564.",2026-04-25 11:00:00+00:00,90,ONSITE,Espace détente,,,37,2026-04-19 11:00:00+00:00,ARCHIVED,DEPARTMENT,8,7f1597a7-81b9-4a2c-9123-eee64ca91f04,2026-02-25 02:35:13.586234+00:00,2026-02-26 07:51:43.819623+00:00,
5fd3440e-0633-481f-a2d9-da9c07259956,Challenge innovation expérimentation digitale - Développement - édition 0565,Innovation,"Innovation dédié à expérimentation digitale, conçu pour le département Développement, avec objectifs clairs, échanges encadrés et livrables pratiques. Référence programme T3-0565.",2026-11-25 15:30:00+00:00,90,ONLINE,,https://meet.company.example/challenge-innovation-experimentation-digitale-developpement-edition-05,,112,2026-11-18 14:30:00+00:00,PENDING,DEPARTMENT,6,c98070f7-ea93-464b-9719-8e5817cb346a,2026-01-02 14:08:04.507016+00:00,2026-02-14 15:27:53.655945+00:00,
58779b71-922d-48ee-b66e-e21521a0377b,Session bien-être équilibre professionnel - édition 0566,Bien-être,"Bien-être dédié à équilibre professionnel, conçu pour le département Marketing, avec objectifs clairs, échanges encadrés et livrables pratiques. Référence programme T4-0566.",2026-03-05 16:45:00+00:00,90,EXTERNAL,,,"Technopole El Ghazala, Ariana",39,2026-02-19 16:45:00+00:00,PUBLISHED,DEPARTMENT,4,cb9bfc83-d69e-4da2-b15e-b524df16c0e3,2026-01-01 18:32:04.508286+00:00,2026-01-24 01:17:58.834237+00:00,
c5c4a4d2-3be6-4164-8e1f-83f5211a8353,Speed meeting réseau inter-départements - édition 0567,Networking,"Networking dédié à réseau inter-départements, conçu pour tous les collaborateurs, avec objectifs clairs, échanges encadrés et livrables pratiques. Référence programme T3-0567.",2026-04-14 09:45:00+00:00,60,ONSITE,Auditorium,,,162,2026-04-10 08:45:00+00:00,PUBLISHED,GLOBAL,,39a22ca0-e67b-4e63-8b37-6aea793fe5ea,2026-01-08 09:35:00.825403+00:00,2026-03-27 17:46:40.420549+00:00,
ff72bd1b-0972-4f89-b6fc-ad42737974b0,Session de formation cybersécurité - Achats - édition 0568,Formation,"Formation dédié à cybersécurité, conçu pour le département Achats, avec objectifs clairs, échanges encadrés et livrables pratiques. Référence programme T2-0568.",2026-08-31 14:15:00+00:00,120,ONSITE,Lab IoT,,,15,2026-08-27 12:15:00+00:00,REJECTED,DEPARTMENT,11,d420025c-f809-4d32-9066-98749e88aeb9,2026-02-17 11:20:03.784644+00:00,2026-04-20 06:35:47.132868+00:00,Demande rejetée : audience cible trop large.
8b772e67-85b2-495b-9177-1f474be951e7,Table ronde leadership responsable - édition 0569,Conférence,"Conférence dédié à leadership responsable, conçu pour le département Ventes, avec objectifs clairs, échanges encadrés et livrables pratiques. Référence programme T1-0569.",2026-12-26 16:30:00+00:00,90,EXTERNAL,,,"Zone industrielle Charguia 2, Tunis",50,2026-12-15 16:30:00+00:00,DRAFT,DEPARTMENT,5,d37584ec-a50a-4b61-84db-4ad4f2629fd7,2026-03-22 04:40:21.709550+00:00,2026-04-04 17:00:36.289891+00:00,
f7282720-9c28-4860-a660-4e081669ae79,Rencontre santé au travail nutrition et énergie - Ressources humaines - édition 0570,Bien-être,"Bien-être dédié à nutrition et énergie, conçu pour le département Ressources humaines, avec objectifs clairs, échanges encadrés et livrables pratiques. Référence programme T4-0570.",2026-05-24 09:30:00+00:00,60,ONSITE,Salle B,,,69,2026-05-18 07:30:00+00:00,PUBLISHED,DEPARTMENT,2,d420025c-f809-4d32-9066-98749e88aeb9,2026-03-11 07:55:03.056269+00:00,2026-04-02 16:33:49.603112+00:00,
b9905d6c-2db6-4c9a-b935-c706ccad7987,Atelier cohésion créativité collective - édition 0571,Team building,"Team building dédié à créativité collective, conçu pour le département Communication interne, avec objectifs clairs, échanges encadrés et livrables pratiques. Référence programme T4-0571.",2026-08-21 11:15:00+00:00,90,ONSITE,Salle Réunion B,,,12,2026-08-05 10:15:00+00:00,PUBLISHED,DEPARTMENT,12,099e1b0f-acb5-4a7d-829c-134345792106,2026-04-23 16:59:23.853706+00:00,2026-04-29 13:21:47.588234+00:00,
fc937cd7-7fab-4a8d-a852-2291c0925b8b,Challenge collectif challenge collaboratif - édition 0572,Team building,"Team building dédié à challenge collaboratif, conçu pour le département Achats, avec objectifs clairs, échanges encadrés et livrables pratiques. Référence programme T3-0572.",2026-03-23 15:00:00+00:00,90,ONSITE,Salle Innovation,,,19,2026-03-01 15:00:00+00:00,PUBLISHED,DEPARTMENT,11,9f86355d-2a5a-4db1-aef6-a2b4d7d51a28,2026-01-13 20:01:43.042039+00:00,2026-03-12 16:20:27.677243+00:00,
704a1b85-84b8-420f-95a0-221c92f42bf7,Speed meeting communautés internes - édition 0573,Networking,"Networking dédié à communautés internes, conçu pour tous les collaborateurs, avec objectifs clairs, échanges encadrés et livrables pratiques. Référence programme T2-0573.",2026-05-29 13:15:00+00:00,90,EXTERNAL,,,"Parc technologique, Ariana",90,2026-05-10 12:15:00+00:00,REJECTED,GLOBAL,,db0a6297-8193-47c9-a815-151141095ca6,2026-02-08 17:07:46.725032+00:00,2026-02-11 01:20:34.878521+00:00,Demande rejetée : objectifs insuffisamment définis.
c5827f8f-5d4d-449d-9b58-2304e316d3af,Atelier cohésion challenge collaboratif - édition 0574,Team building,"Team building dédié à challenge collaboratif, conçu pour tous les collaborateurs, avec objectifs clairs, échanges encadrés et livrables pratiques. Référence programme T1-0574.",2026-06-02 11:30:00+00:00,90,ONLINE,,https://meet.company.example/atelier-cohesion-challenge-collaboratif-edition-0574,,66,2026-05-29 11:30:00+00:00,PUBLISHED,GLOBAL,,5360fd07-6411-454a-8bc8-066a979f5e68,2026-02-20 16:03:42.567423+00:00,2026-04-24 18:49:47.099843+00:00,
6f7b2808-127d-497a-a7da-e1ba4e22eb76,Team building confiance et coopération - édition 0575,Team building,"Team building dédié à confiance et coopération, conçu pour tous les collaborateurs, avec objectifs clairs, échanges encadrés et livrables pratiques. Référence programme T1-0575.",2026-03-31 14:30:00+00:00,90,ONSITE,Salle B,,,12,2026-03-27 12:30:00+00:00,PUBLISHED,GLOBAL,,7c02e81b-64f2-451d-bbab-b807fd72ef10,2026-03-15 02:39:53.040408+00:00,2026-03-25 19:04:14.057186+00:00,
9ff2206d-42d1-47a1-9a76-b4d02666d6bb,Rencontre informelle convivialité - Finance - édition 0576,Afterwork,"Afterwork dédié à convivialité, conçu pour le département Finance, avec objectifs clairs, échanges encadrés et livrables pratiques. Référence programme T4-0576.",2026-06-01 17:45:00+00:00,120,ONLINE,,https://meet.company.example/rencontre-informelle-convivialite-finance-edition-0576,,54,2026-05-16 17:45:00+00:00,CANCELLED,DEPARTMENT,3,02d451b1-b91e-4dde-aaba-83945a6ff820,2026-03-11 00:36:38.336397+00:00,2026-03-24 09:09:19.334889+00:00,Décision de report prise par l’équipe organisatrice.
af860918-69b7-48fb-833b-901be2c25ab1,Webinaire IoT et capteurs - édition 0577,Webinaire,"Webinaire dédié à IoT et capteurs, conçu pour tous les collaborateurs, avec objectifs clairs, échanges encadrés et livrables pratiques. Référence programme T3-0577.",2026-07-25 09:45:00+00:00,45,ONLINE,,https://meet.company.example/webinaire-iot-et-capteurs-edition-0577,,450,2026-07-01 09:45:00+00:00,PUBLISHED,GLOBAL,,e035811f-10c5-4bfc-a7c0-7eae45940633,2026-03-30 15:10:47.656106+00:00,2026-04-15 14:06:47.010695+00:00,
c55301a7-c74d-4ff0-8635-daafc502b6db,Webinaire reporting financier - édition 0578,Webinaire,"Webinaire dédié à reporting financier, conçu pour le département IoT, avec objectifs clairs, échanges encadrés et livrables pratiques. Référence programme T3-0578.",2026-03-08 15:15:00+00:00,45,ONLINE,,https://meet.company.example/webinaire-reporting-financier-edition-0578,,471,2026-02-16 13:15:00+00:00,ARCHIVED,DEPARTMENT,7,1c8aea5a-7709-44a0-898c-a882a974318f,2026-01-07 04:01:53.867682+00:00,2026-01-29 01:54:49.508157+00:00,
92996b96-1f0b-4fc5-93c1-29c049d8b841,Table ronde expérience client - édition 0579,Conférence,"Conférence dédié à expérience client, conçu pour le département Support client, avec objectifs clairs, échanges encadrés et livrables pratiques. Référence programme T2-0579.",2026-12-13 14:30:00+00:00,60,ONLINE,,https://meet.company.example/table-ronde-experience-client-edition-0579,,195,2026-12-09 12:30:00+00:00,PUBLISHED,DEPARTMENT,9,f93fc94f-b705-49f5-954a-4683273857f4,2026-01-06 01:52:30.835904+00:00,2026-03-27 04:11:25.892037+00:00,
ed994be6-c5ff-4cc2-9971-f4e35b96ac21,Challenge collectif confiance et coopération - Support client - édition 0580,Team building,"Team building dédié à confiance et coopération, conçu pour le département Support client, avec objectifs clairs, échanges encadrés et livrables pratiques. Référence programme T2-0580.",2026-07-10 10:15:00+00:00,180,ONSITE,Salle Innovation,,,26,2026-07-02 09:15:00+00:00,PENDING,DEPARTMENT,9,f50ff8d2-296b-430d-bc2e-7a3ba13a75b7,2026-04-20 09:08:29.213393+00:00,2026-04-28 16:59:50.557417+00:00,
fc54b27b-c16a-4d89-9220-dbe242dd8791,Module d’apprentissage communication professionnelle - édition 0581,Formation,"Formation dédié à communication professionnelle, conçu pour le département Juridique, avec objectifs clairs, échanges encadrés et livrables pratiques. Référence programme T3-0581.",2026-06-22 09:00:00+00:00,90,ONSITE,Salle Formation,,,50,2026-06-18 06:00:00+00:00,PUBLISHED,DEPARTMENT,10,39a22ca0-e67b-4e63-8b37-6aea793fe5ea,2026-03-09 09:30:40.187781+00:00,2026-03-11 23:44:06.658872+00:00,
3a55cd6a-c838-404a-9def-21cd03de60ac,Action RSE inclusion - édition 0582,RSE,"RSE dédié à inclusion, conçu pour tous les collaborateurs, avec objectifs clairs, échanges encadrés et livrables pratiques. Référence programme T4-0582.",2026-08-26 15:45:00+00:00,90,EXTERNAL,,,"Zone industrielle Charguia 2, Tunis",185,2026-08-02 13:45:00+00:00,PUBLISHED,GLOBAL,,18913824-a75f-44b9-a1c5-cec90c6cd419,2026-01-27 15:05:13.052781+00:00,2026-02-05 10:59:04.697368+00:00,
123dc7c3-f464-4a29-a129-f02a80acdaca,Challenge innovation lab IA - Juridique - édition 0583,Innovation,"Innovation dédié à lab IA, conçu pour le département Juridique, avec objectifs clairs, échanges encadrés et livrables pratiques. Référence programme T1-0583.",2026-08-14 11:45:00+00:00,45,EXTERNAL,,,"Avenue Mohamed V, Tunis",116,2026-08-04 11:45:00+00:00,REJECTED,DEPARTMENT,10,f43ba2e8-ea91-43b3-9232-e8fd777feb12,2026-01-26 23:10:19.843232+00:00,2026-04-11 05:30:35.426667+00:00,Demande rejetée : budget non justifié.
f98ec964-4f52-4279-aa96-811e647742a4,Forum d’échanges réseau inter-départements - édition 0584,Networking,"Networking dédié à réseau inter-départements, conçu pour tous les collaborateurs, avec objectifs clairs, échanges encadrés et livrables pratiques. Référence programme T4-0584.",2026-12-25 15:45:00+00:00,45,EXTERNAL,,,"Rue Taieb Mhiri, Tunis",45,2026-12-20 15:45:00+00:00,DRAFT,GLOBAL,,829eabd6-72af-4c4e-b91e-42647a56cf50,2026-04-11 04:34:27.072357+00:00,2026-04-13 17:53:35.777654+00:00,
fad3782b-2313-45bf-ab09-068cf2c2854e,Session pratique gestion budgétaire - édition 0585,Atelier,"Atelier dédié à gestion budgétaire, conçu pour le département Ressources humaines, avec objectifs clairs, échanges encadrés et livrables pratiques. Référence programme T4-0585.",2026-12-11 16:45:00+00:00,180,ONLINE,,https://meet.company.example/session-pratique-gestion-budgetaire-edition-0585,,44,2026-11-30 15:45:00+00:00,PUBLISHED,DEPARTMENT,2,895f01a4-b0ea-4f55-add3-d7b281d0d86e,2026-04-12 07:47:53.119824+00:00,2026-04-12 17:34:29.670117+00:00,
767acd40-98fe-4445-a87c-c305a27c1ea6,Journée responsable solidarité locale - Communication interne - édition 0586,RSE,"RSE dédié à solidarité locale, conçu pour le département Communication interne, avec objectifs clairs, échanges encadrés et livrables pratiques. Référence programme T3-0586.",2026-04-01 13:15:00+00:00,120,EXTERNAL,,,"Avenue Habib Bourguiba, Tunis",239,2026-03-16 12:15:00+00:00,ARCHIVED,DEPARTMENT,12,2b02df80-1d86-4eca-8b1a-02e41da4ddf4,2026-01-20 22:24:53.553873+00:00,2026-03-26 17:02:43.773699+00:00,
08056ed1-31b8-47cb-95ef-39299d322e50,Formation Power BI - édition 0587,Formation,"Formation dédié à Power BI, conçu pour tous les collaborateurs, avec objectifs clairs, échanges encadrés et livrables pratiques. Référence programme T2-0587.",2026-07-18 15:15:00+00:00,60,ONSITE,Salle A,,,59,2026-07-06 14:15:00+00:00,PUBLISHED,GLOBAL,,96f88851-c0d4-41cf-be20-b08886bc6e6c,2026-01-20 20:46:05.678306+00:00,2026-02-24 04:51:41.090842+00:00,
c97a67e9-b8a4-4672-8089-ae61bff2c935,Module d’apprentissage qualité logicielle - édition 0588,Formation,"Formation dédié à qualité logicielle, conçu pour tous les collaborateurs, avec objectifs clairs, échanges encadrés et livrables pratiques. Référence programme T3-0588.",2026-03-07 14:00:00+00:00,180,ONSITE,Salle Innovation,,,41,2026-03-05 13:00:00+00:00,CANCELLED,GLOBAL,,009106ed-775c-4434-bfde-f95de8733d4b,2026-01-16 09:06:15.037799+00:00,2026-02-26 20:43:35.251704+00:00,Priorité métier modifiée.
f770a84d-ce63-418e-802d-0968d4ae5ba3,Action RSE mobilité durable - édition 0589,RSE,"RSE dédié à mobilité durable, conçu pour tous les collaborateurs, avec objectifs clairs, échanges encadrés et livrables pratiques. Référence programme T3-0589.",2026-08-21 11:30:00+00:00,45,ONSITE,Salle Innovation,,,86,2026-07-31 11:30:00+00:00,PUBLISHED,GLOBAL,,c0651ad3-8066-41be-bcae-d7c1a16aa7f5,2026-04-01 05:54:42.208801+00:00,2026-04-07 18:20:18.608240+00:00,
97f2b69d-548c-477b-b40b-2d20ea7b7b87,Rencontre expert leadership responsable - Développement - édition 0590,Conférence,"Conférence dédié à leadership responsable, conçu pour le département Développement, avec objectifs clairs, échanges encadrés et livrables pratiques. Référence programme T1-0590.",2026-04-08 09:30:00+00:00,120,ONSITE,Salle Finance,,,93,2026-03-15 08:30:00+00:00,ARCHIVED,DEPARTMENT,6,4c166401-3fd9-47c6-993a-883bd0d2ca29,2026-01-22 19:08:30.942370+00:00,2026-03-05 05:12:35.315010+00:00,
6d00330d-bfd2-481d-a91c-bf1a52452289,Soirée réseau culture interne - édition 0591,Afterwork,"Afterwork dédié à culture interne, conçu pour le département IoT, avec objectifs clairs, échanges encadrés et livrables pratiques. Référence programme T4-0591.",2026-05-10 19:45:00+00:00,90,EXTERNAL,,,"Rue de l’Innovation, Lac 1, Tunis",26,2026-04-27 16:45:00+00:00,PUBLISHED,DEPARTMENT,7,368b0c1f-2b18-45ae-8c55-7445a2e631bc,2026-03-20 02:08:15.604222+00:00,2026-04-08 08:14:50.998990+00:00,
a83451f2-7bc9-4d6c-81d5-5b48ff1a14cb,Soirée réseau communauté tech - édition 0592,Afterwork,"Afterwork dédié à communauté tech, conçu pour tous les collaborateurs, avec objectifs clairs, échanges encadrés et livrables pratiques. Référence programme T3-0592.",2026-09-21 17:45:00+00:00,150,ONSITE,Salle Réunion B,,,29,2026-09-03 14:45:00+00:00,PUBLISHED,GLOBAL,,f88e79f6-5cdb-401c-9b0a-0035434d7b18,2026-02-26 05:22:04.990263+00:00,2026-03-10 05:59:15.694798+00:00,
25067d65-823e-438e-8c4e-f7a276392e7b,Journée responsable économie d’énergie - édition 0593,RSE,"RSE dédié à économie d’énergie, conçu pour tous les collaborateurs, avec objectifs clairs, échanges encadrés et livrables pratiques. Référence programme T1-0593.",2026-12-29 10:45:00+00:00,45,EXTERNAL,,,"Technopole El Ghazala, Ariana",247,2026-12-08 10:45:00+00:00,REJECTED,GLOBAL,,5bfb3b47-b622-4dea-bcef-0b3827189ab1,2026-01-21 16:56:26.428738+00:00,2026-03-06 13:31:59.497453+00:00,Demande rejetée : audience cible trop large.
989ad0b0-02f3-42a5-baf8-27e1547bd416,Atelier innovation lab IA - édition 0594,Innovation,"Innovation dédié à lab IA, conçu pour tous les collaborateurs, avec objectifs clairs, échanges encadrés et livrables pratiques. Référence programme T2-0594.",2026-12-10 15:00:00+00:00,120,EXTERNAL,,,"Immeuble Carthage Business Center, Tunis",118,2026-11-22 14:00:00+00:00,PUBLISHED,GLOBAL,,80d67e75-1cd6-4308-ace2-c8929c58a1fc,2026-01-02 06:08:28.533838+00:00,2026-04-27 21:57:05.347739+00:00,
57907724-8fca-4046-8bd9-b487fba20026,Rencontre culture interne feedback et transparence - édition 0595,Culture d’entreprise,"Culture d’entreprise dédié à feedback et transparence, conçu pour tous les collaborateurs, avec objectifs clairs, échanges encadrés et livrables pratiques. Référence programme T2-0595.",2026-08-09 11:30:00+00:00,90,ONLINE,,https://meet.company.example/rencontre-culture-interne-feedback-et-transparence-edition-0595,,134,2026-07-18 08:30:00+00:00,PUBLISHED,GLOBAL,,039ce623-075d-4c69-9235-d786fde3bf5a,2026-04-09 21:09:19.662989+00:00,2026-04-16 10:20:50.466567+00:00,
1ee7a0e7-d8d0-492f-a5ec-3a43a12d6fc8,Session en ligne bien-être au travail - édition 0596,Webinaire,"Webinaire dédié à bien-être au travail, conçu pour le département Qualité, avec objectifs clairs, échanges encadrés et livrables pratiques. Référence programme T4-0596.",2026-05-27 10:15:00+00:00,90,ONLINE,,https://meet.company.example/session-en-ligne-bien-etre-au-travail-edition-0596,,293,2026-05-14 08:15:00+00:00,PUBLISHED,DEPARTMENT,8,2aefd1c6-5b84-45ec-ba52-ac77cc48ac56,2026-02-09 07:34:53.999240+00:00,2026-04-14 19:05:38.080304+00:00,
48313a89-a3a8-437b-8d4e-32d1137ce252,Pause prévention respiration et concentration - Finance - édition 0597,Bien-être,"Bien-être dédié à respiration et concentration, conçu pour le département Finance, avec objectifs clairs, échanges encadrés et livrables pratiques. Référence programme T1-0597.",2026-05-28 15:15:00+00:00,60,EXTERNAL,,,"Avenue Mohamed V, Tunis",53,2026-05-22 14:15:00+00:00,PUBLISHED,DEPARTMENT,3,ef6c19c9-41fb-4663-b095-fd6f807954ec,2026-01-14 12:25:30.725507+00:00,2026-03-25 00:16:54.014353+00:00,
a9fa5e08-8447-4af6-8172-9cd8e2c7796f,Session en ligne cybersécurité au quotidien - édition 0598,Webinaire,"Webinaire dédié à cybersécurité au quotidien, conçu pour tous les collaborateurs, avec objectifs clairs, échanges encadrés et livrables pratiques. Référence programme T3-0598.",2026-06-15 10:00:00+00:00,90,ONLINE,,https://meet.company.example/session-en-ligne-cybersecurite-au-quotidien-edition-0598,,182,2026-06-06 07:00:00+00:00,PUBLISHED,GLOBAL,,8a32d959-70a5-4d75-a21f-8a47260e0f27,2026-04-10 12:56:42.536359+00:00,2026-04-23 08:43:40.520259+00:00,
1ff5c2de-aac4-464e-9dd2-9e9b72b53f66,Session pratique amélioration continue - IoT - édition 0599,Atelier,"Atelier dédié à amélioration continue, conçu pour le département IoT, avec objectifs clairs, échanges encadrés et livrables pratiques. Référence programme T3-0599.",2026-06-09 16:30:00+00:00,120,ONSITE,Lab IoT,,,16,2026-05-29 15:30:00+00:00,PUBLISHED,DEPARTMENT,7,9ac7d884-9c16-4fa3-b896-884afda9c096,2026-02-25 04:45:27.976065+00:00,2026-03-31 10:01:20.875249+00:00,
c4efc1d0-011b-4cf7-96dd-797a6236ac35,Rencontre santé au travail respiration et concentration - édition 0600,Bien-être,"Bien-être dédié à respiration et concentration, conçu pour le département Communication interne, avec objectifs clairs, échanges encadrés et livrables pratiques. Référence programme T1-0600.",2026-04-07 11:00:00+00:00,45,ONSITE,Salle Communication,,,22,2026-03-31 11:00:00+00:00,CANCELLED,DEPARTMENT,12,0ad2e8b9-a1e4-439b-82a6-7043befa8527,2026-02-08 18:20:23.473636+00:00,2026-03-07 16:41:34.299400+00:00,Budget non validé pour cette édition.
a5836216-4904-4dbf-a3e7-3fb9a39ec2dc,Module d’apprentissage Power BI - Support client - édition 0601,Formation,"Formation dédié à Power BI, conçu pour le département Support client, avec objectifs clairs, échanges encadrés et livrables pratiques. Référence programme T2-0601.",2026-08-27 14:30:00+00:00,90,ONSITE,Salle Réunion B,,,11,2026-08-12 12:30:00+00:00,PUBLISHED,DEPARTMENT,9,29a2042e-69ee-471d-ad13-086615962ccf,2026-03-11 19:09:21.840726+00:00,2026-04-02 02:03:20.179443+00:00,
357ce27d-ee5b-4151-ac3b-0ee3ed896cd9,Workshop prise de parole - édition 0602,Atelier,"Atelier dédié à prise de parole, conçu pour tous les collaborateurs, avec objectifs clairs, échanges encadrés et livrables pratiques. Référence programme T1-0602.",2026-10-11 14:00:00+00:00,180,EXTERNAL,,,"Immeuble Carthage Business Center, Tunis",79,2026-09-19 12:00:00+00:00,PUBLISHED,GLOBAL,,2237a47b-d19c-43f7-b1bb-db7310cd2750,2026-04-10 22:38:44.992132+00:00,2026-04-13 01:40:06.901561+00:00,
a4c0c72f-77bd-49d9-a63e-1d09f4f288dd,Défi collaboratif défi inter-départements - édition 0603,Team building,"Team building dédié à défi inter-départements, conçu pour tous les collaborateurs, avec objectifs clairs, échanges encadrés et livrables pratiques. Référence programme T4-0603.",2026-11-25 11:45:00+00:00,90,ONLINE,,https://meet.company.example/defi-collaboratif-defi-inter-departements-edition-0603,,8,2026-11-19 10:45:00+00:00,PUBLISHED,GLOBAL,,a0cca5a6-1adb-48cd-8eb4-3ddd051a194a,2026-03-30 10:47:09.483708+00:00,2026-04-03 11:24:35.259681+00:00,
0329ecbb-c45d-4cee-8728-bae0024b2e96,Atelier RSE économie d’énergie - édition 0604,RSE,"RSE dédié à économie d’énergie, conçu pour le département Développement, avec objectifs clairs, échanges encadrés et livrables pratiques. Référence programme T1-0604.",2026-03-20 11:45:00+00:00,120,EXTERNAL,,,"Rue Taieb Mhiri, Tunis",193,2026-03-15 08:45:00+00:00,ARCHIVED,DEPARTMENT,6,04bb8b7a-cd4c-4a01-91d4-4704fda80686,2026-01-09 14:42:38.559202+00:00,2026-01-26 04:45:57.586425+00:00,
2872a251-8e7c-4720-a8a3-d5e7b49432e1,Challenge collectif défi inter-départements - Communication interne - édition 0605,Team building,"Team building dédié à défi inter-départements, conçu pour le département Communication interne, avec objectifs clairs, échanges encadrés et livrables pratiques. Référence programme T1-0605.",2026-06-21 16:15:00+00:00,180,ONSITE,Salle B,,,52,2026-05-31 13:15:00+00:00,DRAFT,DEPARTMENT,12,1282a9e9-9325-4f3d-94ee-887a13d79265,2026-02-11 16:53:35.607653+00:00,2026-04-26 11:31:47.084880+00:00,
7498bf2c-f02f-4768-b29e-70a1359b7a49,Team building escape game interne - édition 0606,Team building,"Team building dédié à escape game interne, conçu pour tous les collaborateurs, avec objectifs clairs, échanges encadrés et livrables pratiques. Référence programme T3-0606.",2026-06-17 11:45:00+00:00,120,EXTERNAL,,,"Avenue Mohamed V, Tunis",62,2026-05-26 11:45:00+00:00,REJECTED,GLOBAL,,ef6c19c9-41fb-4663-b095-fd6f807954ec,2026-04-02 11:59:17.619275+00:00,2026-04-18 08:22:21.763437+00:00,Demande rejetée : budget non justifié.
f4233553-3ac7-45e3-9614-d3290e6de861,Atelier innovation prototypage rapide - Développement - édition 0607,Innovation,"Innovation dédié à prototypage rapide, conçu pour le département Développement, avec objectifs clairs, échanges encadrés et livrables pratiques. Référence programme T2-0607.",2026-08-21 16:45:00+00:00,90,ONLINE,,https://meet.company.example/atelier-innovation-prototypage-rapide-developpement-edition-0607,,76,2026-07-31 16:45:00+00:00,DRAFT,DEPARTMENT,6,553f633d-4e8b-4e4b-a5c1-02de094d0933,2026-02-04 06:12:59.054780+00:00,2026-04-07 19:20:10.517603+00:00,
bb42c1fc-f18e-4326-a89f-56f5163f3e74,Networking communautés internes - édition 0608,Networking,"Networking dédié à communautés internes, conçu pour le département Communication interne, avec objectifs clairs, échanges encadrés et livrables pratiques. Référence programme T3-0608.",2026-05-16 11:45:00+00:00,60,ONSITE,Salle Finance,,,181,2026-04-29 10:45:00+00:00,CANCELLED,DEPARTMENT,12,f4ff8b53-48fb-46e8-9ea0-bc7c51ea9fee,2026-03-12 18:11:42.183666+00:00,2026-04-21 13:01:05.713303+00:00,Budget non validé pour cette édition.
643f6e81-7c4e-499b-a90e-38c06783a5fd,Parcours engagement rencontre direction - édition 0609,Culture d’entreprise,"Culture d’entreprise dédié à rencontre direction, conçu pour le département Communication interne, avec objectifs clairs, échanges encadrés et livrables pratiques. Référence programme T4-0609.",2026-03-10 09:30:00+00:00,45,ONSITE,Salle B,,,105,2026-02-25 06:30:00+00:00,ARCHIVED,DEPARTMENT,12,da7d8ca8-db94-48b0-87a9-6c6a4d12c1cb,2026-01-19 03:40:59.393699+00:00,2026-03-08 15:51:51.415821+00:00,
25ae592e-4847-4d66-90c9-683867c84a54,Soirée réseau finance et business - édition 0610,Afterwork,"Afterwork dédié à finance et business, conçu pour tous les collaborateurs, avec objectifs clairs, échanges encadrés et livrables pratiques. Référence programme T1-0610.",2026-10-18 17:00:00+00:00,120,EXTERNAL,,,"Immeuble Carthage Business Center, Tunis",30,2026-09-26 15:00:00+00:00,PUBLISHED,GLOBAL,,13d27dae-abb6-45aa-8a42-aabcca05524a,2026-02-18 08:17:21.064985+00:00,2026-04-30 02:32:33.293910+00:00,
b60215c8-77c7-4876-ba07-7e27b6d93ba9,Networking réseau inter-départements - édition 0611,Networking,"Networking dédié à réseau inter-départements, conçu pour le département Qualité, avec objectifs clairs, échanges encadrés et livrables pratiques. Référence programme T1-0611.",2026-07-16 09:45:00+00:00,120,ONLINE,,https://meet.company.example/networking-reseau-inter-departements-edition-0611,,155,2026-07-08 09:45:00+00:00,REJECTED,DEPARTMENT,8,d7187d09-a013-49c8-a1b3-d822b39752f7,2026-04-25 07:18:48.229422+00:00,2026-04-29 04:33:33.484571+00:00,Demande rejetée : conformité interne non validée.
4cf78b07-7fe8-40b9-84c4-a0fa5012e4a5,Atelier cohésion sport d’équipe - édition 0612,Team building,"Team building dédié à sport d’équipe, conçu pour tous les collaborateurs, avec objectifs clairs, échanges encadrés et livrables pratiques. Référence programme T2-0612.",2026-09-29 09:45:00+00:00,120,ONSITE,Lab IoT,,,60,2026-09-22 08:45:00+00:00,PUBLISHED,GLOBAL,,09c9c2e9-4239-482d-891d-56063049a724,2026-01-24 09:56:31.224538+00:00,2026-03-07 23:13:46.779832+00:00,
188d2e92-80ec-4887-9995-34d4a20b3f8b,Afterwork communauté tech - édition 0613,Afterwork,"Afterwork dédié à communauté tech, conçu pour le département IoT, avec objectifs clairs, échanges encadrés et livrables pratiques. Référence programme T1-0613.",2026-03-12 17:30:00+00:00,90,EXTERNAL,,,"Parc technologique, Ariana",26,2026-03-05 15:30:00+00:00,PUBLISHED,DEPARTMENT,7,7271cad9-975d-443d-9dc6-13dc2769c77d,2026-01-16 17:23:01.905776+00:00,2026-02-24 16:22:22.227074+00:00,
9d5c6d3c-0291-4953-85ef-43ad5ac26d95,Session en ligne IA générative - édition 0614,Webinaire,"Webinaire dédié à IA générative, conçu pour tous les collaborateurs, avec objectifs clairs, échanges encadrés et livrables pratiques. Référence programme T3-0614.",2026-08-18 11:15:00+00:00,30,ONLINE,,https://meet.company.example/session-en-ligne-ia-generative-edition-0614,,420,2026-08-03 10:15:00+00:00,DRAFT,GLOBAL,,2b6d1065-0b7d-4434-8df1-5b0f01a68955,2026-03-19 09:36:25.465785+00:00,2026-03-29 12:13:13.961417+00:00,
d2541a10-9973-4656-8df3-4d62f0403a71,Session valeurs feedback et transparence - édition 0615,Culture d’entreprise,"Culture d’entreprise dédié à feedback et transparence, conçu pour le département IoT, avec objectifs clairs, échanges encadrés et livrables pratiques. Référence programme T1-0615.",2026-06-21 11:45:00+00:00,45,ONSITE,Salle Communication,,,238,2026-05-30 08:45:00+00:00,PUBLISHED,DEPARTMENT,7,8292224d-865d-414d-b46e-895c5152d1a0,2026-03-21 01:11:24.838463+00:00,2026-03-26 19:16:34.669906+00:00,
80e24236-735f-4ce3-928a-33d470087a50,Culture d’entreprise valeurs et vision - Juridique - édition 0616,Culture d’entreprise,"Culture d’entreprise dédié à valeurs et vision, conçu pour le département Juridique, avec objectifs clairs, échanges encadrés et livrables pratiques. Référence programme T3-0616.",2026-04-27 13:30:00+00:00,90,ONSITE,Salle Réunion B,,,149,2026-04-23 13:30:00+00:00,PUBLISHED,DEPARTMENT,10,f3ee8d81-bce1-4705-a1dd-180f42249038,2026-01-27 19:54:25.630122+00:00,2026-02-02 17:05:40.204082+00:00,
f75355fb-3584-4691-9163-4b6514c70813,Module d’apprentissage communication professionnelle - édition 0617,Formation,"Formation dédié à communication professionnelle, conçu pour le département Communication interne, avec objectifs clairs, échanges encadrés et livrables pratiques. Référence programme T2-0617.",2026-06-10 11:15:00+00:00,180,ONLINE,,https://meet.company.example/module-d-apprentissage-communication-professionnelle-edition-0617,,19,2026-05-19 10:15:00+00:00,PUBLISHED,DEPARTMENT,12,dc305b07-816b-4ee2-869d-98231db9d646,2026-02-09 03:06:54.532526+00:00,2026-04-18 03:00:43.016452+00:00,
eee21ca3-e4fc-4382-9154-9f3bca6c7589,Atelier RSE inclusion - édition 0618,RSE,"RSE dédié à inclusion, conçu pour le département Ressources humaines, avec objectifs clairs, échanges encadrés et livrables pratiques. Référence programme T2-0618.",2026-05-22 11:15:00+00:00,45,EXTERNAL,,,"Parc technologique, Ariana",191,2026-05-20 09:15:00+00:00,PUBLISHED,DEPARTMENT,2,a41333e5-1570-46d3-b7f0-bef8202da882,2026-01-19 14:13:06.124844+00:00,2026-02-07 04:53:22.139479+00:00,
b4ab41e2-ddca-40a5-957a-9d650e0a6e60,Challenge collectif créativité collective - édition 0619,Team building,"Team building dédié à créativité collective, conçu pour tous les collaborateurs, avec objectifs clairs, échanges encadrés et livrables pratiques. Référence programme T4-0619.",2026-10-17 10:30:00+00:00,120,EXTERNAL,,,"Zone industrielle Charguia 2, Tunis",40,2026-09-28 09:30:00+00:00,REJECTED,GLOBAL,,0ed95bd1-0f78-425f-bb15-de63420dce41,2026-02-25 10:01:29.347169+00:00,2026-05-01 00:25:29.876748+00:00,Demande rejetée : objectifs insuffisamment définis.
e53c7b32-4237-4e35-a5e4-76318c3cf8af,Atelier innovation idées produit - édition 0620,Innovation,"Innovation dédié à idées produit, conçu pour tous les collaborateurs, avec objectifs clairs, échanges encadrés et livrables pratiques. Référence programme T3-0620.",2026-10-05 10:15:00+00:00,60,ONSITE,Salle Innovation,,,30,2026-10-01 07:15:00+00:00,DRAFT,GLOBAL,,13376738-828d-4cdb-b40c-24d0da2a5573,2026-03-11 13:22:53.774258+00:00,2026-03-17 08:56:19.204465+00:00,
2e52bfb2-58a1-4f5f-90d8-390f1a349202,Atelier RSE achats responsables - édition 0621,RSE,"RSE dédié à achats responsables, conçu pour le département Ventes, avec objectifs clairs, échanges encadrés et livrables pratiques. Référence programme T2-0621.",2026-04-21 13:30:00+00:00,120,ONSITE,Salle Formation,,,109,2026-04-05 11:30:00+00:00,ARCHIVED,DEPARTMENT,5,d0461ae2-5c05-43f1-a230-208ef643b565,2026-01-04 10:46:13.662808+00:00,2026-01-06 21:02:57.971498+00:00,
6a44cea8-77b1-4bf8-8652-21ab53b5bc57,Live interne marketing digital - édition 0622,Webinaire,"Webinaire dédié à marketing digital, conçu pour tous les collaborateurs, avec objectifs clairs, échanges encadrés et livrables pratiques. Référence programme T4-0622.",2026-09-02 10:45:00+00:00,45,ONLINE,,https://meet.company.example/live-interne-marketing-digital-edition-0622,,98,2026-08-20 09:45:00+00:00,PUBLISHED,GLOBAL,,ef1f441d-713b-4320-8698-2eecbf112a71,2026-02-25 23:04:16.960786+00:00,2026-03-06 06:32:34.174236+00:00,
d3e3c7f4-22b5-4b2c-a067-dba6d6023a9d,Session de formation analyse de données - Ressources humaines - édition 0623,Formation,"Formation dédié à analyse de données, conçu pour le département Ressources humaines, avec objectifs clairs, échanges encadrés et livrables pratiques. Référence programme T3-0623.",2026-07-29 10:00:00+00:00,120,EXTERNAL,,,"Parc technologique, Ariana",37,2026-07-27 08:00:00+00:00,PENDING,DEPARTMENT,2,3828eac9-779d-4dee-8a85-97444f82ce68,2026-01-18 14:19:05.739705+00:00,2026-04-12 08:22:42.329963+00:00,
85576ff6-bdf1-47ff-9955-c3c3f57fbcc1,Culture d’entreprise valeurs et vision - édition 0624,Culture d’entreprise,"Culture d’entreprise dédié à valeurs et vision, conçu pour tous les collaborateurs, avec objectifs clairs, échanges encadrés et livrables pratiques. Référence programme T4-0624.",2026-06-28 13:00:00+00:00,60,ONLINE,,https://meet.company.example/culture-d-entreprise-valeurs-et-vision-edition-0624,,135,2026-06-19 12:00:00+00:00,PUBLISHED,GLOBAL,,66254aec-711c-4731-ad1b-12358695cff5,2026-02-18 08:09:34.729574+00:00,2026-03-11 03:37:25.696683+00:00,
c6343856-125d-41df-93f8-5a9e296b2a67,Challenge collectif sport d’équipe - édition 0625,Team building,"Team building dédié à sport d’équipe, conçu pour le département Développement, avec objectifs clairs, échanges encadrés et livrables pratiques. Référence programme T4-0625.",2026-10-02 13:15:00+00:00,90,ONSITE,Salle RH,,,26,2026-09-11 11:15:00+00:00,PUBLISHED,DEPARTMENT,6,d3a11e22-80f0-4ba2-bbb9-8e0549c5deb0,2026-02-17 16:29:50.878965+00:00,2026-03-27 06:42:27.882832+00:00,
c2d84bc2-e67b-4976-b632-529a6d9cb65b,Atelier feedback constructif - édition 0626,Atelier,"Atelier dédié à feedback constructif, conçu pour tous les collaborateurs, avec objectifs clairs, échanges encadrés et livrables pratiques. Référence programme T1-0626.",2026-10-15 10:00:00+00:00,60,ONSITE,Salle Communication,,,19,2026-10-01 08:00:00+00:00,PUBLISHED,GLOBAL,,e4f84c7d-fddd-4aec-b66c-9e63b0300989,2026-03-15 00:38:31.596745+00:00,2026-04-27 20:29:48.955297+00:00,
6476282a-3dea-4df7-9478-1e1a8a84e5e0,Initiative durable solidarité locale - édition 0627,RSE,"RSE dédié à solidarité locale, conçu pour tous les collaborateurs, avec objectifs clairs, échanges encadrés et livrables pratiques. Référence programme T3-0627.",2026-09-21 14:30:00+00:00,120,ONSITE,Salle Formation,,,97,2026-09-02 14:30:00+00:00,DRAFT,GLOBAL,,d4a71d21-d547-4736-9c69-2ae754d8e3f0,2026-03-15 09:20:22.262448+00:00,2026-04-13 18:50:59.975998+00:00,
0112cf99-35ee-41ff-8ccc-eeaa5805a810,Session en ligne outils collaboratifs - édition 0628,Webinaire,"Webinaire dédié à outils collaboratifs, conçu pour tous les collaborateurs, avec objectifs clairs, échanges encadrés et livrables pratiques. Référence programme T2-0628.",2026-12-27 11:00:00+00:00,60,ONLINE,,https://meet.company.example/session-en-ligne-outils-collaboratifs-edition-0628,,146,2026-12-06 09:00:00+00:00,CANCELLED,GLOBAL,,79456f8d-6ac6-4880-873b-04763ea7326d,2026-01-16 16:22:12.578626+00:00,2026-01-30 01:35:35.019180+00:00,Budget non validé pour cette édition.
93d080b3-375c-474d-b280-6fd8503fdc49,Culture d’entreprise onboarding culturel - Finance - édition 0629,Culture d’entreprise,"Culture d’entreprise dédié à onboarding culturel, conçu pour le département Finance, avec objectifs clairs, échanges encadrés et livrables pratiques. Référence programme T3-0629.",2026-05-18 11:30:00+00:00,60,ONSITE,Salle Finance,,,75,2026-04-24 11:30:00+00:00,DRAFT,DEPARTMENT,3,c95d510a-3346-4f36-be97-770bde6ccec1,2026-03-03 06:39:14.029406+00:00,2026-04-11 23:00:17.139464+00:00,
e936975b-d0ad-4bd9-93b2-974d424a5a1b,Parcours pratique cybersécurité - édition 0630,Formation,"Formation dédié à cybersécurité, conçu pour tous les collaborateurs, avec objectifs clairs, échanges encadrés et livrables pratiques. Référence programme T1-0630.",2026-04-08 11:15:00+00:00,180,ONSITE,Espace détente,,,36,2026-03-25 08:15:00+00:00,ARCHIVED,GLOBAL,,ad184e40-aa0e-44d2-bd36-24c1cc63cd67,2026-01-01 19:55:56.080105+00:00,2026-03-19 18:00:13.638220+00:00,
1372e465-dc95-4c58-b483-7606dd2494c1,Networking speed networking - édition 0631,Networking,"Networking dédié à speed networking, conçu pour le département Juridique, avec objectifs clairs, échanges encadrés et livrables pratiques. Référence programme T4-0631.",2026-06-06 10:45:00+00:00,45,EXTERNAL,,,"Avenue Habib Bourguiba, Tunis",209,2026-05-30 09:45:00+00:00,PUBLISHED,DEPARTMENT,10,649114ae-3449-49ab-a8e8-f4c931409e3d,2026-03-14 06:14:08.545427+00:00,2026-04-24 16:15:26.979908+00:00,
9387b254-cb99-4615-a4eb-5c3ddb83513d,Atelier collaboratif feedback constructif - édition 0632,Atelier,"Atelier dédié à feedback constructif, conçu pour tous les collaborateurs, avec objectifs clairs, échanges encadrés et livrables pratiques. Référence programme T4-0632.",2026-09-13 10:30:00+00:00,120,EXTERNAL,,,"Rue Taieb Mhiri, Tunis",26,2026-08-28 09:30:00+00:00,DRAFT,GLOBAL,,2d2ef5e3-a9fa-454f-9d27-96ad5903a226,2026-04-11 17:51:23.664884+00:00,2026-04-20 20:14:24.501419+00:00,
6c173b0b-0859-4000-84ce-e44d4a492aa9,Rencontre expert finance durable - Qualité - édition 0633,Conférence,"Conférence dédié à finance durable, conçu pour le département Qualité, avec objectifs clairs, échanges encadrés et livrables pratiques. Référence programme T2-0633.",2026-10-30 09:30:00+00:00,60,ONSITE,Salle Réunion B,,,97,2026-10-09 07:30:00+00:00,CANCELLED,DEPARTMENT,8,233057b7-c1c0-40c2-9d82-b5af2946ba7d,2026-04-21 03:19:23.262356+00:00,2026-04-25 13:27:31.974823+00:00,Budget non validé pour cette édition.
f239e923-a9f4-4c35-af24-474195c61414,Atelier innovation lab IA - édition 0634,Innovation,"Innovation dédié à lab IA, conçu pour le département Développement, avec objectifs clairs, échanges encadrés et livrables pratiques. Référence programme T3-0634.",2026-03-28 16:30:00+00:00,60,ONLINE,,https://meet.company.example/atelier-innovation-lab-ia-edition-0634,,20,2026-03-21 14:30:00+00:00,ARCHIVED,DEPARTMENT,6,8316ff5f-cf64-4d38-95c5-ca2d545ce3d2,2026-01-05 04:19:54.900816+00:00,2026-03-04 10:54:41.325956+00:00,
0743da96-2def-4e91-a8d3-4891a8b368df,Module d’apprentissage contrats et conformité - édition 0635,Formation,"Formation dédié à contrats et conformité, conçu pour le département Communication interne, avec objectifs clairs, échanges encadrés et livrables pratiques. Référence programme T3-0635.",2026-09-01 09:15:00+00:00,180,ONSITE,Salle B,,,56,2026-08-13 07:15:00+00:00,PUBLISHED,DEPARTMENT,12,985eaa3f-7b48-432c-980e-612cac39b2d6,2026-01-27 13:50:42.101472+00:00,2026-04-23 10:18:35.736820+00:00,
d2b94e89-df8d-4e0c-8a2c-3d1ea66f397c,Atelier RSE solidarité locale - édition 0636,RSE,"RSE dédié à solidarité locale, conçu pour tous les collaborateurs, avec objectifs clairs, échanges encadrés et livrables pratiques. Référence programme T2-0636.",2026-09-27 13:00:00+00:00,120,ONLINE,,https://meet.company.example/atelier-rse-solidarite-locale-edition-0636,,216,2026-09-16 13:00:00+00:00,PUBLISHED,GLOBAL,,b5470472-a376-405f-b34f-b7e3e01322d5,2026-03-27 00:02:20.945445+00:00,2026-04-04 21:50:09.714119+00:00,
72bd9055-892e-4bd5-92c2-b86b0ff52c32,Session bien-être santé mentale - édition 0637,Bien-être,"Bien-être dédié à santé mentale, conçu pour tous les collaborateurs, avec objectifs clairs, échanges encadrés et livrables pratiques. Référence programme T2-0637.",2026-11-06 11:15:00+00:00,90,ONSITE,Lab IoT,,,17,2026-10-23 08:15:00+00:00,PUBLISHED,GLOBAL,,28719ef7-aaa2-49fe-b12a-4c8df12ddbbe,2026-04-13 05:46:05.308785+00:00,2026-04-23 11:13:56.905112+00:00,
15c3006d-10ce-4c54-a7f1-eacd5be59821,Atelier cohésion défi inter-départements - édition 0638,Team building,"Team building dédié à défi inter-départements, conçu pour tous les collaborateurs, avec objectifs clairs, échanges encadrés et livrables pratiques. Référence programme T1-0638.",2026-07-31 13:15:00+00:00,90,EXTERNAL,,,"Rue Taieb Mhiri, Tunis",67,2026-07-16 10:15:00+00:00,DRAFT,GLOBAL,,d14d3d68-bc4f-4869-b1ec-aa8b4936f3cf,2026-01-21 23:06:02.338276+00:00,2026-04-17 18:29:50.897993+00:00,
eefd166a-5857-4161-a6dd-bd5d2e311ba5,Session valeurs rituels d’équipe - édition 0639,Culture d’entreprise,"Culture d’entreprise dédié à rituels d’équipe, conçu pour le département Marketing, avec objectifs clairs, échanges encadrés et livrables pratiques. Référence programme T4-0639.",2026-05-29 14:00:00+00:00,60,ONLINE,,https://meet.company.example/session-valeurs-rituels-d-equipe-edition-0639,,108,2026-05-11 11:00:00+00:00,PUBLISHED,DEPARTMENT,4,c0f17624-388d-4a76-833d-00a5d20ecc26,2026-03-16 12:47:36.371385+00:00,2026-03-22 09:20:31.535893+00:00,
01a46f68-4817-488b-951a-78b9eb42f5b5,Rencontre expert finance durable - édition 0640,Conférence,"Conférence dédié à finance durable, conçu pour tous les collaborateurs, avec objectifs clairs, échanges encadrés et livrables pratiques. Référence programme T2-0640.",2026-06-28 09:15:00+00:00,120,EXTERNAL,,,"Avenue Mohamed V, Tunis",58,2026-06-26 07:15:00+00:00,PENDING,GLOBAL,,f4cd3bad-4dac-4e03-9295-0b1a528ef4eb,2026-04-25 08:42:03.047550+00:00,2026-04-29 16:16:31.791907+00:00,
e8f87855-c44f-4eaf-9963-c4db8e9838d4,Module d’apprentissage communication professionnelle - édition 0641,Formation,"Formation dédié à communication professionnelle, conçu pour tous les collaborateurs, avec objectifs clairs, échanges encadrés et livrables pratiques. Référence programme T1-0641.",2026-04-05 15:45:00+00:00,120,ONSITE,Salle A,,,20,2026-03-22 12:45:00+00:00,CANCELLED,GLOBAL,,9a6ea003-a666-4c29-8ae5-e7fa86361a43,2026-01-05 09:12:54.212077+00:00,2026-02-25 04:27:12.054387+00:00,Données d’organisation incomplètes.
c29eca9b-b58c-4b1a-9839-063526676222,Keynote interne expérience client - édition 0642,Conférence,"Conférence dédié à expérience client, conçu pour le département Informatique, avec objectifs clairs, échanges encadrés et livrables pratiques. Référence programme T2-0642.",2026-03-19 14:45:00+00:00,120,ONLINE,,https://meet.company.example/keynote-interne-experience-client-edition-0642,,230,2026-02-27 13:45:00+00:00,ARCHIVED,DEPARTMENT,1,6e55651b-8ed1-4671-be45-9df63f4dbdb6,2026-02-14 10:03:25.871228+00:00,2026-03-11 01:18:30.588023+00:00,
4ce6acbc-41cc-4906-b9dc-5693930e9979,Action RSE réduction carbone - Informatique - édition 0643,RSE,"RSE dédié à réduction carbone, conçu pour le département Informatique, avec objectifs clairs, échanges encadrés et livrables pratiques. Référence programme T3-0643.",2026-09-22 10:00:00+00:00,90,EXTERNAL,,,"Technopole El Ghazala, Ariana",203,2026-09-10 10:00:00+00:00,PUBLISHED,DEPARTMENT,1,273af618-b029-48bf-9f93-07a654f545f4,2026-04-23 09:57:10.318640+00:00,2026-04-26 17:51:25.192348+00:00,
7780067e-9ebe-4475-abc1-c2f04a442358,Lab innovation prototypage rapide - édition 0644,Innovation,"Innovation dédié à prototypage rapide, conçu pour le département Ressources humaines, avec objectifs clairs, échanges encadrés et livrables pratiques. Référence programme T3-0644.",2026-05-02 13:45:00+00:00,120,ONSITE,Salle B,,,83,2026-04-24 13:45:00+00:00,DRAFT,DEPARTMENT,2,405aedd0-cb27-4b4c-a93e-b03ba37f2948,2026-01-28 14:54:25.680975+00:00,2026-02-21 12:27:16.143239+00:00,
f5317cde-e677-46e1-9803-a3c83fdd38a0,Journée responsable réduction carbone - édition 0645,RSE,"RSE dédié à réduction carbone, conçu pour tous les collaborateurs, avec objectifs clairs, échanges encadrés et livrables pratiques. Référence programme T2-0645.",2026-04-23 14:30:00+00:00,60,EXTERNAL,,,"Rue du Lac Biwa, Les Berges du Lac, Tunis",161,2026-04-18 12:30:00+00:00,ARCHIVED,GLOBAL,,16ce6d70-5405-478a-a25a-cc332ef4b47c,2026-01-28 11:59:52.226266+00:00,2026-03-10 23:56:22.791449+00:00,
6023f056-c4cd-4844-aad7-ac1a6b3707e3,Soirée réseau équipes projet - édition 0646,Afterwork,"Afterwork dédié à équipes projet, conçu pour tous les collaborateurs, avec objectifs clairs, échanges encadrés et livrables pratiques. Référence programme T2-0646.",2026-10-23 17:30:00+00:00,90,EXTERNAL,,,"Rue de l’Innovation, Lac 1, Tunis",62,2026-10-05 14:30:00+00:00,PUBLISHED,GLOBAL,,233057b7-c1c0-40c2-9d82-b5af2946ba7d,2026-01-30 05:26:45.358034+00:00,2026-02-26 20:53:42.902365+00:00,
f888bd15-f5df-40fd-ab5a-8a5bf5e4b55c,Action RSE mobilité durable - Communication interne - édition 0647,RSE,"RSE dédié à mobilité durable, conçu pour le département Communication interne, avec objectifs clairs, échanges encadrés et livrables pratiques. Référence programme T2-0647.",2026-12-26 15:30:00+00:00,60,EXTERNAL,,,"Zone industrielle Charguia 2, Tunis",62,2026-12-24 13:30:00+00:00,PUBLISHED,DEPARTMENT,12,3e97ef54-2c80-4360-8b88-839042ab9574,2026-03-01 04:02:45.993023+00:00,2026-03-20 06:56:44.903473+00:00,
e0d1c2cb-4701-4fdf-bdab-498a825ecba3,Speed meeting forum projets - édition 0648,Networking,"Networking dédié à forum projets, conçu pour tous les collaborateurs, avec objectifs clairs, échanges encadrés et livrables pratiques. Référence programme T4-0648.",2026-04-14 11:45:00+00:00,45,EXTERNAL,,,"Avenue Habib Bourguiba, Tunis",239,2026-04-01 11:45:00+00:00,PUBLISHED,GLOBAL,,8f30d88b-449d-4b4a-8d70-907a78ca75cb,2026-02-03 21:21:58.076732+00:00,2026-02-09 23:16:25.641850+00:00,
dde4f442-056e-4918-8ed4-69c10109e072,Module d’apprentissage DevOps - édition 0649,Formation,"Formation dédié à DevOps, conçu pour le département Finance, avec objectifs clairs, échanges encadrés et livrables pratiques. Référence programme T4-0649.",2026-05-01 14:00:00+00:00,180,ONLINE,,https://meet.company.example/module-d-apprentissage-devops-edition-0649,,47,2026-04-28 12:00:00+00:00,REJECTED,DEPARTMENT,3,b028e6d5-941b-4894-816c-80a8024ffabd,2026-01-08 11:16:25.889126+00:00,2026-02-18 02:48:31.751564+00:00,Demande rejetée : contenu similaire déjà planifié.
17607332-5451-4311-a6d3-fd046131c2f5,Hackathon idées produit - édition 0650,Innovation,"Innovation dédié à idées produit, conçu pour tous les collaborateurs, avec objectifs clairs, échanges encadrés et livrables pratiques. Référence programme T1-0650.",2026-10-07 15:00:00+00:00,60,ONLINE,,https://meet.company.example/hackathon-idees-produit-edition-0650,,62,2026-09-15 14:00:00+00:00,PUBLISHED,GLOBAL,,82acf793-5875-4b86-a2c7-7bfc77ca1687,2026-03-12 08:14:15.937708+00:00,2026-04-23 20:51:58.090529+00:00,
57c313b8-aec5-4d22-bd86-e0abc31eb9aa,Atelier bien-être prévention fatigue numérique - édition 0651,Bien-être,"Bien-être dédié à prévention fatigue numérique, conçu pour tous les collaborateurs, avec objectifs clairs, échanges encadrés et livrables pratiques. Référence programme T2-0651.",2026-11-14 09:00:00+00:00,120,ONSITE,Auditorium,,,51,2026-11-05 07:00:00+00:00,DRAFT,GLOBAL,,8954a352-4311-4f3c-a1bf-25bad61c44c0,2026-02-21 06:14:51.777964+00:00,2026-04-18 01:28:22.634316+00:00,
8e14ff41-e0cb-4323-9272-959b4f468143,Culture d’entreprise rencontre direction - Marketing - édition 0652,Culture d’entreprise,"Culture d’entreprise dédié à rencontre direction, conçu pour le département Marketing, avec objectifs clairs, échanges encadrés et livrables pratiques. Référence programme T2-0652.",2026-11-18 13:30:00+00:00,45,ONLINE,,https://meet.company.example/culture-d-entreprise-rencontre-direction-marketing-edition-0652,,83,2026-11-07 11:30:00+00:00,PUBLISHED,DEPARTMENT,4,9f62bec9-e71d-4e58-8eb0-f51c0c93bd4e,2026-03-09 18:18:44.324673+00:00,2026-04-29 02:44:07.501914+00:00,
cff09908-6e39-4de5-aef8-536725b8ba92,Atelier RSE solidarité locale - édition 0653,RSE,"RSE dédié à solidarité locale, conçu pour tous les collaborateurs, avec objectifs clairs, échanges encadrés et livrables pratiques. Référence programme T3-0653.",2026-03-13 10:30:00+00:00,120,EXTERNAL,,,"Rue Taieb Mhiri, Tunis",254,2026-03-07 10:30:00+00:00,CANCELLED,GLOBAL,,0adcb60f-0603-40e1-a5ed-5a689f27bfe2,2026-01-13 14:58:25.894486+00:00,2026-02-02 23:11:46.568251+00:00,Contraintes logistiques non résolues.
7c89e0e5-9e1f-41e9-b8f5-a59e5bfc7d51,Module d’apprentissage contrats et conformité - édition 0654,Formation,"Formation dédié à contrats et conformité, conçu pour le département Achats, avec objectifs clairs, échanges encadrés et livrables pratiques. Référence programme T3-0654.",2026-10-14 10:00:00+00:00,180,ONSITE,Salle Communication,,,40,2026-10-02 10:00:00+00:00,PUBLISHED,DEPARTMENT,11,d37584ec-a50a-4b61-84db-4ad4f2629fd7,2026-02-28 23:55:30.559884+00:00,2026-04-23 06:07:21.834965+00:00,
6480731d-d95e-4da5-a203-f5b64c63aca3,Afterwork communauté tech - Achats - édition 0655,Afterwork,"Afterwork dédié à communauté tech, conçu pour le département Achats, avec objectifs clairs, échanges encadrés et livrables pratiques. Référence programme T4-0655.",2026-04-09 17:00:00+00:00,90,ONSITE,Auditorium,,,100,2026-04-07 14:00:00+00:00,PUBLISHED,DEPARTMENT,11,586058b9-99bc-4600-9f37-87111fcaf37e,2026-01-29 10:29:49.931370+00:00,2026-03-22 13:36:00.708779+00:00,
d3df8ad1-7131-4c40-806e-386b329667e2,Atelier organisation d’événement - édition 0656,Atelier,"Atelier dédié à organisation d’événement, conçu pour tous les collaborateurs, avec objectifs clairs, échanges encadrés et livrables pratiques. Référence programme T3-0656.",2026-09-09 11:00:00+00:00,90,ONSITE,Auditorium,,,39,2026-09-03 11:00:00+00:00,PUBLISHED,GLOBAL,,320bb62b-bc55-479e-a685-a27deaf87f3a,2026-03-14 21:07:23.038235+00:00,2026-04-26 16:28:57.495834+00:00,
13aab5c0-95c5-438f-ac95-241953e30fa2,Rencontre expert leadership responsable - Marketing - édition 0657,Conférence,"Conférence dédié à leadership responsable, conçu pour le département Marketing, avec objectifs clairs, échanges encadrés et livrables pratiques. Référence programme T3-0657.",2026-12-11 11:45:00+00:00,60,EXTERNAL,,,"Technopole El Ghazala, Ariana",101,2026-12-08 11:45:00+00:00,PUBLISHED,DEPARTMENT,4,f2a1a80b-ee11-4d4d-934b-4728eb24d690,2026-04-03 01:15:28.081716+00:00,2026-04-06 09:56:13.727438+00:00,
fac06677-4efb-4809-a061-fe48bee85cc3,Rencontre culture interne ambassadeurs culture - Achats - édition 0658,Culture d’entreprise,"Culture d’entreprise dédié à ambassadeurs culture, conçu pour le département Achats, avec objectifs clairs, échanges encadrés et livrables pratiques. Référence programme T3-0658.",2026-12-19 14:30:00+00:00,120,EXTERNAL,,,"Rue du Lac Biwa, Les Berges du Lac, Tunis",69,2026-11-28 12:30:00+00:00,PUBLISHED,DEPARTMENT,11,4fd7b80e-d72e-42b6-8127-2b77a2ab3795,2026-01-03 02:26:50.470014+00:00,2026-04-12 09:34:09.694495+00:00,
7e26e7c2-9106-42f4-b316-f4e374e83380,Rencontre santé au travail nutrition et énergie - édition 0659,Bien-être,"Bien-être dédié à nutrition et énergie, conçu pour tous les collaborateurs, avec objectifs clairs, échanges encadrés et livrables pratiques. Référence programme T3-0659.",2026-03-05 13:30:00+00:00,60,EXTERNAL,,,"Technopole El Ghazala, Ariana",52,2026-02-11 13:30:00+00:00,ARCHIVED,GLOBAL,,4c066895-d413-435c-a54a-7085ccebb310,2026-01-27 14:11:51.774851+00:00,2026-02-20 13:37:14.563303+00:00,
6063acb9-f7b9-49bf-b8a7-a0318e0fca4c,Live interne IA générative - édition 0660,Webinaire,"Webinaire dédié à IA générative, conçu pour tous les collaborateurs, avec objectifs clairs, échanges encadrés et livrables pratiques. Référence programme T2-0660.",2026-06-17 16:15:00+00:00,90,ONLINE,,https://meet.company.example/live-interne-ia-generative-edition-0660,,90,2026-06-14 13:15:00+00:00,PUBLISHED,GLOBAL,,320540a7-1daa-4726-b502-7fecc0270091,2026-04-27 07:44:59.651220+00:00,2026-04-27 09:09:18.769863+00:00,
62f1b6d5-a9ca-4c0d-835c-00e4637c532d,Défi collaboratif cohésion d’équipe - Juridique - édition 0661,Team building,"Team building dédié à cohésion d’équipe, conçu pour le département Juridique, avec objectifs clairs, échanges encadrés et livrables pratiques. Référence programme T3-0661.",2026-12-31 15:30:00+00:00,120,EXTERNAL,,,"Immeuble Carthage Business Center, Tunis",10,2026-12-12 13:30:00+00:00,PUBLISHED,DEPARTMENT,10,92c00d82-349d-4eef-bcfb-103b7523b3d7,2026-01-24 08:48:37.296299+00:00,2026-01-28 19:01:33.109635+00:00,
cc1e525c-1634-4faa-a219-205c36dc14f1,Initiative durable réduction carbone - édition 0662,RSE,"RSE dédié à réduction carbone, conçu pour le département Finance, avec objectifs clairs, échanges encadrés et livrables pratiques. Référence programme T1-0662.",2026-10-30 16:30:00+00:00,60,ONSITE,Salle A,,,174,2026-10-26 14:30:00+00:00,PENDING,DEPARTMENT,3,9fd6253e-a662-4cde-bf57-754afdda3595,2026-03-12 03:31:28.314865+00:00,2026-03-20 18:04:04.168300+00:00,
fd804a9f-0737-405c-96d6-35551ec2420d,Rencontre expert transformation digitale - édition 0663,Conférence,"Conférence dédié à transformation digitale, conçu pour le département Achats, avec objectifs clairs, échanges encadrés et livrables pratiques. Référence programme T3-0663.",2026-08-05 15:00:00+00:00,60,ONSITE,Auditorium,,,162,2026-08-01 15:00:00+00:00,PUBLISHED,DEPARTMENT,11,02af81eb-661b-43df-96f9-ae3e16e670eb,2026-04-06 21:39:54.420425+00:00,2026-04-14 01:37:17.874847+00:00,
07c26844-fb57-4343-88e4-0b0020b337d6,Table ronde expérience client - édition 0664,Conférence,"Conférence dédié à expérience client, conçu pour le département Informatique, avec objectifs clairs, échanges encadrés et livrables pratiques. Référence programme T4-0664.",2026-12-03 14:00:00+00:00,60,ONSITE,Auditorium,,,106,2026-11-18 13:00:00+00:00,DRAFT,DEPARTMENT,1,969f9cbb-d414-4484-aee9-fa12b5505b3e,2026-02-18 11:51:15.186064+00:00,2026-04-12 21:53:24.586229+00:00,
94ddbe2f-ee92-4552-910a-af4a72feffe1,Atelier RSE économie d’énergie - édition 0665,RSE,"RSE dédié à économie d’énergie, conçu pour tous les collaborateurs, avec objectifs clairs, échanges encadrés et livrables pratiques. Référence programme T3-0665.",2026-06-27 16:45:00+00:00,90,ONSITE,Salle Formation,,,95,2026-06-06 13:45:00+00:00,PUBLISHED,GLOBAL,,7b168703-cc4f-43e5-9775-7d74b4db3f7f,2026-01-21 14:56:55.676431+00:00,2026-04-23 10:00:24.200484+00:00,
a91fb09d-c3de-4197-9cf3-411a02903548,Parcours pratique gestion de projet - édition 0666,Formation,"Formation dédié à gestion de projet, conçu pour tous les collaborateurs, avec objectifs clairs, échanges encadrés et livrables pratiques. Référence programme T2-0666.",2026-09-08 15:15:00+00:00,90,ONSITE,Espace détente,,,55,2026-08-23 15:15:00+00:00,REJECTED,GLOBAL,,c024ae2f-747f-4e78-b09d-430b0eca3860,2026-04-30 06:54:58.179651+00:00,2026-05-01 04:07:32.602885+00:00,Demande rejetée : contenu similaire déjà planifié.
dac174be-e2df-44f1-a83c-ebe30070954e,Networking experts internes - Support client - édition 0667,Networking,"Networking dédié à experts internes, conçu pour le département Support client, avec objectifs clairs, échanges encadrés et livrables pratiques. Référence programme T4-0667.",2026-07-25 13:15:00+00:00,90,ONLINE,,https://meet.company.example/networking-experts-internes-support-client-edition-0667,,107,2026-07-02 13:15:00+00:00,PUBLISHED,DEPARTMENT,9,578da049-e513-4249-a1cf-ad5d43e8fb14,2026-01-27 14:13:16.260148+00:00,2026-02-19 14:04:09.622503+00:00,
d40ae1f6-f798-427f-a3da-9c2a9b3af4af,Hackathon hackathon interne - Support client - édition 0668,Innovation,"Innovation dédié à hackathon interne, conçu pour le département Support client, avec objectifs clairs, échanges encadrés et livrables pratiques. Référence programme T1-0668.",2026-08-10 09:15:00+00:00,120,ONLINE,,https://meet.company.example/hackathon-hackathon-interne-support-client-edition-0668,,103,2026-07-25 07:15:00+00:00,PENDING,DEPARTMENT,9,c98070f7-ea93-464b-9719-8e5817cb346a,2026-01-21 10:51:52.866056+00:00,2026-03-24 23:13:52.567654+00:00,
60e401e7-9f61-433d-81ba-2fb7abee5dd5,Atelier cohésion confiance et coopération - Juridique - édition 0669,Team building,"Team building dédié à confiance et coopération, conçu pour le département Juridique, avec objectifs clairs, échanges encadrés et livrables pratiques. Référence programme T3-0669.",2026-09-11 10:15:00+00:00,240,ONSITE,Auditorium,,,9,2026-09-03 08:15:00+00:00,REJECTED,DEPARTMENT,10,405aedd0-cb27-4b4c-a93e-b03ba37f2948,2026-03-19 05:20:31.420798+00:00,2026-04-12 19:53:26.732722+00:00,Demande rejetée : audience cible trop large.
e62ceb00-57ca-432e-bc6a-5701fcbefd0b,Rencontre informelle culture interne - édition 0670,Afterwork,"Afterwork dédié à culture interne, conçu pour le département Juridique, avec objectifs clairs, échanges encadrés et livrables pratiques. Référence programme T3-0670.",2026-10-17 17:00:00+00:00,150,EXTERNAL,,,"Immeuble Carthage Business Center, Tunis",49,2026-09-27 15:00:00+00:00,PUBLISHED,DEPARTMENT,10,17f812f6-c3b4-4bc7-a54b-f1133fe132f8,2026-02-02 23:54:33.392201+00:00,2026-03-31 14:18:04.495908+00:00,
61704030-0a72-4b31-9078-dc225b22df58,Rencontre réseau partage d’expérience - Support client - édition 0671,Networking,"Networking dédié à partage d’expérience, conçu pour le département Support client, avec objectifs clairs, échanges encadrés et livrables pratiques. Référence programme T4-0671.",2026-06-10 09:45:00+00:00,90,EXTERNAL,,,"Rue Taieb Mhiri, Tunis",56,2026-06-04 06:45:00+00:00,PUBLISHED,DEPARTMENT,9,60a4713c-9862-4c54-b843-99e82e3e7bea,2026-03-26 15:03:13.348492+00:00,2026-04-25 08:09:01.512632+00:00,
95de39c5-7a4d-4b15-9ce9-a4e614964ab4,Webinaire outils collaboratifs - édition 0672,Webinaire,"Webinaire dédié à outils collaboratifs, conçu pour tous les collaborateurs, avec objectifs clairs, échanges encadrés et livrables pratiques. Référence programme T2-0672.",2026-06-16 11:15:00+00:00,60,ONLINE,,https://meet.company.example/webinaire-outils-collaboratifs-edition-0672,,68,2026-05-23 11:15:00+00:00,REJECTED,GLOBAL,,d7f518f6-8981-4973-9c42-b49423f7f23e,2026-03-17 08:15:02.068050+00:00,2026-05-01 11:38:18.633376+00:00,Demande rejetée : conformité interne non validée.
747fd587-8f24-4d53-8f8e-6fa1388aa8f0,Session de formation gestion de projet - édition 0673,Formation,"Formation dédié à gestion de projet, conçu pour le département Informatique, avec objectifs clairs, échanges encadrés et livrables pratiques. Référence programme T1-0673.",2026-12-22 16:15:00+00:00,180,EXTERNAL,,,"Rue Taieb Mhiri, Tunis",57,2026-11-28 13:15:00+00:00,PUBLISHED,DEPARTMENT,1,bc4f2415-4186-4d74-ba12-52a4a7b18bc6,2026-01-12 06:10:30.550857+00:00,2026-02-21 08:19:17.131777+00:00,
bb3fee61-4630-42c2-a8eb-2e5e48a281d7,Networking réseau inter-départements - Communication interne - édition 0674,Networking,"Networking dédié à réseau inter-départements, conçu pour le département Communication interne, avec objectifs clairs, échanges encadrés et livrables pratiques. Référence programme T2-0674.",2026-05-16 15:45:00+00:00,60,EXTERNAL,,,"Rue du Lac Biwa, Les Berges du Lac, Tunis",130,2026-05-14 15:45:00+00:00,PUBLISHED,DEPARTMENT,12,06cf8ad7-4bdc-42e8-94e2-b0abe12a020b,2026-03-11 07:03:37.539203+00:00,2026-04-12 06:31:03.287095+00:00,
8d9c6d59-5a7d-4218-816c-53273525a605,Moment convivial communauté tech - édition 0675,Afterwork,"Afterwork dédié à communauté tech, conçu pour le département Achats, avec objectifs clairs, échanges encadrés et livrables pratiques. Référence programme T1-0675.",2026-06-14 17:30:00+00:00,150,EXTERNAL,,,"Technopole El Ghazala, Ariana",109,2026-06-06 17:30:00+00:00,PUBLISHED,DEPARTMENT,11,33611d4a-b72d-4868-8862-37dc6da35c82,2026-04-24 12:19:41.171526+00:00,2026-04-30 17:27:39.579640+00:00,
8cb42ffd-1a1e-4e8a-a095-265e8e89ba75,Atelier cohésion challenge collaboratif - édition 0676,Team building,"Team building dédié à challenge collaboratif, conçu pour tous les collaborateurs, avec objectifs clairs, échanges encadrés et livrables pratiques. Référence programme T2-0676.",2026-08-26 10:00:00+00:00,180,EXTERNAL,,,"Immeuble Carthage Business Center, Tunis",70,2026-08-04 08:00:00+00:00,PUBLISHED,GLOBAL,,7fe85746-fe19-422b-8bf2-d167d79a2d1a,2026-03-20 16:25:26.915127+00:00,2026-03-26 16:30:19.111883+00:00,
95565a14-fd85-44c6-89f6-56877f9ef4e9,Session pratique idéation produit - édition 0677,Atelier,"Atelier dédié à idéation produit, conçu pour le département Informatique, avec objectifs clairs, échanges encadrés et livrables pratiques. Référence programme T4-0677.",2026-06-30 10:00:00+00:00,120,ONLINE,,https://meet.company.example/session-pratique-ideation-produit-edition-0677,,48,2026-06-28 07:00:00+00:00,PUBLISHED,DEPARTMENT,1,e6693802-b58f-4be6-8509-975c7975dc5b,2026-02-06 19:07:58.009722+00:00,2026-04-14 15:14:56.231325+00:00,
10440011-36d1-45cd-b0f9-29469dc42429,Table ronde leadership responsable - édition 0678,Conférence,"Conférence dédié à leadership responsable, conçu pour tous les collaborateurs, avec objectifs clairs, échanges encadrés et livrables pratiques. Référence programme T3-0678.",2026-04-27 16:15:00+00:00,120,EXTERNAL,,,"Rue Taieb Mhiri, Tunis",163,2026-04-03 16:15:00+00:00,PUBLISHED,GLOBAL,,ab6db78b-7377-4bd2-b600-5e71d3b60e91,2026-01-08 19:38:27.529410+00:00,2026-01-17 09:13:00.307585+00:00,
56f8152e-567c-4e69-8266-296d92ba07a7,Culture d’entreprise rencontre direction - Ressources humaines - édition 0679,Culture d’entreprise,"Culture d’entreprise dédié à rencontre direction, conçu pour le département Ressources humaines, avec objectifs clairs, échanges encadrés et livrables pratiques. Référence programme T3-0679.",2026-09-13 11:15:00+00:00,45,ONLINE,,https://meet.company.example/culture-d-entreprise-rencontre-direction-ressources-humaines-edition-0,,100,2026-09-01 09:15:00+00:00,PUBLISHED,DEPARTMENT,2,1ee0455f-7a11-42b3-883e-1a778adfa225,2026-04-15 08:05:52.693693+00:00,2026-04-22 22:52:37.135688+00:00,
097c6ffa-7c1d-46f5-aa6d-81902705707e,Action RSE inclusion - Achats - édition 0680,RSE,"RSE dédié à inclusion, conçu pour le département Achats, avec objectifs clairs, échanges encadrés et livrables pratiques. Référence programme T4-0680.",2026-08-01 10:30:00+00:00,60,ONSITE,Salle Communication,,,176,2026-07-14 09:30:00+00:00,REJECTED,DEPARTMENT,11,f4ff8b53-48fb-46e8-9ea0-bc7c51ea9fee,2026-04-24 07:21:51.436492+00:00,2026-04-25 16:10:30.724161+00:00,Demande rejetée : objectifs insuffisamment définis.
c71b8b72-0da8-49f7-a611-4c9f2d2071a0,Module d’apprentissage cloud computing - édition 0681,Formation,"Formation dédié à cloud computing, conçu pour tous les collaborateurs, avec objectifs clairs, échanges encadrés et livrables pratiques. Référence programme T2-0681.",2026-03-20 10:00:00+00:00,120,ONSITE,Salle Formation,,,79,2026-03-08 08:00:00+00:00,ARCHIVED,GLOBAL,,1f386289-521a-489e-a60a-2c215d2f95e7,2026-01-16 05:15:25.740782+00:00,2026-03-16 09:18:32.801940+00:00,
468d1521-995b-4040-8b80-89f1e6de9808,Atelier innovation hackathon interne - édition 0682,Innovation,"Innovation dédié à hackathon interne, conçu pour tous les collaborateurs, avec objectifs clairs, échanges encadrés et livrables pratiques. Référence programme T2-0682.",2026-11-06 15:30:00+00:00,90,ONSITE,Espace détente,,,110,2026-11-02 14:30:00+00:00,DRAFT,GLOBAL,,e0b47f14-ef2d-49fc-b298-7e81497f4563,2026-01-31 12:30:24.661166+00:00,2026-03-31 14:44:53.071195+00:00,
b167b175-2f55-4442-983f-01c6b5ff8455,Atelier amélioration continue - Support client - édition 0683,Atelier,"Atelier dédié à amélioration continue, conçu pour le département Support client, avec objectifs clairs, échanges encadrés et livrables pratiques. Référence programme T1-0683.",2026-03-26 15:30:00+00:00,120,ONSITE,Salle Innovation,,,70,2026-03-16 13:30:00+00:00,ARCHIVED,DEPARTMENT,9,070f1315-23db-4264-a087-d9f5634d6d48,2026-03-09 05:36:46.005517+00:00,2026-03-13 20:57:44.761465+00:00,
72462e22-90de-4d32-9484-83da18331dc7,Rencontre expert culture agile - édition 0684,Conférence,"Conférence dédié à culture agile, conçu pour le département Juridique, avec objectifs clairs, échanges encadrés et livrables pratiques. Référence programme T2-0684.",2026-11-19 13:45:00+00:00,45,EXTERNAL,,,"Zone industrielle Charguia 2, Tunis",139,2026-11-16 11:45:00+00:00,PENDING,DEPARTMENT,10,94df617c-7422-4cee-8fff-551c271661f6,2026-03-12 20:29:56.884745+00:00,2026-03-28 03:42:36.343884+00:00,
91cb6932-f755-4545-b201-2666ed877048,Session de formation finance pour non financiers - édition 0685,Formation,"Formation dédié à finance pour non financiers, conçu pour tous les collaborateurs, avec objectifs clairs, échanges encadrés et livrables pratiques. Référence programme T4-0685.",2026-09-18 15:00:00+00:00,60,ONSITE,Salle Formation,,,14,2026-08-28 12:00:00+00:00,PENDING,GLOBAL,,a92d0de1-8406-42f3-a47a-eba53cfc918d,2026-02-13 17:23:09.819803+00:00,2026-04-27 05:57:31.687665+00:00,
719af1eb-a2f6-4e9a-8747-04fc7d8e28fa,Challenge innovation innovation ouverte - Ventes - édition 0686,Innovation,"Innovation dédié à innovation ouverte, conçu pour le département Ventes, avec objectifs clairs, échanges encadrés et livrables pratiques. Référence programme T2-0686.",2026-12-08 16:45:00+00:00,90,ONSITE,Salle Réunion B,,,60,2026-11-16 16:45:00+00:00,PUBLISHED,DEPARTMENT,5,a41333e5-1570-46d3-b7f0-bef8202da882,2026-04-30 09:12:33.867983+00:00,2026-05-01 07:00:27.946293+00:00,
d8004b2c-ed31-48fd-963d-11d0ee56b1d2,Session bien-être nutrition et énergie - édition 0687,Bien-être,"Bien-être dédié à nutrition et énergie, conçu pour tous les collaborateurs, avec objectifs clairs, échanges encadrés et livrables pratiques. Référence programme T3-0687.",2026-05-01 14:00:00+00:00,45,EXTERNAL,,,"Avenue Mohamed V, Tunis",6,2026-04-18 14:00:00+00:00,PUBLISHED,GLOBAL,,18aee4d1-ff77-49a2-bce1-9d47c65368ae,2026-01-09 13:54:15.208246+00:00,2026-04-16 12:52:36.615726+00:00,
1edd9f4b-0406-4344-8394-80bf84da34b7,Session bien-être respiration et concentration - édition 0688,Bien-être,"Bien-être dédié à respiration et concentration, conçu pour le département Juridique, avec objectifs clairs, échanges encadrés et livrables pratiques. Référence programme T2-0688.",2026-07-27 15:45:00+00:00,45,ONSITE,Lab IoT,,,13,2026-07-17 15:45:00+00:00,PUBLISHED,DEPARTMENT,10,1ba29722-dcc2-4239-905a-c56c23d4a6fb,2026-04-25 18:03:48.305583+00:00,2026-04-28 18:38:45.942570+00:00,
ecfd8c01-278d-4ac1-970b-260a97fa19f9,Parcours engagement vie d’entreprise - édition 0689,Culture d’entreprise,"Culture d’entreprise dédié à vie d’entreprise, conçu pour tous les collaborateurs, avec objectifs clairs, échanges encadrés et livrables pratiques. Référence programme T1-0689.",2026-04-22 09:15:00+00:00,45,ONSITE,Salle B,,,206,2026-04-18 06:15:00+00:00,PUBLISHED,GLOBAL,,fd139f69-a02f-403a-a413-19b49a716926,2026-01-09 22:26:21.147519+00:00,2026-02-21 15:00:16.652386+00:00,
dd245dd5-878a-429a-a1f0-98baa5026422,Speed meeting réseau inter-départements - édition 0690,Networking,"Networking dédié à réseau inter-départements, conçu pour le département Juridique, avec objectifs clairs, échanges encadrés et livrables pratiques. Référence programme T1-0690.",2026-05-14 16:45:00+00:00,120,ONSITE,Salle Finance,,,93,2026-04-23 15:45:00+00:00,PUBLISHED,DEPARTMENT,10,8b802ae2-7e2f-4ae3-b9db-55586c1e446d,2026-01-25 05:49:20.630424+00:00,2026-04-09 23:41:35.926902+00:00,
065dd953-f4f1-4eb0-973b-508504425e37,Parcours engagement valeurs et vision - édition 0691,Culture d’entreprise,"Culture d’entreprise dédié à valeurs et vision, conçu pour le département Achats, avec objectifs clairs, échanges encadrés et livrables pratiques. Référence programme T3-0691.",2026-11-04 16:15:00+00:00,90,ONLINE,,https://meet.company.example/parcours-engagement-valeurs-et-vision-edition-0691,,164,2026-10-15 13:15:00+00:00,PUBLISHED,DEPARTMENT,11,b945f48a-ccc4-43f6-928b-e2c1f46146b6,2026-04-03 11:27:27.685844+00:00,2026-04-20 09:23:28.190351+00:00,
6e9887ee-ce17-4aca-a6c0-d5dbba12eeb5,Action RSE bénévolat entreprise - édition 0692,RSE,"RSE dédié à bénévolat entreprise, conçu pour le département Développement, avec objectifs clairs, échanges encadrés et livrables pratiques. Référence programme T2-0692.",2026-05-31 11:00:00+00:00,120,ONSITE,Lab IoT,,,115,2026-05-15 10:00:00+00:00,PUBLISHED,DEPARTMENT,6,592aac8f-3efc-40e6-8749-bea31258b4be,2026-01-06 15:24:07.584726+00:00,2026-03-18 02:23:24.138288+00:00,
fa0d2585-c354-45c9-80e9-61b3e3814a9f,Journée responsable économie d’énergie - Juridique - édition 0693,RSE,"RSE dédié à économie d’énergie, conçu pour le département Juridique, avec objectifs clairs, échanges encadrés et livrables pratiques. Référence programme T2-0693.",2026-10-15 13:30:00+00:00,60,ONSITE,Salle Communication,,,254,2026-10-02 10:30:00+00:00,CANCELLED,DEPARTMENT,10,c5722e37-67de-4703-9c3e-8bfefb98abe1,2026-04-20 03:33:32.367272+00:00,2026-04-20 18:03:42.072960+00:00,Salle ou ressource indisponible.
5861cac2-ef3e-402f-8935-c0fd307849ba,Module d’apprentissage gestion de projet - édition 0694,Formation,"Formation dédié à gestion de projet, conçu pour le département Ressources humaines, avec objectifs clairs, échanges encadrés et livrables pratiques. Référence programme T1-0694.",2026-03-16 14:30:00+00:00,90,ONLINE,,https://meet.company.example/module-d-apprentissage-gestion-de-projet-edition-0694,,43,2026-02-26 11:30:00+00:00,PUBLISHED,DEPARTMENT,2,539b3526-9e3d-45bd-baef-ec9d16abc2eb,2026-01-12 20:07:55.420797+00:00,2026-01-23 20:22:51.819363+00:00,
b0066ca4-aad7-4b45-b626-b52e77b94b47,Moment convivial finance et business - édition 0695,Afterwork,"Afterwork dédié à finance et business, conçu pour tous les collaborateurs, avec objectifs clairs, échanges encadrés et livrables pratiques. Référence programme T2-0695.",2026-09-10 18:45:00+00:00,120,ONSITE,Salle Finance,,,35,2026-09-01 16:45:00+00:00,PUBLISHED,GLOBAL,,1f9f1987-7506-4d70-81a9-f58c2de19219,2026-01-24 05:51:10.672959+00:00,2026-03-10 19:40:01.270338+00:00,
03170ad1-5efa-4293-9bf8-f859d7ad5103,Networking forum projets - édition 0696,Networking,"Networking dédié à forum projets, conçu pour le département Finance, avec objectifs clairs, échanges encadrés et livrables pratiques. Référence programme T1-0696.",2026-09-18 14:45:00+00:00,90,ONLINE,,https://meet.company.example/networking-forum-projets-edition-0696,,238,2026-09-12 11:45:00+00:00,PUBLISHED,DEPARTMENT,3,342b5161-320b-428c-a3a4-897f848e1286,2026-04-03 15:55:53.536245+00:00,2026-04-15 01:38:53.020268+00:00,
c63b2370-25af-4d8f-9320-7226692b196b,Table ronde finance durable - édition 0697,Conférence,"Conférence dédié à finance durable, conçu pour le département Marketing, avec objectifs clairs, échanges encadrés et livrables pratiques. Référence programme T4-0697.",2026-04-29 16:15:00+00:00,60,EXTERNAL,,,"Rue de l’Innovation, Lac 1, Tunis",153,2026-04-18 13:15:00+00:00,ARCHIVED,DEPARTMENT,4,542134d1-b226-400c-8d7c-4e24b1a088a6,2026-01-08 12:02:29.405266+00:00,2026-02-08 14:40:54.274182+00:00,
5ef08bc7-89e7-43c1-8dc5-adc05bba5ba5,Networking forum projets - édition 0698,Networking,"Networking dédié à forum projets, conçu pour le département Qualité, avec objectifs clairs, échanges encadrés et livrables pratiques. Référence programme T2-0698.",2026-10-14 10:15:00+00:00,45,ONLINE,,https://meet.company.example/networking-forum-projets-edition-0698,,191,2026-09-28 09:15:00+00:00,PUBLISHED,DEPARTMENT,8,136f0269-75a4-4b80-bd35-7c42da9c9843,2026-01-22 01:44:43.552536+00:00,2026-02-16 13:41:58.557725+00:00,
44dd8351-5010-4a95-8ed1-a21652855e50,Moment convivial nouveaux arrivants - édition 0699,Afterwork,"Afterwork dédié à nouveaux arrivants, conçu pour tous les collaborateurs, avec objectifs clairs, échanges encadrés et livrables pratiques. Référence programme T3-0699.",2026-05-10 19:15:00+00:00,120,ONSITE,Salle Réunion B,,,55,2026-04-24 18:15:00+00:00,REJECTED,GLOBAL,,7d2c6a5c-bbcc-46be-8ba4-b7518ab7a644,2026-02-17 07:29:48.563985+00:00,2026-04-13 06:47:51.721564+00:00,Demande rejetée : budget non justifié.
f681a9de-12c7-40b5-a36e-b9024070cced,Rencontre réseau experts internes - édition 0700,Networking,"Networking dédié à experts internes, conçu pour le département Communication interne, avec objectifs clairs, échanges encadrés et livrables pratiques. Référence programme T1-0700.",2026-10-15 10:45:00+00:00,90,EXTERNAL,,,"Immeuble Carthage Business Center, Tunis",80,2026-09-26 10:45:00+00:00,DRAFT,DEPARTMENT,12,2924ebf4-7416-4911-9fb8-c3bd86f39111,2026-01-20 08:18:20.323593+00:00,2026-02-08 11:53:08.701307+00:00,
9edabc77-5b3a-496b-8e56-ec85fd13d351,Atelier cohésion résolution de problèmes - édition 0701,Team building,"Team building dédié à résolution de problèmes, conçu pour le département Ressources humaines, avec objectifs clairs, échanges encadrés et livrables pratiques. Référence programme T4-0701.",2026-10-15 15:00:00+00:00,240,EXTERNAL,,,"Zone industrielle Charguia 2, Tunis",67,2026-09-23 15:00:00+00:00,PUBLISHED,DEPARTMENT,2,91f76ca7-ada9-4b5b-87c9-c7b966228ec6,2026-01-07 11:54:29.560915+00:00,2026-01-17 03:49:41.757716+00:00,
d8f6538d-9d9d-44f8-bf54-c3fb057c3865,Atelier bien-être équilibre professionnel - édition 0702,Bien-être,"Bien-être dédié à équilibre professionnel, conçu pour le département Finance, avec objectifs clairs, échanges encadrés et livrables pratiques. Référence programme T2-0702.",2026-10-05 14:00:00+00:00,45,ONSITE,Salle A,,,25,2026-09-20 14:00:00+00:00,PENDING,DEPARTMENT,3,a0cca5a6-1adb-48cd-8eb4-3ddd051a194a,2026-03-28 12:13:48.130392+00:00,2026-04-20 17:53:28.339755+00:00,
9d19f3da-64eb-4d10-a1cf-58bb9a902c14,Présentation digitale IoT et capteurs - édition 0703,Webinaire,"Webinaire dédié à IoT et capteurs, conçu pour le département Informatique, avec objectifs clairs, échanges encadrés et livrables pratiques. Référence programme T2-0703.",2026-08-02 14:45:00+00:00,90,ONLINE,,https://meet.company.example/presentation-digitale-iot-et-capteurs-edition-0703,,306,2026-07-24 11:45:00+00:00,PENDING,DEPARTMENT,1,38cdd74c-b750-4e7c-89b5-9d66dac401b5,2026-03-13 10:26:12.542299+00:00,2026-03-30 09:11:45.774142+00:00,
846f9654-fa8d-4220-a926-047e5f53d1a8,Présentation digitale reporting financier - édition 0704,Webinaire,"Webinaire dédié à reporting financier, conçu pour le département Ventes, avec objectifs clairs, échanges encadrés et livrables pratiques. Référence programme T2-0704.",2026-08-03 09:15:00+00:00,60,ONLINE,,https://meet.company.example/presentation-digitale-reporting-financier-edition-0704,,130,2026-08-01 06:15:00+00:00,PUBLISHED,DEPARTMENT,5,777ef2bc-d3d2-4678-96a6-dd1a0255d70d,2026-03-17 09:04:37.274242+00:00,2026-03-30 03:05:07.057138+00:00,
a1942d4d-dc85-48ec-89dc-3bb4604e0e25,Rencontre expert IoT industriel - édition 0705,Conférence,"Conférence dédié à IoT industriel, conçu pour tous les collaborateurs, avec objectifs clairs, échanges encadrés et livrables pratiques. Référence programme T2-0705.",2026-10-22 10:15:00+00:00,45,ONSITE,Espace détente,,,118,2026-10-03 08:15:00+00:00,PUBLISHED,GLOBAL,,bb262322-0e8b-4c64-957d-3ecaf2e87b49,2026-04-13 11:33:32.005099+00:00,2026-04-17 12:47:50.951565+00:00,
9a9a188f-6e26-4151-954b-6e36fc2de01e,Formation DevOps - édition 0706,Formation,"Formation dédié à DevOps, conçu pour tous les collaborateurs, avec objectifs clairs, échanges encadrés et livrables pratiques. Référence programme T4-0706.",2026-06-25 16:45:00+00:00,120,ONSITE,Salle Formation,,,9,2026-06-11 16:45:00+00:00,PUBLISHED,GLOBAL,,8d156397-31ce-4b22-917d-ddbd85670e15,2026-02-21 06:11:44.991279+00:00,2026-03-03 19:04:50.014472+00:00,
c38990c1-be92-4ba2-9241-6b5b4686be8f,Lab innovation idées produit - Ventes - édition 0707,Innovation,"Innovation dédié à idées produit, conçu pour le département Ventes, avec objectifs clairs, échanges encadrés et livrables pratiques. Référence programme T1-0707.",2026-06-06 11:30:00+00:00,60,ONSITE,Salle Communication,,,74,2026-05-18 08:30:00+00:00,PUBLISHED,DEPARTMENT,5,44bd7edf-b40c-4e70-80b5-06cef76b4c8c,2026-01-05 07:12:42.113145+00:00,2026-02-02 23:21:29.875074+00:00,
9d20d6bd-f364-4208-a439-dc89bbed4a97,Webinaire marketing digital - édition 0708,Webinaire,"Webinaire dédié à marketing digital, conçu pour le département Ressources humaines, avec objectifs clairs, échanges encadrés et livrables pratiques. Référence programme T3-0708.",2026-07-21 16:00:00+00:00,30,ONLINE,,https://meet.company.example/webinaire-marketing-digital-edition-0708,,483,2026-07-07 13:00:00+00:00,CANCELLED,DEPARTMENT,2,4cc0e55c-8eeb-4f90-96d2-dedd8a565e1b,2026-01-31 04:32:07.463124+00:00,2026-02-01 06:41:16.975357+00:00,Contenu à retravailler avant publication.
ab4f1b37-b7d6-4bdc-b8f5-1b5a163a2eeb,Moment convivial communauté tech - Communication interne - édition 0709,Afterwork,"Afterwork dédié à communauté tech, conçu pour le département Communication interne, avec objectifs clairs, échanges encadrés et livrables pratiques. Référence programme T3-0709.",2026-10-03 18:15:00+00:00,120,ONLINE,,https://meet.company.example/moment-convivial-communaute-tech-communication-interne-edition-0709,,102,2026-09-11 15:15:00+00:00,PUBLISHED,DEPARTMENT,12,1423a03e-cee5-47c1-8a33-c4e950c56923,2026-04-24 03:33:42.011825+00:00,2026-04-26 04:37:55.750609+00:00,
bd5cbf28-7d18-4977-900e-4cee863e1773,Team building escape game interne - Ventes - édition 0710,Team building,"Team building dédié à escape game interne, conçu pour le département Ventes, avec objectifs clairs, échanges encadrés et livrables pratiques. Référence programme T4-0710.",2026-05-02 15:30:00+00:00,90,ONSITE,Salle A,,,9,2026-04-21 15:30:00+00:00,PUBLISHED,DEPARTMENT,5,9500eed0-ba6a-4e02-904a-16af00d46e3e,2026-02-10 01:09:41.235177+00:00,2026-02-23 14:35:12.375292+00:00,
4036edfd-e819-4516-ac7d-1dd302b0e2bc,Culture d’entreprise rencontre direction - Informatique - édition 0711,Culture d’entreprise,"Culture d’entreprise dédié à rencontre direction, conçu pour le département Informatique, avec objectifs clairs, échanges encadrés et livrables pratiques. Référence programme T2-0711.",2026-08-23 10:15:00+00:00,45,ONLINE,,https://meet.company.example/culture-d-entreprise-rencontre-direction-informatique-edition-0711,,171,2026-08-03 09:15:00+00:00,DRAFT,DEPARTMENT,1,1d564304-c607-4b67-b00b-0c3c6644f9c6,2026-04-29 08:05:34.654719+00:00,2026-05-01 07:28:21.156734+00:00,
31ec84cd-13b6-4687-a07e-f9b8101567c2,Action RSE bénévolat entreprise - édition 0712,RSE,"RSE dédié à bénévolat entreprise, conçu pour tous les collaborateurs, avec objectifs clairs, échanges encadrés et livrables pratiques. Référence programme T4-0712.",2026-09-11 10:15:00+00:00,60,EXTERNAL,,,"Centre Urbain Nord, Tunis",87,2026-08-28 10:15:00+00:00,PUBLISHED,GLOBAL,,eb004ec6-6884-44b6-8aae-0caf60444601,2026-03-23 16:49:24.025552+00:00,2026-04-28 11:49:38.855037+00:00,
9baea18f-dd79-4d1a-9a95-7deead901b5e,Rencontre santé au travail ergonomie au travail - édition 0713,Bien-être,"Bien-être dédié à ergonomie au travail, conçu pour le département Finance, avec objectifs clairs, échanges encadrés et livrables pratiques. Référence programme T4-0713.",2026-08-21 16:45:00+00:00,45,ONSITE,Salle Réunion B,,,61,2026-07-30 15:45:00+00:00,DRAFT,DEPARTMENT,3,8fb6c560-14f4-4ef9-bab1-bda6ae55864c,2026-03-01 06:50:21.801929+00:00,2026-03-17 09:00:38.851539+00:00,
ddf1f034-02f8-4102-adf1-506f953dacab,Session de formation Power BI - Support client - édition 0714,Formation,"Formation dédié à Power BI, conçu pour le département Support client, avec objectifs clairs, échanges encadrés et livrables pratiques. Référence programme T1-0714.",2026-05-10 11:45:00+00:00,90,ONSITE,Salle Communication,,,52,2026-04-27 10:45:00+00:00,DRAFT,DEPARTMENT,9,53b3c1c0-71b8-4dde-9428-828a7583ed49,2026-03-07 07:36:07.816949+00:00,2026-03-27 21:24:21.578332+00:00,
07ccc906-fbad-45ef-be7d-e14df761ded1,Team building créativité collective - Support client - édition 0715,Team building,"Team building dédié à créativité collective, conçu pour le département Support client, avec objectifs clairs, échanges encadrés et livrables pratiques. Référence programme T1-0715.",2026-04-10 13:15:00+00:00,120,ONSITE,Espace détente,,,67,2026-04-05 13:15:00+00:00,PUBLISHED,DEPARTMENT,9,170d2f68-2e8a-4567-81c1-cd4a0016ee2d,2026-01-17 03:49:48.016800+00:00,2026-01-25 00:43:03.101988+00:00,
8e990e91-f811-4ad2-bdda-237d8c2ec672,Webinaire reporting financier - édition 0716,Webinaire,"Webinaire dédié à reporting financier, conçu pour tous les collaborateurs, avec objectifs clairs, échanges encadrés et livrables pratiques. Référence programme T4-0716.",2026-09-09 15:30:00+00:00,90,ONLINE,,https://meet.company.example/webinaire-reporting-financier-edition-0716,,322,2026-09-03 12:30:00+00:00,PUBLISHED,GLOBAL,,d0f4fbc4-456a-46ec-83cb-fa4972235dcc,2026-02-10 13:55:41.868892+00:00,2026-02-13 12:22:28.641985+00:00,
558f4ece-d28f-4f60-a1ed-0fc59ecd077f,Pause prévention santé mentale - édition 0717,Bien-être,"Bien-être dédié à santé mentale, conçu pour tous les collaborateurs, avec objectifs clairs, échanges encadrés et livrables pratiques. Référence programme T1-0717.",2026-04-17 14:30:00+00:00,90,ONSITE,Salle Communication,,,50,2026-03-25 14:30:00+00:00,PUBLISHED,GLOBAL,,649114ae-3449-49ab-a8e8-f4c931409e3d,2026-02-28 03:50:59.552079+00:00,2026-03-19 01:55:16.614508+00:00,
4efe8fc8-a25d-4202-8d75-43a002e81f79,Atelier cohésion confiance et coopération - édition 0718,Team building,"Team building dédié à confiance et coopération, conçu pour le département Informatique, avec objectifs clairs, échanges encadrés et livrables pratiques. Référence programme T3-0718.",2026-08-27 10:30:00+00:00,240,ONSITE,Salle Innovation,,,21,2026-08-14 09:30:00+00:00,PUBLISHED,DEPARTMENT,1,38cdd74c-b750-4e7c-89b5-9d66dac401b5,2026-02-10 02:38:14.941642+00:00,2026-03-17 02:54:07.767388+00:00,
24a521e2-e0cb-4d62-a66c-fcb597f93bf9,Challenge collectif résolution de problèmes - édition 0719,Team building,"Team building dédié à résolution de problèmes, conçu pour tous les collaborateurs, avec objectifs clairs, échanges encadrés et livrables pratiques. Référence programme T2-0719.",2026-03-26 13:00:00+00:00,180,ONSITE,Salle Formation,,,13,2026-03-10 10:00:00+00:00,ARCHIVED,GLOBAL,,99ce0eb9-db3b-4ba1-9d7e-a6e10271bb8c,2026-01-20 03:07:00.854701+00:00,2026-02-11 09:33:18.181728+00:00,
6d124b08-3425-4cc1-8735-c9934347b6a2,Parcours pratique qualité logicielle - édition 0720,Formation,"Formation dédié à qualité logicielle, conçu pour le département Ventes, avec objectifs clairs, échanges encadrés et livrables pratiques. Référence programme T1-0720.",2026-07-22 14:15:00+00:00,180,ONLINE,,https://meet.company.example/parcours-pratique-qualite-logicielle-edition-0720,,78,2026-07-14 14:15:00+00:00,PUBLISHED,DEPARTMENT,5,b03521e4-0ebe-4648-ac5a-5daa0bee8b89,2026-02-02 02:37:14.815307+00:00,2026-03-14 05:39:45.458655+00:00,
3ff1c3c3-f889-4aef-9d80-957c24457ed4,Parcours engagement valeurs et vision - édition 0721,Culture d’entreprise,"Culture d’entreprise dédié à valeurs et vision, conçu pour le département Finance, avec objectifs clairs, échanges encadrés et livrables pratiques. Référence programme T3-0721.",2026-04-10 16:00:00+00:00,60,EXTERNAL,,,"Avenue Habib Bourguiba, Tunis",167,2026-04-07 15:00:00+00:00,PUBLISHED,DEPARTMENT,3,5aa58bc0-b0f5-4658-982f-0167e1ddd6f1,2026-01-30 04:18:41.016406+00:00,2026-02-04 13:38:39.833685+00:00,
2f96c03c-c317-4a49-8019-20a369868a59,Speed meeting speed networking - édition 0722,Networking,"Networking dédié à speed networking, conçu pour tous les collaborateurs, avec objectifs clairs, échanges encadrés et livrables pratiques. Référence programme T2-0722.",2026-09-27 09:00:00+00:00,90,ONSITE,Salle Communication,,,231,2026-09-05 08:00:00+00:00,CANCELLED,GLOBAL,,ad077160-525d-4c40-8102-623ecef44a68,2026-02-07 11:57:11.907737+00:00,2026-04-03 01:41:38.361863+00:00,Décision de report prise par l’équipe organisatrice.
6d8bbf09-ddbd-4486-ace8-331d5488c2f8,Rencontre réseau petit-déjeuner business - édition 0723,Networking,"Networking dédié à petit-déjeuner business, conçu pour tous les collaborateurs, avec objectifs clairs, échanges encadrés et livrables pratiques. Référence programme T1-0723.",2026-09-29 11:15:00+00:00,120,EXTERNAL,,,"Rue Taieb Mhiri, Tunis",74,2026-09-09 10:15:00+00:00,PUBLISHED,GLOBAL,,399ddb4e-8253-4685-9236-d599b6eef665,2026-03-17 12:35:56.515692+00:00,2026-04-27 01:55:37.018098+00:00,
8e0811ad-073b-484e-aaa1-acc3a8882503,Team building escape game interne - édition 0724,Team building,"Team building dédié à escape game interne, conçu pour tous les collaborateurs, avec objectifs clairs, échanges encadrés et livrables pratiques. Référence programme T3-0724.",2026-05-29 13:30:00+00:00,120,ONSITE,Salle Finance,,,47,2026-05-16 11:30:00+00:00,PUBLISHED,GLOBAL,,edff2c41-0933-4e95-aa63-ea67ea877576,2026-03-07 09:39:51.286105+00:00,2026-03-25 02:49:47.525339+00:00,
f61e6052-ffea-4503-ab44-2073bf3e512f,Défi collaboratif sport d’équipe - édition 0725,Team building,"Team building dédié à sport d’équipe, conçu pour tous les collaborateurs, avec objectifs clairs, échanges encadrés et livrables pratiques. Référence programme T4-0725.",2026-09-21 14:30:00+00:00,120,EXTERNAL,,,"Avenue Mohamed V, Tunis",49,2026-09-06 13:30:00+00:00,PENDING,GLOBAL,,7b5a28c5-3946-4a3b-ad59-fc33a2e44d00,2026-04-14 06:29:54.859875+00:00,2026-04-27 00:36:43.236740+00:00,
5c16972b-3360-4fab-9157-7a2fe4be1ed7,Table ronde marque employeur - édition 0726,Conférence,"Conférence dédié à marque employeur, conçu pour tous les collaborateurs, avec objectifs clairs, échanges encadrés et livrables pratiques. Référence programme T3-0726.",2026-03-11 11:45:00+00:00,90,ONSITE,Auditorium,,,191,2026-02-20 11:45:00+00:00,PUBLISHED,GLOBAL,,f19708c8-85b2-4faa-825b-a2fefaac0687,2026-01-13 22:31:57.541862+00:00,2026-02-17 07:21:56.999135+00:00,
c8999109-865e-4c78-9880-84c55f8117a5,Rencontre informelle équipes projet - Ventes - édition 0727,Afterwork,"Afterwork dédié à équipes projet, conçu pour le département Ventes, avec objectifs clairs, échanges encadrés et livrables pratiques. Référence programme T1-0727.",2026-08-26 17:30:00+00:00,90,EXTERNAL,,,"Avenue Habib Bourguiba, Tunis",68,2026-08-21 17:30:00+00:00,PUBLISHED,DEPARTMENT,5,67b9e613-4792-4b7e-88f0-54df3f761ed0,2026-03-11 18:47:56.792443+00:00,2026-04-22 03:16:25.112633+00:00,
3b08411c-ea85-4d0e-881a-429109db94af,Networking réseau inter-départements - Support client - édition 0728,Networking,"Networking dédié à réseau inter-départements, conçu pour le département Support client, avec objectifs clairs, échanges encadrés et livrables pratiques. Référence programme T3-0728.",2026-11-14 11:30:00+00:00,90,ONLINE,,https://meet.company.example/networking-reseau-inter-departements-support-client-edition-0728,,78,2026-11-10 09:30:00+00:00,PUBLISHED,DEPARTMENT,9,3577cac5-0476-4aff-b030-5793997dce28,2026-02-02 00:32:15.954931+00:00,2026-04-10 10:37:43.895869+00:00,
758ff227-9cbb-4afd-9df0-d5342433a330,Rencontre réseau rencontre métiers - édition 0729,Networking,"Networking dédié à rencontre métiers, conçu pour tous les collaborateurs, avec objectifs clairs, échanges encadrés et livrables pratiques. Référence programme T3-0729.",2026-07-10 14:45:00+00:00,120,ONLINE,,https://meet.company.example/rencontre-reseau-rencontre-metiers-edition-0729,,178,2026-07-01 12:45:00+00:00,PUBLISHED,GLOBAL,,ebe1cbd3-513d-4852-b31c-67c8b1dbeca9,2026-03-22 21:43:37.398158+00:00,2026-04-14 06:57:41.858125+00:00,
02ea6675-d77b-4946-88cd-c469d27e2e16,Atelier innovation expérimentation digitale - édition 0730,Innovation,"Innovation dédié à expérimentation digitale, conçu pour le département Informatique, avec objectifs clairs, échanges encadrés et livrables pratiques. Référence programme T3-0730.",2026-03-19 11:15:00+00:00,120,ONSITE,Lab IoT,,,67,2026-03-03 10:15:00+00:00,ARCHIVED,DEPARTMENT,1,5671894a-5a48-444a-8a73-5462d0f8e451,2026-02-03 09:41:26.610603+00:00,2026-03-06 10:00:43.297158+00:00,
96d85213-e5d3-477e-b11f-1faf8c29247f,Formation Power BI - Informatique - édition 0731,Formation,"Formation dédié à Power BI, conçu pour le département Informatique, avec objectifs clairs, échanges encadrés et livrables pratiques. Référence programme T1-0731.",2026-12-30 16:15:00+00:00,120,ONLINE,,https://meet.company.example/formation-power-bi-informatique-edition-0731,,37,2026-12-23 15:15:00+00:00,CANCELLED,DEPARTMENT,1,f2d45b59-75cd-44be-b428-acaecb458fb7,2026-04-26 01:47:02.845217+00:00,2026-04-28 23:38:19.475512+00:00,Contenu à retravailler avant publication.
d767c20d-8af0-4b07-acf0-c741a3ea282c,Initiative durable inclusion - édition 0732,RSE,"RSE dédié à inclusion, conçu pour tous les collaborateurs, avec objectifs clairs, échanges encadrés et livrables pratiques. Référence programme T4-0732.",2026-09-29 14:00:00+00:00,60,ONSITE,Salle Finance,,,48,2026-09-16 11:00:00+00:00,PUBLISHED,GLOBAL,,4cc0e55c-8eeb-4f90-96d2-dedd8a565e1b,2026-02-07 03:16:12.379181+00:00,2026-02-18 06:33:42.986428+00:00,
da0664f3-64eb-4efc-94d7-b7816a1b2749,Session bien-être prévention fatigue numérique - édition 0733,Bien-être,"Bien-être dédié à prévention fatigue numérique, conçu pour tous les collaborateurs, avec objectifs clairs, échanges encadrés et livrables pratiques. Référence programme T2-0733.",2026-10-28 16:30:00+00:00,120,EXTERNAL,,,"Avenue Habib Bourguiba, Tunis",44,2026-10-21 16:30:00+00:00,DRAFT,GLOBAL,,553f633d-4e8b-4e4b-a5c1-02de094d0933,2026-02-28 06:26:38.916009+00:00,2026-04-29 18:04:04.240812+00:00,
fe471105-6b05-4bb1-b4ee-21e4f88bc519,Team building challenge collaboratif - édition 0734,Team building,"Team building dédié à challenge collaboratif, conçu pour le département Ventes, avec objectifs clairs, échanges encadrés et livrables pratiques. Référence programme T4-0734.",2026-06-29 09:00:00+00:00,90,EXTERNAL,,,"Immeuble Carthage Business Center, Tunis",15,2026-06-16 06:00:00+00:00,PUBLISHED,DEPARTMENT,5,75c4fd88-9e44-46ab-b324-a068f16ab956,2026-01-26 07:47:42.418014+00:00,2026-03-28 12:51:29.863527+00:00,
398002bd-8c25-4c79-968f-16352ab2d018,Keynote interne IoT industriel - édition 0735,Conférence,"Conférence dédié à IoT industriel, conçu pour le département Juridique, avec objectifs clairs, échanges encadrés et livrables pratiques. Référence programme T3-0735.",2026-09-20 15:45:00+00:00,120,ONSITE,Espace détente,,,241,2026-09-05 12:45:00+00:00,PUBLISHED,DEPARTMENT,10,fe585dc9-87c1-4767-acfc-0cb180014620,2026-03-14 04:54:01.320090+00:00,2026-03-24 01:38:25.056980+00:00,
ccd46cab-c742-472f-8b66-729694b1c18b,Initiative durable inclusion - édition 0736,RSE,"RSE dédié à inclusion, conçu pour tous les collaborateurs, avec objectifs clairs, échanges encadrés et livrables pratiques. Référence programme T1-0736.",2026-04-06 15:45:00+00:00,120,ONLINE,,https://meet.company.example/initiative-durable-inclusion-edition-0736,,175,2026-03-26 13:45:00+00:00,ARCHIVED,GLOBAL,,b6a8879c-3ed7-476d-8f1c-47f8f344f70d,2026-02-23 14:21:19.684892+00:00,2026-03-04 11:05:06.836974+00:00,
7ec3f37d-6e52-4e8e-a922-aa701d36ae0f,Team building escape game interne - Marketing - édition 0737,Team building,"Team building dédié à escape game interne, conçu pour le département Marketing, avec objectifs clairs, échanges encadrés et livrables pratiques. Référence programme T1-0737.",2026-05-15 10:45:00+00:00,180,EXTERNAL,,,"Immeuble Carthage Business Center, Tunis",64,2026-05-02 08:45:00+00:00,CANCELLED,DEPARTMENT,4,35b57b10-e7d8-43bd-9022-13bcd6044d36,2026-01-27 11:00:50.353578+00:00,2026-03-05 07:39:01.032630+00:00,Événement remplacé par une édition mise à jour.
36ce52af-8c33-4d40-8737-e5dbd467a0ef,Rencontre expert marque employeur - édition 0738,Conférence,"Conférence dédié à marque employeur, conçu pour tous les collaborateurs, avec objectifs clairs, échanges encadrés et livrables pratiques. Référence programme T1-0738.",2026-03-21 09:15:00+00:00,120,ONSITE,Espace détente,,,150,2026-03-12 09:15:00+00:00,PUBLISHED,GLOBAL,,b0953e8e-335d-49b9-b394-fc0fe62b5e1e,2026-01-24 10:45:35.959989+00:00,2026-02-24 03:02:36.788011+00:00,
21e43eaf-ef45-4e6b-8dd8-3bf7752c82e5,Atelier collaboratif amélioration continue - édition 0739,Atelier,"Atelier dédié à amélioration continue, conçu pour le département Marketing, avec objectifs clairs, échanges encadrés et livrables pratiques. Référence programme T3-0739.",2026-09-26 15:45:00+00:00,180,ONLINE,,https://meet.company.example/atelier-collaboratif-amelioration-continue-edition-0739,,27,2026-09-17 12:45:00+00:00,PUBLISHED,DEPARTMENT,4,60a4713c-9862-4c54-b843-99e82e3e7bea,2026-02-14 09:49:23.623827+00:00,2026-03-06 03:23:05.274403+00:00,
08462c4d-412b-4f3c-b02e-1045e5d7a3a4,Pause prévention nutrition et énergie - édition 0740,Bien-être,"Bien-être dédié à nutrition et énergie, conçu pour le département Communication interne, avec objectifs clairs, échanges encadrés et livrables pratiques. Référence programme T1-0740.",2026-03-20 13:15:00+00:00,45,ONSITE,Salle A,,,69,2026-03-12 12:15:00+00:00,PUBLISHED,DEPARTMENT,12,1350d9cc-bc62-4dbc-b818-0ec25656b4c8,2026-01-01 13:11:33.292510+00:00,2026-02-06 01:23:22.322133+00:00,
dd9a4f21-bfb1-4a18-b0cf-aa5853d85ca5,Rencontre santé au travail prévention fatigue numérique - édition 0741,Bien-être,"Bien-être dédié à prévention fatigue numérique, conçu pour le département Communication interne, avec objectifs clairs, échanges encadrés et livrables pratiques. Référence programme T1-0741.",2026-05-23 09:00:00+00:00,45,ONSITE,Salle Qualité,,,21,2026-05-19 07:00:00+00:00,PUBLISHED,DEPARTMENT,12,f3525842-5ccf-4d32-b3c0-eb58cb4ae783,2026-01-28 09:07:37.647776+00:00,2026-04-26 04:28:32.836477+00:00,
871c9efd-3dbd-49bd-8dd1-feb88a4a330c,Rencontre informelle communauté tech - Juridique - édition 0742,Afterwork,"Afterwork dédié à communauté tech, conçu pour le département Juridique, avec objectifs clairs, échanges encadrés et livrables pratiques. Référence programme T2-0742.",2026-06-08 17:15:00+00:00,150,ONSITE,Salle Communication,,,31,2026-05-30 15:15:00+00:00,PUBLISHED,DEPARTMENT,10,ae923cee-de34-4666-b2f5-d8b68dd987f9,2026-03-25 02:53:17.635237+00:00,2026-03-29 03:03:36.343355+00:00,
00005856-d581-4a6c-ad7e-865016e38865,Team building cohésion d’équipe - édition 0743,Team building,"Team building dédié à cohésion d’équipe, conçu pour tous les collaborateurs, avec objectifs clairs, échanges encadrés et livrables pratiques. Référence programme T4-0743.",2026-04-19 10:30:00+00:00,180,ONSITE,Salle B,,,69,2026-04-13 07:30:00+00:00,ARCHIVED,GLOBAL,,c79bf178-2ad7-46c5-a8bc-69d76f5a35b2,2026-03-29 21:43:45.708943+00:00,2026-04-09 07:32:06.907051+00:00,
24d5df35-17b3-4fab-a981-5dd8ae5a7d02,Webinaire outils collaboratifs - édition 0744,Webinaire,"Webinaire dédié à outils collaboratifs, conçu pour tous les collaborateurs, avec objectifs clairs, échanges encadrés et livrables pratiques. Référence programme T4-0744.",2026-05-06 11:30:00+00:00,90,ONLINE,,https://meet.company.example/webinaire-outils-collaboratifs-edition-0744,,316,2026-04-28 09:30:00+00:00,PENDING,GLOBAL,,bc82679b-60ac-4cb8-a2c8-90cf85491d9f,2026-02-12 09:24:14.043425+00:00,2026-02-22 09:06:19.838683+00:00,
0576b31d-89a3-4ae3-b5ed-fa9bccb5cba0,Session de formation gestion de projet - édition 0745,Formation,"Formation dédié à gestion de projet, conçu pour tous les collaborateurs, avec objectifs clairs, échanges encadrés et livrables pratiques. Référence programme T1-0745.",2026-12-09 10:00:00+00:00,60,EXTERNAL,,,"Zone industrielle Charguia 2, Tunis",46,2026-11-25 10:00:00+00:00,PENDING,GLOBAL,,83181837-ca9a-4a93-95ef-82c0c1624078,2026-04-09 18:39:08.001575+00:00,2026-04-18 09:01:21.042472+00:00,
84d19e40-4a28-4c63-beb7-c8d48ea6289d,Live interne reporting financier - Marketing - édition 0746,Webinaire,"Webinaire dédié à reporting financier, conçu pour le département Marketing, avec objectifs clairs, échanges encadrés et livrables pratiques. Référence programme T4-0746.",2026-05-26 10:30:00+00:00,60,ONLINE,,https://meet.company.example/live-interne-reporting-financier-marketing-edition-0746,,371,2026-05-23 08:30:00+00:00,CANCELLED,DEPARTMENT,4,f88e79f6-5cdb-401c-9b0a-0035434d7b18,2026-01-06 04:33:57.979633+00:00,2026-02-18 11:52:27.025850+00:00,Objectifs de l’événement à clarifier avant relance.
cdc81e4d-1a1d-49c5-bb5a-9a407771f7b5,Rencontre réseau experts internes - Juridique - édition 0747,Networking,"Networking dédié à experts internes, conçu pour le département Juridique, avec objectifs clairs, échanges encadrés et livrables pratiques. Référence programme T1-0747.",2026-10-07 10:00:00+00:00,60,ONLINE,,https://meet.company.example/rencontre-reseau-experts-internes-juridique-edition-0747,,138,2026-09-24 08:00:00+00:00,PUBLISHED,DEPARTMENT,10,64d309e9-1dd7-4572-9479-4d2164c080b8,2026-01-28 21:52:08.136277+00:00,2026-04-19 04:29:45.830919+00:00,
eebe073e-df74-4528-a691-d84ace237f36,Keynote interne risques cyber - Ressources humaines - édition 0748,Conférence,"Conférence dédié à risques cyber, conçu pour le département Ressources humaines, avec objectifs clairs, échanges encadrés et livrables pratiques. Référence programme T3-0748.",2026-11-28 15:45:00+00:00,45,EXTERNAL,,,"Technopole El Ghazala, Ariana",250,2026-11-18 12:45:00+00:00,PUBLISHED,DEPARTMENT,2,c58f7dbd-9a6d-4c3f-bed8-75f484e20259,2026-02-02 03:07:02.719535+00:00,2026-04-04 21:19:39.728572+00:00,
123c1477-ac3f-4a08-83d2-eef0b42660c3,Workshop feedback constructif - édition 0749,Atelier,"Atelier dédié à feedback constructif, conçu pour le département IoT, avec objectifs clairs, échanges encadrés et livrables pratiques. Référence programme T2-0749.",2026-03-28 14:00:00+00:00,90,ONLINE,,https://meet.company.example/workshop-feedback-constructif-edition-0749,,16,2026-03-21 14:00:00+00:00,PUBLISHED,DEPARTMENT,7,64d309e9-1dd7-4572-9479-4d2164c080b8,2026-01-12 10:46:00.257554+00:00,2026-01-18 17:11:35.029637+00:00,
5474c117-7b83-4280-afa7-dae957258308,Atelier RSE recyclage - édition 0750,RSE,"RSE dédié à recyclage, conçu pour le département Ressources humaines, avec objectifs clairs, échanges encadrés et livrables pratiques. Référence programme T2-0750.",2026-10-05 14:00:00+00:00,45,ONSITE,Salle Innovation,,,88,2026-09-21 11:00:00+00:00,PUBLISHED,DEPARTMENT,2,0f5dcdfd-9397-4997-853c-278f6e224fe8,2026-02-21 23:53:37.562571+00:00,2026-04-07 01:44:11.582460+00:00,
f6933c6d-97ba-46e6-b46b-90a16874e969,Session bien-être respiration et concentration - édition 0751,Bien-être,"Bien-être dédié à respiration et concentration, conçu pour le département Informatique, avec objectifs clairs, échanges encadrés et livrables pratiques. Référence programme T2-0751.",2026-09-23 11:30:00+00:00,90,ONSITE,Salle RH,,,38,2026-09-05 08:30:00+00:00,DRAFT,DEPARTMENT,1,e8dda1ab-4e22-4b44-b642-16d429b530e6,2026-02-21 12:12:52.436581+00:00,2026-03-09 09:04:49.071573+00:00,
52830984-edb8-4f2f-8dc6-5019ba4dfd9e,Atelier cohésion cohésion d’équipe - édition 0752,Team building,"Team building dédié à cohésion d’équipe, conçu pour tous les collaborateurs, avec objectifs clairs, échanges encadrés et livrables pratiques. Référence programme T2-0752.",2026-05-15 09:15:00+00:00,240,ONSITE,Lab IoT,,,32,2026-04-25 08:15:00+00:00,PENDING,GLOBAL,,d0f4fbc4-456a-46ec-83cb-fa4972235dcc,2026-01-18 04:12:50.632221+00:00,2026-03-27 21:39:16.626111+00:00,
2889f7a5-c66f-4fbd-bdb9-414935805d06,Initiative durable inclusion - édition 0753,RSE,"RSE dédié à inclusion, conçu pour le département Support client, avec objectifs clairs, échanges encadrés et livrables pratiques. Référence programme T2-0753.",2026-03-31 10:00:00+00:00,45,ONSITE,Espace détente,,,167,2026-03-19 08:00:00+00:00,ARCHIVED,DEPARTMENT,9,5179d5b9-4f1e-4e23-9bd1-90c1af18e263,2026-02-17 18:43:46.248471+00:00,2026-03-03 05:41:04.454271+00:00,
e70293ea-2a34-441d-a038-4a899dc19b97,Formation finance pour non financiers - Ventes - édition 0754,Formation,"Formation dédié à finance pour non financiers, conçu pour le département Ventes, avec objectifs clairs, échanges encadrés et livrables pratiques. Référence programme T1-0754.",2026-09-28 16:00:00+00:00,90,ONSITE,Salle Communication,,,48,2026-09-26 15:00:00+00:00,DRAFT,DEPARTMENT,5,1edf11bf-caeb-49fc-8f55-69e63e815dae,2026-02-11 13:25:42.291531+00:00,2026-04-25 22:30:03.353543+00:00,
ba3c7f3a-a213-4aeb-88d0-0bd4cd5e09ab,Challenge innovation idées produit - Communication interne - édition 0755,Innovation,"Innovation dédié à idées produit, conçu pour le département Communication interne, avec objectifs clairs, échanges encadrés et livrables pratiques. Référence programme T3-0755.",2026-07-19 13:15:00+00:00,120,ONSITE,Lab IoT,,,89,2026-07-16 10:15:00+00:00,PUBLISHED,DEPARTMENT,12,d7187d09-a013-49c8-a1b3-d822b39752f7,2026-01-11 03:53:48.641207+00:00,2026-01-30 03:05:36.609866+00:00,
c935cc57-9c66-40af-ac24-b29433536070,Challenge collectif créativité collective - édition 0756,Team building,"Team building dédié à créativité collective, conçu pour le département Informatique, avec objectifs clairs, échanges encadrés et livrables pratiques. Référence programme T4-0756.",2026-04-26 09:00:00+00:00,240,ONSITE,Salle Réunion B,,,49,2026-04-11 07:00:00+00:00,ARCHIVED,DEPARTMENT,1,54ff204c-a298-4d0d-bd0e-d9817a501b70,2026-03-09 16:24:07.150904+00:00,2026-03-15 11:36:30.458568+00:00,
afd17b05-6193-403c-bf0f-97e9d8e1806a,Pause prévention ergonomie au travail - édition 0757,Bien-être,"Bien-être dédié à ergonomie au travail, conçu pour tous les collaborateurs, avec objectifs clairs, échanges encadrés et livrables pratiques. Référence programme T2-0757.",2026-11-21 13:30:00+00:00,90,ONSITE,Salle B,,,27,2026-11-18 11:30:00+00:00,PENDING,GLOBAL,,3577cac5-0476-4aff-b030-5793997dce28,2026-03-07 13:27:22.054214+00:00,2026-03-09 02:21:37.089349+00:00,
14a8728b-a1a8-4ec8-91b1-bc3de87341f1,Culture d’entreprise ambassadeurs culture - Support client - édition 0758,Culture d’entreprise,"Culture d’entreprise dédié à ambassadeurs culture, conçu pour le département Support client, avec objectifs clairs, échanges encadrés et livrables pratiques. Référence programme T1-0758.",2026-10-30 11:15:00+00:00,120,EXTERNAL,,,"Parc technologique, Ariana",38,2026-10-07 08:15:00+00:00,PUBLISHED,DEPARTMENT,9,99deadaf-8a75-4075-aeaa-bf9ec069cd7a,2026-04-28 03:58:40.575499+00:00,2026-04-30 10:49:45.591608+00:00,
a4af9628-02f4-4a70-84a4-28a2383e731c,Atelier cohésion sport d’équipe - édition 0759,Team building,"Team building dédié à sport d’équipe, conçu pour tous les collaborateurs, avec objectifs clairs, échanges encadrés et livrables pratiques. Référence programme T1-0759.",2026-07-14 15:00:00+00:00,240,EXTERNAL,,,"Rue Taieb Mhiri, Tunis",66,2026-06-30 14:00:00+00:00,PENDING,GLOBAL,,c8179126-6db5-4378-878a-06984c582910,2026-02-06 10:21:47.744989+00:00,2026-04-28 14:46:41.059584+00:00,
fa49e32f-86f1-4580-8685-d9d6d3613c26,Pause prévention respiration et concentration - édition 0760,Bien-être,"Bien-être dédié à respiration et concentration, conçu pour le département Ventes, avec objectifs clairs, échanges encadrés et livrables pratiques. Référence programme T4-0760.",2026-06-21 14:15:00+00:00,60,ONLINE,,https://meet.company.example/pause-prevention-respiration-et-concentration-edition-0760,,31,2026-06-13 14:15:00+00:00,PUBLISHED,DEPARTMENT,5,1815820e-1287-4637-b9f1-9bd95f95ca22,2026-03-02 16:30:23.948903+00:00,2026-03-21 12:32:45.123233+00:00,
b0d997cc-e9eb-4ac2-8ffc-2b3ebabaaeaf,Parcours pratique gestion de projet - Ventes - édition 0761,Formation,"Formation dédié à gestion de projet, conçu pour le département Ventes, avec objectifs clairs, échanges encadrés et livrables pratiques. Référence programme T2-0761.",2026-03-28 09:00:00+00:00,180,ONLINE,,https://meet.company.example/parcours-pratique-gestion-de-projet-ventes-edition-0761,,26,2026-03-16 08:00:00+00:00,CANCELLED,DEPARTMENT,5,293234f8-6b59-4c8c-b69f-e7044d6e9add,2026-02-11 08:59:21.035411+00:00,2026-03-27 10:40:21.057460+00:00,Intervenant indisponible à la date prévue.
251077ce-5e1a-4da0-be67-26a85341f141,Team building résolution de problèmes - Communication interne - édition 0762,Team building,"Team building dédié à résolution de problèmes, conçu pour le département Communication interne, avec objectifs clairs, échanges encadrés et livrables pratiques. Référence programme T2-0762.",2026-09-05 16:15:00+00:00,90,ONSITE,Lab IoT,,,47,2026-08-19 13:15:00+00:00,PUBLISHED,DEPARTMENT,12,3fed2f1f-ed8e-425e-a9c7-8401c4bea33c,2026-04-19 15:40:12.432991+00:00,2026-04-20 18:23:26.717747+00:00,
402afcba-7d10-4e57-9879-e12dcf6a8d2f,Rencontre santé au travail nutrition et énergie - Finance - édition 0763,Bien-être,"Bien-être dédié à nutrition et énergie, conçu pour le département Finance, avec objectifs clairs, échanges encadrés et livrables pratiques. Référence programme T3-0763.",2026-04-06 15:45:00+00:00,45,EXTERNAL,,,"Parc technologique, Ariana",60,2026-03-28 14:45:00+00:00,CANCELLED,DEPARTMENT,3,2c6db120-61ac-4444-868a-bb75396aaae3,2026-03-08 01:38:25.015604+00:00,2026-04-05 04:16:38.722812+00:00,Conflit de planning avec un événement prioritaire.
a28763d6-b434-4e8c-8de2-425a1911f30b,Initiative durable recyclage - édition 0764,RSE,"RSE dédié à recyclage, conçu pour le département Juridique, avec objectifs clairs, échanges encadrés et livrables pratiques. Référence programme T3-0764.",2026-05-03 15:15:00+00:00,120,EXTERNAL,,,"Parc technologique, Ariana",77,2026-04-24 13:15:00+00:00,PUBLISHED,DEPARTMENT,10,af9d7f38-32f1-49e9-974f-0bb83155d6eb,2026-01-18 16:06:45.852139+00:00,2026-03-17 22:38:15.246776+00:00,
f83f5197-e96e-412d-8a25-b506d27b74c0,Keynote interne qualité opérationnelle - édition 0765,Conférence,"Conférence dédié à qualité opérationnelle, conçu pour le département Informatique, avec objectifs clairs, échanges encadrés et livrables pratiques. Référence programme T3-0765.",2026-09-28 09:00:00+00:00,120,ONSITE,Salle Innovation,,,107,2026-09-13 09:00:00+00:00,DRAFT,DEPARTMENT,1,f403a135-e2fa-4427-9cb5-9d55455f9b66,2026-02-17 17:25:29.977354+00:00,2026-03-18 07:57:03.450349+00:00,
6ffbb081-bbf4-46fb-8791-c8aa13127db2,Workshop amélioration continue - édition 0766,Atelier,"Atelier dédié à amélioration continue, conçu pour tous les collaborateurs, avec objectifs clairs, échanges encadrés et livrables pratiques. Référence programme T2-0766.",2026-12-20 15:00:00+00:00,90,ONLINE,,https://meet.company.example/workshop-amelioration-continue-edition-0766,,64,2026-12-06 12:00:00+00:00,DRAFT,GLOBAL,,539b3526-9e3d-45bd-baef-ec9d16abc2eb,2026-04-01 01:36:43.550986+00:00,2026-04-10 05:25:43.761817+00:00,
232fbcbe-bd4b-4153-8f4d-8e9a0c4232ac,Table ronde IoT industriel - édition 0767,Conférence,"Conférence dédié à IoT industriel, conçu pour le département Communication interne, avec objectifs clairs, échanges encadrés et livrables pratiques. Référence programme T4-0767.",2026-07-06 15:30:00+00:00,45,ONSITE,Salle Qualité,,,208,2026-06-20 12:30:00+00:00,REJECTED,DEPARTMENT,12,65f45148-d34d-4ca8-b231-ff27af7e1083,2026-01-09 16:34:24.418936+00:00,2026-02-19 22:18:20.609361+00:00,Demande rejetée : conformité interne non validée.
67298469-15f3-494a-a5e2-c97006f4ebd9,Atelier bien-être ergonomie au travail - édition 0768,Bien-être,"Bien-être dédié à ergonomie au travail, conçu pour tous les collaborateurs, avec objectifs clairs, échanges encadrés et livrables pratiques. Référence programme T4-0768.",2026-11-11 11:45:00+00:00,120,EXTERNAL,,,"Centre Urbain Nord, Tunis",49,2026-11-08 11:45:00+00:00,PUBLISHED,GLOBAL,,e6b32c11-c369-4ced-9813-924c8e864732,2026-02-19 00:11:12.238052+00:00,2026-04-25 01:00:55.888730+00:00,
14ea9650-f973-4cfc-8d70-854f1ac965e1,Session de formation analyse de données - édition 0769,Formation,"Formation dédié à analyse de données, conçu pour tous les collaborateurs, avec objectifs clairs, échanges encadrés et livrables pratiques. Référence programme T3-0769.",2026-12-01 16:00:00+00:00,180,ONLINE,,https://meet.company.example/session-de-formation-analyse-de-donnees-edition-0769,,55,2026-11-21 13:00:00+00:00,PENDING,GLOBAL,,29a2042e-69ee-471d-ad13-086615962ccf,2026-03-26 03:27:55.258671+00:00,2026-04-07 05:20:30.192951+00:00,
c0ec105f-6bd9-4ed8-a85f-36bac83c69d2,Session en ligne protection des données - édition 0770,Webinaire,"Webinaire dédié à protection des données, conçu pour tous les collaborateurs, avec objectifs clairs, échanges encadrés et livrables pratiques. Référence programme T3-0770.",2026-06-10 14:30:00+00:00,30,ONLINE,,https://meet.company.example/session-en-ligne-protection-des-donnees-edition-0770,,61,2026-05-31 11:30:00+00:00,PUBLISHED,GLOBAL,,cba14f0b-756c-46b4-82ed-29b71212aeae,2026-01-24 10:51:24.476588+00:00,2026-02-04 03:30:53.517710+00:00,
14ee29cd-242f-442f-86c5-09374b8f2b9e,Défi collaboratif sport d’équipe - édition 0771,Team building,"Team building dédié à sport d’équipe, conçu pour tous les collaborateurs, avec objectifs clairs, échanges encadrés et livrables pratiques. Référence programme T1-0771.",2026-11-22 10:30:00+00:00,90,ONSITE,Salle Qualité,,,23,2026-11-07 08:30:00+00:00,DRAFT,GLOBAL,,77eda781-2f0d-483f-8875-14af3485c071,2026-04-05 00:30:04.674084+00:00,2026-04-30 11:32:18.204474+00:00,
4c9edf8a-fdae-4b7d-b0e6-d2c029a55ff0,Atelier RSE réduction carbone - édition 0772,RSE,"RSE dédié à réduction carbone, conçu pour le département Développement, avec objectifs clairs, échanges encadrés et livrables pratiques. Référence programme T1-0772.",2026-03-06 09:45:00+00:00,60,ONSITE,Salle Qualité,,,260,2026-02-14 07:45:00+00:00,ARCHIVED,DEPARTMENT,6,f85deb38-8a7f-46fd-aa7f-0c9d18401a70,2026-01-01 12:59:04.087658+00:00,2026-01-25 11:33:14.802657+00:00,
bb01b4be-5818-47e9-a61c-257fa1b07110,Parcours engagement collaboration transversale - Ventes - édition 0773,Culture d’entreprise,"Culture d’entreprise dédié à collaboration transversale, conçu pour le département Ventes, avec objectifs clairs, échanges encadrés et livrables pratiques. Référence programme T1-0773.",2026-05-31 09:15:00+00:00,45,ONSITE,Salle Formation,,,101,2026-05-12 08:15:00+00:00,CANCELLED,DEPARTMENT,5,0ed95bd1-0f78-425f-bb15-de63420dce41,2026-03-05 11:59:52.894008+00:00,2026-04-18 21:52:06.947015+00:00,Priorité métier modifiée.
7f971974-ac5c-4a9e-aa07-d3cfe24bd39e,Team building créativité collective - Développement - édition 0774,Team building,"Team building dédié à créativité collective, conçu pour le département Développement, avec objectifs clairs, échanges encadrés et livrables pratiques. Référence programme T1-0774.",2026-05-03 09:45:00+00:00,180,EXTERNAL,,,"Avenue Mohamed V, Tunis",59,2026-04-23 08:45:00+00:00,PENDING,DEPARTMENT,6,dc305b07-816b-4ee2-869d-98231db9d646,2026-02-14 22:36:19.388201+00:00,2026-02-15 19:50:42.520983+00:00,
91a80198-e0f4-4f19-9330-1741c8f76098,Formation Power BI - édition 0775,Formation,"Formation dédié à Power BI, conçu pour tous les collaborateurs, avec objectifs clairs, échanges encadrés et livrables pratiques. Référence programme T4-0775.",2026-10-15 14:45:00+00:00,60,ONLINE,,https://meet.company.example/formation-power-bi-edition-0775,,14,2026-10-07 14:45:00+00:00,PUBLISHED,GLOBAL,,888502a0-6058-4702-88b8-adb03b807926,2026-02-19 16:23:10.215974+00:00,2026-04-01 02:58:59.149417+00:00,
0aef3463-992d-4725-a40f-5929adc12b09,Initiative durable solidarité locale - édition 0776,RSE,"RSE dédié à solidarité locale, conçu pour tous les collaborateurs, avec objectifs clairs, échanges encadrés et livrables pratiques. Référence programme T2-0776.",2026-04-08 13:45:00+00:00,90,EXTERNAL,,,"Avenue Habib Bourguiba, Tunis",225,2026-04-03 12:45:00+00:00,ARCHIVED,GLOBAL,,a3444dae-ba25-43f7-a745-f3f89b273e2c,2026-01-25 18:17:42.187871+00:00,2026-03-14 16:58:18.282763+00:00,
dc4a978e-2c5f-4f19-8bbb-af6f4e10eac9,Moment convivial communauté tech - édition 0777,Afterwork,"Afterwork dédié à communauté tech, conçu pour le département Ventes, avec objectifs clairs, échanges encadrés et livrables pratiques. Référence programme T3-0777.",2026-06-17 19:45:00+00:00,150,ONSITE,Salle B,,,38,2026-06-01 19:45:00+00:00,REJECTED,DEPARTMENT,5,4b525688-1acd-4981-b213-0ea3aa8ecb43,2026-03-05 23:01:09.673381+00:00,2026-04-24 07:07:47.085227+00:00,Demande rejetée : contenu similaire déjà planifié.
e2a0f028-8eb5-4f22-95d2-8d1582a29536,Challenge collectif escape game interne - Finance - édition 0778,Team building,"Team building dédié à escape game interne, conçu pour le département Finance, avec objectifs clairs, échanges encadrés et livrables pratiques. Référence programme T2-0778.",2026-06-03 10:00:00+00:00,180,ONSITE,Salle Formation,,,58,2026-05-31 08:00:00+00:00,PUBLISHED,DEPARTMENT,3,a4a42f9d-a91e-4fe8-9b5b-917d60ef0495,2026-02-21 04:31:56.449209+00:00,2026-03-24 00:52:16.388281+00:00,
02ec2ba9-b783-418e-b51c-6325dab4b7c8,Formation finance pour non financiers - édition 0779,Formation,"Formation dédié à finance pour non financiers, conçu pour tous les collaborateurs, avec objectifs clairs, échanges encadrés et livrables pratiques. Référence programme T3-0779.",2026-06-08 16:45:00+00:00,120,ONLINE,,https://meet.company.example/formation-finance-pour-non-financiers-edition-0779,,23,2026-05-20 16:45:00+00:00,PUBLISHED,GLOBAL,,debfdb17-41a8-47ec-a914-677fa4a8b9d1,2026-01-06 01:56:28.015885+00:00,2026-01-15 03:45:12.445589+00:00,
38cf5ff3-39df-41ad-87fd-aef695251d5c,Rencontre expert expérience client - Développement - édition 0780,Conférence,"Conférence dédié à expérience client, conçu pour le département Développement, avec objectifs clairs, échanges encadrés et livrables pratiques. Référence programme T1-0780.",2026-12-25 16:00:00+00:00,120,EXTERNAL,,,"Zone industrielle Charguia 2, Tunis",54,2026-12-20 15:00:00+00:00,PUBLISHED,DEPARTMENT,6,ea94002e-07bf-4277-9b9a-4f657eaa8125,2026-04-17 02:18:03.651699+00:00,2026-04-20 23:32:57.837024+00:00,
03846d23-9551-4f6d-9871-af0dc07b7cd0,Défi collaboratif défi inter-départements - IoT - édition 0781,Team building,"Team building dédié à défi inter-départements, conçu pour le département IoT, avec objectifs clairs, échanges encadrés et livrables pratiques. Référence programme T2-0781.",2026-09-17 14:45:00+00:00,90,ONSITE,Salle Qualité,,,65,2026-08-24 12:45:00+00:00,PUBLISHED,DEPARTMENT,7,db513ac4-80bc-4d09-864b-24fb5dee1da4,2026-03-15 10:51:01.747005+00:00,2026-03-18 07:08:48.693355+00:00,
fc5d8ead-fb34-4623-8cde-c70c80238588,Hackathon innovation ouverte - édition 0782,Innovation,"Innovation dédié à innovation ouverte, conçu pour tous les collaborateurs, avec objectifs clairs, échanges encadrés et livrables pratiques. Référence programme T3-0782.",2026-11-18 14:00:00+00:00,120,ONSITE,Salle Communication,,,19,2026-10-28 11:00:00+00:00,PUBLISHED,GLOBAL,,67b9e613-4792-4b7e-88f0-54df3f761ed0,2026-03-10 09:29:01.341134+00:00,2026-03-21 11:12:12.289366+00:00,
646a9045-92c8-40ef-b747-cd7433fccae9,Live interne bien-être au travail - Communication interne - édition 0783,Webinaire,"Webinaire dédié à bien-être au travail, conçu pour le département Communication interne, avec objectifs clairs, échanges encadrés et livrables pratiques. Référence programme T1-0783.",2026-11-12 09:30:00+00:00,90,ONLINE,,https://meet.company.example/live-interne-bien-etre-au-travail-communication-interne-edition-0783,,256,2026-10-21 08:30:00+00:00,PUBLISHED,DEPARTMENT,12,45c10be6-7fac-4883-8cee-b772caa3f8de,2026-01-30 13:52:38.919022+00:00,2026-02-08 07:38:43.672317+00:00,
3d511cb8-71cf-4f9c-9e3e-2243ccc0c3ba,Workshop prise de parole - édition 0784,Atelier,"Atelier dédié à prise de parole, conçu pour tous les collaborateurs, avec objectifs clairs, échanges encadrés et livrables pratiques. Référence programme T2-0784.",2026-03-31 10:30:00+00:00,180,ONSITE,Lab IoT,,,55,2026-03-15 10:30:00+00:00,PUBLISHED,GLOBAL,,9f494bc5-731f-4f38-a367-32640bd2b56d,2026-02-10 19:30:05.506892+00:00,2026-02-27 12:45:41.002402+00:00,
bac5b13c-3c0a-42a8-865b-f5b85f569adc,Speed meeting communautés internes - édition 0785,Networking,"Networking dédié à communautés internes, conçu pour tous les collaborateurs, avec objectifs clairs, échanges encadrés et livrables pratiques. Référence programme T2-0785.",2026-07-16 15:15:00+00:00,120,ONSITE,Salle Innovation,,,86,2026-06-25 12:15:00+00:00,PUBLISHED,GLOBAL,,f2aba7e0-43cb-45a1-8ed2-80e2b36e4be9,2026-03-16 09:38:34.685796+00:00,2026-04-21 13:04:53.456054+00:00,
b5e0f44e-3011-4bd8-a218-f802536f8ce6,Atelier innovation hackathon interne - Finance - édition 0786,Innovation,"Innovation dédié à hackathon interne, conçu pour le département Finance, avec objectifs clairs, échanges encadrés et livrables pratiques. Référence programme T1-0786.",2026-07-10 14:45:00+00:00,45,ONLINE,,https://meet.company.example/atelier-innovation-hackathon-interne-finance-edition-0786,,34,2026-06-30 12:45:00+00:00,PUBLISHED,DEPARTMENT,3,f2b06dee-e475-4ddf-9811-39467ec5c4b3,2026-03-28 09:19:17.215041+00:00,2026-04-26 19:25:32.908235+00:00,
ac5c8ce4-7152-4b1f-8374-9c59ed00a418,Rencontre réseau experts internes - édition 0787,Networking,"Networking dédié à experts internes, conçu pour tous les collaborateurs, avec objectifs clairs, échanges encadrés et livrables pratiques. Référence programme T1-0787.",2026-09-13 13:15:00+00:00,120,ONSITE,Salle Qualité,,,164,2026-09-08 13:15:00+00:00,REJECTED,GLOBAL,,c58f7dbd-9a6d-4c3f-bed8-75f484e20259,2026-03-31 04:27:53.247129+00:00,2026-04-20 13:21:35.743111+00:00,Demande rejetée : objectifs insuffisamment définis.
fb22207e-f609-46d4-a2bc-b40059b5ac6c,Challenge innovation hackathon interne - édition 0788,Innovation,"Innovation dédié à hackathon interne, conçu pour le département Qualité, avec objectifs clairs, échanges encadrés et livrables pratiques. Référence programme T1-0788.",2026-12-20 11:45:00+00:00,120,ONLINE,,https://meet.company.example/challenge-innovation-hackathon-interne-edition-0788,,17,2026-11-26 11:45:00+00:00,PUBLISHED,DEPARTMENT,8,fdaa0ab3-4f74-427f-8610-07c992b50bf5,2026-04-02 02:02:09.072022+00:00,2026-04-02 10:12:21.337778+00:00,
2bbe7bac-1293-44cf-9637-be1e436f4205,Webinaire bien-être au travail - édition 0789,Webinaire,"Webinaire dédié à bien-être au travail, conçu pour le département IoT, avec objectifs clairs, échanges encadrés et livrables pratiques. Référence programme T2-0789.",2026-12-17 11:00:00+00:00,30,ONLINE,,https://meet.company.example/webinaire-bien-etre-au-travail-edition-0789,,439,2026-12-09 10:00:00+00:00,PUBLISHED,DEPARTMENT,7,e9259942-8396-473b-9057-48dcaca6a4b8,2026-01-17 23:42:41.244745+00:00,2026-02-10 06:41:48.281900+00:00,
eb02ccca-1537-46f0-9651-2c34a32ad660,Initiative durable économie d’énergie - édition 0790,RSE,"RSE dédié à économie d’énergie, conçu pour tous les collaborateurs, avec objectifs clairs, échanges encadrés et livrables pratiques. Référence programme T2-0790.",2026-08-20 14:30:00+00:00,90,ONSITE,Salle RH,,,163,2026-08-11 13:30:00+00:00,PUBLISHED,GLOBAL,,8ee4e6aa-49bf-4476-8827-7c43c8576b3a,2026-03-13 19:59:34.626344+00:00,2026-04-06 23:32:38.317612+00:00,
3cfc091f-2b98-4900-89dc-43f4cf863d5f,Atelier collaboratif organisation d’événement - édition 0791,Atelier,"Atelier dédié à organisation d’événement, conçu pour tous les collaborateurs, avec objectifs clairs, échanges encadrés et livrables pratiques. Référence programme T1-0791.",2026-11-21 09:15:00+00:00,60,ONSITE,Espace détente,,,25,2026-11-04 08:15:00+00:00,PUBLISHED,GLOBAL,,f6441207-59b2-4d0d-8e38-22e2061a049e,2026-03-18 21:47:20.185549+00:00,2026-04-01 21:27:17.474308+00:00,
56bb6c3b-10f4-4ea2-9fd4-21daa2bbd373,Atelier feedback constructif - édition 0792,Atelier,"Atelier dédié à feedback constructif, conçu pour le département Qualité, avec objectifs clairs, échanges encadrés et livrables pratiques. Référence programme T3-0792.",2026-05-05 09:30:00+00:00,90,ONLINE,,https://meet.company.example/atelier-feedback-constructif-edition-0792,,52,2026-04-11 06:30:00+00:00,PUBLISHED,DEPARTMENT,8,5eaddab7-e9e5-496f-98cf-f1c69022ecfa,2026-01-04 10:12:51.937272+00:00,2026-02-06 05:20:11.718466+00:00,
3883fd0a-10cb-4135-8923-cc63b0c68031,Présentation digitale marketing digital - Informatique - édition 0793,Webinaire,"Webinaire dédié à marketing digital, conçu pour le département Informatique, avec objectifs clairs, échanges encadrés et livrables pratiques. Référence programme T1-0793.",2026-08-14 15:30:00+00:00,45,ONLINE,,https://meet.company.example/presentation-digitale-marketing-digital-informatique-edition-0793,,175,2026-07-27 15:30:00+00:00,DRAFT,DEPARTMENT,1,1350d9cc-bc62-4dbc-b818-0ec25656b4c8,2026-03-21 01:25:12.488124+00:00,2026-04-13 20:44:05.811095+00:00,
391511c9-f31d-4c5a-b046-f93125f00200,Session bien-être nutrition et énergie - édition 0794,Bien-être,"Bien-être dédié à nutrition et énergie, conçu pour le département Ressources humaines, avec objectifs clairs, échanges encadrés et livrables pratiques. Référence programme T4-0794.",2026-05-03 15:30:00+00:00,120,ONLINE,,https://meet.company.example/session-bien-etre-nutrition-et-energie-edition-0794,,35,2026-04-21 15:30:00+00:00,DRAFT,DEPARTMENT,2,e8a80a6e-ee71-4373-8db9-cb211b8b0d92,2026-01-02 09:25:06.436242+00:00,2026-01-12 21:19:02.410638+00:00,
4d816f2b-e825-4373-9f39-353a2fa06b53,Rencontre réseau rencontre métiers - Finance - édition 0795,Networking,"Networking dédié à rencontre métiers, conçu pour le département Finance, avec objectifs clairs, échanges encadrés et livrables pratiques. Référence programme T4-0795.",2026-12-02 13:15:00+00:00,60,ONSITE,Lab IoT,,,84,2026-11-29 13:15:00+00:00,PUBLISHED,DEPARTMENT,3,fbabdc2f-0b0f-4905-8305-434bbbdaeebf,2026-01-21 16:41:43.078472+00:00,2026-03-24 11:31:13.019577+00:00,
b1709fee-0a7a-466a-8dbb-4a76734039a3,Atelier cohésion challenge collaboratif - édition 0796,Team building,"Team building dédié à challenge collaboratif, conçu pour tous les collaborateurs, avec objectifs clairs, échanges encadrés et livrables pratiques. Référence programme T4-0796.",2026-10-23 14:45:00+00:00,90,ONSITE,Salle Formation,,,61,2026-10-19 11:45:00+00:00,PUBLISHED,GLOBAL,,0255ba23-f10c-4e55-a632-f39545ad53f2,2026-01-17 03:15:55.194040+00:00,2026-04-21 21:11:39.351189+00:00,
d009127f-7454-4bc0-8581-c5715a9fc88c,Rencontre informelle équipes projet - édition 0797,Afterwork,"Afterwork dédié à équipes projet, conçu pour le département Ventes, avec objectifs clairs, échanges encadrés et livrables pratiques. Référence programme T3-0797.",2026-08-22 19:00:00+00:00,150,ONSITE,Salle Réunion B,,,61,2026-08-12 16:00:00+00:00,PUBLISHED,DEPARTMENT,5,93104829-8594-400a-b598-aff286b49018,2026-02-04 10:14:57.137908+00:00,2026-03-16 02:52:07.509589+00:00,
8a57d4c0-cdf2-4691-bc29-4237f6ef0a06,Atelier innovation innovation ouverte - Support client - édition 0798,Innovation,"Innovation dédié à innovation ouverte, conçu pour le département Support client, avec objectifs clairs, échanges encadrés et livrables pratiques. Référence programme T2-0798.",2026-08-11 16:30:00+00:00,45,ONSITE,Salle Finance,,,32,2026-07-28 16:30:00+00:00,PUBLISHED,DEPARTMENT,9,dc305b07-816b-4ee2-869d-98231db9d646,2026-02-15 00:41:17.413039+00:00,2026-04-18 21:11:52.152006+00:00,
073632f0-6ae9-43c8-a230-33ce61439f77,Atelier innovation hackathon interne - édition 0799,Innovation,"Innovation dédié à hackathon interne, conçu pour tous les collaborateurs, avec objectifs clairs, échanges encadrés et livrables pratiques. Référence programme T4-0799.",2026-04-06 14:00:00+00:00,90,ONSITE,Lab IoT,,,114,2026-04-01 11:00:00+00:00,PUBLISHED,GLOBAL,,182f7f8c-7ece-40b1-9940-ad0854333381,2026-01-05 04:20:46.242097+00:00,2026-01-15 19:24:28.892209+00:00,
57a22fbd-fb3d-4183-b17e-a631b6f5c5fe,Session bien-être gestion du stress - édition 0800,Bien-être,"Bien-être dédié à gestion du stress, conçu pour tous les collaborateurs, avec objectifs clairs, échanges encadrés et livrables pratiques. Référence programme T3-0800.",2026-06-18 09:45:00+00:00,120,ONSITE,Salle Innovation,,,60,2026-06-16 07:45:00+00:00,DRAFT,GLOBAL,,1bf756ca-dbef-4935-bac3-a3b692010a75,2026-04-22 09:12:54.533765+00:00,2026-04-29 06:24:41.133343+00:00,
2673bd5f-2df3-44cb-bda1-021c4c39998b,Workshop amélioration continue - édition 0801,Atelier,"Atelier dédié à amélioration continue, conçu pour tous les collaborateurs, avec objectifs clairs, échanges encadrés et livrables pratiques. Référence programme T1-0801.",2026-06-13 15:00:00+00:00,180,ONSITE,Salle Communication,,,34,2026-06-09 12:00:00+00:00,DRAFT,GLOBAL,,53234d32-ce6e-4a41-989f-d1958715bab4,2026-03-08 07:04:05.135475+00:00,2026-03-09 00:55:33.164573+00:00,
59595556-48f7-4c97-8237-651070e5e8d3,Soirée réseau convivialité - édition 0802,Afterwork,"Afterwork dédié à convivialité, conçu pour tous les collaborateurs, avec objectifs clairs, échanges encadrés et livrables pratiques. Référence programme T2-0802.",2026-03-04 19:00:00+00:00,150,ONSITE,Salle Qualité,,,20,2026-02-24 19:00:00+00:00,ARCHIVED,GLOBAL,,d045ce18-decd-4a51-b04a-c4a0b10839a7,2026-01-23 10:59:28.935238+00:00,2026-01-27 10:48:19.651257+00:00,
cc13928f-e4ab-4959-ae2c-49b6e026cea3,Atelier bien-être respiration et concentration - IoT - édition 0803,Bien-être,"Bien-être dédié à respiration et concentration, conçu pour le département IoT, avec objectifs clairs, échanges encadrés et livrables pratiques. Référence programme T4-0803.",2026-05-19 13:30:00+00:00,60,ONSITE,Espace détente,,,27,2026-04-27 11:30:00+00:00,PUBLISHED,DEPARTMENT,7,9500eed0-ba6a-4e02-904a-16af00d46e3e,2026-03-10 18:33:18.196987+00:00,2026-03-12 02:06:46.062824+00:00,
c9a732be-5800-47d3-ad7a-16bbea76b88c,Forum d’échanges réseau inter-départements - Ventes - édition 0804,Networking,"Networking dédié à réseau inter-départements, conçu pour le département Ventes, avec objectifs clairs, échanges encadrés et livrables pratiques. Référence programme T4-0804.",2026-04-16 13:15:00+00:00,60,ONSITE,Salle Qualité,,,119,2026-04-04 10:15:00+00:00,ARCHIVED,DEPARTMENT,5,1878e9de-abc1-4dcc-b6d3-1113c76c1a59,2026-01-31 02:34:29.403599+00:00,2026-02-09 03:07:08.915741+00:00,
8a03f6de-f2e4-4af6-bd65-fe4c14516956,Session valeurs onboarding culturel - édition 0805,Culture d’entreprise,"Culture d’entreprise dédié à onboarding culturel, conçu pour le département Développement, avec objectifs clairs, échanges encadrés et livrables pratiques. Référence programme T4-0805.",2026-12-27 11:30:00+00:00,60,ONLINE,,https://meet.company.example/session-valeurs-onboarding-culturel-edition-0805,,216,2026-12-10 10:30:00+00:00,PUBLISHED,DEPARTMENT,6,45c10be6-7fac-4883-8cee-b772caa3f8de,2026-04-08 08:17:22.701235+00:00,2026-04-15 03:44:11.796808+00:00,
915e8b4c-4dd9-470a-aad2-2e884db4cb8d,Moment convivial réseau interne - édition 0806,Afterwork,"Afterwork dédié à réseau interne, conçu pour le département Ventes, avec objectifs clairs, échanges encadrés et livrables pratiques. Référence programme T3-0806.",2026-08-28 19:00:00+00:00,90,ONSITE,Salle Innovation,,,112,2026-08-04 16:00:00+00:00,PENDING,DEPARTMENT,5,67ef2ce8-8158-4061-b39f-1648161b988a,2026-04-06 09:47:40.688532+00:00,2026-04-17 13:48:20.510301+00:00,
a3820003-0e60-4d17-8acb-508e6d922802,Session pratique organisation d’événement - édition 0807,Atelier,"Atelier dédié à organisation d’événement, conçu pour tous les collaborateurs, avec objectifs clairs, échanges encadrés et livrables pratiques. Référence programme T4-0807.",2026-09-27 14:45:00+00:00,90,ONSITE,Salle Formation,,,33,2026-09-21 14:45:00+00:00,PENDING,GLOBAL,,7b168703-cc4f-43e5-9775-7d74b4db3f7f,2026-02-20 23:27:42.106177+00:00,2026-04-30 04:11:14.039453+00:00,
2ebe50f2-615a-4a40-af41-46e8c77731ee,Afterwork convivialité - édition 0808,Afterwork,"Afterwork dédié à convivialité, conçu pour tous les collaborateurs, avec objectifs clairs, échanges encadrés et livrables pratiques. Référence programme T4-0808.",2026-11-06 18:00:00+00:00,90,ONSITE,Salle Réunion B,,,111,2026-10-16 16:00:00+00:00,PENDING,GLOBAL,,79456f8d-6ac6-4880-873b-04763ea7326d,2026-01-09 09:01:51.733238+00:00,2026-02-14 15:23:44.607093+00:00,
d80c78c8-0d48-48b5-b5f8-320420207913,Culture d’entreprise rituels d’équipe - édition 0809,Culture d’entreprise,"Culture d’entreprise dédié à rituels d’équipe, conçu pour tous les collaborateurs, avec objectifs clairs, échanges encadrés et livrables pratiques. Référence programme T2-0809.",2026-06-14 11:45:00+00:00,45,EXTERNAL,,,"Technopole El Ghazala, Ariana",138,2026-05-31 09:45:00+00:00,PENDING,GLOBAL,,cb6d8e05-1472-47ff-b732-cb920eb596dd,2026-01-18 22:33:00.890779+00:00,2026-04-22 10:33:22.789942+00:00,
b5a07b22-e8b4-4066-9f47-dfab0796c1c3,Networking experts internes - édition 0810,Networking,"Networking dédié à experts internes, conçu pour le département Marketing, avec objectifs clairs, échanges encadrés et livrables pratiques. Référence programme T3-0810.",2026-04-30 10:15:00+00:00,90,ONSITE,Espace détente,,,148,2026-04-06 08:15:00+00:00,PUBLISHED,DEPARTMENT,4,070f1315-23db-4264-a087-d9f5634d6d48,2026-01-16 05:28:02.306284+00:00,2026-04-14 09:09:29.670728+00:00,
a5720b7c-8d0a-457a-8fca-53a0579229fc,Speed meeting réseau inter-départements - édition 0811,Networking,"Networking dédié à réseau inter-départements, conçu pour le département Finance, avec objectifs clairs, échanges encadrés et livrables pratiques. Référence programme T3-0811.",2026-06-16 10:00:00+00:00,120,ONSITE,Salle Innovation,,,197,2026-05-29 08:00:00+00:00,PENDING,DEPARTMENT,3,278dc842-25a6-4a12-919b-ae5cb5106a96,2026-02-21 19:03:20.748916+00:00,2026-03-28 07:41:54.752445+00:00,
239b4fdd-590b-4f5b-bba6-d6b4b33c0656,Atelier innovation innovation client - édition 0812,Innovation,"Innovation dédié à innovation client, conçu pour le département IoT, avec objectifs clairs, échanges encadrés et livrables pratiques. Référence programme T1-0812.",2026-09-28 15:45:00+00:00,60,ONLINE,,https://meet.company.example/atelier-innovation-innovation-client-edition-0812,,60,2026-09-19 13:45:00+00:00,PUBLISHED,DEPARTMENT,7,544f4247-a6c8-459e-997a-f558b28f1006,2026-03-13 05:57:05.402026+00:00,2026-04-05 10:02:15.013086+00:00,
ca9c89e1-6773-4d22-ae0e-6f92a71ee7df,Rencontre santé au travail nutrition et énergie - édition 0813,Bien-être,"Bien-être dédié à nutrition et énergie, conçu pour tous les collaborateurs, avec objectifs clairs, échanges encadrés et livrables pratiques. Référence programme T4-0813.",2026-10-22 10:00:00+00:00,120,ONSITE,Salle Finance,,,14,2026-10-12 08:00:00+00:00,PUBLISHED,GLOBAL,,f19708c8-85b2-4faa-825b-a2fefaac0687,2026-03-31 20:36:50.364558+00:00,2026-04-11 13:53:54.155849+00:00,
56762f85-ec2d-4370-b8f1-936cdab3df41,Rencontre santé au travail gestion du stress - Ressources humaines - édition 0814,Bien-être,"Bien-être dédié à gestion du stress, conçu pour le département Ressources humaines, avec objectifs clairs, échanges encadrés et livrables pratiques. Référence programme T1-0814.",2026-08-15 10:00:00+00:00,120,ONSITE,Salle Qualité,,,17,2026-07-27 09:00:00+00:00,PUBLISHED,DEPARTMENT,2,edff2c41-0933-4e95-aa63-ea67ea877576,2026-04-02 00:47:29.051658+00:00,2026-04-18 02:44:58.823135+00:00,
7aee12a4-46fa-46ae-a1a6-429f8cd9ed34,Live interne reporting financier - édition 0815,Webinaire,"Webinaire dédié à reporting financier, conçu pour tous les collaborateurs, avec objectifs clairs, échanges encadrés et livrables pratiques. Référence programme T3-0815.",2026-12-01 09:00:00+00:00,90,ONLINE,,https://meet.company.example/live-interne-reporting-financier-edition-0815,,475,2026-11-28 08:00:00+00:00,PUBLISHED,GLOBAL,,04ae859c-0c10-43f9-b75f-3eda713debdb,2026-02-20 18:45:22.610517+00:00,2026-03-08 09:08:47.810592+00:00,
a9fa85b7-b670-4801-9455-5a31e1324072,Hackathon expérimentation digitale - édition 0816,Innovation,"Innovation dédié à expérimentation digitale, conçu pour le département Informatique, avec objectifs clairs, échanges encadrés et livrables pratiques. Référence programme T3-0816.",2026-08-11 10:45:00+00:00,45,EXTERNAL,,,"Rue du Lac Biwa, Les Berges du Lac, Tunis",50,2026-07-22 08:45:00+00:00,PUBLISHED,DEPARTMENT,1,8a674818-0a1b-475b-a8c9-cbe1e87d7943,2026-03-23 13:30:55.984704+00:00,2026-04-17 08:07:25.073365+00:00,
4e02ba7a-580f-48b2-af71-119547fc21d6,Live interne protection des données - édition 0817,Webinaire,"Webinaire dédié à protection des données, conçu pour le département Ressources humaines, avec objectifs clairs, échanges encadrés et livrables pratiques. Référence programme T3-0817.",2026-11-12 16:45:00+00:00,60,ONLINE,,https://meet.company.example/live-interne-protection-des-donnees-edition-0817,,483,2026-10-22 15:45:00+00:00,REJECTED,DEPARTMENT,2,4c066895-d413-435c-a54a-7085ccebb310,2026-04-20 00:19:58.386984+00:00,2026-04-28 18:00:53.240159+00:00,Demande rejetée : budget non justifié.
65872fb0-9a42-4fc7-8347-e40dbe37a721,Atelier innovation automatisation métier - édition 0818,Innovation,"Innovation dédié à automatisation métier, conçu pour le département Qualité, avec objectifs clairs, échanges encadrés et livrables pratiques. Référence programme T2-0818.",2026-11-04 13:45:00+00:00,45,ONSITE,Salle Formation,,,27,2026-10-22 10:45:00+00:00,PUBLISHED,DEPARTMENT,8,e8dda1ab-4e22-4b44-b642-16d429b530e6,2026-01-15 17:25:34.995974+00:00,2026-04-14 00:58:00.096940+00:00,
26ecf96c-fc59-434d-b997-711495c80de6,Speed meeting petit-déjeuner business - édition 0819,Networking,"Networking dédié à petit-déjeuner business, conçu pour le département Juridique, avec objectifs clairs, échanges encadrés et livrables pratiques. Référence programme T4-0819.",2026-05-20 14:45:00+00:00,45,ONSITE,Salle Formation,,,166,2026-05-15 14:45:00+00:00,DRAFT,DEPARTMENT,10,216e3c28-a95a-4cd1-b163-01b319c3d109,2026-03-22 01:22:49.933848+00:00,2026-04-29 22:22:58.907095+00:00,
23980cff-c2ed-491d-a185-76d35cc1d91a,Session valeurs rencontre direction - édition 0820,Culture d’entreprise,"Culture d’entreprise dédié à rencontre direction, conçu pour tous les collaborateurs, avec objectifs clairs, échanges encadrés et livrables pratiques. Référence programme T2-0820.",2026-05-05 13:00:00+00:00,120,ONLINE,,https://meet.company.example/session-valeurs-rencontre-direction-edition-0820,,170,2026-04-14 12:00:00+00:00,PUBLISHED,GLOBAL,,04ae859c-0c10-43f9-b75f-3eda713debdb,2026-02-07 05:32:04.679579+00:00,2026-03-05 06:50:27.197946+00:00,
349ca628-4649-46eb-8917-713f0b8872b2,Keynote interne culture agile - Support client - édition 0821,Conférence,"Conférence dédié à culture agile, conçu pour le département Support client, avec objectifs clairs, échanges encadrés et livrables pratiques. Référence programme T2-0821.",2026-08-21 09:00:00+00:00,120,ONSITE,Salle Qualité,,,171,2026-08-10 07:00:00+00:00,PUBLISHED,DEPARTMENT,9,ae8476f4-9a83-4f9f-a68f-08866cdec032,2026-02-04 16:17:05.567756+00:00,2026-02-24 04:56:53.666696+00:00,
42c3c22c-87c3-4732-bc49-82c1a88cef61,Challenge innovation innovation ouverte - édition 0822,Innovation,"Innovation dédié à innovation ouverte, conçu pour tous les collaborateurs, avec objectifs clairs, échanges encadrés et livrables pratiques. Référence programme T4-0822.",2026-11-22 15:15:00+00:00,45,ONLINE,,https://meet.company.example/challenge-innovation-innovation-ouverte-edition-0822,,110,2026-11-11 12:15:00+00:00,PUBLISHED,GLOBAL,,0a7c3f39-db01-4c8d-b560-eb1abdfe5054,2026-02-09 19:18:59.529196+00:00,2026-04-09 00:16:39.580804+00:00,
fd436eba-88a8-4697-8b22-5ec4f27c856a,Workshop idéation produit - IoT - édition 0823,Atelier,"Atelier dédié à idéation produit, conçu pour le département IoT, avec objectifs clairs, échanges encadrés et livrables pratiques. Référence programme T4-0823.",2026-10-27 15:30:00+00:00,90,ONLINE,,https://meet.company.example/workshop-ideation-produit-iot-edition-0823,,9,2026-10-13 15:30:00+00:00,PUBLISHED,DEPARTMENT,7,f6441207-59b2-4d0d-8e38-22e2061a049e,2026-01-03 15:39:08.805473+00:00,2026-03-16 23:11:52.342684+00:00,
331da1af-2206-4456-bd38-421df652d89d,Speed meeting experts internes - Qualité - édition 0824,Networking,"Networking dédié à experts internes, conçu pour le département Qualité, avec objectifs clairs, échanges encadrés et livrables pratiques. Référence programme T4-0824.",2026-12-01 15:00:00+00:00,60,ONSITE,Salle Qualité,,,41,2026-11-14 13:00:00+00:00,PUBLISHED,DEPARTMENT,8,db513ac4-80bc-4d09-864b-24fb5dee1da4,2026-02-26 21:05:09.352583+00:00,2026-03-24 09:02:43.542975+00:00,
047776e2-6d32-4a26-8956-ac10a6c47530,Rencontre informelle innovation - édition 0825,Afterwork,"Afterwork dédié à innovation, conçu pour tous les collaborateurs, avec objectifs clairs, échanges encadrés et livrables pratiques. Référence programme T3-0825.",2026-10-27 17:00:00+00:00,90,ONSITE,Espace détente,,,24,2026-10-07 14:00:00+00:00,PUBLISHED,GLOBAL,,37984151-0631-4f6f-b709-904ba8c61676,2026-04-22 19:30:00.840346+00:00,2026-04-27 04:13:01.446992+00:00,
d9b896b4-64da-47a2-869c-fc2b76a37539,Session de formation SQL avancé - édition 0826,Formation,"Formation dédié à SQL avancé, conçu pour le département Ressources humaines, avec objectifs clairs, échanges encadrés et livrables pratiques. Référence programme T2-0826.",2026-06-19 11:45:00+00:00,120,ONSITE,Salle Finance,,,8,2026-06-02 11:45:00+00:00,PUBLISHED,DEPARTMENT,2,49df03d0-fa40-4cdf-b3df-abf37a14050b,2026-03-04 14:59:43.773013+00:00,2026-03-30 07:12:15.958589+00:00,
00c32fcf-b2c3-4e7c-af3e-91185a508d45,Atelier design thinking - édition 0827,Atelier,"Atelier dédié à design thinking, conçu pour tous les collaborateurs, avec objectifs clairs, échanges encadrés et livrables pratiques. Référence programme T2-0827.",2026-08-26 14:30:00+00:00,90,ONLINE,,https://meet.company.example/atelier-design-thinking-edition-0827,,12,2026-08-23 14:30:00+00:00,DRAFT,GLOBAL,,938ad754-ae19-4622-bf35-e9b4fd3944cb,2026-04-02 17:59:57.922451+00:00,2026-04-12 12:14:43.625410+00:00,
8cc72972-aa24-4797-ac8a-e54355aaa94f,Challenge innovation expérimentation digitale - édition 0828,Innovation,"Innovation dédié à expérimentation digitale, conçu pour tous les collaborateurs, avec objectifs clairs, échanges encadrés et livrables pratiques. Référence programme T3-0828.",2026-03-03 15:00:00+00:00,45,ONLINE,,https://meet.company.example/challenge-innovation-experimentation-digitale-edition-0828,,104,2026-02-22 12:00:00+00:00,ARCHIVED,GLOBAL,,d5d7156b-757a-4b4f-9950-c3a38b7b858d,2026-01-12 09:13:46.482124+00:00,2026-02-10 01:35:22.554990+00:00,
35792e83-9140-4e2b-a199-6e378151f4a8,Session de formation SQL avancé - édition 0829,Formation,"Formation dédié à SQL avancé, conçu pour le département Finance, avec objectifs clairs, échanges encadrés et livrables pratiques. Référence programme T4-0829.",2026-08-19 10:45:00+00:00,180,ONLINE,,https://meet.company.example/session-de-formation-sql-avance-edition-0829,,61,2026-08-05 07:45:00+00:00,PUBLISHED,DEPARTMENT,3,50480e44-2e0d-4139-aa9b-67dfcc405d62,2026-02-07 02:44:40.409517+00:00,2026-04-01 18:27:15.373912+00:00,
240f8070-1bd8-4360-8edf-ed44be17af36,Table ronde leadership responsable - Ressources humaines - édition 0830,Conférence,"Conférence dédié à leadership responsable, conçu pour le département Ressources humaines, avec objectifs clairs, échanges encadrés et livrables pratiques. Référence programme T1-0830.",2026-07-23 11:30:00+00:00,120,ONLINE,,https://meet.company.example/table-ronde-leadership-responsable-ressources-humaines-edition-0830,,222,2026-07-18 11:30:00+00:00,PUBLISHED,DEPARTMENT,2,68188865-471e-41c4-ab21-d803009fe1ae,2026-02-18 06:27:19.082789+00:00,2026-02-21 18:39:23.940087+00:00,
ad9f0c18-b62d-47cd-a11c-de4221504aa3,Pause prévention ergonomie au travail - édition 0831,Bien-être,"Bien-être dédié à ergonomie au travail, conçu pour tous les collaborateurs, avec objectifs clairs, échanges encadrés et livrables pratiques. Référence programme T1-0831.",2026-08-10 11:15:00+00:00,90,ONSITE,Salle Finance,,,26,2026-07-23 08:15:00+00:00,PUBLISHED,GLOBAL,,dea563e5-75d4-4009-859c-5370f9952466,2026-03-26 18:49:39.741984+00:00,2026-04-17 04:46:18.399531+00:00,
2c2463f5-46d4-400d-a803-c784a3b705f0,Rencontre réseau réseau inter-départements - édition 0832,Networking,"Networking dédié à réseau inter-départements, conçu pour tous les collaborateurs, avec objectifs clairs, échanges encadrés et livrables pratiques. Référence programme T2-0832.",2026-09-06 15:15:00+00:00,90,ONSITE,Salle Communication,,,198,2026-08-22 13:15:00+00:00,PUBLISHED,GLOBAL,,fcde4003-2759-47b7-b54d-25da4c86740a,2026-03-13 00:19:22.007377+00:00,2026-05-01 00:23:02.190245+00:00,
65b4594a-eefd-44f2-a85b-5e803901832b,Pause prévention respiration et concentration - édition 0833,Bien-être,"Bien-être dédié à respiration et concentration, conçu pour tous les collaborateurs, avec objectifs clairs, échanges encadrés et livrables pratiques. Référence programme T2-0833.",2026-05-21 15:45:00+00:00,60,ONSITE,Salle RH,,,60,2026-05-10 12:45:00+00:00,PUBLISHED,GLOBAL,,4b525688-1acd-4981-b213-0ea3aa8ecb43,2026-02-16 06:02:13.609842+00:00,2026-04-15 16:22:26.973207+00:00,
87e4ac4c-0d90-49d7-a19d-9e92b5538225,Atelier organisation d’événement - édition 0834,Atelier,"Atelier dédié à organisation d’événement, conçu pour le département Informatique, avec objectifs clairs, échanges encadrés et livrables pratiques. Référence programme T2-0834.",2026-09-13 16:45:00+00:00,180,ONLINE,,https://meet.company.example/atelier-organisation-d-evenement-edition-0834,,57,2026-08-20 14:45:00+00:00,PUBLISHED,DEPARTMENT,1,8eb23e0d-e7bd-4642-b245-6338a02daf5d,2026-01-17 03:14:19.246895+00:00,2026-04-12 18:43:53.318124+00:00,
8ec5667d-dbb0-4884-bd0c-a4f374b93906,Rencontre réseau petit-déjeuner business - édition 0835,Networking,"Networking dédié à petit-déjeuner business, conçu pour le département Développement, avec objectifs clairs, échanges encadrés et livrables pratiques. Référence programme T1-0835.",2026-10-23 16:00:00+00:00,120,ONSITE,Salle A,,,179,2026-10-17 13:00:00+00:00,PUBLISHED,DEPARTMENT,6,510ae9dd-0fef-4647-ab59-c05d2f715afe,2026-02-20 03:55:11.127897+00:00,2026-03-20 02:46:07.557674+00:00,
a4442a84-9954-4d3c-858f-38bb88cbcfc2,Session valeurs rituels d’équipe - édition 0836,Culture d’entreprise,"Culture d’entreprise dédié à rituels d’équipe, conçu pour le département Informatique, avec objectifs clairs, échanges encadrés et livrables pratiques. Référence programme T4-0836.",2026-03-13 13:45:00+00:00,60,ONLINE,,https://meet.company.example/session-valeurs-rituels-d-equipe-edition-0836,,171,2026-02-28 11:45:00+00:00,ARCHIVED,DEPARTMENT,1,50e23573-ed49-4a5a-a274-62ac3d92fa00,2026-01-03 15:54:11.103928+00:00,2026-03-09 14:26:48.526067+00:00,
fae17f8c-ced2-40c0-b065-00de39708d74,Networking réseau inter-départements - Qualité - édition 0837,Networking,"Networking dédié à réseau inter-départements, conçu pour le département Qualité, avec objectifs clairs, échanges encadrés et livrables pratiques. Référence programme T2-0837.",2026-10-09 10:00:00+00:00,120,ONSITE,Salle A,,,152,2026-09-25 10:00:00+00:00,PUBLISHED,DEPARTMENT,8,fd980494-269c-489f-be6e-0159fbcec461,2026-02-16 13:09:52.046907+00:00,2026-03-27 03:45:14.090645+00:00,
9b799764-294a-4c71-a98e-d0fd0a27e745,Workshop feedback constructif - édition 0838,Atelier,"Atelier dédié à feedback constructif, conçu pour le département Achats, avec objectifs clairs, échanges encadrés et livrables pratiques. Référence programme T1-0838.",2026-11-26 16:00:00+00:00,180,ONLINE,,https://meet.company.example/workshop-feedback-constructif-edition-0838,,14,2026-11-22 15:00:00+00:00,PUBLISHED,DEPARTMENT,11,039ce623-075d-4c69-9235-d786fde3bf5a,2026-02-04 11:01:35.228648+00:00,2026-02-11 19:23:21.805218+00:00,
dc2e6c9b-b3d0-4f14-8063-87d336a0d4ed,Session pratique gestion budgétaire - Ressources humaines - édition 0839,Atelier,"Atelier dédié à gestion budgétaire, conçu pour le département Ressources humaines, avec objectifs clairs, échanges encadrés et livrables pratiques. Référence programme T3-0839.",2026-03-29 09:00:00+00:00,90,ONSITE,Salle Communication,,,34,2026-03-15 09:00:00+00:00,ARCHIVED,DEPARTMENT,2,2282676e-c8d8-45b4-8148-cb534f3e78bb,2026-02-14 19:48:28.287976+00:00,2026-02-20 02:43:55.674642+00:00,
79147e98-6b9a-446b-becd-95005a255012,Atelier gestion budgétaire - édition 0840,Atelier,"Atelier dédié à gestion budgétaire, conçu pour tous les collaborateurs, avec objectifs clairs, échanges encadrés et livrables pratiques. Référence programme T2-0840.",2026-03-28 16:15:00+00:00,120,ONSITE,Salle Réunion B,,,75,2026-03-17 16:15:00+00:00,ARCHIVED,GLOBAL,,d1b2491c-d6e0-4961-a163-1cd855b2b145,2026-01-15 15:38:34.943872+00:00,2026-02-06 18:47:51.513720+00:00,
39f79abc-22f6-4fd6-b870-8d32a6401060,Rencontre santé au travail respiration et concentration - édition 0841,Bien-être,"Bien-être dédié à respiration et concentration, conçu pour tous les collaborateurs, avec objectifs clairs, échanges encadrés et livrables pratiques. Référence programme T1-0841.",2026-10-14 11:45:00+00:00,90,ONSITE,Salle Communication,,,65,2026-10-09 11:45:00+00:00,PUBLISHED,GLOBAL,,b4288a6b-52f0-44ab-821f-5bb760918a76,2026-01-06 09:37:43.378467+00:00,2026-04-18 12:52:32.527183+00:00,
0ca7ce34-271c-473c-b708-df96180a744e,Challenge innovation expérimentation digitale - édition 0842,Innovation,"Innovation dédié à expérimentation digitale, conçu pour tous les collaborateurs, avec objectifs clairs, échanges encadrés et livrables pratiques. Référence programme T1-0842.",2026-03-24 09:15:00+00:00,60,ONLINE,,https://meet.company.example/challenge-innovation-experimentation-digitale-edition-0842,,102,2026-03-12 07:15:00+00:00,CANCELLED,GLOBAL,,ce175c8f-1175-4928-bf29-79fe69406339,2026-02-19 07:39:58.996483+00:00,2026-03-21 01:23:07.701199+00:00,Budget non validé pour cette édition.
593077b6-140e-4768-8806-1eddccc9a837,Atelier innovation hackathon interne - édition 0843,Innovation,"Innovation dédié à hackathon interne, conçu pour tous les collaborateurs, avec objectifs clairs, échanges encadrés et livrables pratiques. Référence programme T3-0843.",2026-10-25 10:15:00+00:00,60,ONSITE,Lab IoT,,,42,2026-10-17 10:15:00+00:00,PUBLISHED,GLOBAL,,f13df37c-d98f-46b6-94f2-685c946a87c1,2026-01-20 08:16:59.748031+00:00,2026-02-11 03:30:33.531113+00:00,
804fa0d3-ab8c-457f-8d20-7306c5e10a37,Team building cohésion d’équipe - édition 0844,Team building,"Team building dédié à cohésion d’équipe, conçu pour tous les collaborateurs, avec objectifs clairs, échanges encadrés et livrables pratiques. Référence programme T1-0844.",2026-11-05 11:45:00+00:00,120,ONSITE,Lab IoT,,,42,2026-11-01 08:45:00+00:00,PUBLISHED,GLOBAL,,43961ba3-19dc-4b35-a7d8-f70fec307809,2026-03-17 23:39:04.893619+00:00,2026-04-07 15:17:20.938527+00:00,
c2426799-0668-421a-b7c6-cbddb665e60d,Rencontre culture interne onboarding culturel - édition 0845,Culture d’entreprise,"Culture d’entreprise dédié à onboarding culturel, conçu pour le département Support client, avec objectifs clairs, échanges encadrés et livrables pratiques. Référence programme T1-0845.",2026-04-14 10:30:00+00:00,45,ONLINE,,https://meet.company.example/rencontre-culture-interne-onboarding-culturel-edition-0845,,231,2026-04-10 10:30:00+00:00,CANCELLED,DEPARTMENT,9,869f5770-ffbd-42b1-9908-f61f8fbbc8ea,2026-01-28 13:15:26.756962+00:00,2026-02-01 22:50:54.661061+00:00,Conflit de planning avec un événement prioritaire.
79422d57-4ee5-4236-81d7-926c537c9e8c,Session de formation finance pour non financiers - Communication interne - édition 0846,Formation,"Formation dédié à finance pour non financiers, conçu pour le département Communication interne, avec objectifs clairs, échanges encadrés et livrables pratiques. Référence programme T1-0846.",2026-04-20 11:00:00+00:00,180,ONSITE,Salle RH,,,32,2026-04-12 09:00:00+00:00,ARCHIVED,DEPARTMENT,12,62f0f942-5b08-4351-9bfb-920a9b2364ec,2026-01-15 18:15:48.843647+00:00,2026-03-01 12:15:41.468205+00:00,
080e254b-d476-439b-9584-9dd32c9b3ae1,Speed meeting petit-déjeuner business - édition 0847,Networking,"Networking dédié à petit-déjeuner business, conçu pour tous les collaborateurs, avec objectifs clairs, échanges encadrés et livrables pratiques. Référence programme T4-0847.",2026-04-17 11:30:00+00:00,120,EXTERNAL,,,"Rue de l’Innovation, Lac 1, Tunis",199,2026-03-27 11:30:00+00:00,ARCHIVED,GLOBAL,,592aac8f-3efc-40e6-8749-bea31258b4be,2026-02-07 12:37:15.371963+00:00,2026-03-19 04:22:43.486558+00:00,
db224a69-f29c-47ad-8c3b-3d21f2b05b7c,Lab innovation hackathon interne - Développement - édition 0848,Innovation,"Innovation dédié à hackathon interne, conçu pour le département Développement, avec objectifs clairs, échanges encadrés et livrables pratiques. Référence programme T3-0848.",2026-05-11 15:15:00+00:00,60,EXTERNAL,,,"Avenue Habib Bourguiba, Tunis",96,2026-04-23 12:15:00+00:00,PUBLISHED,DEPARTMENT,6,bc82679b-60ac-4cb8-a2c8-90cf85491d9f,2026-03-14 19:28:10.994329+00:00,2026-03-30 07:53:01.729467+00:00,
04aec5cd-f7fa-4d57-a569-120fca542612,Rencontre informelle équipes projet - IoT - édition 0849,Afterwork,"Afterwork dédié à équipes projet, conçu pour le département IoT, avec objectifs clairs, échanges encadrés et livrables pratiques. Référence programme T4-0849.",2026-11-02 17:45:00+00:00,150,ONSITE,Espace détente,,,63,2026-10-21 17:45:00+00:00,CANCELLED,DEPARTMENT,7,44bd7edf-b40c-4e70-80b5-06cef76b4c8c,2026-04-10 13:04:03.758583+00:00,2026-04-27 21:13:48.705850+00:00,Budget non validé pour cette édition.
50232d80-70de-4af6-9c62-7f90fb045009,Keynote interne transformation digitale - édition 0850,Conférence,"Conférence dédié à transformation digitale, conçu pour le département Support client, avec objectifs clairs, échanges encadrés et livrables pratiques. Référence programme T2-0850.",2026-10-06 15:30:00+00:00,90,ONSITE,Salle RH,,,146,2026-09-18 13:30:00+00:00,PUBLISHED,DEPARTMENT,9,c7d4b081-bb87-4340-9a1f-0649f6113b13,2026-01-04 11:10:21.078437+00:00,2026-02-14 09:35:35.665656+00:00,
24f4372e-1015-43ad-a5bd-a2627d56ef68,Speed meeting communautés internes - édition 0851,Networking,"Networking dédié à communautés internes, conçu pour le département Ressources humaines, avec objectifs clairs, échanges encadrés et livrables pratiques. Référence programme T1-0851.",2026-04-29 15:45:00+00:00,90,ONLINE,,https://meet.company.example/speed-meeting-communautes-internes-edition-0851,,67,2026-04-19 15:45:00+00:00,PUBLISHED,DEPARTMENT,2,ef84d501-5809-42c6-811a-459fc59c8de1,2026-01-08 12:16:07.197220+00:00,2026-02-10 07:04:46.168718+00:00,
75717fdf-1844-4625-86fe-1d51edaab5a8,Live interne protection des données - édition 0852,Webinaire,"Webinaire dédié à protection des données, conçu pour tous les collaborateurs, avec objectifs clairs, échanges encadrés et livrables pratiques. Référence programme T3-0852.",2026-11-15 15:45:00+00:00,45,ONLINE,,https://meet.company.example/live-interne-protection-des-donnees-edition-0852,,62,2026-11-01 14:45:00+00:00,PUBLISHED,GLOBAL,,f74bfc4f-83da-466c-9090-774178a81831,2026-02-15 12:05:46.161716+00:00,2026-03-31 16:26:29.527363+00:00,
9744267b-93aa-4e81-bf6e-3a49ff2c188c,Session pratique design thinking - édition 0853,Atelier,"Atelier dédié à design thinking, conçu pour tous les collaborateurs, avec objectifs clairs, échanges encadrés et livrables pratiques. Référence programme T3-0853.",2026-07-22 11:30:00+00:00,90,ONSITE,Salle Formation,,,15,2026-07-03 10:30:00+00:00,PUBLISHED,GLOBAL,,1edf11bf-caeb-49fc-8f55-69e63e815dae,2026-02-05 18:49:19.392874+00:00,2026-02-24 11:27:59.126800+00:00,
996ef5f6-fa72-43fa-8cd7-a50df2f3a9b6,Speed meeting réseau inter-départements - édition 0854,Networking,"Networking dédié à réseau inter-départements, conçu pour tous les collaborateurs, avec objectifs clairs, échanges encadrés et livrables pratiques. Référence programme T1-0854.",2026-09-20 09:45:00+00:00,90,ONSITE,Salle RH,,,260,2026-09-01 08:45:00+00:00,PENDING,GLOBAL,,45c10be6-7fac-4883-8cee-b772caa3f8de,2026-03-11 03:17:45.675470+00:00,2026-04-19 15:23:53.176913+00:00,
e1c250ba-e8d1-4fec-ab47-c03a3e1b89b4,Session bien-être gestion du stress - édition 0855,Bien-être,"Bien-être dédié à gestion du stress, conçu pour le département Ventes, avec objectifs clairs, échanges encadrés et livrables pratiques. Référence programme T4-0855.",2026-08-04 14:45:00+00:00,90,ONSITE,Salle RH,,,56,2026-07-17 14:45:00+00:00,PUBLISHED,DEPARTMENT,5,b54fdc5c-e828-48f4-8b75-28fe75c046a8,2026-01-27 16:36:00.220460+00:00,2026-04-05 03:40:48.172018+00:00,
6e1d46f1-8264-4342-9263-21c31373eee7,Journée responsable bénévolat entreprise - Finance - édition 0856,RSE,"RSE dédié à bénévolat entreprise, conçu pour le département Finance, avec objectifs clairs, échanges encadrés et livrables pratiques. Référence programme T3-0856.",2026-09-15 11:00:00+00:00,90,EXTERNAL,,,"Immeuble Carthage Business Center, Tunis",209,2026-08-22 08:00:00+00:00,PUBLISHED,DEPARTMENT,3,d1b2491c-d6e0-4961-a163-1cd855b2b145,2026-03-11 12:47:26.779671+00:00,2026-03-22 01:57:00.768937+00:00,
0c8d8d3d-56d7-4417-a3dd-7d40e6c1d898,Session de formation Power BI - édition 0857,Formation,"Formation dédié à Power BI, conçu pour tous les collaborateurs, avec objectifs clairs, échanges encadrés et livrables pratiques. Référence programme T1-0857.",2026-07-26 14:30:00+00:00,180,ONSITE,Salle Formation,,,80,2026-07-03 13:30:00+00:00,REJECTED,GLOBAL,,d264ec2d-d6b4-4a68-a16e-2ce4e95ca174,2026-01-07 01:26:16.805952+00:00,2026-02-13 14:11:22.480146+00:00,Demande rejetée : objectifs insuffisamment définis.
35aa3585-3880-466e-a4f8-b30d6b45c62b,Soirée réseau finance et business - édition 0858,Afterwork,"Afterwork dédié à finance et business, conçu pour tous les collaborateurs, avec objectifs clairs, échanges encadrés et livrables pratiques. Référence programme T4-0858.",2026-04-02 18:00:00+00:00,150,EXTERNAL,,,"Zone industrielle Charguia 2, Tunis",33,2026-03-15 15:00:00+00:00,ARCHIVED,GLOBAL,,c1e9f1c5-3a1d-407e-9767-7cb7c9089296,2026-01-17 12:31:50.422694+00:00,2026-03-01 18:55:46.994747+00:00,
0f5fb016-b023-4cb2-92d1-aef3c93d6fe7,Rencontre expert finance durable - édition 0859,Conférence,"Conférence dédié à finance durable, conçu pour le département Finance, avec objectifs clairs, échanges encadrés et livrables pratiques. Référence programme T3-0859.",2026-07-06 13:00:00+00:00,60,ONSITE,Auditorium,,,227,2026-07-03 12:00:00+00:00,PENDING,DEPARTMENT,3,5dc41219-d217-4f8f-a4d3-a9ec3b263384,2026-03-19 05:16:05.466996+00:00,2026-03-21 00:45:01.384035+00:00,
7c599268-f746-4e6a-9127-104998e1ca41,Formation SQL avancé - édition 0860,Formation,"Formation dédié à SQL avancé, conçu pour tous les collaborateurs, avec objectifs clairs, échanges encadrés et livrables pratiques. Référence programme T4-0860.",2026-04-18 14:00:00+00:00,90,EXTERNAL,,,"Centre Urbain Nord, Tunis",70,2026-04-08 13:00:00+00:00,PUBLISHED,GLOBAL,,b03521e4-0ebe-4648-ac5a-5daa0bee8b89,2026-01-29 15:56:03.704694+00:00,2026-02-05 21:16:20.476936+00:00,
b69ce322-7778-4d15-9364-e4b79954de25,Networking partage d’expérience - édition 0861,Networking,"Networking dédié à partage d’expérience, conçu pour le département Marketing, avec objectifs clairs, échanges encadrés et livrables pratiques. Référence programme T2-0861.",2026-12-03 10:30:00+00:00,120,ONSITE,Salle B,,,84,2026-11-20 09:30:00+00:00,PUBLISHED,DEPARTMENT,4,e035811f-10c5-4bfc-a7c0-7eae45940633,2026-01-13 18:00:18.844550+00:00,2026-02-24 05:03:50.597844+00:00,
e63308c4-1e2d-4c98-be48-d37b7b748506,Session pratique gestion des priorités - édition 0862,Atelier,"Atelier dédié à gestion des priorités, conçu pour tous les collaborateurs, avec objectifs clairs, échanges encadrés et livrables pratiques. Référence programme T3-0862.",2026-06-20 14:15:00+00:00,90,ONLINE,,https://meet.company.example/session-pratique-gestion-des-priorites-edition-0862,,8,2026-05-31 12:15:00+00:00,CANCELLED,GLOBAL,,db0a6297-8193-47c9-a815-151141095ca6,2026-01-28 05:09:16.594919+00:00,2026-02-09 14:35:12.138774+00:00,Données d’organisation incomplètes.
95a4b9cd-8864-47a8-971c-19c97635dffc,Défi collaboratif défi inter-départements - édition 0863,Team building,"Team building dédié à défi inter-départements, conçu pour le département Communication interne, avec objectifs clairs, échanges encadrés et livrables pratiques. Référence programme T1-0863.",2026-04-19 09:30:00+00:00,240,ONSITE,Salle Réunion B,,,65,2026-03-27 07:30:00+00:00,ARCHIVED,DEPARTMENT,12,722ee721-cbc4-48ea-afc1-2addf9bc9ffe,2026-02-15 17:14:43.713250+00:00,2026-03-24 09:05:20.839265+00:00,
67053f85-7a0e-450f-b6a6-939c1d5e30d7,Live interne IA générative - IoT - édition 0864,Webinaire,"Webinaire dédié à IA générative, conçu pour le département IoT, avec objectifs clairs, échanges encadrés et livrables pratiques. Référence programme T1-0864.",2026-05-22 11:15:00+00:00,60,ONLINE,,https://meet.company.example/live-interne-ia-generative-iot-edition-0864,,220,2026-05-18 08:15:00+00:00,PUBLISHED,DEPARTMENT,7,3e8f245c-15c1-4831-9299-c0ac3087461f,2026-02-21 16:33:39.101793+00:00,2026-04-30 10:31:10.242946+00:00,
ff0e1054-736a-4668-9543-68154a775065,Afterwork communauté tech - Qualité - édition 0865,Afterwork,"Afterwork dédié à communauté tech, conçu pour le département Qualité, avec objectifs clairs, échanges encadrés et livrables pratiques. Référence programme T3-0865.",2026-08-30 19:30:00+00:00,90,ONSITE,Auditorium,,,70,2026-08-18 17:30:00+00:00,PUBLISHED,DEPARTMENT,8,7d24e8ab-d927-443c-a1e1-04b73211032b,2026-01-03 06:35:10.239614+00:00,2026-02-06 22:09:28.050016+00:00,
7e92af2a-d94c-464c-8a29-21d052279cef,Rencontre expert finance durable - Finance - édition 0866,Conférence,"Conférence dédié à finance durable, conçu pour le département Finance, avec objectifs clairs, échanges encadrés et livrables pratiques. Référence programme T1-0866.",2026-09-05 14:00:00+00:00,45,ONSITE,Salle Qualité,,,168,2026-08-13 12:00:00+00:00,DRAFT,DEPARTMENT,3,77eda781-2f0d-483f-8875-14af3485c071,2026-03-08 22:34:30.941799+00:00,2026-04-28 11:42:43.701703+00:00,
980787db-d4eb-4aa9-ab2e-45126ad1567a,Speed meeting forum projets - édition 0867,Networking,"Networking dédié à forum projets, conçu pour le département Communication interne, avec objectifs clairs, échanges encadrés et livrables pratiques. Référence programme T4-0867.",2026-03-24 14:15:00+00:00,60,ONSITE,Espace détente,,,93,2026-03-18 11:15:00+00:00,ARCHIVED,DEPARTMENT,12,0deccb0f-28c2-4434-a9fc-b509e554f041,2026-01-30 09:03:15.635256+00:00,2026-02-07 18:14:25.596962+00:00,
d62eded3-e963-46d3-bb1b-d868e9e5ab21,Journée responsable inclusion - édition 0868,RSE,"RSE dédié à inclusion, conçu pour le département Qualité, avec objectifs clairs, échanges encadrés et livrables pratiques. Référence programme T2-0868.",2026-10-09 13:30:00+00:00,120,ONLINE,,https://meet.company.example/journee-responsable-inclusion-edition-0868,,226,2026-09-16 13:30:00+00:00,CANCELLED,DEPARTMENT,8,49af6a16-f923-4210-8c56-e311e38c564d,2026-01-07 07:57:29.758121+00:00,2026-04-21 10:44:32.147102+00:00,Intervenant indisponible à la date prévue.
7d256949-75b2-4833-a44c-2cee42b2281e,Team building résolution de problèmes - Juridique - édition 0869,Team building,"Team building dédié à résolution de problèmes, conçu pour le département Juridique, avec objectifs clairs, échanges encadrés et livrables pratiques. Référence programme T3-0869.",2026-03-14 10:30:00+00:00,90,ONSITE,Salle A,,,44,2026-02-24 09:30:00+00:00,PUBLISHED,DEPARTMENT,10,2529ad7b-3e69-4b87-9e44-0259ec755de2,2026-01-02 04:04:29.942253+00:00,2026-01-16 03:41:23.576326+00:00,
4a18e99d-3fd7-4da5-b927-fef8c483e502,Formation analyse de données - édition 0870,Formation,"Formation dédié à analyse de données, conçu pour tous les collaborateurs, avec objectifs clairs, échanges encadrés et livrables pratiques. Référence programme T1-0870.",2026-07-18 10:00:00+00:00,120,ONSITE,Salle A,,,79,2026-07-12 09:00:00+00:00,PUBLISHED,GLOBAL,,969f9cbb-d414-4484-aee9-fa12b5505b3e,2026-01-17 18:02:44.966365+00:00,2026-02-04 13:07:13.635430+00:00,
e7b000ce-f716-40ea-8be9-7d2c2a79ffda,Journée responsable achats responsables - édition 0871,RSE,"RSE dédié à achats responsables, conçu pour le département Ventes, avec objectifs clairs, échanges encadrés et livrables pratiques. Référence programme T3-0871.",2026-04-20 11:15:00+00:00,120,ONSITE,Salle Innovation,,,251,2026-03-27 10:15:00+00:00,ARCHIVED,DEPARTMENT,5,794fc94e-96be-40c8-8451-4a63913e6c27,2026-01-25 13:43:02.072328+00:00,2026-02-09 18:44:05.751321+00:00,
975bf567-3b8b-462f-898c-aeed68b42aeb,Rencontre expert leadership responsable - édition 0872,Conférence,"Conférence dédié à leadership responsable, conçu pour le département Achats, avec objectifs clairs, échanges encadrés et livrables pratiques. Référence programme T1-0872.",2026-03-20 16:00:00+00:00,45,EXTERNAL,,,"Parc technologique, Ariana",96,2026-03-01 16:00:00+00:00,PUBLISHED,DEPARTMENT,11,6ff3f4c3-324c-4f23-9667-106f6600724b,2026-01-21 05:15:25.215675+00:00,2026-02-28 20:29:44.408108+00:00,
4729ae1b-3d52-45bc-be04-546ee2c7761c,Conférence IoT industriel - Marketing - édition 0873,Conférence,"Conférence dédié à IoT industriel, conçu pour le département Marketing, avec objectifs clairs, échanges encadrés et livrables pratiques. Référence programme T2-0873.",2026-07-25 09:15:00+00:00,120,ONLINE,,https://meet.company.example/conference-iot-industriel-marketing-edition-0873,,259,2026-07-14 09:15:00+00:00,PENDING,DEPARTMENT,4,54ff204c-a298-4d0d-bd0e-d9817a501b70,2026-04-20 03:24:58.757690+00:00,2026-04-20 08:45:53.610757+00:00,
1c24f06e-b5da-458b-933f-db2afaf7a97e,Rencontre expert IoT industriel - édition 0874,Conférence,"Conférence dédié à IoT industriel, conçu pour le département Qualité, avec objectifs clairs, échanges encadrés et livrables pratiques. Référence programme T2-0874.",2026-10-12 14:15:00+00:00,120,ONSITE,Salle Finance,,,100,2026-10-10 14:15:00+00:00,PUBLISHED,DEPARTMENT,8,be819bb5-4387-4c8b-aff9-250ac5ddc5c2,2026-02-07 20:02:17.560061+00:00,2026-04-22 01:26:03.057921+00:00,
cc7dff94-9cfc-48c9-93be-92ac8b70e99e,Module d’apprentissage qualité logicielle - édition 0875,Formation,"Formation dédié à qualité logicielle, conçu pour tous les collaborateurs, avec objectifs clairs, échanges encadrés et livrables pratiques. Référence programme T1-0875.",2026-08-06 11:30:00+00:00,60,ONLINE,,https://meet.company.example/module-d-apprentissage-qualite-logicielle-edition-0875,,38,2026-07-15 09:30:00+00:00,PUBLISHED,GLOBAL,,ce83a092-82c8-459d-a3f0-992a16e68c2c,2026-04-03 02:12:07.527795+00:00,2026-04-23 22:12:31.006212+00:00,
12a1237e-a136-4489-819a-e2583ab2d12d,Parcours pratique analyse de données - édition 0876,Formation,"Formation dédié à analyse de données, conçu pour tous les collaborateurs, avec objectifs clairs, échanges encadrés et livrables pratiques. Référence programme T1-0876.",2026-05-21 10:45:00+00:00,180,ONSITE,Salle Qualité,,,32,2026-04-27 09:45:00+00:00,PENDING,GLOBAL,,cda07ab2-acb0-42ea-8b8d-d21f330bf70c,2026-03-02 01:55:21.030143+00:00,2026-03-19 03:31:57.212233+00:00,
4a26c22d-e649-47a7-b63c-f31f57541949,Atelier RSE bénévolat entreprise - édition 0877,RSE,"RSE dédié à bénévolat entreprise, conçu pour le département Qualité, avec objectifs clairs, échanges encadrés et livrables pratiques. Référence programme T1-0877.",2026-11-30 10:00:00+00:00,120,ONSITE,Salle RH,,,250,2026-11-12 08:00:00+00:00,PUBLISHED,DEPARTMENT,8,3ac1ba84-55fd-4197-b49a-908c9d1588e9,2026-01-08 11:54:03.431292+00:00,2026-02-07 22:22:05.099680+00:00,
3515dc2c-e29a-4736-88d3-eac1c07c8aa7,Networking speed networking - Qualité - édition 0878,Networking,"Networking dédié à speed networking, conçu pour le département Qualité, avec objectifs clairs, échanges encadrés et livrables pratiques. Référence programme T4-0878.",2026-03-02 11:15:00+00:00,60,ONSITE,Salle Communication,,,62,2026-02-18 10:15:00+00:00,CANCELLED,DEPARTMENT,8,11e4bafe-f46f-4714-ae79-46782f98afcc,2026-01-09 14:25:39.218039+00:00,2026-01-19 15:50:50.528629+00:00,Décision de report prise par l’équipe organisatrice.
518833bf-c37e-4d32-ae42-f1a45766ba8d,Défi collaboratif confiance et coopération - édition 0879,Team building,"Team building dédié à confiance et coopération, conçu pour tous les collaborateurs, avec objectifs clairs, échanges encadrés et livrables pratiques. Référence programme T1-0879.",2026-06-02 11:45:00+00:00,90,ONSITE,Salle Communication,,,35,2026-05-27 11:45:00+00:00,PUBLISHED,GLOBAL,,91859730-a2c4-46b6-855a-a89620a317df,2026-01-15 18:12:12.192297+00:00,2026-05-01 10:17:46.981137+00:00,
a12c2a6a-50b7-4a4c-bde8-b43812b619a8,Culture d’entreprise rencontre direction - Ressources humaines - édition 0880,Culture d’entreprise,"Culture d’entreprise dédié à rencontre direction, conçu pour le département Ressources humaines, avec objectifs clairs, échanges encadrés et livrables pratiques. Référence programme T4-0880.",2026-03-03 16:15:00+00:00,90,EXTERNAL,,,"Avenue Mohamed V, Tunis",38,2026-02-21 13:15:00+00:00,PUBLISHED,DEPARTMENT,2,67b9e613-4792-4b7e-88f0-54df3f761ed0,2026-01-02 19:45:12.949506+00:00,2026-01-14 14:16:39.786692+00:00,
40c386ae-fac2-481c-900c-12bd499e250a,Lab innovation innovation client - Développement - édition 0881,Innovation,"Innovation dédié à innovation client, conçu pour le département Développement, avec objectifs clairs, échanges encadrés et livrables pratiques. Référence programme T3-0881.",2026-06-07 13:15:00+00:00,90,ONLINE,,https://meet.company.example/lab-innovation-innovation-client-developpement-edition-0881,,98,2026-06-02 10:15:00+00:00,PUBLISHED,DEPARTMENT,6,368b0c1f-2b18-45ae-8c55-7445a2e631bc,2026-02-28 06:55:44.954540+00:00,2026-04-10 02:35:35.629176+00:00,
42bb99b6-3dc9-44ff-8bfd-96b198cad1dc,Parcours engagement valeurs et vision - édition 0882,Culture d’entreprise,"Culture d’entreprise dédié à valeurs et vision, conçu pour tous les collaborateurs, avec objectifs clairs, échanges encadrés et livrables pratiques. Référence programme T1-0882.",2026-05-02 15:45:00+00:00,45,ONLINE,,https://meet.company.example/parcours-engagement-valeurs-et-vision-edition-0882,,79,2026-04-25 12:45:00+00:00,PUBLISHED,GLOBAL,,fbabdc2f-0b0f-4905-8305-434bbbdaeebf,2026-02-04 19:25:45.468693+00:00,2026-02-24 15:26:32.563019+00:00,
23a0a77a-cc56-4b08-9942-c54867fa4acb,Défi collaboratif sport d’équipe - édition 0883,Team building,"Team building dédié à sport d’équipe, conçu pour le département Achats, avec objectifs clairs, échanges encadrés et livrables pratiques. Référence programme T1-0883.",2026-10-16 13:30:00+00:00,180,ONLINE,,https://meet.company.example/defi-collaboratif-sport-d-equipe-edition-0883,,20,2026-09-25 11:30:00+00:00,CANCELLED,DEPARTMENT,11,eacc44aa-5528-442f-bf03-d93b3123467d,2026-03-16 20:00:19.105487+00:00,2026-04-03 11:06:06.700432+00:00,Conflit de planning avec un événement prioritaire.
b44666f1-4a2a-4384-877b-14662dcf396d,Challenge collectif cohésion d’équipe - édition 0884,Team building,"Team building dédié à cohésion d’équipe, conçu pour tous les collaborateurs, avec objectifs clairs, échanges encadrés et livrables pratiques. Référence programme T2-0884.",2026-12-05 16:45:00+00:00,90,ONSITE,Salle Finance,,,65,2026-11-18 13:45:00+00:00,PUBLISHED,GLOBAL,,9d09832f-ff19-4c77-9c05-12881b06c117,2026-01-30 12:36:35.573345+00:00,2026-04-20 00:11:08.949124+00:00,
e8818a7d-7944-4c3f-83c0-1930200ec174,Networking communautés internes - Marketing - édition 0885,Networking,"Networking dédié à communautés internes, conçu pour le département Marketing, avec objectifs clairs, échanges encadrés et livrables pratiques. Référence programme T2-0885.",2026-04-28 09:00:00+00:00,45,EXTERNAL,,,"Parc technologique, Ariana",78,2026-04-14 08:00:00+00:00,CANCELLED,DEPARTMENT,4,97810494-626f-45ab-bb4d-e0c09e642c34,2026-02-09 20:25:03.242983+00:00,2026-04-25 11:05:07.285742+00:00,Budget non validé pour cette édition.
9c310c8a-230b-4fa5-83e3-97417739fdd1,Rencontre informelle finance et business - Développement - édition 0886,Afterwork,"Afterwork dédié à finance et business, conçu pour le département Développement, avec objectifs clairs, échanges encadrés et livrables pratiques. Référence programme T4-0886.",2026-03-26 18:00:00+00:00,90,ONSITE,Lab IoT,,,90,2026-03-03 15:00:00+00:00,ARCHIVED,DEPARTMENT,6,f88e79f6-5cdb-401c-9b0a-0035434d7b18,2026-02-09 02:17:07.558135+00:00,2026-03-20 04:49:55.488382+00:00,
3ce0b66a-b112-4439-a4e7-9e814523254b,Atelier innovation automatisation métier - Marketing - édition 0887,Innovation,"Innovation dédié à automatisation métier, conçu pour le département Marketing, avec objectifs clairs, échanges encadrés et livrables pratiques. Référence programme T1-0887.",2026-05-05 10:45:00+00:00,120,ONSITE,Salle Finance,,,16,2026-04-20 09:45:00+00:00,CANCELLED,DEPARTMENT,4,a6d83b47-4658-4d4e-833d-7ef6e7cf2e94,2026-03-17 08:05:36.712445+00:00,2026-04-27 11:19:09.620695+00:00,Nombre d’inscriptions insuffisant pour maintenir la session.
39bfc35e-8bb4-403e-b418-4d800493599f,Atelier collaboratif gestion budgétaire - édition 0888,Atelier,"Atelier dédié à gestion budgétaire, conçu pour tous les collaborateurs, avec objectifs clairs, échanges encadrés et livrables pratiques. Référence programme T3-0888.",2026-03-25 10:15:00+00:00,60,ONSITE,Espace détente,,,76,2026-03-09 10:15:00+00:00,ARCHIVED,GLOBAL,,8eb23e0d-e7bd-4642-b245-6338a02daf5d,2026-01-09 23:57:48.102597+00:00,2026-03-23 12:00:18.331298+00:00,
7e3718b0-8ccf-4b36-bcfa-8b0806164e59,Action RSE économie d’énergie - édition 0889,RSE,"RSE dédié à économie d’énergie, conçu pour le département Ventes, avec objectifs clairs, échanges encadrés et livrables pratiques. Référence programme T1-0889.",2026-07-12 14:15:00+00:00,90,EXTERNAL,,,"Avenue Mohamed V, Tunis",130,2026-07-03 14:15:00+00:00,PENDING,DEPARTMENT,5,3cb20e66-1f63-4917-96a0-d76276f9e1ec,2026-01-05 20:47:08.754192+00:00,2026-02-24 23:27:46.181037+00:00,
e81c4d58-01cc-4036-a3a1-f7944d8f8c9d,Session de formation qualité logicielle - édition 0890,Formation,"Formation dédié à qualité logicielle, conçu pour tous les collaborateurs, avec objectifs clairs, échanges encadrés et livrables pratiques. Référence programme T2-0890.",2026-11-05 16:15:00+00:00,60,ONLINE,,https://meet.company.example/session-de-formation-qualite-logicielle-edition-0890,,22,2026-10-13 13:15:00+00:00,REJECTED,GLOBAL,,c03e864e-d2ed-4ce5-856b-2334fbcb17c0,2026-03-20 09:38:42.817070+00:00,2026-04-29 07:00:35.137810+00:00,Demande rejetée : budget non justifié.
1bd2faff-1f50-4705-bbb8-85e181a08071,Atelier innovation expérimentation digitale - Ventes - édition 0891,Innovation,"Innovation dédié à expérimentation digitale, conçu pour le département Ventes, avec objectifs clairs, échanges encadrés et livrables pratiques. Référence programme T3-0891.",2026-11-25 15:45:00+00:00,45,ONLINE,,https://meet.company.example/atelier-innovation-experimentation-digitale-ventes-edition-0891,,93,2026-11-22 15:45:00+00:00,DRAFT,DEPARTMENT,5,4b6514c1-383f-4056-9a6e-81fe0599fec3,2026-04-22 15:17:24.243128+00:00,2026-04-29 18:24:02.433822+00:00,
412f7996-b4f2-44ec-be37-0aa199ec8998,Session pratique design thinking - édition 0892,Atelier,"Atelier dédié à design thinking, conçu pour tous les collaborateurs, avec objectifs clairs, échanges encadrés et livrables pratiques. Référence programme T2-0892.",2026-03-22 09:30:00+00:00,90,ONSITE,Lab IoT,,,15,2026-03-04 07:30:00+00:00,ARCHIVED,GLOBAL,,3cb20e66-1f63-4917-96a0-d76276f9e1ec,2026-01-28 03:08:40.283094+00:00,2026-03-17 18:04:10.897571+00:00,
cf4d3adc-c65e-421f-a41d-2b48d15a35ed,Session valeurs ambassadeurs culture - édition 0893,Culture d’entreprise,"Culture d’entreprise dédié à ambassadeurs culture, conçu pour le département Communication interne, avec objectifs clairs, échanges encadrés et livrables pratiques. Référence programme T4-0893.",2026-06-22 09:00:00+00:00,90,ONLINE,,https://meet.company.example/session-valeurs-ambassadeurs-culture-edition-0893,,82,2026-06-16 07:00:00+00:00,REJECTED,DEPARTMENT,12,f5795f69-df1e-4f2e-83bf-13391fab37a3,2026-04-09 01:36:36.109616+00:00,2026-04-19 10:53:54.797146+00:00,Demande rejetée : budget non justifié.
2620e7aa-e2ac-48cd-b55a-9caacb0a7b29,Atelier innovation lab IA - édition 0894,Innovation,"Innovation dédié à lab IA, conçu pour tous les collaborateurs, avec objectifs clairs, échanges encadrés et livrables pratiques. Référence programme T1-0894.",2026-06-29 11:15:00+00:00,120,ONSITE,Salle RH,,,58,2026-06-07 08:15:00+00:00,CANCELLED,GLOBAL,,f26d448f-05f1-49b5-915f-c47667f8a942,2026-03-21 11:33:52.887473+00:00,2026-04-19 03:38:28.555173+00:00,Salle ou ressource indisponible.
1ccec09b-56a3-4d35-9fbc-f910f9e82429,Afterwork culture interne - édition 0895,Afterwork,"Afterwork dédié à culture interne, conçu pour tous les collaborateurs, avec objectifs clairs, échanges encadrés et livrables pratiques. Référence programme T2-0895.",2026-09-15 18:00:00+00:00,150,EXTERNAL,,,"Rue de l’Innovation, Lac 1, Tunis",94,2026-08-28 15:00:00+00:00,PENDING,GLOBAL,,770a3736-dd6c-443d-92ff-d84e014a53e9,2026-01-17 11:26:42.115873+00:00,2026-02-16 13:01:36.676114+00:00,
ce0bd021-dce2-477b-becd-c3040c5422b0,Action RSE recyclage - édition 0896,RSE,"RSE dédié à recyclage, conçu pour le département Informatique, avec objectifs clairs, échanges encadrés et livrables pratiques. Référence programme T1-0896.",2026-06-07 09:45:00+00:00,90,ONSITE,Lab IoT,,,174,2026-06-05 06:45:00+00:00,PUBLISHED,DEPARTMENT,1,f93fc94f-b705-49f5-954a-4683273857f4,2026-03-06 06:15:07.119954+00:00,2026-03-22 17:27:12.570242+00:00,
d7aa8e2b-ae0f-4091-86cf-3a8774d022c9,Atelier innovation hackathon interne - édition 0897,Innovation,"Innovation dédié à hackathon interne, conçu pour tous les collaborateurs, avec objectifs clairs, échanges encadrés et livrables pratiques. Référence programme T3-0897.",2026-03-11 13:45:00+00:00,60,ONSITE,Salle Innovation,,,68,2026-03-05 13:45:00+00:00,ARCHIVED,GLOBAL,,f0113aec-0313-48b0-883d-51e4f32687a4,2026-01-12 01:59:51.079033+00:00,2026-03-11 03:11:25.640157+00:00,
abea8c82-24a5-42d2-9931-57963f9a5cce,Forum d’échanges experts internes - Finance - édition 0898,Networking,"Networking dédié à experts internes, conçu pour le département Finance, avec objectifs clairs, échanges encadrés et livrables pratiques. Référence programme T4-0898.",2026-04-21 09:00:00+00:00,120,EXTERNAL,,,"Avenue Mohamed V, Tunis",155,2026-04-18 09:00:00+00:00,ARCHIVED,DEPARTMENT,3,3a08652a-01d6-4fac-9ce5-fcbee3269ae4,2026-01-16 09:17:51.084270+00:00,2026-02-27 08:55:09.284672+00:00,
6f144971-6be9-4229-9421-5b41dc476455,Moment convivial équipes projet - édition 0899,Afterwork,"Afterwork dédié à équipes projet, conçu pour tous les collaborateurs, avec objectifs clairs, échanges encadrés et livrables pratiques. Référence programme T1-0899.",2026-12-15 19:30:00+00:00,120,ONSITE,Salle B,,,23,2026-12-08 18:30:00+00:00,DRAFT,GLOBAL,,1878e9de-abc1-4dcc-b6d3-1113c76c1a59,2026-01-31 08:04:20.628418+00:00,2026-03-09 21:52:52.610393+00:00,
4dc60709-3167-41bb-aa8f-653175b97d40,Speed meeting forum projets - édition 0900,Networking,"Networking dédié à forum projets, conçu pour tous les collaborateurs, avec objectifs clairs, échanges encadrés et livrables pratiques. Référence programme T2-0900.",2026-04-15 13:45:00+00:00,120,ONLINE,,https://meet.company.example/speed-meeting-forum-projets-edition-0900,,246,2026-03-23 12:45:00+00:00,ARCHIVED,GLOBAL,,45c10be6-7fac-4883-8cee-b772caa3f8de,2026-01-20 03:19:56.283274+00:00,2026-01-26 06:01:04.053140+00:00,
e5c170cc-e9e1-4d42-9844-ea9c75bee0aa,Keynote interne leadership responsable - Finance - édition 0901,Conférence,"Conférence dédié à leadership responsable, conçu pour le département Finance, avec objectifs clairs, échanges encadrés et livrables pratiques. Référence programme T2-0901.",2026-08-15 11:00:00+00:00,60,ONLINE,,https://meet.company.example/keynote-interne-leadership-responsable-finance-edition-0901,,37,2026-08-07 10:00:00+00:00,PUBLISHED,DEPARTMENT,3,e684e654-4778-457f-88f4-600f7b349c6a,2026-03-05 21:34:55.039325+00:00,2026-03-11 19:41:34.899034+00:00,
a3185a6b-943f-48d6-89b9-715ad7f75b33,Initiative durable solidarité locale - édition 0902,RSE,"RSE dédié à solidarité locale, conçu pour le département Qualité, avec objectifs clairs, échanges encadrés et livrables pratiques. Référence programme T2-0902.",2026-11-13 15:15:00+00:00,120,ONLINE,,https://meet.company.example/initiative-durable-solidarite-locale-edition-0902,,60,2026-10-28 15:15:00+00:00,PUBLISHED,DEPARTMENT,8,aa4e1ebb-5f2c-431e-b14c-49099924347c,2026-02-13 20:00:50.480372+00:00,2026-02-28 00:37:57.041845+00:00,
7f4fdb31-d377-4286-bc74-ccef8d759f9e,Session bien-être ergonomie au travail - édition 0903,Bien-être,"Bien-être dédié à ergonomie au travail, conçu pour le département IoT, avec objectifs clairs, échanges encadrés et livrables pratiques. Référence programme T3-0903.",2026-12-13 09:30:00+00:00,45,ONSITE,Salle B,,,56,2026-12-01 08:30:00+00:00,DRAFT,DEPARTMENT,7,eb0e5714-103d-4cc9-9b7e-b0267f027196,2026-02-23 20:32:05.669239+00:00,2026-02-27 20:20:04.823153+00:00,
9e3368ce-c38e-48c7-9dad-399e86a0e12f,Culture d’entreprise ambassadeurs culture - édition 0904,Culture d’entreprise,"Culture d’entreprise dédié à ambassadeurs culture, conçu pour tous les collaborateurs, avec objectifs clairs, échanges encadrés et livrables pratiques. Référence programme T3-0904.",2026-07-11 11:15:00+00:00,60,EXTERNAL,,,"Zone industrielle Charguia 2, Tunis",106,2026-06-20 09:15:00+00:00,PUBLISHED,GLOBAL,,a0aa60fd-568a-4e6d-86f9-4d6b89c6e255,2026-03-04 02:17:22.394191+00:00,2026-03-27 13:07:52.497049+00:00,
a49afded-e41a-4c61-bd33-50f76db8f1ba,Atelier collaboratif organisation d’événement - édition 0905,Atelier,"Atelier dédié à organisation d’événement, conçu pour le département IoT, avec objectifs clairs, échanges encadrés et livrables pratiques. Référence programme T1-0905.",2026-07-15 10:30:00+00:00,90,ONSITE,Salle Finance,,,20,2026-07-02 09:30:00+00:00,DRAFT,DEPARTMENT,7,1afa7fed-df03-44c8-b7f4-59e0d64bbaad,2026-03-31 04:39:28.921339+00:00,2026-04-27 15:55:11.495076+00:00,
42f6a4f7-4af9-4075-8332-364855051345,Table ronde marque employeur - édition 0906,Conférence,"Conférence dédié à marque employeur, conçu pour tous les collaborateurs, avec objectifs clairs, échanges encadrés et livrables pratiques. Référence programme T1-0906.",2026-06-05 15:30:00+00:00,90,EXTERNAL,,,"Rue de l’Innovation, Lac 1, Tunis",72,2026-05-30 13:30:00+00:00,PUBLISHED,GLOBAL,,e63e4f83-e0ba-4644-a46a-7413de243920,2026-03-12 09:53:36.922837+00:00,2026-04-23 08:57:00.864609+00:00,
38392032-4a53-405d-883b-6d04a4c75830,Atelier RSE inclusion - Finance - édition 0907,RSE,"RSE dédié à inclusion, conçu pour le département Finance, avec objectifs clairs, échanges encadrés et livrables pratiques. Référence programme T2-0907.",2026-12-08 14:15:00+00:00,120,ONLINE,,https://meet.company.example/atelier-rse-inclusion-finance-edition-0907,,101,2026-12-06 12:15:00+00:00,CANCELLED,DEPARTMENT,3,ca7c15d4-b63c-43b9-a154-a9f6ec9bd46d,2026-01-23 01:59:42.649331+00:00,2026-02-19 14:03:04.171092+00:00,Objectifs de l’événement à clarifier avant relance.
5cc0c0ab-2390-4078-87c5-72344a8f48f1,Atelier cohésion résolution de problèmes - édition 0908,Team building,"Team building dédié à résolution de problèmes, conçu pour le département Communication interne, avec objectifs clairs, échanges encadrés et livrables pratiques. Référence programme T2-0908.",2026-03-06 13:00:00+00:00,240,ONLINE,,https://meet.company.example/atelier-cohesion-resolution-de-problemes-edition-0908,,59,2026-02-23 13:00:00+00:00,PUBLISHED,DEPARTMENT,12,8e9296c5-bcd9-48b9-a595-2c11e6d596ef,2026-01-12 07:58:01.802815+00:00,2026-02-11 17:33:11.755146+00:00,
4297b15e-e924-424d-bf9a-9db62cd1d454,Keynote interne stratégie commerciale - Finance - édition 0909,Conférence,"Conférence dédié à stratégie commerciale, conçu pour le département Finance, avec objectifs clairs, échanges encadrés et livrables pratiques. Référence programme T1-0909.",2026-10-30 14:15:00+00:00,45,ONSITE,Salle Réunion B,,,101,2026-10-16 11:15:00+00:00,DRAFT,DEPARTMENT,3,da6180bb-789f-4ba7-887c-08f5033ce3bd,2026-02-21 08:38:15.914795+00:00,2026-03-28 22:39:18.167782+00:00,
eb42a6a6-89da-4084-a724-ba027bd81b2d,Table ronde stratégie commerciale - édition 0910,Conférence,"Conférence dédié à stratégie commerciale, conçu pour tous les collaborateurs, avec objectifs clairs, échanges encadrés et livrables pratiques. Référence programme T4-0910.",2026-10-10 11:15:00+00:00,90,EXTERNAL,,,"Avenue Habib Bourguiba, Tunis",134,2026-09-28 11:15:00+00:00,PUBLISHED,GLOBAL,,7ff2c490-b386-436c-86c2-79a11610b881,2026-04-16 17:04:17.649408+00:00,2026-04-23 07:33:12.623135+00:00,
9dec25fa-4320-40cd-bea8-1f7c1fc5f91b,Challenge collectif confiance et coopération - édition 0911,Team building,"Team building dédié à confiance et coopération, conçu pour tous les collaborateurs, avec objectifs clairs, échanges encadrés et livrables pratiques. Référence programme T4-0911.",2026-11-19 13:45:00+00:00,90,EXTERNAL,,,"Avenue Habib Bourguiba, Tunis",43,2026-10-29 11:45:00+00:00,PUBLISHED,GLOBAL,,8006d300-c0ae-4a0d-ba53-074804f86119,2026-01-05 06:39:20.782160+00:00,2026-02-10 05:25:32.478509+00:00,
950d7342-3134-4f6d-bd83-db57d975fde3,Action RSE mobilité durable - édition 0912,RSE,"RSE dédié à mobilité durable, conçu pour tous les collaborateurs, avec objectifs clairs, échanges encadrés et livrables pratiques. Référence programme T2-0912.",2026-10-27 15:30:00+00:00,90,ONSITE,Salle RH,,,221,2026-10-17 14:30:00+00:00,CANCELLED,GLOBAL,,4bd7d747-9088-4441-a4ca-12c5a3c80cfb,2026-04-05 03:12:35.600235+00:00,2026-04-24 13:45:03.535774+00:00,Données d’organisation incomplètes.
d098b691-417c-42d7-9c3e-0fdfcdbfb1db,Webinaire outils collaboratifs - édition 0913,Webinaire,"Webinaire dédié à outils collaboratifs, conçu pour le département Ressources humaines, avec objectifs clairs, échanges encadrés et livrables pratiques. Référence programme T4-0913.",2026-12-30 11:45:00+00:00,90,ONLINE,,https://meet.company.example/webinaire-outils-collaboratifs-edition-0913,,81,2026-12-24 09:45:00+00:00,PUBLISHED,DEPARTMENT,2,b8586f4e-0b8d-4c49-99b4-58e4ac4db671,2026-03-12 06:41:30.327359+00:00,2026-04-19 15:55:56.467024+00:00,
e3710186-11a0-4ab6-ab2e-0823259e08bb,Atelier collaboratif gestion budgétaire - édition 0914,Atelier,"Atelier dédié à gestion budgétaire, conçu pour le département Achats, avec objectifs clairs, échanges encadrés et livrables pratiques. Référence programme T2-0914.",2026-06-02 09:00:00+00:00,60,ONSITE,Salle Formation,,,33,2026-05-20 07:00:00+00:00,PUBLISHED,DEPARTMENT,11,3c0142b7-95e6-4f7f-b870-c04bcbdf37c3,2026-01-04 09:05:42.994380+00:00,2026-04-21 20:23:08.295785+00:00,
678e5c49-2025-44bb-a17b-e28c158799b9,Session valeurs valeurs et vision - édition 0915,Culture d’entreprise,"Culture d’entreprise dédié à valeurs et vision, conçu pour tous les collaborateurs, avec objectifs clairs, échanges encadrés et livrables pratiques. Référence programme T4-0915.",2026-07-18 11:00:00+00:00,90,ONSITE,Salle Communication,,,94,2026-06-25 10:00:00+00:00,PUBLISHED,GLOBAL,,d453c27e-c5d4-48c9-a7d2-c69d9e32bc85,2026-04-01 19:21:10.451134+00:00,2026-04-04 07:48:13.950374+00:00,
718e6a0c-158d-433b-a4e8-b52f8c89b34e,Atelier collaboratif feedback constructif - édition 0916,Atelier,"Atelier dédié à feedback constructif, conçu pour le département Communication interne, avec objectifs clairs, échanges encadrés et livrables pratiques. Référence programme T3-0916.",2026-12-10 11:45:00+00:00,60,ONSITE,Salle RH,,,76,2026-11-30 10:45:00+00:00,PUBLISHED,DEPARTMENT,12,0bbae24c-66cb-42bc-8f35-4e9d6e77ac24,2026-04-08 01:30:04.259690+00:00,2026-04-20 10:08:32.194953+00:00,
d7809c80-6b1d-4fea-9228-f230d331e8cf,Hackathon expérimentation digitale - Ventes - édition 0917,Innovation,"Innovation dédié à expérimentation digitale, conçu pour le département Ventes, avec objectifs clairs, échanges encadrés et livrables pratiques. Référence programme T4-0917.",2026-05-31 11:45:00+00:00,60,ONSITE,Salle B,,,46,2026-05-18 08:45:00+00:00,PUBLISHED,DEPARTMENT,5,25764ce0-1d1e-4fd5-8ccb-bb0e652d2a41,2026-01-09 19:33:48.147292+00:00,2026-02-21 10:49:05.865091+00:00,
6bbe9ea4-ad18-4c93-ac54-d4cbbd5d1d7b,Afterwork nouveaux arrivants - édition 0918,Afterwork,"Afterwork dédié à nouveaux arrivants, conçu pour le département IoT, avec objectifs clairs, échanges encadrés et livrables pratiques. Référence programme T4-0918.",2026-08-23 18:45:00+00:00,120,EXTERNAL,,,"Rue de l’Innovation, Lac 1, Tunis",78,2026-07-31 18:45:00+00:00,PENDING,DEPARTMENT,7,8d88e517-90c5-4bdc-ab37-50e7d4be7387,2026-04-25 00:55:42.992077+00:00,2026-04-28 16:45:02.912187+00:00,
82d47c85-a566-44e3-b906-7a928f4c2452,Workshop amélioration continue - édition 0919,Atelier,"Atelier dédié à amélioration continue, conçu pour tous les collaborateurs, avec objectifs clairs, échanges encadrés et livrables pratiques. Référence programme T4-0919.",2026-05-21 16:15:00+00:00,180,ONSITE,Salle A,,,44,2026-05-01 13:15:00+00:00,PUBLISHED,GLOBAL,,3b6ac1b8-60cb-45ad-8f33-24086fa4d575,2026-01-03 10:22:06.982293+00:00,2026-01-24 21:52:43.719577+00:00,
19957834-8320-4fe6-b7ae-e18903e54acb,Webinaire protection des données - édition 0920,Webinaire,"Webinaire dédié à protection des données, conçu pour tous les collaborateurs, avec objectifs clairs, échanges encadrés et livrables pratiques. Référence programme T2-0920.",2026-07-10 10:15:00+00:00,90,ONLINE,,https://meet.company.example/webinaire-protection-des-donnees-edition-0920,,178,2026-06-26 09:15:00+00:00,PUBLISHED,GLOBAL,,8f774f8b-da2a-4c78-929b-0896a8c710b9,2026-02-05 05:40:00.349459+00:00,2026-03-09 01:45:58.402035+00:00,
6e185b9d-a907-44cd-8338-189e574c513d,Action RSE recyclage - édition 0921,RSE,"RSE dédié à recyclage, conçu pour tous les collaborateurs, avec objectifs clairs, échanges encadrés et livrables pratiques. Référence programme T1-0921.",2026-06-16 15:30:00+00:00,45,ONSITE,Salle A,,,201,2026-06-13 14:30:00+00:00,DRAFT,GLOBAL,,2017d595-cb92-43c2-b6ad-78ccf95a782c,2026-03-20 02:31:10.491903+00:00,2026-04-08 23:28:16.957622+00:00,
4de1e888-05a7-4371-85e8-2940177dbaaa,Atelier RSE mobilité durable - édition 0922,RSE,"RSE dédié à mobilité durable, conçu pour le département Support client, avec objectifs clairs, échanges encadrés et livrables pratiques. Référence programme T2-0922.",2026-07-19 13:15:00+00:00,120,EXTERNAL,,,"Zone industrielle Charguia 2, Tunis",114,2026-07-03 12:15:00+00:00,PUBLISHED,DEPARTMENT,9,915de5a6-4e56-45a3-9ec0-f304a3b83653,2026-04-26 18:19:36.557427+00:00,2026-04-29 22:53:58.507195+00:00,
2c5fe0ce-faa1-415d-9bf9-58e29edd937f,Atelier RSE recyclage - édition 0923,RSE,"RSE dédié à recyclage, conçu pour le département Informatique, avec objectifs clairs, échanges encadrés et livrables pratiques. Référence programme T2-0923.",2026-10-15 13:15:00+00:00,120,ONSITE,Salle Finance,,,114,2026-10-04 13:15:00+00:00,REJECTED,DEPARTMENT,1,3153eaad-facb-4e77-bf73-9a19018c032d,2026-03-30 06:26:33.485760+00:00,2026-04-06 10:52:02.115785+00:00,Demande rejetée : contenu similaire déjà planifié.
64e79e28-2bc2-4760-803d-f6015b594df7,Session valeurs valeurs et vision - édition 0924,Culture d’entreprise,"Culture d’entreprise dédié à valeurs et vision, conçu pour tous les collaborateurs, avec objectifs clairs, échanges encadrés et livrables pratiques. Référence programme T4-0924.",2026-05-09 14:00:00+00:00,60,ONSITE,Salle Qualité,,,227,2026-04-26 11:00:00+00:00,DRAFT,GLOBAL,,1488e2ee-e5fc-4fda-a6c5-2e6dbdbec50b,2026-03-25 22:34:36.288944+00:00,2026-03-29 10:39:30.839626+00:00,
90673501-00f3-4876-acf0-b3609f7c8b75,Formation gestion de projet - édition 0925,Formation,"Formation dédié à gestion de projet, conçu pour le département IoT, avec objectifs clairs, échanges encadrés et livrables pratiques. Référence programme T3-0925.",2026-04-07 10:15:00+00:00,180,ONSITE,Salle Qualité,,,77,2026-03-28 07:15:00+00:00,PUBLISHED,DEPARTMENT,7,a92d0de1-8406-42f3-a47a-eba53cfc918d,2026-02-05 12:53:41.512972+00:00,2026-03-18 20:34:14.290482+00:00,
d4d3478c-0b34-44b0-b0b0-a7f5ea967e65,Moment convivial convivialité - Marketing - édition 0926,Afterwork,"Afterwork dédié à convivialité, conçu pour le département Marketing, avec objectifs clairs, échanges encadrés et livrables pratiques. Référence programme T4-0926.",2026-11-24 17:15:00+00:00,90,ONSITE,Salle RH,,,50,2026-11-09 14:15:00+00:00,REJECTED,DEPARTMENT,4,2b6d1065-0b7d-4434-8df1-5b0f01a68955,2026-03-21 08:50:54.281745+00:00,2026-04-17 00:20:06.702243+00:00,Demande rejetée : objectifs insuffisamment définis.
84c0f7ff-2ccc-4b5c-9961-19f071283eda,Initiative durable bénévolat entreprise - édition 0927,RSE,"RSE dédié à bénévolat entreprise, conçu pour le département IoT, avec objectifs clairs, échanges encadrés et livrables pratiques. Référence programme T2-0927.",2026-05-01 13:00:00+00:00,90,EXTERNAL,,,"Rue de l’Innovation, Lac 1, Tunis",162,2026-04-11 11:00:00+00:00,PUBLISHED,DEPARTMENT,7,3e8f245c-15c1-4831-9299-c0ac3087461f,2026-02-14 21:01:46.769373+00:00,2026-04-30 19:50:55.127864+00:00,
489ce33b-fc9a-45e5-bde3-1a10041da249,Parcours pratique contrats et conformité - Communication interne - édition 0928,Formation,"Formation dédié à contrats et conformité, conçu pour le département Communication interne, avec objectifs clairs, échanges encadrés et livrables pratiques. Référence programme T2-0928.",2026-05-14 11:15:00+00:00,90,ONSITE,Salle Réunion B,,,49,2026-04-29 08:15:00+00:00,PUBLISHED,DEPARTMENT,12,a4227edf-b1ca-4211-8668-7f5fc27b3661,2026-03-16 22:49:02.354473+00:00,2026-03-22 03:16:30.028964+00:00,
c58dd56d-be6c-4d7c-907c-7326d80a5b96,Session de formation gestion de projet - Support client - édition 0929,Formation,"Formation dédié à gestion de projet, conçu pour le département Support client, avec objectifs clairs, échanges encadrés et livrables pratiques. Référence programme T4-0929.",2026-07-25 15:45:00+00:00,180,ONSITE,Salle Communication,,,55,2026-07-07 13:45:00+00:00,PUBLISHED,DEPARTMENT,9,c4aac5db-f0a1-41f7-ad7b-af5bdfaee13f,2026-01-02 18:30:35.926916+00:00,2026-01-13 22:06:52.451770+00:00,
b531ce21-8d59-41b9-beed-70982e613728,Rencontre informelle réseau interne - Ventes - édition 0930,Afterwork,"Afterwork dédié à réseau interne, conçu pour le département Ventes, avec objectifs clairs, échanges encadrés et livrables pratiques. Référence programme T4-0930.",2026-08-07 18:45:00+00:00,90,EXTERNAL,,,"Centre Urbain Nord, Tunis",27,2026-07-27 15:45:00+00:00,PUBLISHED,DEPARTMENT,5,fd337d25-a333-4d37-94b8-71f30778f874,2026-01-21 11:48:52.324473+00:00,2026-03-02 17:04:37.896646+00:00,
022d15d7-0c48-452e-a724-f23c714ab3cb,Table ronde finance durable - édition 0931,Conférence,"Conférence dédié à finance durable, conçu pour tous les collaborateurs, avec objectifs clairs, échanges encadrés et livrables pratiques. Référence programme T4-0931.",2026-06-11 13:00:00+00:00,120,ONLINE,,https://meet.company.example/table-ronde-finance-durable-edition-0931,,216,2026-05-18 13:00:00+00:00,PUBLISHED,GLOBAL,,c0f17624-388d-4a76-833d-00a5d20ecc26,2026-02-02 21:31:06.503660+00:00,2026-02-25 05:39:23.334788+00:00,
c47d8ceb-ce85-4b54-98f4-1274ee019800,Rencontre culture interne rituels d’équipe - Ressources humaines - édition 0932,Culture d’entreprise,"Culture d’entreprise dédié à rituels d’équipe, conçu pour le département Ressources humaines, avec objectifs clairs, échanges encadrés et livrables pratiques. Référence programme T2-0932.",2026-11-20 10:30:00+00:00,120,EXTERNAL,,,"Avenue Mohamed V, Tunis",117,2026-11-17 09:30:00+00:00,PUBLISHED,DEPARTMENT,2,e7809835-b2eb-469d-af70-252267401dcd,2026-02-16 01:21:36.712627+00:00,2026-03-03 07:17:33.680140+00:00,
69d10548-b1f8-40f4-b68c-9398dab1aaca,Afterwork innovation - Qualité - édition 0933,Afterwork,"Afterwork dédié à innovation, conçu pour le département Qualité, avec objectifs clairs, échanges encadrés et livrables pratiques. Référence programme T2-0933.",2026-06-07 17:15:00+00:00,90,ONSITE,Salle A,,,29,2026-05-17 17:15:00+00:00,PUBLISHED,DEPARTMENT,8,04bb8b7a-cd4c-4a01-91d4-4704fda80686,2026-04-16 09:40:37.514557+00:00,2026-04-29 09:51:46.377672+00:00,
18e62ceb-5190-4efe-9fd8-6e3c11ff9ff5,Action RSE mobilité durable - édition 0934,RSE,"RSE dédié à mobilité durable, conçu pour le département Ressources humaines, avec objectifs clairs, échanges encadrés et livrables pratiques. Référence programme T2-0934.",2026-05-18 11:15:00+00:00,45,EXTERNAL,,,"Immeuble Carthage Business Center, Tunis",156,2026-05-04 09:15:00+00:00,DRAFT,DEPARTMENT,2,be819bb5-4387-4c8b-aff9-250ac5ddc5c2,2026-01-08 21:44:40.483557+00:00,2026-02-04 09:52:20.260833+00:00,
7756501b-60b7-4e44-99e4-c40cd2d0297e,Atelier collaboratif feedback constructif - édition 0935,Atelier,"Atelier dédié à feedback constructif, conçu pour tous les collaborateurs, avec objectifs clairs, échanges encadrés et livrables pratiques. Référence programme T3-0935.",2026-03-30 10:45:00+00:00,90,ONSITE,Salle B,,,53,2026-03-25 07:45:00+00:00,ARCHIVED,GLOBAL,,8f0f60eb-864b-4f40-8a52-83b880ef9342,2026-03-09 05:07:09.241282+00:00,2026-03-12 00:44:13.117578+00:00,
8947c19e-6303-4ed4-a82c-e38228e57418,Session de formation SQL avancé - édition 0936,Formation,"Formation dédié à SQL avancé, conçu pour le département Finance, avec objectifs clairs, échanges encadrés et livrables pratiques. Référence programme T4-0936.",2026-03-05 15:15:00+00:00,60,ONSITE,Salle Formation,,,80,2026-02-18 15:15:00+00:00,ARCHIVED,DEPARTMENT,3,60a4713c-9862-4c54-b843-99e82e3e7bea,2026-01-12 08:09:06.212030+00:00,2026-02-04 00:16:22.434760+00:00,
30d64185-c6bb-450e-ac01-7cca5f18f5d7,Session en ligne outils collaboratifs - édition 0937,Webinaire,"Webinaire dédié à outils collaboratifs, conçu pour tous les collaborateurs, avec objectifs clairs, échanges encadrés et livrables pratiques. Référence programme T3-0937.",2026-04-27 16:15:00+00:00,60,ONLINE,,https://meet.company.example/session-en-ligne-outils-collaboratifs-edition-0937,,255,2026-04-11 16:15:00+00:00,PUBLISHED,GLOBAL,,876555c2-25f1-4f17-a598-ae5ea4457ee0,2026-01-21 16:04:33.208465+00:00,2026-01-25 10:38:53.017282+00:00,
d136bb84-d2a1-46da-a37a-033437431788,Challenge innovation hackathon interne - édition 0938,Innovation,"Innovation dédié à hackathon interne, conçu pour le département Juridique, avec objectifs clairs, échanges encadrés et livrables pratiques. Référence programme T1-0938.",2026-06-28 15:30:00+00:00,120,ONSITE,Salle Innovation,,,61,2026-06-20 13:30:00+00:00,PUBLISHED,DEPARTMENT,10,c21e317f-9f79-44d5-b20a-71aa31f20d74,2026-04-11 01:44:13.834595+00:00,2026-04-25 12:00:32.472070+00:00,
b795d19a-2804-45fe-9430-4a0d0abdbda2,Parcours pratique gestion de projet - Informatique - édition 0939,Formation,"Formation dédié à gestion de projet, conçu pour le département Informatique, avec objectifs clairs, échanges encadrés et livrables pratiques. Référence programme T3-0939.",2026-07-02 15:45:00+00:00,120,ONSITE,Salle Formation,,,77,2026-06-29 13:45:00+00:00,DRAFT,DEPARTMENT,1,7f1597a7-81b9-4a2c-9123-eee64ca91f04,2026-03-25 19:08:23.653347+00:00,2026-04-17 17:46:26.063533+00:00,
a4447490-4186-44ca-80b0-476de5ac57d8,Keynote interne transformation digitale - édition 0940,Conférence,"Conférence dédié à transformation digitale, conçu pour le département Développement, avec objectifs clairs, échanges encadrés et livrables pratiques. Référence programme T2-0940.",2026-03-18 11:30:00+00:00,120,ONSITE,Salle Innovation,,,154,2026-03-07 11:30:00+00:00,ARCHIVED,DEPARTMENT,6,b54fdc5c-e828-48f4-8b75-28fe75c046a8,2026-02-03 14:06:59.201836+00:00,2026-03-04 00:31:50.221048+00:00,
cc3f40b5-c1bf-4c51-9cff-f921d3b5442c,Atelier amélioration continue - édition 0941,Atelier,"Atelier dédié à amélioration continue, conçu pour le département Communication interne, avec objectifs clairs, échanges encadrés et livrables pratiques. Référence programme T4-0941.",2026-09-25 15:00:00+00:00,120,ONSITE,Salle Communication,,,72,2026-09-11 14:00:00+00:00,PUBLISHED,DEPARTMENT,12,0f89f372-8f9b-4e37-a917-95d348270c77,2026-03-04 19:14:34.837351+00:00,2026-04-01 20:23:43.561951+00:00,
77eff7bb-309d-4c5d-bcb8-b49951ccb903,Atelier RSE achats responsables - édition 0942,RSE,"RSE dédié à achats responsables, conçu pour le département Achats, avec objectifs clairs, échanges encadrés et livrables pratiques. Référence programme T2-0942.",2026-03-08 15:00:00+00:00,60,ONSITE,Salle Finance,,,221,2026-02-26 12:00:00+00:00,ARCHIVED,DEPARTMENT,11,11a37724-d4a2-4571-9734-d56b460e4a73,2026-01-12 18:13:29.141061+00:00,2026-03-07 19:01:34.508006+00:00,
f0ebdcfa-4423-4458-afad-ac14e9dbece8,Session en ligne IA générative - édition 0943,Webinaire,"Webinaire dédié à IA générative, conçu pour tous les collaborateurs, avec objectifs clairs, échanges encadrés et livrables pratiques. Référence programme T4-0943.",2026-11-28 14:45:00+00:00,30,ONLINE,,https://meet.company.example/session-en-ligne-ia-generative-edition-0943,,370,2026-11-11 12:45:00+00:00,CANCELLED,GLOBAL,,869f5770-ffbd-42b1-9908-f61f8fbbc8ea,2026-03-07 20:01:39.405110+00:00,2026-04-04 05:38:50.026889+00:00,Conflit de planning avec un événement prioritaire.
d2572924-5e43-4c4a-b5b2-25c983896374,Action RSE réduction carbone - Développement - édition 0944,RSE,"RSE dédié à réduction carbone, conçu pour le département Développement, avec objectifs clairs, échanges encadrés et livrables pratiques. Référence programme T2-0944.",2026-10-15 11:45:00+00:00,60,EXTERNAL,,,"Avenue Mohamed V, Tunis",152,2026-09-26 11:45:00+00:00,PUBLISHED,DEPARTMENT,6,5f776928-4b7a-41f4-a20d-06c3a6b003bf,2026-03-30 16:04:15.480436+00:00,2026-04-28 10:36:18.382314+00:00,
0ee518ac-8512-40e6-a663-c13840ce4698,Challenge innovation innovation client - Qualité - édition 0945,Innovation,"Innovation dédié à innovation client, conçu pour le département Qualité, avec objectifs clairs, échanges encadrés et livrables pratiques. Référence programme T2-0945.",2026-10-16 13:15:00+00:00,90,ONSITE,Auditorium,,,35,2026-09-28 10:15:00+00:00,PENDING,DEPARTMENT,8,278dc842-25a6-4a12-919b-ae5cb5106a96,2026-02-06 23:37:30.924883+00:00,2026-04-22 13:02:12.088726+00:00,
d1b1ad5c-1b42-4e80-9790-51439b58c5b9,Webinaire bien-être au travail - édition 0946,Webinaire,"Webinaire dédié à bien-être au travail, conçu pour tous les collaborateurs, avec objectifs clairs, échanges encadrés et livrables pratiques. Référence programme T3-0946.",2026-08-28 16:00:00+00:00,90,ONLINE,,https://meet.company.example/webinaire-bien-etre-au-travail-edition-0946,,419,2026-08-11 15:00:00+00:00,PUBLISHED,GLOBAL,,2283e00e-d82e-4663-8d50-14ece1f3a41c,2026-02-26 04:04:11.962804+00:00,2026-03-15 05:46:31.501677+00:00,
6c87bdd5-c3cc-47e9-beb2-5f214e8aecdc,Workshop gestion budgétaire - édition 0947,Atelier,"Atelier dédié à gestion budgétaire, conçu pour le département Achats, avec objectifs clairs, échanges encadrés et livrables pratiques. Référence programme T2-0947.",2026-05-25 16:15:00+00:00,180,ONLINE,,https://meet.company.example/workshop-gestion-budgetaire-edition-0947,,76,2026-05-03 16:15:00+00:00,CANCELLED,DEPARTMENT,11,fafdca7b-2cc4-4de9-ae3c-7a78fdef7d92,2026-01-02 05:13:44.856921+00:00,2026-04-08 11:30:10.345890+00:00,Salle ou ressource indisponible.
a9cb5fc2-09f6-46ea-94ac-feea9afc3e20,Session pratique prise de parole - édition 0948,Atelier,"Atelier dédié à prise de parole, conçu pour le département Communication interne, avec objectifs clairs, échanges encadrés et livrables pratiques. Référence programme T1-0948.",2026-03-23 16:30:00+00:00,120,ONLINE,,https://meet.company.example/session-pratique-prise-de-parole-edition-0948,,68,2026-03-11 13:30:00+00:00,PUBLISHED,DEPARTMENT,12,6a1ea467-ea53-40e2-9b4e-81c03e3120f5,2026-01-27 20:06:02.618217+00:00,2026-03-07 08:59:59.149680+00:00,
7b51d503-97c3-49d2-aa7f-15da3dd03790,Rencontre expert transformation digitale - édition 0949,Conférence,"Conférence dédié à transformation digitale, conçu pour le département Juridique, avec objectifs clairs, échanges encadrés et livrables pratiques. Référence programme T2-0949.",2026-11-07 09:30:00+00:00,45,ONLINE,,https://meet.company.example/rencontre-expert-transformation-digitale-edition-0949,,140,2026-10-18 09:30:00+00:00,PUBLISHED,DEPARTMENT,10,f74bfc4f-83da-466c-9090-774178a81831,2026-02-15 14:50:01.468184+00:00,2026-04-01 08:29:19.155820+00:00,
6edb930a-4288-4540-bb93-696ca483f9a2,Atelier organisation d’événement - édition 0950,Atelier,"Atelier dédié à organisation d’événement, conçu pour tous les collaborateurs, avec objectifs clairs, échanges encadrés et livrables pratiques. Référence programme T2-0950.",2026-10-13 11:45:00+00:00,120,ONLINE,,https://meet.company.example/atelier-organisation-d-evenement-edition-0950,,44,2026-09-26 10:45:00+00:00,PUBLISHED,GLOBAL,,3b146662-5da3-44f9-a3a2-be2e8ab5f602,2026-03-01 18:56:32.003434+00:00,2026-03-03 23:47:47.893358+00:00,
f5175f4f-ee87-48d5-84f7-5ca9602aab77,Atelier cohésion créativité collective - édition 0951,Team building,"Team building dédié à créativité collective, conçu pour le département Support client, avec objectifs clairs, échanges encadrés et livrables pratiques. Référence programme T1-0951.",2026-03-22 09:30:00+00:00,90,ONSITE,Salle Communication,,,26,2026-02-28 08:30:00+00:00,ARCHIVED,DEPARTMENT,9,6d282e57-ae58-47d1-b0b0-71588701cd4b,2026-01-01 23:32:20.102477+00:00,2026-02-16 02:57:02.883696+00:00,
f656297a-977a-4f77-ab2b-d94c57b2033c,Défi collaboratif créativité collective - édition 0952,Team building,"Team building dédié à créativité collective, conçu pour le département Développement, avec objectifs clairs, échanges encadrés et livrables pratiques. Référence programme T3-0952.",2026-05-15 16:15:00+00:00,120,EXTERNAL,,,"Avenue Mohamed V, Tunis",29,2026-05-05 15:15:00+00:00,DRAFT,DEPARTMENT,6,5bfb3b47-b622-4dea-bcef-0b3827189ab1,2026-01-03 22:54:30.180670+00:00,2026-04-04 16:59:18.070638+00:00,
71c5a16c-5675-430f-b26c-9f343af1c5ef,Parcours pratique DevOps - édition 0953,Formation,"Formation dédié à DevOps, conçu pour le département Marketing, avec objectifs clairs, échanges encadrés et livrables pratiques. Référence programme T3-0953.",2026-12-22 11:30:00+00:00,90,ONSITE,Salle A,,,61,2026-12-01 10:30:00+00:00,PENDING,DEPARTMENT,4,d00211fe-b443-439e-afb4-0eaa14b471eb,2026-02-23 00:18:34.530847+00:00,2026-02-28 22:01:03.024670+00:00,
b8f40664-2699-40ac-8a4f-96557b9d6ea8,Présentation digitale bien-être au travail - édition 0954,Webinaire,"Webinaire dédié à bien-être au travail, conçu pour tous les collaborateurs, avec objectifs clairs, échanges encadrés et livrables pratiques. Référence programme T2-0954.",2026-11-19 11:45:00+00:00,30,ONLINE,,https://meet.company.example/presentation-digitale-bien-etre-au-travail-edition-0954,,167,2026-10-28 10:45:00+00:00,PENDING,GLOBAL,,d0f4fbc4-456a-46ec-83cb-fa4972235dcc,2026-04-07 08:09:06.170919+00:00,2026-04-25 22:54:42.616900+00:00,
e05ca4a0-c09e-4b56-96cb-3761e6b97308,Keynote interne finance durable - Support client - édition 0955,Conférence,"Conférence dédié à finance durable, conçu pour le département Support client, avec objectifs clairs, échanges encadrés et livrables pratiques. Référence programme T3-0955.",2026-12-17 09:15:00+00:00,120,EXTERNAL,,,"Centre Urbain Nord, Tunis",90,2026-12-09 07:15:00+00:00,PUBLISHED,DEPARTMENT,9,4c066895-d413-435c-a54a-7085ccebb310,2026-01-08 11:00:45.842012+00:00,2026-01-09 23:42:07.671112+00:00,
f58f9d0d-4888-4dbf-8f5e-ad0328424ffc,Atelier innovation innovation ouverte - édition 0956,Innovation,"Innovation dédié à innovation ouverte, conçu pour tous les collaborateurs, avec objectifs clairs, échanges encadrés et livrables pratiques. Référence programme T3-0956.",2026-10-06 15:30:00+00:00,90,ONSITE,Salle Formation,,,16,2026-09-15 13:30:00+00:00,PUBLISHED,GLOBAL,,c12cd7d4-3770-47ae-9237-24b35609b70d,2026-04-08 14:09:14.122689+00:00,2026-04-27 07:44:09.952866+00:00,
402cf845-1465-47c9-9ae0-d9467816f1c8,Atelier cohésion créativité collective - édition 0957,Team building,"Team building dédié à créativité collective, conçu pour le département Informatique, avec objectifs clairs, échanges encadrés et livrables pratiques. Référence programme T1-0957.",2026-09-19 15:15:00+00:00,240,ONSITE,Salle Communication,,,34,2026-09-08 14:15:00+00:00,PUBLISHED,DEPARTMENT,1,9af4b494-b502-4444-9cfd-9e6df7e6f022,2026-04-06 17:55:38.840575+00:00,2026-04-10 17:37:54.489677+00:00,
b4b2ad15-b8b6-4d8b-827b-2dab40c42db0,Team building résolution de problèmes - édition 0958,Team building,"Team building dédié à résolution de problèmes, conçu pour tous les collaborateurs, avec objectifs clairs, échanges encadrés et livrables pratiques. Référence programme T3-0958.",2026-12-27 10:15:00+00:00,240,ONSITE,Auditorium,,,64,2026-12-04 07:15:00+00:00,PUBLISHED,GLOBAL,,3d995ed0-a816-4b0a-8bb4-eaf99e325783,2026-01-04 04:34:55.467834+00:00,2026-02-03 04:54:54.854029+00:00,
f03e6588-f50c-4fe8-a083-bb372fdf0a30,Afterwork finance et business - Qualité - édition 0959,Afterwork,"Afterwork dédié à finance et business, conçu pour le département Qualité, avec objectifs clairs, échanges encadrés et livrables pratiques. Référence programme T2-0959.",2026-06-05 17:45:00+00:00,120,EXTERNAL,,,"Centre Urbain Nord, Tunis",24,2026-05-17 14:45:00+00:00,PENDING,DEPARTMENT,8,eb85b268-bb88-4119-939d-492d2322518f,2026-02-14 10:28:40.845970+00:00,2026-03-05 11:19:21.237396+00:00,
725ebebe-b184-4dc5-9a39-2d53a39a7c11,Soirée réseau communauté tech - édition 0960,Afterwork,"Afterwork dédié à communauté tech, conçu pour tous les collaborateurs, avec objectifs clairs, échanges encadrés et livrables pratiques. Référence programme T1-0960.",2026-09-09 18:00:00+00:00,90,ONLINE,,https://meet.company.example/soiree-reseau-communaute-tech-edition-0960,,90,2026-08-22 16:00:00+00:00,PUBLISHED,GLOBAL,,96fcb81f-46c4-4e0d-9431-72d62e53de35,2026-03-20 11:15:32.347389+00:00,2026-04-19 07:09:00.599084+00:00,
2e0a99a0-5c65-406a-8b1d-7ebf4748ef84,Table ronde culture agile - édition 0961,Conférence,"Conférence dédié à culture agile, conçu pour le département Ventes, avec objectifs clairs, échanges encadrés et livrables pratiques. Référence programme T1-0961.",2026-03-19 15:45:00+00:00,45,ONSITE,Salle Innovation,,,220,2026-02-23 13:45:00+00:00,PUBLISHED,DEPARTMENT,5,9ac7d884-9c16-4fa3-b896-884afda9c096,2026-01-14 22:05:43.477912+00:00,2026-03-09 10:43:12.431867+00:00,
3eac3ac5-28f0-40c2-b999-12f8711ec276,Keynote interne risques cyber - édition 0962,Conférence,"Conférence dédié à risques cyber, conçu pour tous les collaborateurs, avec objectifs clairs, échanges encadrés et livrables pratiques. Référence programme T1-0962.",2026-10-10 16:00:00+00:00,120,ONSITE,Espace détente,,,151,2026-10-06 15:00:00+00:00,DRAFT,GLOBAL,,e6cbc23c-448f-475b-9d8d-a739cbc80407,2026-02-05 01:30:26.312586+00:00,2026-04-04 02:28:57.868027+00:00,
3f06ad94-6888-41ef-8c91-a251af79b4bb,Atelier collaboratif feedback constructif - Informatique - édition 0963,Atelier,"Atelier dédié à feedback constructif, conçu pour le département Informatique, avec objectifs clairs, échanges encadrés et livrables pratiques. Référence programme T1-0963.",2026-08-26 16:15:00+00:00,180,ONSITE,Salle Réunion B,,,53,2026-08-04 14:15:00+00:00,PUBLISHED,DEPARTMENT,1,182f7f8c-7ece-40b1-9940-ad0854333381,2026-03-10 22:50:21.072782+00:00,2026-04-29 13:41:07.225391+00:00,
02fd0fd1-c21e-4014-806f-5d8955a3edad,Action RSE achats responsables - édition 0964,RSE,"RSE dédié à achats responsables, conçu pour le département Développement, avec objectifs clairs, échanges encadrés et livrables pratiques. Référence programme T3-0964.",2026-10-18 10:00:00+00:00,120,EXTERNAL,,,"Zone industrielle Charguia 2, Tunis",178,2026-10-03 10:00:00+00:00,PUBLISHED,DEPARTMENT,6,ad077160-525d-4c40-8102-623ecef44a68,2026-04-03 13:34:32.639852+00:00,2026-04-11 10:18:42.418835+00:00,
c60cf62d-f2b8-429c-a7e4-2b4782243137,Rencontre informelle communauté tech - édition 0965,Afterwork,"Afterwork dédié à communauté tech, conçu pour tous les collaborateurs, avec objectifs clairs, échanges encadrés et livrables pratiques. Référence programme T1-0965.",2026-09-25 17:45:00+00:00,150,EXTERNAL,,,"Technopole El Ghazala, Ariana",61,2026-09-11 16:45:00+00:00,PUBLISHED,GLOBAL,,ae0998f5-ac8d-41f3-ac2d-777a7f7ca079,2026-02-20 23:19:59.107225+00:00,2026-04-14 02:13:06.926115+00:00,
14a26d46-5b31-499f-ad00-fc30c8e863e4,Atelier RSE économie d’énergie - édition 0966,RSE,"RSE dédié à économie d’énergie, conçu pour tous les collaborateurs, avec objectifs clairs, échanges encadrés et livrables pratiques. Référence programme T3-0966.",2026-04-25 14:15:00+00:00,60,EXTERNAL,,,"Avenue Mohamed V, Tunis",139,2026-04-19 12:15:00+00:00,ARCHIVED,GLOBAL,,3fed2f1f-ed8e-425e-a9c7-8401c4bea33c,2026-04-06 09:16:37.566281+00:00,2026-04-19 09:52:47.481131+00:00,
21602c92-78f5-4c77-8ec5-73ff07100b2c,Moment convivial équipes projet - édition 0967,Afterwork,"Afterwork dédié à équipes projet, conçu pour le département Développement, avec objectifs clairs, échanges encadrés et livrables pratiques. Référence programme T4-0967.",2026-12-04 18:00:00+00:00,90,ONSITE,Espace détente,,,54,2026-11-18 15:00:00+00:00,PUBLISHED,DEPARTMENT,6,b899ea61-699a-400a-98b6-1966f23e209b,2026-03-14 03:51:25.768087+00:00,2026-03-21 02:03:06.304828+00:00,
7ca3451d-7f50-42b8-a59f-6a5d1ab17be6,Journée responsable achats responsables - édition 0968,RSE,"RSE dédié à achats responsables, conçu pour le département Ressources humaines, avec objectifs clairs, échanges encadrés et livrables pratiques. Référence programme T1-0968.",2026-09-27 09:45:00+00:00,90,EXTERNAL,,,"Immeuble Carthage Business Center, Tunis",132,2026-09-08 07:45:00+00:00,PUBLISHED,DEPARTMENT,2,e24ef779-8a19-45dc-82da-af12648144c1,2026-01-17 10:52:24.094512+00:00,2026-04-05 05:41:37.434190+00:00,
3e0f5f5c-a8c9-4eea-85b4-aac12c34daa6,Workshop amélioration continue - Finance - édition 0969,Atelier,"Atelier dédié à amélioration continue, conçu pour le département Finance, avec objectifs clairs, échanges encadrés et livrables pratiques. Référence programme T4-0969.",2026-11-10 10:15:00+00:00,120,ONSITE,Salle Formation,,,30,2026-10-26 10:15:00+00:00,PUBLISHED,DEPARTMENT,3,649114ae-3449-49ab-a8e8-f4c931409e3d,2026-01-23 00:50:12.186174+00:00,2026-03-13 15:58:37.997271+00:00,
d880be32-4a6a-45a5-8673-4464c22cee52,Workshop gestion budgétaire - Informatique - édition 0970,Atelier,"Atelier dédié à gestion budgétaire, conçu pour le département Informatique, avec objectifs clairs, échanges encadrés et livrables pratiques. Référence programme T2-0970.",2026-04-13 16:15:00+00:00,180,ONSITE,Auditorium,,,22,2026-03-28 16:15:00+00:00,PUBLISHED,DEPARTMENT,1,efe3f27d-9b61-4dcc-bdee-66d1ff6634b6,2026-01-03 00:11:19.596914+00:00,2026-02-08 23:21:15.712170+00:00,
692c4084-6937-47d1-87a6-30c7aa02f087,Atelier cohésion créativité collective - édition 0971,Team building,"Team building dédié à créativité collective, conçu pour tous les collaborateurs, avec objectifs clairs, échanges encadrés et livrables pratiques. Référence programme T2-0971.",2026-07-07 13:30:00+00:00,90,EXTERNAL,,,"Rue Taieb Mhiri, Tunis",32,2026-06-22 12:30:00+00:00,PUBLISHED,GLOBAL,,0737a7a1-e7e6-43a8-ade5-027ff9fba167,2026-01-04 08:54:55.730219+00:00,2026-02-11 05:53:34.494800+00:00,
bf32645e-b296-4542-8510-6a71b9659e21,Module d’apprentissage qualité logicielle - Support client - édition 0972,Formation,"Formation dédié à qualité logicielle, conçu pour le département Support client, avec objectifs clairs, échanges encadrés et livrables pratiques. Référence programme T2-0972.",2026-10-26 09:30:00+00:00,120,ONSITE,Lab IoT,,,79,2026-10-14 06:30:00+00:00,CANCELLED,DEPARTMENT,9,62f0f942-5b08-4351-9bfb-920a9b2364ec,2026-01-07 14:36:30.859479+00:00,2026-03-24 21:42:09.480386+00:00,Nombre d’inscriptions insuffisant pour maintenir la session.
d07fd5cb-44a5-49bd-918c-e14029eb1a30,Session bien-être respiration et concentration - édition 0973,Bien-être,"Bien-être dédié à respiration et concentration, conçu pour tous les collaborateurs, avec objectifs clairs, échanges encadrés et livrables pratiques. Référence programme T3-0973.",2026-07-01 14:30:00+00:00,45,ONSITE,Lab IoT,,,44,2026-06-21 12:30:00+00:00,DRAFT,GLOBAL,,3fed2f1f-ed8e-425e-a9c7-8401c4bea33c,2026-04-20 21:07:47.601428+00:00,2026-04-24 16:27:09.452847+00:00,
b948b886-e62a-4351-a77d-53bfece43450,Moment convivial innovation - édition 0974,Afterwork,"Afterwork dédié à innovation, conçu pour tous les collaborateurs, avec objectifs clairs, échanges encadrés et livrables pratiques. Référence programme T3-0974.",2026-11-20 17:30:00+00:00,150,ONSITE,Salle Formation,,,34,2026-11-15 14:30:00+00:00,PUBLISHED,GLOBAL,,93104829-8594-400a-b598-aff286b49018,2026-02-17 15:40:19.438445+00:00,2026-02-18 20:54:51.006228+00:00,
7a4d957f-fa49-4666-9907-1de1c9fdf514,Rencontre culture interne rencontre direction - édition 0975,Culture d’entreprise,"Culture d’entreprise dédié à rencontre direction, conçu pour le département Informatique, avec objectifs clairs, échanges encadrés et livrables pratiques. Référence programme T3-0975.",2026-11-01 09:45:00+00:00,45,EXTERNAL,,,"Avenue Mohamed V, Tunis",71,2026-10-18 07:45:00+00:00,DRAFT,DEPARTMENT,1,77912841-0831-4559-9152-00fd23a9a51c,2026-01-05 02:19:59.117457+00:00,2026-02-28 17:08:53.633154+00:00,
d1e1b560-67b3-472c-b76c-03ae9bcdcef2,Challenge collectif défi inter-départements - Finance - édition 0976,Team building,"Team building dédié à défi inter-départements, conçu pour le département Finance, avec objectifs clairs, échanges encadrés et livrables pratiques. Référence programme T4-0976.",2026-07-19 15:00:00+00:00,240,ONSITE,Salle Réunion B,,,29,2026-07-06 15:00:00+00:00,DRAFT,DEPARTMENT,3,0b0392ac-a14f-455e-86b0-ae00fdfdf1f6,2026-01-31 20:55:51.899035+00:00,2026-02-16 18:02:26.163922+00:00,
5093c388-0c6c-421f-ae8b-adbdaa899a25,Initiative durable mobilité durable - édition 0977,RSE,"RSE dédié à mobilité durable, conçu pour tous les collaborateurs, avec objectifs clairs, échanges encadrés et livrables pratiques. Référence programme T1-0977.",2026-08-13 14:30:00+00:00,120,ONSITE,Salle Communication,,,154,2026-08-11 11:30:00+00:00,REJECTED,GLOBAL,,b4b6c65f-6664-4d76-b394-e61f1c8f8ec1,2026-04-07 22:05:33.780897+00:00,2026-04-29 01:44:06.632612+00:00,Demande rejetée : audience cible trop large.
fba90d2b-47c6-4942-b669-012f46bcb1d5,Rencontre santé au travail gestion du stress - édition 0978,Bien-être,"Bien-être dédié à gestion du stress, conçu pour tous les collaborateurs, avec objectifs clairs, échanges encadrés et livrables pratiques. Référence programme T3-0978.",2026-06-27 11:00:00+00:00,45,ONSITE,Salle RH,,,10,2026-06-10 09:00:00+00:00,PUBLISHED,GLOBAL,,054fbfd5-4987-4e74-981e-7720556bff7c,2026-02-06 14:32:13.298235+00:00,2026-04-30 15:36:50.519002+00:00,
e62665a7-78e4-4279-85e7-d7a37fe30594,Rencontre informelle communauté tech - Finance - édition 0979,Afterwork,"Afterwork dédié à communauté tech, conçu pour le département Finance, avec objectifs clairs, échanges encadrés et livrables pratiques. Référence programme T4-0979.",2026-05-20 19:45:00+00:00,150,ONSITE,Salle B,,,44,2026-05-04 18:45:00+00:00,PUBLISHED,DEPARTMENT,3,6bd3493e-fd88-4531-b028-16a597e8c121,2026-02-07 15:41:51.684195+00:00,2026-04-17 04:51:34.318083+00:00,
f4d661c3-d7a6-4bb6-9922-0b5130b74731,Présentation digitale outils collaboratifs - édition 0980,Webinaire,"Webinaire dédié à outils collaboratifs, conçu pour tous les collaborateurs, avec objectifs clairs, échanges encadrés et livrables pratiques. Référence programme T4-0980.",2026-09-06 15:00:00+00:00,90,ONLINE,,https://meet.company.example/presentation-digitale-outils-collaboratifs-edition-0980,,181,2026-08-21 14:00:00+00:00,PUBLISHED,GLOBAL,,7b5a28c5-3946-4a3b-ad59-fc33a2e44d00,2026-04-04 00:07:29.057890+00:00,2026-04-15 22:16:54.275512+00:00,
3de38ce4-8332-4ea6-ac76-ff1cc00b40e4,Module d’apprentissage Power BI - édition 0981,Formation,"Formation dédié à Power BI, conçu pour tous les collaborateurs, avec objectifs clairs, échanges encadrés et livrables pratiques. Référence programme T2-0981.",2026-08-18 10:15:00+00:00,120,ONLINE,,https://meet.company.example/module-d-apprentissage-power-bi-edition-0981,,10,2026-07-25 07:15:00+00:00,PUBLISHED,GLOBAL,,c1e9f1c5-3a1d-407e-9767-7cb7c9089296,2026-01-08 14:08:46.011926+00:00,2026-03-26 05:13:08.108746+00:00,
7d4f7e1b-0ba3-4436-b1b3-559df678c84c,Initiative durable économie d’énergie - édition 0982,RSE,"RSE dédié à économie d’énergie, conçu pour le département Ventes, avec objectifs clairs, échanges encadrés et livrables pratiques. Référence programme T3-0982.",2026-08-23 11:30:00+00:00,120,ONLINE,,https://meet.company.example/initiative-durable-economie-d-energie-edition-0982,,121,2026-08-12 08:30:00+00:00,PUBLISHED,DEPARTMENT,5,23cf3644-a5e7-4b7a-848c-b3c4ffc0d526,2026-01-03 03:02:31.503139+00:00,2026-02-20 19:41:21.460040+00:00,
4906edf6-8f25-44ba-bd9c-81737ab7a40d,Atelier cohésion défi inter-départements - Qualité - édition 0983,Team building,"Team building dédié à défi inter-départements, conçu pour le département Qualité, avec objectifs clairs, échanges encadrés et livrables pratiques. Référence programme T2-0983.",2026-12-23 09:30:00+00:00,120,ONSITE,Salle Finance,,,8,2026-12-10 08:30:00+00:00,DRAFT,DEPARTMENT,8,a166e45a-4673-4033-bd08-6264c00ab024,2026-01-01 13:21:55.287151+00:00,2026-03-15 21:26:50.072073+00:00,
da965dae-756d-441b-8936-f8440e08a8bd,Atelier cohésion résolution de problèmes - édition 0984,Team building,"Team building dédié à résolution de problèmes, conçu pour le département Finance, avec objectifs clairs, échanges encadrés et livrables pratiques. Référence programme T4-0984.",2026-05-09 11:15:00+00:00,120,ONSITE,Salle Finance,,,50,2026-04-17 09:15:00+00:00,PUBLISHED,DEPARTMENT,3,7bf1e94f-695d-4afe-9fb2-f60aff59abb9,2026-03-08 12:04:25.675202+00:00,2026-04-30 04:02:15.073744+00:00,
fdd9e8fa-ed5e-4c04-8c74-e6c720001f1b,Atelier amélioration continue - édition 0985,Atelier,"Atelier dédié à amélioration continue, conçu pour le département Achats, avec objectifs clairs, échanges encadrés et livrables pratiques. Référence programme T1-0985.",2026-07-31 16:45:00+00:00,180,EXTERNAL,,,"Avenue Mohamed V, Tunis",33,2026-07-18 13:45:00+00:00,PUBLISHED,DEPARTMENT,11,124d31c9-67e3-4463-a3dc-e5d31d3560a1,2026-02-26 19:59:50.078205+00:00,2026-04-09 00:43:13.128164+00:00,
cec745a3-974a-45ba-ae64-12cfa304076f,Présentation digitale marketing digital - édition 0986,Webinaire,"Webinaire dédié à marketing digital, conçu pour tous les collaborateurs, avec objectifs clairs, échanges encadrés et livrables pratiques. Référence programme T4-0986.",2026-07-16 09:45:00+00:00,60,ONLINE,,https://meet.company.example/presentation-digitale-marketing-digital-edition-0986,,329,2026-07-11 09:45:00+00:00,CANCELLED,GLOBAL,,d4a71d21-d547-4736-9c69-2ae754d8e3f0,2026-01-07 17:59:28.675608+00:00,2026-01-30 02:22:07.788326+00:00,Priorité métier modifiée.
d30e54ca-2370-4b4d-a024-0c07f0a5d5d4,Live interne IA générative - Informatique - édition 0987,Webinaire,"Webinaire dédié à IA générative, conçu pour le département Informatique, avec objectifs clairs, échanges encadrés et livrables pratiques. Référence programme T2-0987.",2026-08-25 09:00:00+00:00,60,ONLINE,,https://meet.company.example/live-interne-ia-generative-informatique-edition-0987,,367,2026-08-11 06:00:00+00:00,PUBLISHED,DEPARTMENT,1,76c67646-085b-4496-a704-025ae0fbf520,2026-03-30 09:48:03.398589+00:00,2026-04-24 12:45:31.701846+00:00,
d99cc351-8a56-412d-886f-96d6f610daf7,Conférence expérience client - Qualité - édition 0988,Conférence,"Conférence dédié à expérience client, conçu pour le département Qualité, avec objectifs clairs, échanges encadrés et livrables pratiques. Référence programme T4-0988.",2026-11-26 15:00:00+00:00,90,EXTERNAL,,,"Parc technologique, Ariana",188,2026-11-14 12:00:00+00:00,DRAFT,DEPARTMENT,8,dadc6b32-cbe4-4de4-a808-13de29ec16d0,2026-04-24 22:22:16.286335+00:00,2026-04-30 14:55:39.542218+00:00,
43d44dfa-9dae-4b97-af2f-676569ceda51,Workshop design thinking - édition 0989,Atelier,"Atelier dédié à design thinking, conçu pour le département Développement, avec objectifs clairs, échanges encadrés et livrables pratiques. Référence programme T1-0989.",2026-10-12 16:00:00+00:00,180,ONSITE,Salle A,,,49,2026-10-03 15:00:00+00:00,REJECTED,DEPARTMENT,6,3784474d-e825-475d-9698-3cd025b65f95,2026-03-13 10:38:13.223199+00:00,2026-04-07 21:36:58.251166+00:00,Demande rejetée : objectifs insuffisamment définis.
4a26effb-f346-4dbb-b52c-7e82e826ecda,Webinaire marketing digital - édition 0990,Webinaire,"Webinaire dédié à marketing digital, conçu pour tous les collaborateurs, avec objectifs clairs, échanges encadrés et livrables pratiques. Référence programme T2-0990.",2026-06-02 09:15:00+00:00,60,ONLINE,,https://meet.company.example/webinaire-marketing-digital-edition-0990,,55,2026-05-13 07:15:00+00:00,PUBLISHED,GLOBAL,,9d9f828f-6d17-4846-b840-5c49524aebe1,2026-04-02 02:39:05.448327+00:00,2026-04-25 01:31:46.437435+00:00,
7c0befe7-adb6-4282-88cb-8e69170824c3,Atelier RSE mobilité durable - édition 0991,RSE,"RSE dédié à mobilité durable, conçu pour tous les collaborateurs, avec objectifs clairs, échanges encadrés et livrables pratiques. Référence programme T1-0991.",2026-05-31 09:00:00+00:00,90,ONSITE,Salle Communication,,,249,2026-05-23 07:00:00+00:00,DRAFT,GLOBAL,,e405908c-8072-4c93-8cd7-6a0b541a50ee,2026-04-18 07:06:53.211959+00:00,2026-04-26 05:19:08.550682+00:00,
c6296145-7149-4c07-942a-328720b61a2d,Lab innovation prototypage rapide - Finance - édition 0992,Innovation,"Innovation dédié à prototypage rapide, conçu pour le département Finance, avec objectifs clairs, échanges encadrés et livrables pratiques. Référence programme T4-0992.",2026-05-21 11:15:00+00:00,90,ONLINE,,https://meet.company.example/lab-innovation-prototypage-rapide-finance-edition-0992,,55,2026-05-15 10:15:00+00:00,PUBLISHED,DEPARTMENT,3,94df617c-7422-4cee-8fff-551c271661f6,2026-02-07 02:39:11.968953+00:00,2026-04-06 18:43:44.515686+00:00,
610b1601-b881-4a17-9947-14bd481a944d,Formation cybersécurité - IoT - édition 0993,Formation,"Formation dédié à cybersécurité, conçu pour le département IoT, avec objectifs clairs, échanges encadrés et livrables pratiques. Référence programme T2-0993.",2026-05-20 14:15:00+00:00,60,ONSITE,Salle Innovation,,,65,2026-05-10 14:15:00+00:00,PUBLISHED,DEPARTMENT,7,b312e220-ae63-4cad-98df-940d573360df,2026-03-16 16:24:28.990336+00:00,2026-03-24 10:15:00.378578+00:00,
a924a289-17e2-48b5-bff3-a22b1802e601,Keynote interne IoT industriel - édition 0994,Conférence,"Conférence dédié à IoT industriel, conçu pour tous les collaborateurs, avec objectifs clairs, échanges encadrés et livrables pratiques. Référence programme T2-0994.",2026-11-21 16:45:00+00:00,90,ONSITE,Salle Réunion B,,,66,2026-11-06 14:45:00+00:00,DRAFT,GLOBAL,,c8179126-6db5-4378-878a-06984c582910,2026-03-12 09:43:30.642666+00:00,2026-03-22 11:15:32.754736+00:00,
019289cd-f748-45f0-bd5c-87632b625d5d,Pause prévention gestion du stress - Finance - édition 0995,Bien-être,"Bien-être dédié à gestion du stress, conçu pour le département Finance, avec objectifs clairs, échanges encadrés et livrables pratiques. Référence programme T4-0995.",2026-10-19 16:00:00+00:00,90,EXTERNAL,,,"Rue Taieb Mhiri, Tunis",63,2026-10-01 16:00:00+00:00,PUBLISHED,DEPARTMENT,3,de793784-3e9c-4a5b-a50b-5e1a0437bd90,2026-01-06 05:05:59.166061+00:00,2026-04-16 09:11:34.728219+00:00,
86ff6e8e-82fd-4212-9c34-4e6c7b1169ad,Rencontre santé au travail respiration et concentration - Qualité - édition 0996,Bien-être,"Bien-être dédié à respiration et concentration, conçu pour le département Qualité, avec objectifs clairs, échanges encadrés et livrables pratiques. Référence programme T4-0996.",2026-05-18 09:30:00+00:00,90,ONSITE,Salle Réunion B,,,43,2026-05-15 08:30:00+00:00,PUBLISHED,DEPARTMENT,8,c061b807-bf13-4062-83a1-8560217e80d8,2026-01-04 22:42:04.362065+00:00,2026-04-17 07:41:17.315186+00:00,
a99322d7-9eca-4016-b4a4-1c6e875b96cd,Live interne outils collaboratifs - édition 0997,Webinaire,"Webinaire dédié à outils collaboratifs, conçu pour tous les collaborateurs, avec objectifs clairs, échanges encadrés et livrables pratiques. Référence programme T3-0997.",2026-10-06 09:30:00+00:00,60,ONLINE,,https://meet.company.example/live-interne-outils-collaboratifs-edition-0997,,411,2026-09-25 08:30:00+00:00,REJECTED,GLOBAL,,db0a6297-8193-47c9-a815-151141095ca6,2026-02-13 01:34:01.161680+00:00,2026-02-19 18:17:07.944445+00:00,Demande rejetée : budget non justifié.
359e99c9-a8e0-464c-a3e4-0cf90413eda0,Keynote interne finance durable - IoT - édition 0998,Conférence,"Conférence dédié à finance durable, conçu pour le département IoT, avec objectifs clairs, échanges encadrés et livrables pratiques. Référence programme T2-0998.",2026-04-07 09:30:00+00:00,60,ONSITE,Salle Réunion B,,,196,2026-04-04 08:30:00+00:00,PUBLISHED,DEPARTMENT,7,de60686f-1075-42f6-8d70-c65c29ff1620,2026-02-18 03:02:16.173624+00:00,2026-02-24 21:45:43.753979+00:00,
ab944107-0c97-47a0-84ce-3bc81dcd7b62,Pause prévention ergonomie au travail - édition 0999,Bien-être,"Bien-être dédié à ergonomie au travail, conçu pour le département Finance, avec objectifs clairs, échanges encadrés et livrables pratiques. Référence programme T2-0999.",2026-09-03 16:30:00+00:00,60,EXTERNAL,,,"Technopole El Ghazala, Ariana",11,2026-08-16 16:30:00+00:00,CANCELLED,DEPARTMENT,3,eaa9cc85-b28c-4878-9ca7-f4d797d0e0d9,2026-01-12 20:54:16.898933+00:00,2026-03-06 15:05:26.654205+00:00,Budget non validé pour cette édition.
203bcb43-6342-46f7-8b31-08fae27245cc,Module d’apprentissage analyse de données - édition 1000,Formation,"Formation dédié à analyse de données, conçu pour le département Informatique, avec objectifs clairs, échanges encadrés et livrables pratiques. Référence programme T3-1000.",2026-04-15 10:15:00+00:00,60,ONSITE,Espace détente,,,23,2026-03-29 07:15:00+00:00,ARCHIVED,DEPARTMENT,1,7f5ff8e9-537d-4aa6-b713-4dfdab32e67a,2026-04-04 02:39:57.067379+00:00,2026-04-06 18:22:43.863213+00:00,