id,event_id,user_id,status,registered_at,cancelled_at,attendance_status,cancel_reason
1,c998667f-4864-437b-b5c1-0264dd37f5e5,a40aa065-08ee-47e0-9fe4-04100a58e6f1,REGISTERED,2026-04-16 10:19:25.950065+00:00,,PENDING,
2,c998667f-4864-437b-b5c1-0264dd37f5e5,11e4bafe-f46f-4714-ae79-46782f98afcc,REGISTERED,2026-04-18 14:10:24.097556+00:00,,PENDING,
3,c998667f-4864-437b-b5c1-0264dd37f5e5,fd139f69-a02f-403a-a413-19b49a716926,REGISTERED,2026-04-16 04:55:01.460299+00:00,,PENDING,
4,c998667f-4864-437b-b5c1-0264dd37f5e5,233057b7-c1c0-40c2-9d82-b5af2946ba7d,REGISTERED,2026-04-30 09:33:49.821847+00:00,,PENDING,
5,c998667f-4864-437b-b5c1-0264dd37f5e5,e707ec8d-700c-4a76-b105-331db986cdd6,REGISTERED,2026-04-24 09:54:27.483464+00:00,,PENDING,
6,c998667f-4864-437b-b5c1-0264dd37f5e5,ce737a66-340f-45b5-b53a-c9066f05836b,REGISTERED,2026-04-27 09:43:07.603735+00:00,,PENDING,
7,c998667f-4864-437b-b5c1-0264dd37f5e5,52d16be2-1e29-40b8-8bcf-0168e069291b,REGISTERED,2026-04-29 06:17:51.556470+00:00,,PENDING,
8,c998667f-4864-437b-b5c1-0264dd37f5e5,3e5fe20d-95f7-4fea-a0b1-f764d3af1ede,CANCELLED,2026-04-18 15:59:42.950032+00:00,2026-04-27 17:38:06.657806+00:00,PENDING,Problème de disponibilité logistique.
9,c998667f-4864-437b-b5c1-0264dd37f5e5,41a6c95e-1a40-4fc5-a34d-45dacb2f816f,REGISTERED,2026-04-27 07:53:00.478764+00:00,,PENDING,
10,c998667f-4864-437b-b5c1-0264dd37f5e5,f50ff8d2-296b-430d-bc2e-7a3ba13a75b7,REGISTERED,2026-04-25 08:41:28.710293+00:00,,PENDING,
11,c998667f-4864-437b-b5c1-0264dd37f5e5,f4cd3bad-4dac-4e03-9295-0b1a528ef4eb,REGISTERED,2026-04-18 19:37:55.250313+00:00,,PENDING,
12,c998667f-4864-437b-b5c1-0264dd37f5e5,d8820e49-04ca-49fb-ae6e-24da3db841fb,REGISTERED,2026-04-20 01:53:21.111072+00:00,,PENDING,
13,c998667f-4864-437b-b5c1-0264dd37f5e5,3f24b106-d0fe-4f00-822d-c9d256babef7,REGISTERED,2026-04-18 17:06:08.379160+00:00,,PENDING,
14,c998667f-4864-437b-b5c1-0264dd37f5e5,b4b6c65f-6664-4d76-b394-e61f1c8f8ec1,REGISTERED,2026-04-24 01:44:09.596111+00:00,,PENDING,
15,c998667f-4864-437b-b5c1-0264dd37f5e5,41417e3e-4fd4-4942-a396-ba652bde8364,REGISTERED,2026-04-30 00:44:02.907290+00:00,,PENDING,
16,c998667f-4864-437b-b5c1-0264dd37f5e5,ae8476f4-9a83-4f9f-a68f-08866cdec032,REGISTERED,2026-04-27 10:11:17.405753+00:00,,PENDING,
17,c998667f-4864-437b-b5c1-0264dd37f5e5,23f999be-8f3a-4135-a109-48825f2b5ce3,REGISTERED,2026-04-26 20:26:46.829499+00:00,,PENDING,
18,c998667f-4864-437b-b5c1-0264dd37f5e5,d55887a6-ba09-4137-817b-136eca0eb8fe,REGISTERED,2026-04-20 23:35:36.811957+00:00,,PENDING,
19,c998667f-4864-437b-b5c1-0264dd37f5e5,ee1c4d3b-ec68-41f3-b7f1-58779c7a6bd9,REGISTERED,2026-04-26 16:29:41.154482+00:00,,PENDING,
20,c998667f-4864-437b-b5c1-0264dd37f5e5,bc82679b-60ac-4cb8-a2c8-90cf85491d9f,REGISTERED,2026-04-25 02:52:38.151525+00:00,,PENDING,
21,c998667f-4864-437b-b5c1-0264dd37f5e5,83181837-ca9a-4a93-95ef-82c0c1624078,REGISTERED,2026-04-19 19:15:36.811590+00:00,,PENDING,
22,c998667f-4864-437b-b5c1-0264dd37f5e5,85d69c98-5b99-4368-9470-a023a0faaa39,REGISTERED,2026-04-15 19:21:20.923876+00:00,,PENDING,
23,c998667f-4864-437b-b5c1-0264dd37f5e5,4c324c73-2dc1-425d-8e1b-f3224f6128ec,REGISTERED,2026-04-26 09:37:06.923938+00:00,,PENDING,
24,c998667f-4864-437b-b5c1-0264dd37f5e5,3890de82-3395-42e3-86ff-099140dc8353,REGISTERED,2026-04-26 11:16:11.156252+00:00,,PENDING,
25,c998667f-4864-437b-b5c1-0264dd37f5e5,79456f8d-6ac6-4880-873b-04763ea7326d,REGISTERED,2026-04-15 17:53:56.835445+00:00,,PENDING,
26,c998667f-4864-437b-b5c1-0264dd37f5e5,6487383a-0fb9-4616-a52e-d9a0ba69cc53,REGISTERED,2026-04-22 14:33:04.297757+00:00,,PENDING,
27,c998667f-4864-437b-b5c1-0264dd37f5e5,96f88851-c0d4-41cf-be20-b08886bc6e6c,REGISTERED,2026-04-26 17:32:53.580870+00:00,,PENDING,
28,c998667f-4864-437b-b5c1-0264dd37f5e5,514d1d62-3100-4b79-9ace-199ed15abd30,REGISTERED,2026-04-27 15:53:21.642933+00:00,,PENDING,
29,c998667f-4864-437b-b5c1-0264dd37f5e5,e3327257-45ae-4912-b4c2-08f9cb4d8536,REGISTERED,2026-04-30 09:29:58.596255+00:00,,PENDING,
30,c998667f-4864-437b-b5c1-0264dd37f5e5,e1a6a44d-3130-4403-b5cb-3639929a10a0,REGISTERED,2026-04-16 19:48:43.413162+00:00,,PENDING,
31,c998667f-4864-437b-b5c1-0264dd37f5e5,f6be51eb-5ff8-4a8e-a90d-11214c8c8539,REGISTERED,2026-04-21 16:40:35.485613+00:00,,PENDING,
32,c998667f-4864-437b-b5c1-0264dd37f5e5,702b5919-6fb5-46fa-8a5a-e0c7f8f37c74,REGISTERED,2026-04-30 13:29:56.089661+00:00,,PENDING,
33,c998667f-4864-437b-b5c1-0264dd37f5e5,8447be2e-4776-47d8-b0e5-e6a88f3e7d22,REGISTERED,2026-04-17 03:50:57.992028+00:00,,PENDING,
34,c998667f-4864-437b-b5c1-0264dd37f5e5,2283e00e-d82e-4663-8d50-14ece1f3a41c,REGISTERED,2026-04-16 16:25:17.896574+00:00,,PENDING,
35,c998667f-4864-437b-b5c1-0264dd37f5e5,182f7f8c-7ece-40b1-9940-ad0854333381,REGISTERED,2026-04-21 16:35:46.680459+00:00,,PENDING,
36,c998667f-4864-437b-b5c1-0264dd37f5e5,770a3736-dd6c-443d-92ff-d84e014a53e9,REGISTERED,2026-04-16 10:30:22.877209+00:00,,PENDING,
37,c998667f-4864-437b-b5c1-0264dd37f5e5,523b8c7a-c2fe-456d-b96a-d35efdae8e10,REGISTERED,2026-04-28 07:31:41.851112+00:00,,PENDING,
38,c998667f-4864-437b-b5c1-0264dd37f5e5,ea40f618-7f28-4677-9945-8b26e9dad431,REGISTERED,2026-04-16 16:50:04.340712+00:00,,PENDING,
39,c998667f-4864-437b-b5c1-0264dd37f5e5,fd4de66f-9089-4132-b386-bcc0aed023a5,REGISTERED,2026-04-29 09:28:43.432011+00:00,,PENDING,
40,c998667f-4864-437b-b5c1-0264dd37f5e5,b6421516-65a2-4794-a3cf-e6d057cb9c36,REGISTERED,2026-04-27 17:47:10.405153+00:00,,PENDING,
41,c998667f-4864-437b-b5c1-0264dd37f5e5,0ad2e8b9-a1e4-439b-82a6-7043befa8527,REGISTERED,2026-04-26 21:17:03.242914+00:00,,PENDING,
42,c998667f-4864-437b-b5c1-0264dd37f5e5,473aea92-b352-4816-84a6-998d6674e016,REGISTERED,2026-04-24 20:20:18.444339+00:00,,PENDING,
43,c998667f-4864-437b-b5c1-0264dd37f5e5,722ee721-cbc4-48ea-afc1-2addf9bc9ffe,CANCELLED,2026-04-27 13:25:42.556371+00:00,2026-04-27 21:24:19.541748+00:00,PENDING,Absence validée par le manager.
44,c998667f-4864-437b-b5c1-0264dd37f5e5,b312e220-ae63-4cad-98df-940d573360df,REGISTERED,2026-04-29 17:24:22.433595+00:00,,PENDING,
45,c998667f-4864-437b-b5c1-0264dd37f5e5,42985594-b4de-4967-9bb0-fa9bd3a9e08f,REGISTERED,2026-04-29 06:05:22.658129+00:00,,PENDING,
46,c998667f-4864-437b-b5c1-0264dd37f5e5,6f1c92a2-1730-457e-af80-22ceee52065e,REGISTERED,2026-04-26 06:32:41.543033+00:00,,PENDING,
47,c998667f-4864-437b-b5c1-0264dd37f5e5,e50d8d05-5cc4-4343-b6bc-1df1b3f3d22f,CANCELLED,2026-04-24 01:39:20.253873+00:00,2026-04-28 21:41:47.172744+00:00,PENDING,Problème de disponibilité logistique.
48,c998667f-4864-437b-b5c1-0264dd37f5e5,98096adb-c347-4b91-b157-13d91467faa7,REGISTERED,2026-04-20 00:27:20.584162+00:00,,PENDING,
49,c998667f-4864-437b-b5c1-0264dd37f5e5,ac16955a-100a-49c4-9550-f3e3c118b812,REGISTERED,2026-04-15 00:07:25.266132+00:00,,PENDING,
50,c998667f-4864-437b-b5c1-0264dd37f5e5,cb6d8e05-1472-47ff-b732-cb920eb596dd,REGISTERED,2026-04-20 19:13:38.465239+00:00,,PENDING,
51,c998667f-4864-437b-b5c1-0264dd37f5e5,b8b374dd-9fa4-4bbd-9bb0-e00bf90d665f,REGISTERED,2026-04-26 06:31:51.450941+00:00,,PENDING,
52,03846d23-9551-4f6d-9871-af0dc07b7cd0,5553c5bf-a6be-43ce-99ca-71a0dd00c526,REGISTERED,2026-03-17 22:11:00.010904+00:00,,PENDING,
53,03846d23-9551-4f6d-9871-af0dc07b7cd0,7c02e81b-64f2-451d-bbab-b807fd72ef10,REGISTERED,2026-04-11 23:26:53.484161+00:00,,PENDING,
54,03846d23-9551-4f6d-9871-af0dc07b7cd0,9a6ea003-a666-4c29-8ae5-e7fa86361a43,REGISTERED,2026-04-24 12:04:14.882256+00:00,,PENDING,
55,03846d23-9551-4f6d-9871-af0dc07b7cd0,0b8e3edc-e13f-433c-bcda-bf4510acface,REGISTERED,2026-04-24 14:41:10.034568+00:00,,PENDING,
56,03846d23-9551-4f6d-9871-af0dc07b7cd0,8eb23e0d-e7bd-4642-b245-6338a02daf5d,REGISTERED,2026-03-30 14:41:11.377899+00:00,,PENDING,
57,03846d23-9551-4f6d-9871-af0dc07b7cd0,e9259942-8396-473b-9057-48dcaca6a4b8,REGISTERED,2026-03-22 09:13:19.508574+00:00,,PENDING,
58,03846d23-9551-4f6d-9871-af0dc07b7cd0,6f1f4dc0-4b42-4147-b573-37a2915f8a50,REGISTERED,2026-04-26 23:49:54.270301+00:00,,PENDING,
59,03846d23-9551-4f6d-9871-af0dc07b7cd0,20272eee-ae06-4fca-93c0-854b118bb324,REGISTERED,2026-04-04 18:52:00.087971+00:00,,PENDING,
60,03846d23-9551-4f6d-9871-af0dc07b7cd0,24142aac-d1c8-42ac-a86d-f1049fd901a2,REGISTERED,2026-04-14 01:54:06.140477+00:00,,PENDING,
61,03846d23-9551-4f6d-9871-af0dc07b7cd0,e9d2ff70-2c2b-4bd5-ba0f-ea608ddccc9a,REGISTERED,2026-03-18 21:02:23.274082+00:00,,PENDING,
62,03846d23-9551-4f6d-9871-af0dc07b7cd0,edc57913-68cf-4b04-a356-052f6ffdbcff,REGISTERED,2026-04-03 15:30:39.528568+00:00,,PENDING,
63,678e5c49-2025-44bb-a17b-e28c158799b9,0deea514-779a-4aa2-b500-353e426c4bb8,REGISTERED,2026-04-10 20:13:51.779761+00:00,,PENDING,
64,678e5c49-2025-44bb-a17b-e28c158799b9,be09ca96-c6bc-47f0-8da2-2fe50ad27d22,REGISTERED,2026-04-11 03:39:30.977853+00:00,,PENDING,
65,678e5c49-2025-44bb-a17b-e28c158799b9,8006d300-c0ae-4a0d-ba53-074804f86119,CANCELLED,2026-04-26 07:39:48.268035+00:00,2026-04-27 01:10:24.928867+00:00,PENDING,Erreur de choix de créneau.
66,678e5c49-2025-44bb-a17b-e28c158799b9,cba90a11-1840-4896-baf9-ad4c1723a01f,REGISTERED,2026-04-28 04:40:02.702915+00:00,,PENDING,
67,678e5c49-2025-44bb-a17b-e28c158799b9,2b6d1065-0b7d-4434-8df1-5b0f01a68955,REGISTERED,2026-04-04 23:07:15.640149+00:00,,PENDING,
68,678e5c49-2025-44bb-a17b-e28c158799b9,11e4bafe-f46f-4714-ae79-46782f98afcc,CANCELLED,2026-04-15 15:46:13.997315+00:00,2026-04-29 12:54:14.476880+00:00,PENDING,Erreur de choix de créneau.
69,678e5c49-2025-44bb-a17b-e28c158799b9,18461a76-23dd-484e-ac0a-37f832c9ef57,REGISTERED,2026-04-27 08:41:45.080571+00:00,,PENDING,
70,678e5c49-2025-44bb-a17b-e28c158799b9,09c9c2e9-4239-482d-891d-56063049a724,REGISTERED,2026-04-04 04:56:40.291667+00:00,,PENDING,
71,678e5c49-2025-44bb-a17b-e28c158799b9,f8d7dc0b-5a3b-44ee-98f3-b79e6f774b1e,REGISTERED,2026-04-12 07:49:04.249701+00:00,,PENDING,
72,678e5c49-2025-44bb-a17b-e28c158799b9,c58bb0f6-4d0a-48af-8710-da23e9acd1d0,REGISTERED,2026-04-22 08:14:10.553335+00:00,,PENDING,
73,678e5c49-2025-44bb-a17b-e28c158799b9,f2aba7e0-43cb-45a1-8ed2-80e2b36e4be9,REGISTERED,2026-04-17 21:02:12.587703+00:00,,PENDING,
74,678e5c49-2025-44bb-a17b-e28c158799b9,8a674818-0a1b-475b-a8c9-cbe1e87d7943,REGISTERED,2026-04-26 12:40:13.743577+00:00,,PENDING,
75,678e5c49-2025-44bb-a17b-e28c158799b9,770a3736-dd6c-443d-92ff-d84e014a53e9,REGISTERED,2026-04-27 08:19:06.311710+00:00,,PENDING,
76,678e5c49-2025-44bb-a17b-e28c158799b9,6f1c92a2-1730-457e-af80-22ceee52065e,REGISTERED,2026-04-25 18:02:17.024838+00:00,,PENDING,
77,678e5c49-2025-44bb-a17b-e28c158799b9,ae923cee-de34-4666-b2f5-d8b68dd987f9,REGISTERED,2026-04-09 07:17:50.368071+00:00,,PENDING,
78,678e5c49-2025-44bb-a17b-e28c158799b9,41417e3e-4fd4-4942-a396-ba652bde8364,REGISTERED,2026-04-07 22:30:12.469295+00:00,,PENDING,
79,678e5c49-2025-44bb-a17b-e28c158799b9,f2adb223-abf2-4dde-8eb2-d0e031d07e62,REGISTERED,2026-04-22 20:42:52.156063+00:00,,PENDING,
80,678e5c49-2025-44bb-a17b-e28c158799b9,cdceb895-35d8-4e18-b3c1-c6e0cb902595,REGISTERED,2026-04-03 03:48:34.693418+00:00,,PENDING,
81,678e5c49-2025-44bb-a17b-e28c158799b9,e0b47f14-ef2d-49fc-b298-7e81497f4563,REGISTERED,2026-04-27 12:48:13.826667+00:00,,PENDING,
82,678e5c49-2025-44bb-a17b-e28c158799b9,ac16955a-100a-49c4-9550-f3e3c118b812,REGISTERED,2026-04-29 21:13:59.078191+00:00,,PENDING,
83,678e5c49-2025-44bb-a17b-e28c158799b9,e1a6a44d-3130-4403-b5cb-3639929a10a0,REGISTERED,2026-04-22 10:13:33.723423+00:00,,PENDING,
84,678e5c49-2025-44bb-a17b-e28c158799b9,b6421516-65a2-4794-a3cf-e6d057cb9c36,REGISTERED,2026-04-06 12:09:04.981187+00:00,,PENDING,
85,678e5c49-2025-44bb-a17b-e28c158799b9,2a2ff3aa-a839-4038-a81c-29bf4839823e,REGISTERED,2026-04-26 07:58:57.687403+00:00,,PENDING,
86,678e5c49-2025-44bb-a17b-e28c158799b9,f43ba2e8-ea91-43b3-9232-e8fd777feb12,REGISTERED,2026-04-08 21:28:47.885978+00:00,,PENDING,
87,678e5c49-2025-44bb-a17b-e28c158799b9,e684e654-4778-457f-88f4-600f7b349c6a,REGISTERED,2026-04-25 23:25:33.935568+00:00,,PENDING,
88,678e5c49-2025-44bb-a17b-e28c158799b9,edc57913-68cf-4b04-a356-052f6ffdbcff,REGISTERED,2026-04-04 14:32:33.281610+00:00,,PENDING,
89,678e5c49-2025-44bb-a17b-e28c158799b9,465f2a51-6e74-4cea-b466-c62c29193b73,REGISTERED,2026-04-13 05:08:05.131112+00:00,,PENDING,
90,678e5c49-2025-44bb-a17b-e28c158799b9,542134d1-b226-400c-8d7c-4e24b1a088a6,REGISTERED,2026-04-13 15:50:55.319243+00:00,,PENDING,
91,678e5c49-2025-44bb-a17b-e28c158799b9,099e1b0f-acb5-4a7d-829c-134345792106,CANCELLED,2026-04-21 17:23:07.580789+00:00,2026-04-26 11:21:39.876064+00:00,PENDING,Participation remplacée par un collègue.
92,678e5c49-2025-44bb-a17b-e28c158799b9,ebe1cbd3-513d-4852-b31c-67c8b1dbeca9,REGISTERED,2026-04-22 05:49:47.117762+00:00,,PENDING,
93,678e5c49-2025-44bb-a17b-e28c158799b9,bc4f2415-4186-4d74-ba12-52a4a7b18bc6,CANCELLED,2026-04-22 09:57:26.498648+00:00,2026-04-24 01:02:26.799422+00:00,PENDING,Session finalement non pertinente pour le profil.
94,678e5c49-2025-44bb-a17b-e28c158799b9,649114ae-3449-49ab-a8e8-f4c931409e3d,REGISTERED,2026-04-03 07:15:51.281691+00:00,,PENDING,
95,678e5c49-2025-44bb-a17b-e28c158799b9,1a5ca586-55ef-4c1b-9c5f-2f5b56931420,REGISTERED,2026-04-12 14:12:50.018556+00:00,,PENDING,
96,678e5c49-2025-44bb-a17b-e28c158799b9,510ae9dd-0fef-4647-ab59-c05d2f715afe,REGISTERED,2026-04-14 13:15:04.824810+00:00,,PENDING,
97,678e5c49-2025-44bb-a17b-e28c158799b9,93c2ea2c-f36b-43fb-8081-333512ad6dfe,REGISTERED,2026-04-03 10:49:35.146286+00:00,,PENDING,
98,678e5c49-2025-44bb-a17b-e28c158799b9,592aac8f-3efc-40e6-8749-bea31258b4be,REGISTERED,2026-04-14 10:08:44.555034+00:00,,PENDING,
99,678e5c49-2025-44bb-a17b-e28c158799b9,bbeb5b7f-c80b-4db1-ba90-903c1a075cf7,REGISTERED,2026-04-04 00:10:28.561631+00:00,,PENDING,
100,678e5c49-2025-44bb-a17b-e28c158799b9,d0f286e9-aeb3-4658-8f6c-b7a7d6120051,REGISTERED,2026-04-03 19:53:40.048216+00:00,,PENDING,
101,678e5c49-2025-44bb-a17b-e28c158799b9,cd45e040-a67a-4dcd-9015-7d07e78b78d0,REGISTERED,2026-04-14 05:36:18.777603+00:00,,PENDING,
102,678e5c49-2025-44bb-a17b-e28c158799b9,38cdd74c-b750-4e7c-89b5-9d66dac401b5,REGISTERED,2026-04-30 12:35:12.636991+00:00,,PENDING,
103,678e5c49-2025-44bb-a17b-e28c158799b9,a1c5d618-8d96-458c-8e77-e2adbc9f6c23,REGISTERED,2026-04-28 07:56:13.512170+00:00,,PENDING,
104,678e5c49-2025-44bb-a17b-e28c158799b9,3577cac5-0476-4aff-b030-5793997dce28,REGISTERED,2026-04-15 05:53:54.357262+00:00,,PENDING,
105,678e5c49-2025-44bb-a17b-e28c158799b9,915de5a6-4e56-45a3-9ec0-f304a3b83653,REGISTERED,2026-04-03 00:36:51.199356+00:00,,PENDING,
106,678e5c49-2025-44bb-a17b-e28c158799b9,eacc44aa-5528-442f-bf03-d93b3123467d,REGISTERED,2026-04-05 11:05:02.979923+00:00,,PENDING,
107,678e5c49-2025-44bb-a17b-e28c158799b9,cb6d8e05-1472-47ff-b732-cb920eb596dd,REGISTERED,2026-04-11 16:52:59.255174+00:00,,PENDING,
108,678e5c49-2025-44bb-a17b-e28c158799b9,b47acf12-a3eb-4e7e-b774-7fd911ef71bd,CANCELLED,2026-04-20 03:02:13.632979+00:00,2026-04-29 11:17:41.901140+00:00,PENDING,Charge de travail incompatible avec l’événement.
109,678e5c49-2025-44bb-a17b-e28c158799b9,dac9ce9c-3e17-44ed-ac45-a48a89ca4b8d,REGISTERED,2026-04-17 17:17:39.888179+00:00,,PENDING,
110,678e5c49-2025-44bb-a17b-e28c158799b9,586058b9-99bc-4600-9f37-87111fcaf37e,REGISTERED,2026-04-17 23:09:26.801077+00:00,,PENDING,
111,678e5c49-2025-44bb-a17b-e28c158799b9,41bbe326-5123-4001-a1ca-3c7de3d60835,REGISTERED,2026-04-10 16:49:06.922282+00:00,,PENDING,
112,678e5c49-2025-44bb-a17b-e28c158799b9,33611d4a-b72d-4868-8862-37dc6da35c82,REGISTERED,2026-04-10 13:54:11.043525+00:00,,PENDING,
113,678e5c49-2025-44bb-a17b-e28c158799b9,4f401a8b-a036-4ae4-ac18-f69336a55209,REGISTERED,2026-04-19 10:02:46.428544+00:00,,PENDING,
114,678e5c49-2025-44bb-a17b-e28c158799b9,d4a71d21-d547-4736-9c69-2ae754d8e3f0,REGISTERED,2026-04-18 16:18:07.285178+00:00,,PENDING,
115,678e5c49-2025-44bb-a17b-e28c158799b9,317b3030-2453-480a-be7a-493d61b447f0,CANCELLED,2026-04-28 20:04:13.693421+00:00,2026-04-30 16:21:20.165119+00:00,PENDING,Session finalement non pertinente pour le profil.
116,678e5c49-2025-44bb-a17b-e28c158799b9,cd89616a-bb20-4989-b720-04dac27a609b,REGISTERED,2026-04-16 11:25:43.828609+00:00,,PENDING,
117,678e5c49-2025-44bb-a17b-e28c158799b9,be819bb5-4387-4c8b-aff9-250ac5ddc5c2,REGISTERED,2026-04-12 20:45:48.560771+00:00,,PENDING,
118,678e5c49-2025-44bb-a17b-e28c158799b9,671eb403-5ad4-4085-bf1b-c397caf5df96,REGISTERED,2026-04-27 10:42:57.150544+00:00,,PENDING,
119,678e5c49-2025-44bb-a17b-e28c158799b9,1139ba1c-108d-408a-bcce-dc297a47ae0b,CANCELLED,2026-04-26 05:42:47.430335+00:00,2026-04-27 09:18:45.287435+00:00,PENDING,Conflit d’horaire avec une réunion prioritaire.
120,678e5c49-2025-44bb-a17b-e28c158799b9,e4f84c7d-fddd-4aec-b66c-9e63b0300989,REGISTERED,2026-04-13 15:07:39.341647+00:00,,PENDING,
121,678e5c49-2025-44bb-a17b-e28c158799b9,66254aec-711c-4731-ad1b-12358695cff5,REGISTERED,2026-04-05 12:25:07.664491+00:00,,PENDING,
122,8ecf0a7c-2549-4d32-8cbe-935910631973,82262980-bc3c-49fb-a210-28daa74d1ba3,REGISTERED,2026-03-26 20:41:05.846521+00:00,,PENDING,
123,8ecf0a7c-2549-4d32-8cbe-935910631973,d6fe6795-80b6-44d5-81a2-ba29873a9947,REGISTERED,2026-04-24 10:25:57.787305+00:00,,PENDING,
124,8ecf0a7c-2549-4d32-8cbe-935910631973,78c254c8-e08c-423c-b031-4de7e4eb1f25,REGISTERED,2026-04-10 20:20:16.810556+00:00,,PENDING,
125,8ecf0a7c-2549-4d32-8cbe-935910631973,8fe78534-8626-4ccb-8a11-1abeb3417110,REGISTERED,2026-03-24 19:56:58.194937+00:00,,PENDING,
126,8ecf0a7c-2549-4d32-8cbe-935910631973,ab4d36f2-bc4b-4bfe-9c61-410dabc43c84,REGISTERED,2026-03-24 05:50:53.111125+00:00,,PENDING,
127,8ecf0a7c-2549-4d32-8cbe-935910631973,83181837-ca9a-4a93-95ef-82c0c1624078,REGISTERED,2026-04-22 21:48:10.978277+00:00,,PENDING,
128,8ecf0a7c-2549-4d32-8cbe-935910631973,938ad754-ae19-4622-bf35-e9b4fd3944cb,REGISTERED,2026-04-15 03:14:21.793223+00:00,,PENDING,
129,8ecf0a7c-2549-4d32-8cbe-935910631973,27450660-9126-425f-8a4c-ee13055c3619,REGISTERED,2026-04-22 10:08:23.174052+00:00,,PENDING,
130,8ecf0a7c-2549-4d32-8cbe-935910631973,e5ccee59-74ad-4614-9ebb-e2b31cd8f624,REGISTERED,2026-04-03 18:38:37.181606+00:00,,PENDING,
131,8ecf0a7c-2549-4d32-8cbe-935910631973,c21e317f-9f79-44d5-b20a-71aa31f20d74,REGISTERED,2026-04-22 01:36:42.063328+00:00,,PENDING,
132,8ecf0a7c-2549-4d32-8cbe-935910631973,fc076384-0f92-412b-9cd2-b54ac7597f75,REGISTERED,2026-04-10 11:20:03.726562+00:00,,PENDING,
133,8ecf0a7c-2549-4d32-8cbe-935910631973,b3d93062-a120-4b9f-8188-3421e21ae870,REGISTERED,2026-04-18 15:57:47.850044+00:00,,PENDING,
134,8ecf0a7c-2549-4d32-8cbe-935910631973,2d2ef5e3-a9fa-454f-9d27-96ad5903a226,CANCELLED,2026-04-08 13:14:25.298461+00:00,2026-04-15 22:03:24.700501+00:00,PENDING,Charge de travail incompatible avec l’événement.
135,8ecf0a7c-2549-4d32-8cbe-935910631973,8a85cbcb-c372-4854-9d56-ead45338499f,CANCELLED,2026-04-20 11:12:04.033858+00:00,2026-04-29 08:37:10.891365+00:00,PENDING,Besoin de suivre une autre session en priorité.
136,8ecf0a7c-2549-4d32-8cbe-935910631973,4597622b-a50f-4a08-82d3-b202eb23c08b,REGISTERED,2026-04-04 07:59:21.232836+00:00,,PENDING,
137,8ecf0a7c-2549-4d32-8cbe-935910631973,c3cebde2-04c5-4bd6-8742-5138c5699944,REGISTERED,2026-03-31 08:08:37.106640+00:00,,PENDING,
138,8ecf0a7c-2549-4d32-8cbe-935910631973,3890de82-3395-42e3-86ff-099140dc8353,REGISTERED,2026-03-31 05:01:41.589405+00:00,,PENDING,
139,8ecf0a7c-2549-4d32-8cbe-935910631973,e8a80a6e-ee71-4373-8db9-cb211b8b0d92,REGISTERED,2026-04-07 22:46:32.117812+00:00,,PENDING,
140,8ecf0a7c-2549-4d32-8cbe-935910631973,0758c702-8abe-48eb-8498-0241319134d6,REGISTERED,2026-04-27 06:59:48.325217+00:00,,PENDING,
141,8ecf0a7c-2549-4d32-8cbe-935910631973,2b117fb4-0476-4220-9e19-f00fccae94a5,CANCELLED,2026-04-20 09:14:44.033774+00:00,2026-04-21 04:12:34.888191+00:00,PENDING,Déplacement professionnel confirmé.
142,8ecf0a7c-2549-4d32-8cbe-935910631973,de28480c-d0d0-4780-9b2f-53c70c8b5ed5,REGISTERED,2026-03-23 08:19:58.326515+00:00,,PENDING,
143,8ecf0a7c-2549-4d32-8cbe-935910631973,9164ed25-60b7-490a-8cd1-097fbea158ab,REGISTERED,2026-03-24 04:40:28.331827+00:00,,PENDING,
144,8ecf0a7c-2549-4d32-8cbe-935910631973,7b5a28c5-3946-4a3b-ad59-fc33a2e44d00,REGISTERED,2026-03-23 02:55:36.276177+00:00,,PENDING,
145,8ecf0a7c-2549-4d32-8cbe-935910631973,1282a9e9-9325-4f3d-94ee-887a13d79265,REGISTERED,2026-04-06 03:03:51.273226+00:00,,PENDING,
146,8ecf0a7c-2549-4d32-8cbe-935910631973,64d309e9-1dd7-4572-9479-4d2164c080b8,REGISTERED,2026-04-09 01:48:03.353140+00:00,,PENDING,
147,8ecf0a7c-2549-4d32-8cbe-935910631973,fea147a7-2981-47cc-8b65-ea434394a5f1,REGISTERED,2026-04-23 07:46:15.422254+00:00,,PENDING,
148,8ecf0a7c-2549-4d32-8cbe-935910631973,ada33a22-047d-41f7-9001-c78a46d52ecc,REGISTERED,2026-04-27 07:44:30.429196+00:00,,PENDING,
149,8ecf0a7c-2549-4d32-8cbe-935910631973,5c5fb113-5843-4b29-8933-b0d016b33d25,REGISTERED,2026-04-30 01:44:09.533057+00:00,,PENDING,
150,8ecf0a7c-2549-4d32-8cbe-935910631973,1c8aea5a-7709-44a0-898c-a882a974318f,REGISTERED,2026-04-24 09:37:57.485677+00:00,,PENDING,
151,8ecf0a7c-2549-4d32-8cbe-935910631973,5dc41219-d217-4f8f-a4d3-a9ec3b263384,REGISTERED,2026-04-10 00:21:14.115650+00:00,,PENDING,
152,8ecf0a7c-2549-4d32-8cbe-935910631973,dafc105e-50d6-45fc-881b-f8c7648a1d01,REGISTERED,2026-04-18 11:10:20.415503+00:00,,PENDING,
153,ce554c33-ebb2-4e99-b337-6b852d3e1248,fd4de66f-9089-4132-b386-bcc0aed023a5,REGISTERED,2026-04-17 00:01:08.947911+00:00,,PENDING,
154,ce554c33-ebb2-4e99-b337-6b852d3e1248,b54fdc5c-e828-48f4-8b75-28fe75c046a8,REGISTERED,2026-04-27 16:12:53.042306+00:00,,PENDING,
155,ce554c33-ebb2-4e99-b337-6b852d3e1248,d55047e0-37be-40fb-a90b-d53653e77f3c,REGISTERED,2026-04-24 17:35:25.836283+00:00,,PENDING,
156,ce554c33-ebb2-4e99-b337-6b852d3e1248,2283e00e-d82e-4663-8d50-14ece1f3a41c,REGISTERED,2026-04-25 13:19:59.390333+00:00,,PENDING,
157,ce554c33-ebb2-4e99-b337-6b852d3e1248,d6fe6795-80b6-44d5-81a2-ba29873a9947,REGISTERED,2026-04-10 05:38:52.776885+00:00,,PENDING,
158,ce554c33-ebb2-4e99-b337-6b852d3e1248,f94cae4d-1651-4cf9-829f-4b10982ab3a1,REGISTERED,2026-04-07 13:27:03.058266+00:00,,PENDING,
159,ce554c33-ebb2-4e99-b337-6b852d3e1248,67ef2ce8-8158-4061-b39f-1648161b988a,REGISTERED,2026-04-04 06:55:54.745238+00:00,,PENDING,
160,ce554c33-ebb2-4e99-b337-6b852d3e1248,113c738a-c462-4ce1-8d84-bd0ba9a11de9,REGISTERED,2026-04-06 05:41:32.054391+00:00,,PENDING,
161,ce554c33-ebb2-4e99-b337-6b852d3e1248,d7a3f62a-7276-4b1a-9abc-2110c1979b89,REGISTERED,2026-04-30 15:18:10.453318+00:00,,PENDING,
162,ce554c33-ebb2-4e99-b337-6b852d3e1248,c31a8997-aa4f-4fcd-af44-2a2e36479c4d,REGISTERED,2026-04-17 09:36:17.249624+00:00,,PENDING,
163,a5ed6c38-e898-4ec6-b07d-cb3916c55f75,1c000474-b3c9-4da0-aac9-d1ad3722caa2,REGISTERED,2026-04-19 22:15:05.282640+00:00,,PENDING,
164,a5ed6c38-e898-4ec6-b07d-cb3916c55f75,f0113aec-0313-48b0-883d-51e4f32687a4,REGISTERED,2026-04-29 18:36:46.779900+00:00,,PENDING,
165,a5ed6c38-e898-4ec6-b07d-cb3916c55f75,7c86415e-73e1-4452-b345-730bd15fcbcf,REGISTERED,2026-04-24 13:54:57.640701+00:00,,PENDING,
166,a5ed6c38-e898-4ec6-b07d-cb3916c55f75,28ed3041-bf44-4e82-90cd-dbc09eec2534,REGISTERED,2026-04-30 02:15:16.467357+00:00,,PENDING,
167,a5ed6c38-e898-4ec6-b07d-cb3916c55f75,4738d738-cc35-4349-9f89-e96e0a7c3f71,REGISTERED,2026-04-17 03:50:33.701941+00:00,,PENDING,
168,a5ed6c38-e898-4ec6-b07d-cb3916c55f75,fbbaaa64-8cee-4669-9d6e-59242b284466,CANCELLED,2026-04-19 16:20:32.680011+00:00,2026-04-19 21:15:33.885357+00:00,PENDING,Contrainte de planning de dernière minute.
169,a5ed6c38-e898-4ec6-b07d-cb3916c55f75,2ef6e49e-2db4-4aba-9300-2be6b73234f7,REGISTERED,2026-04-20 23:44:34.488442+00:00,,PENDING,
170,a5ed6c38-e898-4ec6-b07d-cb3916c55f75,6531a0f2-47b9-4582-85c5-5d1479aedfd0,REGISTERED,2026-04-26 04:36:08.005467+00:00,,PENDING,
171,a5ed6c38-e898-4ec6-b07d-cb3916c55f75,bc82679b-60ac-4cb8-a2c8-90cf85491d9f,REGISTERED,2026-04-30 08:31:35.230695+00:00,,PENDING,
172,a5ed6c38-e898-4ec6-b07d-cb3916c55f75,9670db24-9fbd-4eae-8798-eee73b7f38b0,REGISTERED,2026-04-23 03:08:09.369704+00:00,,PENDING,
173,a5ed6c38-e898-4ec6-b07d-cb3916c55f75,bc157ecf-7954-494e-a055-311a276bf358,REGISTERED,2026-04-20 02:59:51.571929+00:00,,PENDING,
174,a5ed6c38-e898-4ec6-b07d-cb3916c55f75,38cdd74c-b750-4e7c-89b5-9d66dac401b5,CANCELLED,2026-04-22 03:11:51.879029+00:00,2026-04-26 15:25:24.580893+00:00,PENDING,Modification de l’agenda projet.
175,a5ed6c38-e898-4ec6-b07d-cb3916c55f75,54ff204c-a298-4d0d-bd0e-d9817a501b70,REGISTERED,2026-04-27 21:36:36.891602+00:00,,PENDING,
176,a5ed6c38-e898-4ec6-b07d-cb3916c55f75,a452b384-4d0e-4248-9c0c-37e9ddbfecde,REGISTERED,2026-04-26 21:46:10.963365+00:00,,PENDING,
177,a5ed6c38-e898-4ec6-b07d-cb3916c55f75,ab6db78b-7377-4bd2-b600-5e71d3b60e91,REGISTERED,2026-04-17 01:03:34.693343+00:00,,PENDING,
178,a5ed6c38-e898-4ec6-b07d-cb3916c55f75,3b4c8589-a29e-4f2a-9518-57ade939fcf8,REGISTERED,2026-04-23 21:54:00.647774+00:00,,PENDING,
179,a5ed6c38-e898-4ec6-b07d-cb3916c55f75,f5a200ca-45a2-445d-906e-548d24f00cd6,CANCELLED,2026-04-24 23:03:04.400443+00:00,2026-04-30 00:37:58.961626+00:00,PENDING,Session finalement non pertinente pour le profil.
180,a5ed6c38-e898-4ec6-b07d-cb3916c55f75,35b84825-f888-46e4-90d7-f9a8cd6a7762,REGISTERED,2026-04-17 03:21:17.251277+00:00,,PENDING,
181,a5ed6c38-e898-4ec6-b07d-cb3916c55f75,ebf39313-cfca-46a7-a1ef-36e0bb511d9d,REGISTERED,2026-04-21 08:32:51.960872+00:00,,PENDING,
182,a5ed6c38-e898-4ec6-b07d-cb3916c55f75,553f633d-4e8b-4e4b-a5c1-02de094d0933,REGISTERED,2026-04-18 11:38:26.776169+00:00,,PENDING,
183,a5ed6c38-e898-4ec6-b07d-cb3916c55f75,978615d9-0394-47fb-a990-7b91e37cbcf3,REGISTERED,2026-04-20 20:10:37.254127+00:00,,PENDING,
184,a5ed6c38-e898-4ec6-b07d-cb3916c55f75,7c907411-53e7-4a2f-9fb2-368bef893ae6,REGISTERED,2026-04-24 23:37:41.785309+00:00,,PENDING,
185,a5ed6c38-e898-4ec6-b07d-cb3916c55f75,04ae859c-0c10-43f9-b75f-3eda713debdb,REGISTERED,2026-04-23 20:46:52.639510+00:00,,PENDING,
186,a5ed6c38-e898-4ec6-b07d-cb3916c55f75,f74bfc4f-83da-466c-9090-774178a81831,REGISTERED,2026-05-01 09:19:39.143138+00:00,,PENDING,
187,a5ed6c38-e898-4ec6-b07d-cb3916c55f75,b5fe5b9a-eaee-4b14-8a4b-ade6055198b0,REGISTERED,2026-04-26 18:08:45.687237+00:00,,PENDING,
188,a5ed6c38-e898-4ec6-b07d-cb3916c55f75,d0254122-89ed-45f1-9608-36032344bddd,REGISTERED,2026-04-19 00:40:54.985016+00:00,,PENDING,
189,a5ed6c38-e898-4ec6-b07d-cb3916c55f75,6d306999-ddb5-47e6-9aec-107cca3f6bbb,REGISTERED,2026-04-30 10:19:23.256446+00:00,,PENDING,
190,a5ed6c38-e898-4ec6-b07d-cb3916c55f75,540abdf1-304b-4ae8-be52-92cdac07dce3,REGISTERED,2026-04-28 00:54:21.583155+00:00,,PENDING,
191,a5ed6c38-e898-4ec6-b07d-cb3916c55f75,971f68c9-d724-4aeb-8be7-a6c87cae819c,CANCELLED,2026-04-30 08:11:31.848774+00:00,2026-04-30 12:50:26.336871+00:00,PENDING,Changement de priorité métier.
192,a5ed6c38-e898-4ec6-b07d-cb3916c55f75,b67484d6-57c8-48b2-bc51-671001b1bcda,REGISTERED,2026-04-17 05:46:09.242076+00:00,,PENDING,
193,a5ed6c38-e898-4ec6-b07d-cb3916c55f75,41417e3e-4fd4-4942-a396-ba652bde8364,REGISTERED,2026-04-28 17:49:54.908032+00:00,,PENDING,
194,a5ed6c38-e898-4ec6-b07d-cb3916c55f75,eb0e5714-103d-4cc9-9b7e-b0267f027196,REGISTERED,2026-04-28 16:31:12.552707+00:00,,PENDING,
195,a5ed6c38-e898-4ec6-b07d-cb3916c55f75,1d623cd5-7c52-4925-a204-0c46c3869a1d,REGISTERED,2026-04-23 16:10:53.906540+00:00,,PENDING,
196,a5ed6c38-e898-4ec6-b07d-cb3916c55f75,8fb6c560-14f4-4ef9-bab1-bda6ae55864c,REGISTERED,2026-04-23 17:20:28.172427+00:00,,PENDING,
197,a5ed6c38-e898-4ec6-b07d-cb3916c55f75,a912e90c-b716-4a56-8005-1c9111759dfd,REGISTERED,2026-04-24 05:48:47.178289+00:00,,PENDING,
198,a5ed6c38-e898-4ec6-b07d-cb3916c55f75,29a2042e-69ee-471d-ad13-086615962ccf,REGISTERED,2026-04-22 13:07:09.949717+00:00,,PENDING,
199,a5ed6c38-e898-4ec6-b07d-cb3916c55f75,68188865-471e-41c4-ab21-d803009fe1ae,REGISTERED,2026-04-18 13:35:49.072310+00:00,,PENDING,
200,a5ed6c38-e898-4ec6-b07d-cb3916c55f75,5974ae31-04b8-4503-9dea-54b6eb4c5696,REGISTERED,2026-04-17 07:55:06.071905+00:00,,PENDING,
201,a5ed6c38-e898-4ec6-b07d-cb3916c55f75,e3a19585-197c-4218-9d75-752360108ba0,REGISTERED,2026-04-21 04:13:57.127543+00:00,,PENDING,
202,a5ed6c38-e898-4ec6-b07d-cb3916c55f75,8e39130a-e867-4106-91d8-13206ebbc96a,REGISTERED,2026-04-18 03:29:36.209703+00:00,,PENDING,
203,a5ed6c38-e898-4ec6-b07d-cb3916c55f75,3d995ed0-a816-4b0a-8bb4-eaf99e325783,REGISTERED,2026-04-22 02:01:34.701870+00:00,,PENDING,
204,a5ed6c38-e898-4ec6-b07d-cb3916c55f75,4696641d-ca0e-4d94-9047-ade0d245ddb5,REGISTERED,2026-04-23 07:44:22.935013+00:00,,PENDING,
205,a5ed6c38-e898-4ec6-b07d-cb3916c55f75,60a4713c-9862-4c54-b843-99e82e3e7bea,REGISTERED,2026-04-29 07:50:01.668928+00:00,,PENDING,
206,c9a732be-5800-47d3-ad7a-16bbea76b88c,ae923cee-de34-4666-b2f5-d8b68dd987f9,CANCELLED,2026-03-22 11:10:12.095202+00:00,2026-04-16 10:56:51.937140+00:00,PENDING,Modification de l’agenda projet.
207,c9a732be-5800-47d3-ad7a-16bbea76b88c,27e57f44-3711-4937-96be-d80bcf09b05d,REGISTERED,2026-02-22 14:48:38.207617+00:00,,PRESENT,
208,c9a732be-5800-47d3-ad7a-16bbea76b88c,293234f8-6b59-4c8c-b69f-e7044d6e9add,REGISTERED,2026-03-16 01:13:28.117270+00:00,,ABSENT,
209,c9a732be-5800-47d3-ad7a-16bbea76b88c,0deea514-779a-4aa2-b500-353e426c4bb8,REGISTERED,2026-02-18 17:17:58.812638+00:00,,PRESENT,
210,c9a732be-5800-47d3-ad7a-16bbea76b88c,f5ccc467-2763-4435-88f8-0c697c5bc756,CANCELLED,2026-02-15 18:54:59.552508+00:00,2026-03-25 20:46:33.692889+00:00,PENDING,Inscription faite par erreur.
211,c9a732be-5800-47d3-ad7a-16bbea76b88c,92c00d82-349d-4eef-bcfb-103b7523b3d7,REGISTERED,2026-03-23 11:13:15.803846+00:00,,PRESENT,
212,c9a732be-5800-47d3-ad7a-16bbea76b88c,1139ba1c-108d-408a-bcce-dc297a47ae0b,REGISTERED,2026-02-11 06:20:14.128832+00:00,,PRESENT,
213,c9a732be-5800-47d3-ad7a-16bbea76b88c,32b25946-4e38-41dc-be6e-68aa7a85c5b4,REGISTERED,2026-03-29 20:29:16.263587+00:00,,PRESENT,
214,f58f9d0d-4888-4dbf-8f5e-ad0328424ffc,67218b7a-eda7-4eed-b37b-939fba1ef9ce,REGISTERED,2026-04-14 20:13:09.254075+00:00,,PENDING,
215,f58f9d0d-4888-4dbf-8f5e-ad0328424ffc,539b3526-9e3d-45bd-baef-ec9d16abc2eb,REGISTERED,2026-04-22 01:18:00.476589+00:00,,PENDING,
216,f58f9d0d-4888-4dbf-8f5e-ad0328424ffc,7120f862-693b-4518-8e4c-e2bfe7963695,REGISTERED,2026-04-10 13:43:47.775451+00:00,,PENDING,
217,f58f9d0d-4888-4dbf-8f5e-ad0328424ffc,c4aac5db-f0a1-41f7-ad7b-af5bdfaee13f,REGISTERED,2026-04-30 00:48:01.691807+00:00,,PENDING,
218,f58f9d0d-4888-4dbf-8f5e-ad0328424ffc,0d89d375-2da9-4e6e-bf17-55801c583b8e,REGISTERED,2026-04-21 09:22:49.917750+00:00,,PENDING,
219,f58f9d0d-4888-4dbf-8f5e-ad0328424ffc,91859730-a2c4-46b6-855a-a89620a317df,REGISTERED,2026-04-11 13:57:26.276471+00:00,,PENDING,
220,82d47c85-a566-44e3-b906-7a928f4c2452,233d2989-90d7-4cf0-9bea-58a5e4bac3d2,REGISTERED,2026-03-12 19:22:32.529347+00:00,,PENDING,
221,82d47c85-a566-44e3-b906-7a928f4c2452,074ac71d-aafc-47a0-9056-0c48ad4084ce,REGISTERED,2026-02-13 00:44:41.807027+00:00,,PENDING,
222,82d47c85-a566-44e3-b906-7a928f4c2452,4b1a88ac-4167-4eac-a0d2-4e293ef8f000,REGISTERED,2026-01-04 16:05:25.003884+00:00,,PENDING,
223,82d47c85-a566-44e3-b906-7a928f4c2452,e035811f-10c5-4bfc-a7c0-7eae45940633,REGISTERED,2026-03-30 07:11:35.426679+00:00,,PENDING,
224,82d47c85-a566-44e3-b906-7a928f4c2452,66cca95d-9fc9-4eb7-9ec6-1a35ddebfc83,REGISTERED,2026-03-06 16:05:04.882900+00:00,,PENDING,
225,82d47c85-a566-44e3-b906-7a928f4c2452,f5ccc467-2763-4435-88f8-0c697c5bc756,REGISTERED,2026-01-16 10:26:58.366440+00:00,,PENDING,
226,82d47c85-a566-44e3-b906-7a928f4c2452,bb262322-0e8b-4c64-957d-3ecaf2e87b49,REGISTERED,2026-04-23 05:47:44.962476+00:00,,PENDING,
227,82d47c85-a566-44e3-b906-7a928f4c2452,233057b7-c1c0-40c2-9d82-b5af2946ba7d,REGISTERED,2026-04-12 02:05:53.359175+00:00,,PENDING,
228,82d47c85-a566-44e3-b906-7a928f4c2452,c03e864e-d2ed-4ce5-856b-2334fbcb17c0,REGISTERED,2026-02-08 11:54:41.202172+00:00,,PENDING,
229,82d47c85-a566-44e3-b906-7a928f4c2452,1a7b75b9-6dfb-43ac-8df5-e9d9c7ef26d8,REGISTERED,2026-03-24 11:47:45.528484+00:00,,PENDING,
230,82d47c85-a566-44e3-b906-7a928f4c2452,1c000474-b3c9-4da0-aac9-d1ad3722caa2,REGISTERED,2026-01-25 18:02:27.800554+00:00,,PENDING,
231,82d47c85-a566-44e3-b906-7a928f4c2452,28ac5ef3-c8dc-4aa9-97a4-4bd90a55268b,REGISTERED,2026-01-09 16:53:36.065959+00:00,,PENDING,
232,82d47c85-a566-44e3-b906-7a928f4c2452,77eda781-2f0d-483f-8875-14af3485c071,REGISTERED,2026-04-23 12:32:25.398905+00:00,,PENDING,
233,82d47c85-a566-44e3-b906-7a928f4c2452,d8442010-86d2-470e-89d9-f9e4e6c5e0df,CANCELLED,2026-02-14 08:09:45.064034+00:00,2026-04-09 10:29:44.281922+00:00,PENDING,Indisponibilité personnelle signalée.
234,82d47c85-a566-44e3-b906-7a928f4c2452,5e3a8bbe-4747-4f6c-a52f-e982db7f63be,CANCELLED,2026-03-02 04:30:43.954759+00:00,2026-03-11 11:55:11.666176+00:00,PENDING,Absence validée par le manager.
235,82d47c85-a566-44e3-b906-7a928f4c2452,4a9e86b6-080d-430e-bcb2-e2ee310d6672,REGISTERED,2026-04-22 15:05:50.030635+00:00,,PENDING,
236,82d47c85-a566-44e3-b906-7a928f4c2452,8f774f8b-da2a-4c78-929b-0896a8c710b9,REGISTERED,2026-01-25 17:46:59.058045+00:00,,PENDING,
237,82d47c85-a566-44e3-b906-7a928f4c2452,d04fc3d7-1126-4cb3-9932-981657c916cf,REGISTERED,2026-04-13 03:58:07.620035+00:00,,PENDING,
238,82d47c85-a566-44e3-b906-7a928f4c2452,60a4713c-9862-4c54-b843-99e82e3e7bea,REGISTERED,2026-03-28 09:52:41.222424+00:00,,PENDING,
239,747fd587-8f24-4d53-8f8e-6fa1388aa8f0,dc305b07-816b-4ee2-869d-98231db9d646,REGISTERED,2026-03-03 10:37:15.337541+00:00,,PENDING,
240,747fd587-8f24-4d53-8f8e-6fa1388aa8f0,41a6c95e-1a40-4fc5-a34d-45dacb2f816f,REGISTERED,2026-01-12 17:00:40.183041+00:00,,PENDING,
241,747fd587-8f24-4d53-8f8e-6fa1388aa8f0,e8c415aa-cfd6-4935-9dbf-646291d2e9c0,REGISTERED,2026-04-28 06:26:11.817321+00:00,,PENDING,
242,747fd587-8f24-4d53-8f8e-6fa1388aa8f0,f653f156-dd8f-4bb2-977b-79810e01781b,REGISTERED,2026-01-18 19:41:59.502072+00:00,,PENDING,
243,bd5cbf28-7d18-4977-900e-4cee863e1773,888502a0-6058-4702-88b8-adb03b807926,REGISTERED,2026-03-03 11:16:41.756342+00:00,,PENDING,
244,bd5cbf28-7d18-4977-900e-4cee863e1773,45c10be6-7fac-4883-8cee-b772caa3f8de,REGISTERED,2026-04-17 13:50:50.065077+00:00,,PENDING,
245,bd5cbf28-7d18-4977-900e-4cee863e1773,2b2c1a3c-9712-41b8-86c7-afa44d9e0665,REGISTERED,2026-03-15 01:24:25.437625+00:00,,PENDING,
246,bd5cbf28-7d18-4977-900e-4cee863e1773,83d4670d-ba55-4ec7-9348-24a2b2c1d40f,REGISTERED,2026-02-22 17:42:11.464009+00:00,,PENDING,
247,bd5cbf28-7d18-4977-900e-4cee863e1773,ce737a66-340f-45b5-b53a-c9066f05836b,REGISTERED,2026-02-15 13:24:52.611737+00:00,,PENDING,
248,34e967e2-0842-4433-93c1-f62b9fc23d32,51e00143-3f66-4030-bf3a-b154f7d7512a,CANCELLED,2026-02-05 00:14:08.352000+00:00,2026-02-27 18:02:04.058694+00:00,PENDING,Modification de l’agenda projet.
249,34e967e2-0842-4433-93c1-f62b9fc23d32,f13df37c-d98f-46b6-94f2-685c946a87c1,REGISTERED,2026-01-05 14:30:43.448006+00:00,,PRESENT,
250,34e967e2-0842-4433-93c1-f62b9fc23d32,368b0c1f-2b18-45ae-8c55-7445a2e631bc,REGISTERED,2026-02-16 18:26:15.612023+00:00,,PRESENT,
251,d15fc0ba-7db6-48ee-8242-fa87d9ecd8c5,569ecf53-8fa2-437c-b040-27ed48d0b96f,REGISTERED,2026-03-11 22:05:41.249556+00:00,,PENDING,
252,d15fc0ba-7db6-48ee-8242-fa87d9ecd8c5,3929fc4e-362b-4007-861c-0f8355b34314,REGISTERED,2026-04-09 02:09:43.340042+00:00,,PENDING,
253,d15fc0ba-7db6-48ee-8242-fa87d9ecd8c5,3a08652a-01d6-4fac-9ce5-fcbee3269ae4,REGISTERED,2026-03-30 17:17:12.505558+00:00,,PENDING,
254,d15fc0ba-7db6-48ee-8242-fa87d9ecd8c5,f5856cb1-16f0-45c5-83c8-8332602c0554,REGISTERED,2026-02-17 08:39:20.768027+00:00,,PENDING,
255,d15fc0ba-7db6-48ee-8242-fa87d9ecd8c5,91e9323a-e856-492f-b6b6-379bc6570add,REGISTERED,2026-03-30 13:57:01.404846+00:00,,PENDING,
256,d15fc0ba-7db6-48ee-8242-fa87d9ecd8c5,4fd7b80e-d72e-42b6-8127-2b77a2ab3795,REGISTERED,2026-04-24 16:20:41.777176+00:00,,PENDING,
257,d15fc0ba-7db6-48ee-8242-fa87d9ecd8c5,83fa4897-ec74-4b08-86e3-0d09187fe146,REGISTERED,2026-03-28 06:15:21.012047+00:00,,PENDING,
258,d15fc0ba-7db6-48ee-8242-fa87d9ecd8c5,3153eaad-facb-4e77-bf73-9a19018c032d,REGISTERED,2026-04-05 20:29:24.820218+00:00,,PENDING,
259,f7282720-9c28-4860-a660-4e081669ae79,966251e0-21da-4b33-8c4f-5acafc653771,REGISTERED,2026-03-12 18:13:10.322295+00:00,,PENDING,
260,f7282720-9c28-4860-a660-4e081669ae79,553f633d-4e8b-4e4b-a5c1-02de094d0933,REGISTERED,2026-03-21 04:16:23.958376+00:00,,PENDING,
261,f7282720-9c28-4860-a660-4e081669ae79,4738d738-cc35-4349-9f89-e96e0a7c3f71,REGISTERED,2026-04-23 20:35:26.232590+00:00,,PENDING,
262,f7282720-9c28-4860-a660-4e081669ae79,eb0e5714-103d-4cc9-9b7e-b0267f027196,REGISTERED,2026-04-24 20:28:36.409879+00:00,,PENDING,
263,f7282720-9c28-4860-a660-4e081669ae79,e94c386e-8464-4a22-be9a-6beb0e5d7a7b,CANCELLED,2026-04-25 16:46:02.847885+00:00,2026-04-28 03:00:53.949451+00:00,PENDING,Participation remplacée par un collègue.
264,f7282720-9c28-4860-a660-4e081669ae79,c45d7879-b91c-47e2-9f80-fe17082b34a9,REGISTERED,2026-04-17 02:37:07.164022+00:00,,PENDING,
265,f7282720-9c28-4860-a660-4e081669ae79,55831852-80ae-4ac9-b6c1-ecd2efaef1b7,REGISTERED,2026-03-27 23:39:44.445586+00:00,,PENDING,
266,f7282720-9c28-4860-a660-4e081669ae79,fdaa0ab3-4f74-427f-8610-07c992b50bf5,REGISTERED,2026-04-17 12:59:24.509955+00:00,,PENDING,
267,f7282720-9c28-4860-a660-4e081669ae79,c2c17b8a-e8e3-4734-8a5d-558dcb795104,REGISTERED,2026-04-29 10:26:29.828760+00:00,,PENDING,
268,f7282720-9c28-4860-a660-4e081669ae79,6dc39d9c-e178-4f38-874c-f4d9d30d1b2e,REGISTERED,2026-04-02 01:35:15.806323+00:00,,PENDING,
269,f7282720-9c28-4860-a660-4e081669ae79,3b146662-5da3-44f9-a3a2-be2e8ab5f602,REGISTERED,2026-03-16 03:42:35.767391+00:00,,PENDING,
270,f7282720-9c28-4860-a660-4e081669ae79,bc82679b-60ac-4cb8-a2c8-90cf85491d9f,REGISTERED,2026-03-15 22:35:17.730210+00:00,,PENDING,
271,f7282720-9c28-4860-a660-4e081669ae79,d293ce30-027f-4bb3-ad26-f2dfc118d0c4,REGISTERED,2026-04-02 20:15:24.736832+00:00,,PENDING,
272,f7282720-9c28-4860-a660-4e081669ae79,206f3caa-e4f4-4c32-9bbe-a77b272bce88,REGISTERED,2026-03-31 12:44:28.571618+00:00,,PENDING,
273,f7282720-9c28-4860-a660-4e081669ae79,2b117fb4-0476-4220-9e19-f00fccae94a5,REGISTERED,2026-04-16 17:49:29.532836+00:00,,PENDING,
274,f7282720-9c28-4860-a660-4e081669ae79,b67484d6-57c8-48b2-bc51-671001b1bcda,REGISTERED,2026-03-15 22:15:44.645737+00:00,,PENDING,
275,f7282720-9c28-4860-a660-4e081669ae79,3b4c8589-a29e-4f2a-9518-57ade939fcf8,REGISTERED,2026-03-13 15:30:05.956110+00:00,,PENDING,
276,f7282720-9c28-4860-a660-4e081669ae79,f97a0b32-2873-4e32-aeb0-26f42cfbc29d,REGISTERED,2026-04-13 00:29:10.957952+00:00,,PENDING,
277,f7282720-9c28-4860-a660-4e081669ae79,6531a0f2-47b9-4582-85c5-5d1479aedfd0,REGISTERED,2026-04-22 20:58:17.931049+00:00,,PENDING,
278,f7282720-9c28-4860-a660-4e081669ae79,6898b9c8-16d4-46c4-a56c-4ce1865def90,REGISTERED,2026-04-08 01:14:13.996751+00:00,,PENDING,
279,a1942d4d-dc85-48ec-89dc-3bb4604e0e25,76a9bda7-4fee-4da7-a23d-97f4c3bfc3a1,REGISTERED,2026-04-20 20:11:19.148345+00:00,,PENDING,
280,a1942d4d-dc85-48ec-89dc-3bb4604e0e25,1f9f1987-7506-4d70-81a9-f58c2de19219,REGISTERED,2026-04-17 10:09:44.100897+00:00,,PENDING,
281,a1942d4d-dc85-48ec-89dc-3bb4604e0e25,b8b374dd-9fa4-4bbd-9bb0-e00bf90d665f,REGISTERED,2026-04-26 10:28:49.617368+00:00,,PENDING,
282,a1942d4d-dc85-48ec-89dc-3bb4604e0e25,60a4713c-9862-4c54-b843-99e82e3e7bea,REGISTERED,2026-04-26 09:27:39.158828+00:00,,PENDING,
283,a1942d4d-dc85-48ec-89dc-3bb4604e0e25,767f6a60-4ed4-4d62-b89e-454933720617,REGISTERED,2026-04-19 16:23:23.557263+00:00,,PENDING,
284,a1942d4d-dc85-48ec-89dc-3bb4604e0e25,04ebe506-cbfc-450e-9f9f-21e8320c892b,REGISTERED,2026-04-28 10:34:02.023930+00:00,,PENDING,
285,a1942d4d-dc85-48ec-89dc-3bb4604e0e25,62f0f942-5b08-4351-9bfb-920a9b2364ec,REGISTERED,2026-04-18 01:31:22.209845+00:00,,PENDING,
286,a1942d4d-dc85-48ec-89dc-3bb4604e0e25,3dded13e-5120-43d0-a063-fb98185a8252,REGISTERED,2026-04-17 17:12:14.150739+00:00,,PENDING,
287,a1942d4d-dc85-48ec-89dc-3bb4604e0e25,a9eb667c-0911-4e4e-955e-a556167a78c0,REGISTERED,2026-05-01 02:24:47.308944+00:00,,PENDING,
288,a1942d4d-dc85-48ec-89dc-3bb4604e0e25,bd2d8a8f-cc69-4d59-9057-8cac5815b213,REGISTERED,2026-04-23 03:37:29.706640+00:00,,PENDING,
289,a1942d4d-dc85-48ec-89dc-3bb4604e0e25,635c1a21-2ab2-422e-9d93-0fd35cde7fad,REGISTERED,2026-04-22 12:56:11.543272+00:00,,PENDING,
290,a1942d4d-dc85-48ec-89dc-3bb4604e0e25,3fe14d18-0cfa-492c-9c98-5c09e18406f4,REGISTERED,2026-04-14 20:38:46.098347+00:00,,PENDING,
291,a1942d4d-dc85-48ec-89dc-3bb4604e0e25,59566cb1-e2b4-4f2a-80be-6b9dcc4429c7,REGISTERED,2026-04-20 19:40:43.186388+00:00,,PENDING,
292,a1942d4d-dc85-48ec-89dc-3bb4604e0e25,4b525688-1acd-4981-b213-0ea3aa8ecb43,REGISTERED,2026-04-27 10:33:35.947159+00:00,,PENDING,
293,a1942d4d-dc85-48ec-89dc-3bb4604e0e25,0f89f372-8f9b-4e37-a917-95d348270c77,REGISTERED,2026-04-19 16:13:45.726409+00:00,,PENDING,
294,a1942d4d-dc85-48ec-89dc-3bb4604e0e25,2a9d41e6-bbad-409a-9305-7d1453de3fff,REGISTERED,2026-04-25 09:47:22.623420+00:00,,PENDING,
295,a1942d4d-dc85-48ec-89dc-3bb4604e0e25,02d451b1-b91e-4dde-aaba-83945a6ff820,CANCELLED,2026-04-21 13:09:40.569386+00:00,2026-04-24 21:46:23.576558+00:00,PENDING,Participation remplacée par un collègue.
296,a1942d4d-dc85-48ec-89dc-3bb4604e0e25,27450660-9126-425f-8a4c-ee13055c3619,REGISTERED,2026-04-26 13:54:03.551337+00:00,,PENDING,
297,a1942d4d-dc85-48ec-89dc-3bb4604e0e25,4126b992-e218-4090-8952-12b50eedb60c,REGISTERED,2026-04-29 04:34:13.759983+00:00,,PENDING,
298,a1942d4d-dc85-48ec-89dc-3bb4604e0e25,0bbae24c-66cb-42bc-8f35-4e9d6e77ac24,REGISTERED,2026-04-17 12:48:53.441931+00:00,,PENDING,
299,a1942d4d-dc85-48ec-89dc-3bb4604e0e25,a28bebfa-b4eb-4a1f-9fc2-0354999a2f57,REGISTERED,2026-04-15 03:45:34.412238+00:00,,PENDING,
300,a1942d4d-dc85-48ec-89dc-3bb4604e0e25,e2d3c795-c4f6-4ea0-8574-a95fab68d0db,REGISTERED,2026-04-28 03:08:59.357934+00:00,,PENDING,
301,a1942d4d-dc85-48ec-89dc-3bb4604e0e25,42985594-b4de-4967-9bb0-fa9bd3a9e08f,REGISTERED,2026-04-20 14:48:46.560744+00:00,,PENDING,
302,a1942d4d-dc85-48ec-89dc-3bb4604e0e25,181e7e03-af2a-43ee-9324-840d14c267d3,REGISTERED,2026-04-26 01:35:12.540290+00:00,,PENDING,
303,a1942d4d-dc85-48ec-89dc-3bb4604e0e25,9164ed25-60b7-490a-8cd1-097fbea158ab,REGISTERED,2026-04-24 07:07:46.203278+00:00,,PENDING,
304,a1942d4d-dc85-48ec-89dc-3bb4604e0e25,b85064cb-2497-4073-9f57-26339c4d0da4,REGISTERED,2026-04-23 19:03:05.853204+00:00,,PENDING,
305,a1942d4d-dc85-48ec-89dc-3bb4604e0e25,8de3a1bf-0867-4629-9291-42a74caf9008,REGISTERED,2026-04-15 06:01:55.593097+00:00,,PENDING,
306,a1942d4d-dc85-48ec-89dc-3bb4604e0e25,b5fe5b9a-eaee-4b14-8a4b-ade6055198b0,REGISTERED,2026-04-17 02:48:40.786812+00:00,,PENDING,
307,a1942d4d-dc85-48ec-89dc-3bb4604e0e25,ea1a0264-de52-481b-a0f7-f867deda082c,REGISTERED,2026-04-29 06:53:58.646926+00:00,,PENDING,
308,a1942d4d-dc85-48ec-89dc-3bb4604e0e25,c6c4c07d-3b41-4f86-8ba6-5dee77d99dd6,REGISTERED,2026-04-19 04:55:50.974056+00:00,,PENDING,
309,a1942d4d-dc85-48ec-89dc-3bb4604e0e25,dea563e5-75d4-4009-859c-5370f9952466,REGISTERED,2026-04-26 02:25:25.221086+00:00,,PENDING,
310,a1942d4d-dc85-48ec-89dc-3bb4604e0e25,43381f31-2dca-40f6-af9f-f06934befcd2,REGISTERED,2026-04-22 22:57:03.130327+00:00,,PENDING,
311,a1942d4d-dc85-48ec-89dc-3bb4604e0e25,3e8f245c-15c1-4831-9299-c0ac3087461f,CANCELLED,2026-04-24 03:50:58.744282+00:00,2026-04-24 11:28:31.890625+00:00,PENDING,Erreur de choix de créneau.
312,a1942d4d-dc85-48ec-89dc-3bb4604e0e25,0cadd3b8-6e5a-4928-af7f-885b82902a53,REGISTERED,2026-04-14 21:55:06.027061+00:00,,PENDING,
313,df9061ce-768a-48f5-85fa-9e84b27f3c82,514d1d62-3100-4b79-9ace-199ed15abd30,REGISTERED,2026-03-02 10:48:55.254876+00:00,,PRESENT,
314,df9061ce-768a-48f5-85fa-9e84b27f3c82,68694506-5179-4288-8fa1-878fbaa48615,REGISTERED,2026-03-01 19:38:23.940202+00:00,,PRESENT,
315,df9061ce-768a-48f5-85fa-9e84b27f3c82,9de64ac2-5823-48b6-ad5a-3f693fa94794,REGISTERED,2026-03-06 18:09:15.806274+00:00,,PRESENT,
316,df9061ce-768a-48f5-85fa-9e84b27f3c82,694b0956-4e4d-45ad-893c-29800a2bcfd9,REGISTERED,2026-02-27 18:48:55.667298+00:00,,PRESENT,
317,df9061ce-768a-48f5-85fa-9e84b27f3c82,9f62bec9-e71d-4e58-8eb0-f51c0c93bd4e,REGISTERED,2026-03-04 05:49:21.888264+00:00,,PRESENT,
318,df9061ce-768a-48f5-85fa-9e84b27f3c82,c347dd6b-20d6-49f1-b00c-10e9d401a28a,CANCELLED,2026-03-11 06:03:03.199384+00:00,2026-03-23 20:18:16.715336+00:00,PENDING,Participation remplacée par un collègue.
319,df9061ce-768a-48f5-85fa-9e84b27f3c82,96f88851-c0d4-41cf-be20-b08886bc6e6c,REGISTERED,2026-03-03 13:21:33.698983+00:00,,PRESENT,
320,df9061ce-768a-48f5-85fa-9e84b27f3c82,4696641d-ca0e-4d94-9047-ade0d245ddb5,REGISTERED,2026-02-28 16:08:10.574649+00:00,,PRESENT,
321,df9061ce-768a-48f5-85fa-9e84b27f3c82,a3ff7146-5c5d-4b32-aa8d-e1dc67bae50e,REGISTERED,2026-02-22 04:04:54.687059+00:00,,PRESENT,
322,df9061ce-768a-48f5-85fa-9e84b27f3c82,f11017f7-2d00-4f17-9c8e-53b9e06a8ca4,REGISTERED,2026-03-01 10:51:11.154475+00:00,,ABSENT,
323,df9061ce-768a-48f5-85fa-9e84b27f3c82,5e61724f-7287-442f-963a-0d5dd803249c,REGISTERED,2026-03-07 05:15:09.262266+00:00,,PRESENT,
324,df9061ce-768a-48f5-85fa-9e84b27f3c82,26d51b07-49a9-4201-b13c-709dbf828241,REGISTERED,2026-03-10 05:35:43.657841+00:00,,ABSENT,
325,df9061ce-768a-48f5-85fa-9e84b27f3c82,649114ae-3449-49ab-a8e8-f4c931409e3d,REGISTERED,2026-02-26 05:07:15.142152+00:00,,PRESENT,
326,df9061ce-768a-48f5-85fa-9e84b27f3c82,24142aac-d1c8-42ac-a86d-f1049fd901a2,REGISTERED,2026-03-06 01:16:44.763568+00:00,,ABSENT,
327,df9061ce-768a-48f5-85fa-9e84b27f3c82,009106ed-775c-4434-bfde-f95de8733d4b,REGISTERED,2026-02-28 19:04:31.527186+00:00,,PRESENT,
328,df9061ce-768a-48f5-85fa-9e84b27f3c82,e9259942-8396-473b-9057-48dcaca6a4b8,REGISTERED,2026-02-24 20:37:53.938271+00:00,,PRESENT,
329,df9061ce-768a-48f5-85fa-9e84b27f3c82,8316ff5f-cf64-4d38-95c5-ca2d545ce3d2,REGISTERED,2026-03-04 18:44:09.727015+00:00,,PRESENT,
330,df9061ce-768a-48f5-85fa-9e84b27f3c82,385f81d4-6aef-41cb-a04f-f1dc4b4c392c,REGISTERED,2026-03-01 00:19:59.234034+00:00,,PRESENT,
331,df9061ce-768a-48f5-85fa-9e84b27f3c82,17f812f6-c3b4-4bc7-a54b-f1133fe132f8,REGISTERED,2026-03-06 14:19:19.572539+00:00,,PRESENT,
332,df9061ce-768a-48f5-85fa-9e84b27f3c82,2b2c1a3c-9712-41b8-86c7-afa44d9e0665,REGISTERED,2026-02-25 05:34:16.554971+00:00,,PRESENT,
333,df9061ce-768a-48f5-85fa-9e84b27f3c82,f1ea7bc8-4511-4946-992a-69c581e26bef,CANCELLED,2026-02-28 23:49:11.021160+00:00,2026-03-23 23:18:23.129436+00:00,PENDING,Session finalement non pertinente pour le profil.
334,df9061ce-768a-48f5-85fa-9e84b27f3c82,c0651ad3-8066-41be-bcae-d7c1a16aa7f5,REGISTERED,2026-02-26 17:58:41.808951+00:00,,PRESENT,
335,df9061ce-768a-48f5-85fa-9e84b27f3c82,07e91d9a-58ac-4123-b88a-e84d593d3c95,REGISTERED,2026-03-06 18:19:24.561126+00:00,,ABSENT,
336,df9061ce-768a-48f5-85fa-9e84b27f3c82,13376738-828d-4cdb-b40c-24d0da2a5573,REGISTERED,2026-02-23 18:46:25.932674+00:00,,PRESENT,
337,df9061ce-768a-48f5-85fa-9e84b27f3c82,da7d8ca8-db94-48b0-87a9-6c6a4d12c1cb,REGISTERED,2026-03-09 03:57:48.553765+00:00,,PRESENT,
338,df9061ce-768a-48f5-85fa-9e84b27f3c82,542134d1-b226-400c-8d7c-4e24b1a088a6,REGISTERED,2026-03-04 14:32:20.981526+00:00,,ABSENT,
339,df9061ce-768a-48f5-85fa-9e84b27f3c82,e8c415aa-cfd6-4935-9dbf-646291d2e9c0,REGISTERED,2026-02-28 07:24:49.095503+00:00,,PRESENT,
340,df9061ce-768a-48f5-85fa-9e84b27f3c82,966251e0-21da-4b33-8c4f-5acafc653771,REGISTERED,2026-03-08 06:11:56.607958+00:00,,PRESENT,
341,df9061ce-768a-48f5-85fa-9e84b27f3c82,ae0998f5-ac8d-41f3-ac2d-777a7f7ca079,REGISTERED,2026-02-28 16:06:45.076776+00:00,,PRESENT,
342,df9061ce-768a-48f5-85fa-9e84b27f3c82,ce27506a-6bbb-4843-9346-2fd118966745,REGISTERED,2026-03-01 00:13:30.870613+00:00,,PRESENT,
343,df9061ce-768a-48f5-85fa-9e84b27f3c82,b2d5b34b-d258-4bcf-8d4a-ef4e46a9dfff,REGISTERED,2026-02-23 13:11:41.488507+00:00,,PRESENT,
344,df9061ce-768a-48f5-85fa-9e84b27f3c82,d6fe6795-80b6-44d5-81a2-ba29873a9947,REGISTERED,2026-02-25 02:10:01.061525+00:00,,ABSENT,
345,df9061ce-768a-48f5-85fa-9e84b27f3c82,c7d4b081-bb87-4340-9a1f-0649f6113b13,REGISTERED,2026-03-01 12:54:33.814056+00:00,,PRESENT,
346,df9061ce-768a-48f5-85fa-9e84b27f3c82,3e5fe20d-95f7-4fea-a0b1-f764d3af1ede,REGISTERED,2026-02-28 18:43:41.172911+00:00,,PRESENT,
347,df9061ce-768a-48f5-85fa-9e84b27f3c82,a2b814f9-d1cb-4bde-bac9-f01b969f7a6c,REGISTERED,2026-03-04 12:42:25.094336+00:00,,ABSENT,
348,df9061ce-768a-48f5-85fa-9e84b27f3c82,166df1e8-caee-4766-9016-af436f3aba44,REGISTERED,2026-03-02 19:56:35.725856+00:00,,PRESENT,
349,df9061ce-768a-48f5-85fa-9e84b27f3c82,7d24e8ab-d927-443c-a1e1-04b73211032b,REGISTERED,2026-03-05 01:24:50.515981+00:00,,PRESENT,
350,df9061ce-768a-48f5-85fa-9e84b27f3c82,bcd22804-cb9b-430b-879b-fbdade368183,REGISTERED,2026-03-08 04:43:11.989034+00:00,,PRESENT,
351,df9061ce-768a-48f5-85fa-9e84b27f3c82,8c98e8b0-861d-4d8c-9844-76deb537a1db,REGISTERED,2026-02-23 09:33:02.836196+00:00,,PRESENT,
352,df9061ce-768a-48f5-85fa-9e84b27f3c82,8953121f-1a21-4cf5-9842-a8bab20d555c,REGISTERED,2026-03-06 17:00:41.508447+00:00,,ABSENT,
353,df9061ce-768a-48f5-85fa-9e84b27f3c82,27e57f44-3711-4937-96be-d80bcf09b05d,REGISTERED,2026-02-28 20:18:47.363477+00:00,,PRESENT,
354,df9061ce-768a-48f5-85fa-9e84b27f3c82,7b168703-cc4f-43e5-9775-7d74b4db3f7f,REGISTERED,2026-03-10 12:44:25.376130+00:00,,ABSENT,
355,df9061ce-768a-48f5-85fa-9e84b27f3c82,57b45e22-215a-4f53-8bf0-2a6895527cf0,REGISTERED,2026-02-26 06:59:00.480664+00:00,,PRESENT,
356,df9061ce-768a-48f5-85fa-9e84b27f3c82,b6421516-65a2-4794-a3cf-e6d057cb9c36,REGISTERED,2026-03-08 22:05:08.299884+00:00,,PRESENT,
357,df9061ce-768a-48f5-85fa-9e84b27f3c82,ee85ed55-5fb4-47a4-8a52-97b44ea7f18e,REGISTERED,2026-02-23 14:45:17.707885+00:00,,PRESENT,
358,df9061ce-768a-48f5-85fa-9e84b27f3c82,50773668-ccfb-4603-bfcb-0f0535410c84,REGISTERED,2026-03-07 08:44:18.030672+00:00,,PRESENT,
359,e62665a7-78e4-4279-85e7-d7a37fe30594,3dd95e2a-5330-4b89-abcd-aecc3361f37d,REGISTERED,2026-02-11 16:39:54.904725+00:00,,PENDING,
360,e62665a7-78e4-4279-85e7-d7a37fe30594,b55fd364-1df7-46e9-8a10-21de5cd5b1f3,REGISTERED,2026-02-18 01:06:53.307647+00:00,,PENDING,
361,e62665a7-78e4-4279-85e7-d7a37fe30594,c413e723-b297-4c8d-b0ed-efcc688a626c,REGISTERED,2026-03-26 09:08:48.737086+00:00,,PENDING,
362,e62665a7-78e4-4279-85e7-d7a37fe30594,7f1597a7-81b9-4a2c-9123-eee64ca91f04,REGISTERED,2026-03-07 23:52:22.219621+00:00,,PENDING,
363,e62665a7-78e4-4279-85e7-d7a37fe30594,c03e864e-d2ed-4ce5-856b-2334fbcb17c0,REGISTERED,2026-02-07 17:36:05.582601+00:00,,PENDING,
364,e40beea1-58f0-4048-a910-d3582dc942f0,2a5fc018-eeb8-406f-83fc-1862252f93b0,REGISTERED,2026-03-27 02:25:37.720594+00:00,,PENDING,
365,e40beea1-58f0-4048-a910-d3582dc942f0,38f134e4-e62f-4bb9-a0f5-99a23ed433c7,REGISTERED,2026-03-02 01:06:01.405741+00:00,,PENDING,
366,e40beea1-58f0-4048-a910-d3582dc942f0,c45d7879-b91c-47e2-9f80-fe17082b34a9,REGISTERED,2026-02-18 08:48:10.134115+00:00,,PENDING,
367,e40beea1-58f0-4048-a910-d3582dc942f0,d0461ae2-5c05-43f1-a230-208ef643b565,REGISTERED,2026-02-01 18:02:54.002174+00:00,,PENDING,
368,e40beea1-58f0-4048-a910-d3582dc942f0,b028e6d5-941b-4894-816c-80a8024ffabd,REGISTERED,2026-03-01 05:47:13.990604+00:00,,PENDING,
369,e40beea1-58f0-4048-a910-d3582dc942f0,5e3a8bbe-4747-4f6c-a52f-e982db7f63be,CANCELLED,2026-03-22 12:32:05.932204+00:00,2026-03-29 17:06:07.824193+00:00,PENDING,Charge de travail incompatible avec l’événement.
370,e40beea1-58f0-4048-a910-d3582dc942f0,a0f6c262-a0ec-4b15-804b-15a46fdd8632,REGISTERED,2026-02-03 11:25:14.640358+00:00,,PENDING,
371,e40beea1-58f0-4048-a910-d3582dc942f0,41a6c95e-1a40-4fc5-a34d-45dacb2f816f,REGISTERED,2026-02-17 03:22:47.574801+00:00,,PENDING,
372,e40beea1-58f0-4048-a910-d3582dc942f0,1d232fca-e41e-4733-addc-7d23e43a1a37,CANCELLED,2026-03-13 03:51:44.420315+00:00,2026-04-04 11:07:55.293816+00:00,PENDING,Inscription faite par erreur.
373,e40beea1-58f0-4048-a910-d3582dc942f0,553f633d-4e8b-4e4b-a5c1-02de094d0933,CANCELLED,2026-02-24 01:58:07.444814+00:00,2026-04-14 09:04:41.645355+00:00,PENDING,Session finalement non pertinente pour le profil.
374,e40beea1-58f0-4048-a910-d3582dc942f0,f5f28e61-f4ca-473a-8c02-7e708513646c,REGISTERED,2026-04-06 07:55:29.126321+00:00,,PENDING,
375,e40beea1-58f0-4048-a910-d3582dc942f0,1afa7fed-df03-44c8-b7f4-59e0d64bbaad,REGISTERED,2026-04-13 11:24:12.181023+00:00,,PENDING,
376,34b9498d-775d-41a7-a8be-b17c1bf5cbc8,a166e45a-4673-4033-bd08-6264c00ab024,REGISTERED,2026-03-08 16:56:25.068243+00:00,,PENDING,
377,34b9498d-775d-41a7-a8be-b17c1bf5cbc8,767e0eaf-7303-4417-832c-a8e02100fe09,CANCELLED,2026-03-17 02:12:43.365668+00:00,2026-04-09 15:00:32.891737+00:00,PENDING,Charge de travail incompatible avec l’événement.
378,34b9498d-775d-41a7-a8be-b17c1bf5cbc8,ca7c15d4-b63c-43b9-a154-a9f6ec9bd46d,REGISTERED,2026-02-12 09:39:16.976747+00:00,,PENDING,
379,34b9498d-775d-41a7-a8be-b17c1bf5cbc8,7b168703-cc4f-43e5-9775-7d74b4db3f7f,REGISTERED,2026-04-15 03:43:38.949191+00:00,,PENDING,
380,34b9498d-775d-41a7-a8be-b17c1bf5cbc8,0d89d375-2da9-4e6e-bf17-55801c583b8e,REGISTERED,2026-03-31 12:55:35.926617+00:00,,PENDING,
381,34b9498d-775d-41a7-a8be-b17c1bf5cbc8,e63e4f83-e0ba-4644-a46a-7413de243920,CANCELLED,2026-03-25 13:19:20.125581+00:00,2026-04-13 01:55:15.055831+00:00,PENDING,Absence validée par le manager.
382,34b9498d-775d-41a7-a8be-b17c1bf5cbc8,21e93a46-e401-457d-ad44-d22012a753d7,REGISTERED,2026-02-06 09:58:46.027163+00:00,,PENDING,
383,34b9498d-775d-41a7-a8be-b17c1bf5cbc8,8a674818-0a1b-475b-a8c9-cbe1e87d7943,CANCELLED,2026-02-22 16:05:52.030357+00:00,2026-03-15 06:31:10.468249+00:00,PENDING,Modification de l’agenda projet.
384,34b9498d-775d-41a7-a8be-b17c1bf5cbc8,57ba55cf-425f-48e2-9ed7-0fc2e1c80530,REGISTERED,2026-04-17 09:01:05.109061+00:00,,PENDING,
385,34b9498d-775d-41a7-a8be-b17c1bf5cbc8,c024ae2f-747f-4e78-b09d-430b0eca3860,REGISTERED,2026-01-15 04:29:32.441335+00:00,,PENDING,
386,34b9498d-775d-41a7-a8be-b17c1bf5cbc8,830b26e2-0a20-44ba-bebb-2eb0e55eb5eb,REGISTERED,2026-02-11 09:35:46.742840+00:00,,PENDING,
387,34b9498d-775d-41a7-a8be-b17c1bf5cbc8,1bdd1aba-8056-4ec1-b09d-02acb85a9eab,REGISTERED,2026-03-12 19:37:18.229339+00:00,,PENDING,
388,34b9498d-775d-41a7-a8be-b17c1bf5cbc8,d432410f-620e-49df-9646-346e8457b3bf,REGISTERED,2026-02-03 06:55:19.092170+00:00,,PENDING,
389,34b9498d-775d-41a7-a8be-b17c1bf5cbc8,15faaccb-2bbf-40c2-8ccd-d84e51bfe1a3,REGISTERED,2026-02-20 13:56:27.011130+00:00,,PENDING,
390,34b9498d-775d-41a7-a8be-b17c1bf5cbc8,85d69c98-5b99-4368-9470-a023a0faaa39,REGISTERED,2026-01-31 11:35:00.085518+00:00,,PENDING,
391,34b9498d-775d-41a7-a8be-b17c1bf5cbc8,c95d510a-3346-4f36-be97-770bde6ccec1,REGISTERED,2026-03-29 13:48:49.330006+00:00,,PENDING,
392,34b9498d-775d-41a7-a8be-b17c1bf5cbc8,aa4e1ebb-5f2c-431e-b14c-49099924347c,REGISTERED,2026-03-17 22:26:59.059999+00:00,,PENDING,
393,34b9498d-775d-41a7-a8be-b17c1bf5cbc8,9fd6253e-a662-4cde-bf57-754afdda3595,REGISTERED,2026-03-27 14:49:48.013961+00:00,,PENDING,
394,34b9498d-775d-41a7-a8be-b17c1bf5cbc8,9c80f797-b35a-496e-a518-bd9b32ba13b9,REGISTERED,2026-03-09 11:28:52.120355+00:00,,PENDING,
395,34b9498d-775d-41a7-a8be-b17c1bf5cbc8,77912841-0831-4559-9152-00fd23a9a51c,REGISTERED,2026-03-21 17:07:23.710188+00:00,,PENDING,
396,34b9498d-775d-41a7-a8be-b17c1bf5cbc8,1c17e3b7-1ace-4929-8a17-4b637e56b0b6,REGISTERED,2026-03-23 01:52:45.177461+00:00,,PENDING,
397,67053f85-7a0e-450f-b6a6-939c1d5e30d7,786ba2a2-fd55-4c3c-82a9-6ab4566b3717,REGISTERED,2026-03-23 16:35:27.158868+00:00,,PENDING,
398,67053f85-7a0e-450f-b6a6-939c1d5e30d7,a9eb667c-0911-4e4e-955e-a556167a78c0,REGISTERED,2026-03-02 07:24:38.081223+00:00,,PENDING,
399,67053f85-7a0e-450f-b6a6-939c1d5e30d7,7891d958-2cae-4067-b4bf-4df236fff02f,CANCELLED,2026-03-25 05:54:20.595833+00:00,2026-04-09 12:47:41.251046+00:00,PENDING,Erreur de choix de créneau.
400,67053f85-7a0e-450f-b6a6-939c1d5e30d7,1c9ec459-2c6a-47a7-b3cb-6090d55196b1,REGISTERED,2026-03-25 13:16:53.923596+00:00,,PENDING,
401,67053f85-7a0e-450f-b6a6-939c1d5e30d7,c33a2e16-11ad-42aa-86ff-912411bdea48,REGISTERED,2026-04-14 07:46:21.801489+00:00,,PENDING,
402,67053f85-7a0e-450f-b6a6-939c1d5e30d7,3e5fe20d-95f7-4fea-a0b1-f764d3af1ede,REGISTERED,2026-03-26 03:05:00.233546+00:00,,PENDING,
403,67053f85-7a0e-450f-b6a6-939c1d5e30d7,4f401a8b-a036-4ae4-ac18-f69336a55209,REGISTERED,2026-04-04 01:22:07.256893+00:00,,PENDING,
404,67053f85-7a0e-450f-b6a6-939c1d5e30d7,23cf3644-a5e7-4b7a-848c-b3c4ffc0d526,CANCELLED,2026-03-26 23:05:20.077776+00:00,2026-04-24 22:29:09.554620+00:00,PENDING,Invitation déclinée après réévaluation.
405,67053f85-7a0e-450f-b6a6-939c1d5e30d7,b4288a6b-52f0-44ab-821f-5bb760918a76,REGISTERED,2026-04-20 01:18:05.503250+00:00,,PENDING,
406,67053f85-7a0e-450f-b6a6-939c1d5e30d7,0b8e3edc-e13f-433c-bcda-bf4510acface,REGISTERED,2026-02-28 07:35:22.983558+00:00,,PENDING,
407,67053f85-7a0e-450f-b6a6-939c1d5e30d7,e9bcf6db-9a70-402b-96e0-5fad1e21ca31,CANCELLED,2026-03-19 12:08:45.546489+00:00,2026-04-30 19:00:47.583282+00:00,PENDING,Modification de l’agenda projet.
408,67053f85-7a0e-450f-b6a6-939c1d5e30d7,a28bebfa-b4eb-4a1f-9fc2-0354999a2f57,REGISTERED,2026-03-27 20:00:37.368381+00:00,,PENDING,
409,67053f85-7a0e-450f-b6a6-939c1d5e30d7,63f2b289-92ce-4991-81bd-1f30b50191dd,REGISTERED,2026-03-17 17:33:45.015933+00:00,,PENDING,
410,67053f85-7a0e-450f-b6a6-939c1d5e30d7,d25b06d5-af6c-43d4-9ba8-d64bdd39a1a4,REGISTERED,2026-03-13 20:29:01.151290+00:00,,PENDING,
411,67053f85-7a0e-450f-b6a6-939c1d5e30d7,f43ba2e8-ea91-43b3-9232-e8fd777feb12,REGISTERED,2026-03-30 00:28:22.595280+00:00,,PENDING,
412,67053f85-7a0e-450f-b6a6-939c1d5e30d7,1488e2ee-e5fc-4fda-a6c5-2e6dbdbec50b,REGISTERED,2026-04-06 17:25:33.729502+00:00,,PENDING,
413,8bd3500e-6ef1-40e4-91e0-e1b6284d7170,921f32d9-32ea-4d21-8db4-7b339d13a5b6,REGISTERED,2026-04-06 04:05:08.847459+00:00,,PENDING,
414,8bd3500e-6ef1-40e4-91e0-e1b6284d7170,4d667ed7-ec6b-4add-aae1-3807ff1a161c,REGISTERED,2026-04-25 00:18:19.448122+00:00,,PENDING,
415,8bd3500e-6ef1-40e4-91e0-e1b6284d7170,1bdd1aba-8056-4ec1-b09d-02acb85a9eab,REGISTERED,2026-04-12 12:27:37.112960+00:00,,PENDING,
416,8bd3500e-6ef1-40e4-91e0-e1b6284d7170,510ae9dd-0fef-4647-ab59-c05d2f715afe,REGISTERED,2026-04-17 03:56:08.824578+00:00,,PENDING,
417,8bd3500e-6ef1-40e4-91e0-e1b6284d7170,9f62bec9-e71d-4e58-8eb0-f51c0c93bd4e,CANCELLED,2026-04-08 00:18:56.792553+00:00,2026-04-15 09:11:23.932436+00:00,PENDING,Besoin de suivre une autre session en priorité.
418,8bd3500e-6ef1-40e4-91e0-e1b6284d7170,869f5770-ffbd-42b1-9908-f61f8fbbc8ea,REGISTERED,2026-04-26 02:33:15.841177+00:00,,PENDING,
419,8bd3500e-6ef1-40e4-91e0-e1b6284d7170,256b281f-27a3-4756-9132-21f4a6f1d868,REGISTERED,2026-04-13 10:30:03.566404+00:00,,PENDING,
420,8bd3500e-6ef1-40e4-91e0-e1b6284d7170,ad077160-525d-4c40-8102-623ecef44a68,REGISTERED,2026-04-10 13:28:04.986804+00:00,,PENDING,
421,8bd3500e-6ef1-40e4-91e0-e1b6284d7170,80d67e75-1cd6-4308-ace2-c8929c58a1fc,REGISTERED,2026-04-10 03:34:53.867723+00:00,,PENDING,
422,8bd3500e-6ef1-40e4-91e0-e1b6284d7170,20272eee-ae06-4fca-93c0-854b118bb324,REGISTERED,2026-04-22 07:55:41.725511+00:00,,PENDING,
423,8bd3500e-6ef1-40e4-91e0-e1b6284d7170,4104f49c-666e-4c48-8185-e1ef630c83c1,REGISTERED,2026-04-26 22:37:46.662837+00:00,,PENDING,
424,8bd3500e-6ef1-40e4-91e0-e1b6284d7170,7ff2c490-b386-436c-86c2-79a11610b881,REGISTERED,2026-04-06 16:48:59.176662+00:00,,PENDING,
425,8bd3500e-6ef1-40e4-91e0-e1b6284d7170,d8820e49-04ca-49fb-ae6e-24da3db841fb,REGISTERED,2026-04-26 18:14:35.763365+00:00,,PENDING,
426,8bd3500e-6ef1-40e4-91e0-e1b6284d7170,ef1f441d-713b-4320-8698-2eecbf112a71,REGISTERED,2026-04-28 04:00:10.219759+00:00,,PENDING,
427,8bd3500e-6ef1-40e4-91e0-e1b6284d7170,94df617c-7422-4cee-8fff-551c271661f6,REGISTERED,2026-04-22 09:31:33.398157+00:00,,PENDING,
428,8bd3500e-6ef1-40e4-91e0-e1b6284d7170,c4aac5db-f0a1-41f7-ad7b-af5bdfaee13f,REGISTERED,2026-04-25 20:05:00.991481+00:00,,PENDING,
429,8bd3500e-6ef1-40e4-91e0-e1b6284d7170,97810494-626f-45ab-bb4d-e0c09e642c34,REGISTERED,2026-04-26 07:57:26.703531+00:00,,PENDING,
430,8bd3500e-6ef1-40e4-91e0-e1b6284d7170,93104829-8594-400a-b598-aff286b49018,REGISTERED,2026-04-10 09:29:35.937390+00:00,,PENDING,
431,8bd3500e-6ef1-40e4-91e0-e1b6284d7170,c7d4b081-bb87-4340-9a1f-0649f6113b13,REGISTERED,2026-04-18 06:21:18.698212+00:00,,PENDING,
432,8bd3500e-6ef1-40e4-91e0-e1b6284d7170,c79bf178-2ad7-46c5-a8bc-69d76f5a35b2,REGISTERED,2026-04-17 05:34:12.317412+00:00,,PENDING,
433,8bd3500e-6ef1-40e4-91e0-e1b6284d7170,37984151-0631-4f6f-b709-904ba8c61676,REGISTERED,2026-04-28 08:07:32.692830+00:00,,PENDING,
434,8bd3500e-6ef1-40e4-91e0-e1b6284d7170,0e9ff6d0-1673-43bf-b1d0-6d9e99f229b3,REGISTERED,2026-04-06 10:25:22.259290+00:00,,PENDING,
435,8bd3500e-6ef1-40e4-91e0-e1b6284d7170,c8179126-6db5-4378-878a-06984c582910,REGISTERED,2026-04-18 07:53:06.181178+00:00,,PENDING,
436,8bd3500e-6ef1-40e4-91e0-e1b6284d7170,29f74c43-1a2b-4d01-b448-078c38c9e28a,REGISTERED,2026-04-26 22:13:46.968444+00:00,,PENDING,
437,8bd3500e-6ef1-40e4-91e0-e1b6284d7170,ed50e871-1708-4f88-8eff-4450af6fd5de,REGISTERED,2026-04-23 02:53:24.766734+00:00,,PENDING,
438,8bd3500e-6ef1-40e4-91e0-e1b6284d7170,1f386289-521a-489e-a60a-2c215d2f95e7,REGISTERED,2026-04-08 12:09:33.905851+00:00,,PENDING,
439,8bd3500e-6ef1-40e4-91e0-e1b6284d7170,f8d7dc0b-5a3b-44ee-98f3-b79e6f774b1e,REGISTERED,2026-04-05 13:31:31.146971+00:00,,PENDING,
440,8bd3500e-6ef1-40e4-91e0-e1b6284d7170,d7f518f6-8981-4973-9c42-b49423f7f23e,REGISTERED,2026-04-15 00:45:08.370541+00:00,,PENDING,
441,8bd3500e-6ef1-40e4-91e0-e1b6284d7170,0f332dc1-8d8c-4d07-9e8e-61e2d0086221,REGISTERED,2026-04-13 21:48:34.797107+00:00,,PENDING,
442,8bd3500e-6ef1-40e4-91e0-e1b6284d7170,11f3834e-b75c-47de-8f68-181c73c2203d,REGISTERED,2026-04-12 11:06:52.998895+00:00,,PENDING,
443,8bd3500e-6ef1-40e4-91e0-e1b6284d7170,cd45e040-a67a-4dcd-9015-7d07e78b78d0,REGISTERED,2026-04-13 04:04:55.723837+00:00,,PENDING,
444,8bd3500e-6ef1-40e4-91e0-e1b6284d7170,86c5b659-a2b1-435e-ad5f-6550a8be0606,REGISTERED,2026-04-18 00:29:28.091062+00:00,,PENDING,
445,8bd3500e-6ef1-40e4-91e0-e1b6284d7170,00a63ee3-b72e-4d31-b5f3-e2c9113709fa,REGISTERED,2026-04-15 18:13:13.491968+00:00,,PENDING,
446,8bd3500e-6ef1-40e4-91e0-e1b6284d7170,35b57b10-e7d8-43bd-9022-13bcd6044d36,REGISTERED,2026-04-27 23:19:59.895232+00:00,,PENDING,
447,8bd3500e-6ef1-40e4-91e0-e1b6284d7170,bc157ecf-7954-494e-a055-311a276bf358,REGISTERED,2026-04-15 01:14:11.013329+00:00,,PENDING,
448,8bd3500e-6ef1-40e4-91e0-e1b6284d7170,d3db882a-0f69-4757-86d7-7684ed050599,CANCELLED,2026-04-10 00:06:06.855311+00:00,2026-04-29 11:55:14.929697+00:00,PENDING,Participation remplacée par un collègue.
449,8bd3500e-6ef1-40e4-91e0-e1b6284d7170,c4f2d79f-23af-4742-9bde-78ffe22cfce6,REGISTERED,2026-04-26 10:05:57.190376+00:00,,PENDING,
450,8bd3500e-6ef1-40e4-91e0-e1b6284d7170,0b72711e-4f6c-4326-9ddc-3f48887a46f7,REGISTERED,2026-04-05 01:38:40.539037+00:00,,PENDING,
451,8bd3500e-6ef1-40e4-91e0-e1b6284d7170,465f2a51-6e74-4cea-b466-c62c29193b73,REGISTERED,2026-04-07 02:04:05.962053+00:00,,PENDING,
452,8bd3500e-6ef1-40e4-91e0-e1b6284d7170,bc82679b-60ac-4cb8-a2c8-90cf85491d9f,REGISTERED,2026-04-24 19:12:10.469639+00:00,,PENDING,
453,8bd3500e-6ef1-40e4-91e0-e1b6284d7170,f5f28e61-f4ca-473a-8c02-7e708513646c,CANCELLED,2026-04-10 19:39:40.464195+00:00,2026-04-27 16:13:06.192315+00:00,PENDING,Contrainte de planning de dernière minute.
454,8bd3500e-6ef1-40e4-91e0-e1b6284d7170,a912e90c-b716-4a56-8005-1c9111759dfd,REGISTERED,2026-04-23 06:44:37.462589+00:00,,PENDING,
455,8bd3500e-6ef1-40e4-91e0-e1b6284d7170,16db286d-1b67-49c2-b2c8-9d4d0fa29db6,REGISTERED,2026-04-13 05:09:08.972838+00:00,,PENDING,
456,8bd3500e-6ef1-40e4-91e0-e1b6284d7170,399ddb4e-8253-4685-9236-d599b6eef665,REGISTERED,2026-04-15 13:11:56.563323+00:00,,PENDING,
457,8bd3500e-6ef1-40e4-91e0-e1b6284d7170,db0a6297-8193-47c9-a815-151141095ca6,REGISTERED,2026-04-23 13:53:22.683716+00:00,,PENDING,
458,8bd3500e-6ef1-40e4-91e0-e1b6284d7170,a267cd55-dae7-4edb-9cd9-1ac6f46d89a0,REGISTERED,2026-04-09 09:35:24.920835+00:00,,PENDING,
459,8bd3500e-6ef1-40e4-91e0-e1b6284d7170,830b26e2-0a20-44ba-bebb-2eb0e55eb5eb,REGISTERED,2026-04-08 06:02:44.293356+00:00,,PENDING,
460,8bd3500e-6ef1-40e4-91e0-e1b6284d7170,f4cd3bad-4dac-4e03-9295-0b1a528ef4eb,REGISTERED,2026-04-13 17:28:33.214336+00:00,,PENDING,
461,8bd3500e-6ef1-40e4-91e0-e1b6284d7170,1afa7fed-df03-44c8-b7f4-59e0d64bbaad,REGISTERED,2026-04-08 06:05:36.772705+00:00,,PENDING,
462,8bd3500e-6ef1-40e4-91e0-e1b6284d7170,c316d911-6157-4923-83d0-94e475c6acc5,REGISTERED,2026-04-09 08:49:42.896379+00:00,,PENDING,
463,8bd3500e-6ef1-40e4-91e0-e1b6284d7170,dea563e5-75d4-4009-859c-5370f9952466,REGISTERED,2026-04-25 00:47:06.879829+00:00,,PENDING,
464,8bd3500e-6ef1-40e4-91e0-e1b6284d7170,694b0956-4e4d-45ad-893c-29800a2bcfd9,REGISTERED,2026-04-22 11:31:28.802534+00:00,,PENDING,
465,8bd3500e-6ef1-40e4-91e0-e1b6284d7170,8d88e517-90c5-4bdc-ab37-50e7d4be7387,REGISTERED,2026-04-10 15:41:36.437506+00:00,,PENDING,
466,8bd3500e-6ef1-40e4-91e0-e1b6284d7170,e6b32c11-c369-4ced-9813-924c8e864732,REGISTERED,2026-04-06 09:00:41.177935+00:00,,PENDING,
467,8bd3500e-6ef1-40e4-91e0-e1b6284d7170,db51b55f-fef8-478b-b35a-f2511f4012c2,REGISTERED,2026-04-11 22:09:19.441482+00:00,,PENDING,
468,8bd3500e-6ef1-40e4-91e0-e1b6284d7170,a7f7f5a9-460c-4634-86dd-96133ca51131,REGISTERED,2026-04-27 00:43:02.605795+00:00,,PENDING,
469,8bd3500e-6ef1-40e4-91e0-e1b6284d7170,a6c81a36-4a3a-4684-8a2a-15a4167abc2c,REGISTERED,2026-04-12 14:22:43.640031+00:00,,PENDING,
470,8bd3500e-6ef1-40e4-91e0-e1b6284d7170,9f86355d-2a5a-4db1-aef6-a2b4d7d51a28,REGISTERED,2026-04-15 13:05:58.212953+00:00,,PENDING,
471,8bd3500e-6ef1-40e4-91e0-e1b6284d7170,4a0da242-8758-4153-94cc-b7593207978b,REGISTERED,2026-04-16 22:22:36.447884+00:00,,PENDING,
472,8bd3500e-6ef1-40e4-91e0-e1b6284d7170,78af47a7-ad8d-4faf-a4eb-52cb18a6a2cd,REGISTERED,2026-04-19 09:13:51.306998+00:00,,PENDING,
473,8bd3500e-6ef1-40e4-91e0-e1b6284d7170,f2aba7e0-43cb-45a1-8ed2-80e2b36e4be9,REGISTERED,2026-04-20 05:44:41.154482+00:00,,PENDING,
474,8bd3500e-6ef1-40e4-91e0-e1b6284d7170,fd139f69-a02f-403a-a413-19b49a716926,REGISTERED,2026-04-05 03:18:17.829064+00:00,,PENDING,
475,8bd3500e-6ef1-40e4-91e0-e1b6284d7170,b3d93062-a120-4b9f-8188-3421e21ae870,REGISTERED,2026-04-23 19:14:58.108965+00:00,,PENDING,
476,8bd3500e-6ef1-40e4-91e0-e1b6284d7170,5eaddab7-e9e5-496f-98cf-f1c69022ecfa,REGISTERED,2026-04-28 12:28:05.615061+00:00,,PENDING,
477,8bd3500e-6ef1-40e4-91e0-e1b6284d7170,c45d7879-b91c-47e2-9f80-fe17082b34a9,REGISTERED,2026-04-17 16:42:25.399738+00:00,,PENDING,
478,8bd3500e-6ef1-40e4-91e0-e1b6284d7170,a3befb78-1e74-4bd2-88bc-ea49d60ed7d7,REGISTERED,2026-04-10 13:42:20.726264+00:00,,PENDING,
479,8bd3500e-6ef1-40e4-91e0-e1b6284d7170,eaa9cc85-b28c-4878-9ca7-f4d797d0e0d9,REGISTERED,2026-04-23 03:27:31.414581+00:00,,PENDING,
480,8bd3500e-6ef1-40e4-91e0-e1b6284d7170,c03e864e-d2ed-4ce5-856b-2334fbcb17c0,REGISTERED,2026-04-13 06:29:20.266028+00:00,,PENDING,
481,8bd3500e-6ef1-40e4-91e0-e1b6284d7170,e8c415aa-cfd6-4935-9dbf-646291d2e9c0,REGISTERED,2026-04-23 22:26:05.734022+00:00,,PENDING,
482,8bd3500e-6ef1-40e4-91e0-e1b6284d7170,d432410f-620e-49df-9646-346e8457b3bf,REGISTERED,2026-04-05 07:36:08.613029+00:00,,PENDING,
483,8bd3500e-6ef1-40e4-91e0-e1b6284d7170,4b6514c1-383f-4056-9a6e-81fe0599fec3,REGISTERED,2026-04-11 03:57:44.716171+00:00,,PENDING,
484,8bd3500e-6ef1-40e4-91e0-e1b6284d7170,fa28ce57-bb38-4d8a-a0f3-a2d5cd14c061,REGISTERED,2026-04-12 07:30:49.624883+00:00,,PENDING,
485,8bd3500e-6ef1-40e4-91e0-e1b6284d7170,eb0e5714-103d-4cc9-9b7e-b0267f027196,REGISTERED,2026-04-24 00:46:42.038280+00:00,,PENDING,
486,8bd3500e-6ef1-40e4-91e0-e1b6284d7170,1bf756ca-dbef-4935-bac3-a3b692010a75,REGISTERED,2026-04-13 09:36:36.666392+00:00,,PENDING,
487,8bd3500e-6ef1-40e4-91e0-e1b6284d7170,21bcc6ee-e804-4d2e-be58-d741e6310d5e,REGISTERED,2026-04-06 23:20:47.982933+00:00,,PENDING,
488,8bd3500e-6ef1-40e4-91e0-e1b6284d7170,2b2c1a3c-9712-41b8-86c7-afa44d9e0665,REGISTERED,2026-04-12 06:19:34.969766+00:00,,PENDING,
489,8bd3500e-6ef1-40e4-91e0-e1b6284d7170,181e7e03-af2a-43ee-9324-840d14c267d3,REGISTERED,2026-04-14 07:53:29.119448+00:00,,PENDING,
490,8bd3500e-6ef1-40e4-91e0-e1b6284d7170,8de3a1bf-0867-4629-9291-42a74caf9008,CANCELLED,2026-04-08 19:55:10.349703+00:00,2026-04-12 12:43:56.198621+00:00,PENDING,Problème de disponibilité logistique.
491,8bd3500e-6ef1-40e4-91e0-e1b6284d7170,11938edb-7027-491c-9527-eaf7738ea9cd,REGISTERED,2026-04-08 10:22:52.623517+00:00,,PENDING,
492,8bd3500e-6ef1-40e4-91e0-e1b6284d7170,eaaf4ff9-389b-4404-8570-7d2997f37220,REGISTERED,2026-04-17 12:13:34.860085+00:00,,PENDING,
493,8bd3500e-6ef1-40e4-91e0-e1b6284d7170,67218b7a-eda7-4eed-b37b-939fba1ef9ce,REGISTERED,2026-04-04 23:00:57.164939+00:00,,PENDING,
494,8bd3500e-6ef1-40e4-91e0-e1b6284d7170,7271cad9-975d-443d-9dc6-13dc2769c77d,REGISTERED,2026-04-18 17:20:56.316063+00:00,,PENDING,
495,8bd3500e-6ef1-40e4-91e0-e1b6284d7170,368b0c1f-2b18-45ae-8c55-7445a2e631bc,REGISTERED,2026-04-25 15:29:26.520772+00:00,,PENDING,
496,8bd3500e-6ef1-40e4-91e0-e1b6284d7170,3153eaad-facb-4e77-bf73-9a19018c032d,REGISTERED,2026-04-06 22:17:48.482816+00:00,,PENDING,
497,8bd3500e-6ef1-40e4-91e0-e1b6284d7170,fbabdc2f-0b0f-4905-8305-434bbbdaeebf,REGISTERED,2026-04-20 06:46:01.128983+00:00,,PENDING,
498,8bd3500e-6ef1-40e4-91e0-e1b6284d7170,206f3caa-e4f4-4c32-9bbe-a77b272bce88,REGISTERED,2026-04-10 04:44:34.449519+00:00,,PENDING,
499,8bd3500e-6ef1-40e4-91e0-e1b6284d7170,9a6ea003-a666-4c29-8ae5-e7fa86361a43,REGISTERED,2026-04-10 11:41:54.651223+00:00,,PENDING,
500,8bd3500e-6ef1-40e4-91e0-e1b6284d7170,7f5ff8e9-537d-4aa6-b713-4dfdab32e67a,REGISTERED,2026-04-17 09:22:07.937338+00:00,,PENDING,
501,8bd3500e-6ef1-40e4-91e0-e1b6284d7170,83591bb5-b0a5-432a-9670-a236e11cbb0b,CANCELLED,2026-04-24 18:13:19.941570+00:00,2026-04-27 10:04:32.769042+00:00,PENDING,Erreur de choix de créneau.
502,8bd3500e-6ef1-40e4-91e0-e1b6284d7170,5e3a8bbe-4747-4f6c-a52f-e982db7f63be,REGISTERED,2026-04-05 22:41:36.511265+00:00,,PENDING,
503,8bd3500e-6ef1-40e4-91e0-e1b6284d7170,405aedd0-cb27-4b4c-a93e-b03ba37f2948,CANCELLED,2026-04-17 06:02:14.388623+00:00,2026-04-22 11:25:42.262351+00:00,PENDING,Absence validée par le manager.
504,8bd3500e-6ef1-40e4-91e0-e1b6284d7170,1c9ec459-2c6a-47a7-b3cb-6090d55196b1,REGISTERED,2026-04-12 23:39:17.859980+00:00,,PENDING,
505,8bd3500e-6ef1-40e4-91e0-e1b6284d7170,50e23573-ed49-4a5a-a274-62ac3d92fa00,REGISTERED,2026-04-26 11:21:52.762284+00:00,,PENDING,
506,8bd3500e-6ef1-40e4-91e0-e1b6284d7170,a5e91f29-76ad-47df-8a3c-43ad203ed9c3,REGISTERED,2026-04-15 03:06:41.251824+00:00,,PENDING,
507,8bd3500e-6ef1-40e4-91e0-e1b6284d7170,7b19046f-9ad2-4f03-b469-0a8c894bbccb,REGISTERED,2026-04-23 13:18:01.164585+00:00,,PENDING,
508,8bd3500e-6ef1-40e4-91e0-e1b6284d7170,4597622b-a50f-4a08-82d3-b202eb23c08b,REGISTERED,2026-04-24 12:17:20.838511+00:00,,PENDING,
509,8bd3500e-6ef1-40e4-91e0-e1b6284d7170,c31a8997-aa4f-4fcd-af44-2a2e36479c4d,REGISTERED,2026-04-10 20:46:22.162190+00:00,,PENDING,
510,8bd3500e-6ef1-40e4-91e0-e1b6284d7170,2a9d41e6-bbad-409a-9305-7d1453de3fff,CANCELLED,2026-04-24 17:36:31.098889+00:00,2026-04-29 17:07:29.004669+00:00,PENDING,Changement de priorité métier.
511,8bd3500e-6ef1-40e4-91e0-e1b6284d7170,5a0d457e-b130-4a86-8cf9-1ff778d42d02,REGISTERED,2026-04-22 21:16:18.673172+00:00,,PENDING,
512,8bd3500e-6ef1-40e4-91e0-e1b6284d7170,074ac71d-aafc-47a0-9056-0c48ad4084ce,REGISTERED,2026-04-22 08:06:21.605252+00:00,,PENDING,
513,8bd3500e-6ef1-40e4-91e0-e1b6284d7170,3b146662-5da3-44f9-a3a2-be2e8ab5f602,REGISTERED,2026-04-23 21:08:00.927238+00:00,,PENDING,
514,8bd3500e-6ef1-40e4-91e0-e1b6284d7170,f6441207-59b2-4d0d-8e38-22e2061a049e,REGISTERED,2026-04-05 17:19:18.277606+00:00,,PENDING,
515,8bd3500e-6ef1-40e4-91e0-e1b6284d7170,4abcf7de-7bd9-4a8b-8086-69d62985a420,REGISTERED,2026-04-09 00:34:33.528895+00:00,,PENDING,
516,8bd3500e-6ef1-40e4-91e0-e1b6284d7170,4fd7b80e-d72e-42b6-8127-2b77a2ab3795,REGISTERED,2026-04-14 02:27:43.301575+00:00,,PENDING,
517,8bd3500e-6ef1-40e4-91e0-e1b6284d7170,7c907411-53e7-4a2f-9fb2-368bef893ae6,REGISTERED,2026-04-06 10:50:46.978592+00:00,,PENDING,
518,8bd3500e-6ef1-40e4-91e0-e1b6284d7170,b028e6d5-941b-4894-816c-80a8024ffabd,REGISTERED,2026-04-07 11:44:55.542055+00:00,,PENDING,
519,8bd3500e-6ef1-40e4-91e0-e1b6284d7170,971f68c9-d724-4aeb-8be7-a6c87cae819c,CANCELLED,2026-04-22 03:52:39.150389+00:00,2026-04-30 05:23:06.847501+00:00,PENDING,Participation remplacée par un collègue.
520,8bd3500e-6ef1-40e4-91e0-e1b6284d7170,68694506-5179-4288-8fa1-878fbaa48615,REGISTERED,2026-04-16 03:05:18.202166+00:00,,PENDING,
521,a7992941-ac5b-4923-985f-b8be3e23a195,f4ff8b53-48fb-46e8-9ea0-bc7c51ea9fee,CANCELLED,2026-04-27 05:02:08.591513+00:00,2026-04-30 12:47:19.671848+00:00,PENDING,Charge de travail incompatible avec l’événement.
522,a7992941-ac5b-4923-985f-b8be3e23a195,fd4de66f-9089-4132-b386-bcc0aed023a5,REGISTERED,2026-02-11 18:32:37.195472+00:00,,PENDING,
523,a7992941-ac5b-4923-985f-b8be3e23a195,7d24e8ab-d927-443c-a1e1-04b73211032b,REGISTERED,2026-02-03 14:23:48.105275+00:00,,PENDING,
524,b22a565b-8fff-497d-a61d-83781fd9a616,20ce269e-2582-410c-94a7-4694b2562699,REGISTERED,2026-03-29 09:32:10.006644+00:00,,PRESENT,
525,b22a565b-8fff-497d-a61d-83781fd9a616,3153eaad-facb-4e77-bf73-9a19018c032d,REGISTERED,2026-02-13 14:13:46.890374+00:00,,PRESENT,
526,b22a565b-8fff-497d-a61d-83781fd9a616,a3ff7146-5c5d-4b32-aa8d-e1dc67bae50e,REGISTERED,2026-01-28 09:06:33.462268+00:00,,PRESENT,
527,7c599268-f746-4e6a-9127-104998e1ca41,4d667ed7-ec6b-4add-aae1-3807ff1a161c,REGISTERED,2026-03-30 15:11:01.917137+00:00,,ABSENT,
528,7c599268-f746-4e6a-9127-104998e1ca41,3153eaad-facb-4e77-bf73-9a19018c032d,REGISTERED,2026-03-12 10:10:11.084328+00:00,,PRESENT,
529,7c599268-f746-4e6a-9127-104998e1ca41,e8a80a6e-ee71-4373-8db9-cb211b8b0d92,REGISTERED,2026-03-12 21:30:47.350231+00:00,,PRESENT,
530,7c599268-f746-4e6a-9127-104998e1ca41,d045ce18-decd-4a51-b04a-c4a0b10839a7,REGISTERED,2026-04-02 23:26:10.153729+00:00,,PRESENT,
531,7c599268-f746-4e6a-9127-104998e1ca41,04bb8b7a-cd4c-4a01-91d4-4704fda80686,REGISTERED,2026-03-08 19:33:44.508181+00:00,,PRESENT,
532,7c599268-f746-4e6a-9127-104998e1ca41,278dc842-25a6-4a12-919b-ae5cb5106a96,CANCELLED,2026-02-02 00:29:02.939855+00:00,2026-03-07 09:37:39.692770+00:00,PENDING,Erreur de choix de créneau.
533,7c599268-f746-4e6a-9127-104998e1ca41,ea6a2151-71d0-4a29-bdab-6b249f5466e9,REGISTERED,2026-02-11 15:45:08.582568+00:00,,ABSENT,
534,7c599268-f746-4e6a-9127-104998e1ca41,767f6a60-4ed4-4d62-b89e-454933720617,REGISTERED,2026-03-11 10:31:13.471006+00:00,,PRESENT,
535,7c599268-f746-4e6a-9127-104998e1ca41,1b030e36-9144-4f9e-b30f-599f3b124204,CANCELLED,2026-02-28 05:03:17.664275+00:00,2026-03-20 02:47:48.702479+00:00,PENDING,Besoin de suivre une autre session en priorité.
536,785cfbf1-488c-41df-aacd-31498c90fb44,e3a19585-197c-4218-9d75-752360108ba0,REGISTERED,2026-02-16 23:24:37.452342+00:00,,PRESENT,
537,785cfbf1-488c-41df-aacd-31498c90fb44,8e39130a-e867-4106-91d8-13206ebbc96a,REGISTERED,2026-02-01 19:05:42.738009+00:00,,PRESENT,
538,785cfbf1-488c-41df-aacd-31498c90fb44,ba465ba6-c272-4a1d-a2a5-154d5850d7fc,REGISTERED,2026-02-22 01:38:29.210973+00:00,,ABSENT,
539,785cfbf1-488c-41df-aacd-31498c90fb44,9851c669-90b3-4bba-a904-e07bff44c7cb,REGISTERED,2026-02-28 22:52:05.406282+00:00,,PRESENT,
540,785cfbf1-488c-41df-aacd-31498c90fb44,b5327700-4b72-4e84-bd67-c0134c3733c6,REGISTERED,2026-03-01 08:55:00.789691+00:00,,PRESENT,
541,785cfbf1-488c-41df-aacd-31498c90fb44,28ed3041-bf44-4e82-90cd-dbc09eec2534,REGISTERED,2026-02-02 04:01:47.011467+00:00,,PRESENT,
542,785cfbf1-488c-41df-aacd-31498c90fb44,c061b807-bf13-4062-83a1-8560217e80d8,REGISTERED,2026-01-31 23:19:04.442343+00:00,,PRESENT,
543,785cfbf1-488c-41df-aacd-31498c90fb44,978615d9-0394-47fb-a990-7b91e37cbcf3,REGISTERED,2026-02-21 16:04:18.469580+00:00,,PRESENT,
544,785cfbf1-488c-41df-aacd-31498c90fb44,181e7e03-af2a-43ee-9324-840d14c267d3,REGISTERED,2026-02-06 01:00:55.330306+00:00,,PRESENT,
545,785cfbf1-488c-41df-aacd-31498c90fb44,bc82679b-60ac-4cb8-a2c8-90cf85491d9f,REGISTERED,2026-02-02 19:10:47.099665+00:00,,PRESENT,
546,785cfbf1-488c-41df-aacd-31498c90fb44,bc157ecf-7954-494e-a055-311a276bf358,REGISTERED,2026-02-11 17:53:41.571459+00:00,,PRESENT,
547,785cfbf1-488c-41df-aacd-31498c90fb44,9670db24-9fbd-4eae-8798-eee73b7f38b0,REGISTERED,2026-02-12 05:43:28.051537+00:00,,PRESENT,
548,785cfbf1-488c-41df-aacd-31498c90fb44,e94c386e-8464-4a22-be9a-6beb0e5d7a7b,CANCELLED,2026-02-13 08:11:02.642655+00:00,2026-02-26 18:14:40.905067+00:00,PENDING,Modification de l’agenda projet.
549,785cfbf1-488c-41df-aacd-31498c90fb44,c2c17b8a-e8e3-4734-8a5d-558dcb795104,CANCELLED,2026-02-27 20:48:53.120265+00:00,2026-03-17 23:17:52.221830+00:00,PENDING,Contrainte de planning de dernière minute.
550,785cfbf1-488c-41df-aacd-31498c90fb44,54b43be3-84e0-4a95-9d97-8b3b30898bd6,REGISTERED,2026-02-19 09:13:11.435115+00:00,,ABSENT,
551,785cfbf1-488c-41df-aacd-31498c90fb44,206f3caa-e4f4-4c32-9bbe-a77b272bce88,REGISTERED,2026-02-21 04:29:04.177856+00:00,,PRESENT,
552,785cfbf1-488c-41df-aacd-31498c90fb44,fdaa0ab3-4f74-427f-8610-07c992b50bf5,REGISTERED,2026-02-18 04:14:02.376158+00:00,,PRESENT,
553,785cfbf1-488c-41df-aacd-31498c90fb44,55831852-80ae-4ac9-b6c1-ecd2efaef1b7,REGISTERED,2026-03-04 21:12:16.493474+00:00,,ABSENT,
554,785cfbf1-488c-41df-aacd-31498c90fb44,f5a200ca-45a2-445d-906e-548d24f00cd6,REGISTERED,2026-02-11 15:26:10.123424+00:00,,ABSENT,
555,785cfbf1-488c-41df-aacd-31498c90fb44,b877de62-103a-4774-b161-65d240e35474,REGISTERED,2026-02-19 07:38:18.957267+00:00,,PRESENT,
556,785cfbf1-488c-41df-aacd-31498c90fb44,6531a0f2-47b9-4582-85c5-5d1479aedfd0,REGISTERED,2026-02-22 08:47:22.170798+00:00,,ABSENT,
557,785cfbf1-488c-41df-aacd-31498c90fb44,3b146662-5da3-44f9-a3a2-be2e8ab5f602,REGISTERED,2026-02-09 00:54:45.483722+00:00,,PRESENT,
558,785cfbf1-488c-41df-aacd-31498c90fb44,3b4c8589-a29e-4f2a-9518-57ade939fcf8,REGISTERED,2026-02-14 14:19:25.590095+00:00,,PRESENT,
559,2077798b-b0f5-4b9d-b4eb-a4bda2c28578,93c2ea2c-f36b-43fb-8081-333512ad6dfe,REGISTERED,2026-04-30 19:42:15.784188+00:00,,PENDING,
560,2077798b-b0f5-4b9d-b4eb-a4bda2c28578,2529ad7b-3e69-4b87-9e44-0259ec755de2,REGISTERED,2026-04-26 10:05:51.741694+00:00,,PENDING,
561,2077798b-b0f5-4b9d-b4eb-a4bda2c28578,db0a6297-8193-47c9-a815-151141095ca6,REGISTERED,2026-04-17 02:53:12.532646+00:00,,PENDING,
562,2077798b-b0f5-4b9d-b4eb-a4bda2c28578,4bd7d747-9088-4441-a4ca-12c5a3c80cfb,REGISTERED,2026-04-24 14:04:08.490351+00:00,,PENDING,
563,2077798b-b0f5-4b9d-b4eb-a4bda2c28578,53bc19ae-6115-4448-91c2-079f930260b9,REGISTERED,2026-04-20 02:53:26.764176+00:00,,PENDING,
564,2077798b-b0f5-4b9d-b4eb-a4bda2c28578,ea94002e-07bf-4277-9b9a-4f657eaa8125,REGISTERED,2026-04-21 01:59:43.958917+00:00,,PENDING,
565,2077798b-b0f5-4b9d-b4eb-a4bda2c28578,debfdb17-41a8-47ec-a914-677fa4a8b9d1,REGISTERED,2026-04-27 21:41:48.917440+00:00,,PENDING,
566,2077798b-b0f5-4b9d-b4eb-a4bda2c28578,86c5b659-a2b1-435e-ad5f-6550a8be0606,REGISTERED,2026-04-17 21:50:47.372579+00:00,,PENDING,
567,2077798b-b0f5-4b9d-b4eb-a4bda2c28578,8195d324-ed95-44b5-a354-9232cab4e1c0,REGISTERED,2026-04-21 21:24:35.325010+00:00,,PENDING,
568,b86f0384-24f6-46df-93c3-86be246fbab3,53234d32-ce6e-4a41-989f-d1958715bab4,REGISTERED,2026-01-30 01:50:26.937222+00:00,,PENDING,
569,b86f0384-24f6-46df-93c3-86be246fbab3,00f7fbed-d7cd-4b53-9344-aa42ba92c94d,REGISTERED,2026-02-19 05:35:29.791356+00:00,,PENDING,
570,b86f0384-24f6-46df-93c3-86be246fbab3,18461a76-23dd-484e-ac0a-37f832c9ef57,REGISTERED,2026-04-06 18:07:24.277453+00:00,,PENDING,
571,b86f0384-24f6-46df-93c3-86be246fbab3,9a1159ca-5027-4cc5-acce-0e458cb282f9,REGISTERED,2026-04-14 22:20:57.541499+00:00,,PENDING,
572,b86f0384-24f6-46df-93c3-86be246fbab3,81b81c2a-9798-487a-8560-c1caab2911c0,REGISTERED,2026-04-06 07:42:11.350623+00:00,,PENDING,
573,b86f0384-24f6-46df-93c3-86be246fbab3,1f386289-521a-489e-a60a-2c215d2f95e7,REGISTERED,2026-03-10 21:35:53.507982+00:00,,PENDING,
574,b86f0384-24f6-46df-93c3-86be246fbab3,4169b80d-0f44-4692-a9e4-5a0ff1391e96,REGISTERED,2026-03-31 05:35:26.135227+00:00,,PENDING,
575,b86f0384-24f6-46df-93c3-86be246fbab3,18913824-a75f-44b9-a1c5-cec90c6cd419,REGISTERED,2026-02-10 23:38:36.677063+00:00,,PENDING,
576,b86f0384-24f6-46df-93c3-86be246fbab3,722ee721-cbc4-48ea-afc1-2addf9bc9ffe,REGISTERED,2026-04-18 15:25:16.156177+00:00,,PENDING,
577,b86f0384-24f6-46df-93c3-86be246fbab3,f5f28e61-f4ca-473a-8c02-7e708513646c,REGISTERED,2026-03-22 10:10:17.252422+00:00,,PENDING,
578,b86f0384-24f6-46df-93c3-86be246fbab3,32b25946-4e38-41dc-be6e-68aa7a85c5b4,REGISTERED,2026-03-02 04:05:41.250319+00:00,,PENDING,
579,b86f0384-24f6-46df-93c3-86be246fbab3,2976ce73-94df-4e12-ac34-fb596591b7c2,REGISTERED,2026-04-26 10:09:40.922564+00:00,,PENDING,
580,b86f0384-24f6-46df-93c3-86be246fbab3,3890de82-3395-42e3-86ff-099140dc8353,REGISTERED,2026-04-03 19:04:28.539854+00:00,,PENDING,
581,b86f0384-24f6-46df-93c3-86be246fbab3,45c10be6-7fac-4883-8cee-b772caa3f8de,REGISTERED,2026-02-15 23:21:09.625556+00:00,,PENDING,
582,b86f0384-24f6-46df-93c3-86be246fbab3,d0f4fbc4-456a-46ec-83cb-fa4972235dcc,REGISTERED,2026-03-17 03:24:29.978620+00:00,,PENDING,
583,b86f0384-24f6-46df-93c3-86be246fbab3,95678daf-22ef-4265-aecc-265d306f786c,REGISTERED,2026-02-12 07:12:13.532025+00:00,,PENDING,
584,7692dae2-6599-4e86-a57d-f5248dcdda80,3ac1ba84-55fd-4197-b49a-908c9d1588e9,REGISTERED,2026-04-27 14:56:24.538805+00:00,,PENDING,
585,7692dae2-6599-4e86-a57d-f5248dcdda80,f594c6ae-fae0-4ba8-8668-199181bbdd68,REGISTERED,2026-04-20 15:02:26.246894+00:00,,PENDING,
586,7692dae2-6599-4e86-a57d-f5248dcdda80,7d2c6a5c-bbcc-46be-8ba4-b7518ab7a644,REGISTERED,2026-03-22 19:01:17.244773+00:00,,PENDING,
587,7692dae2-6599-4e86-a57d-f5248dcdda80,274ae9a0-e988-401e-abd7-6ebe2287f737,REGISTERED,2026-04-15 10:33:20.377557+00:00,,PENDING,
588,7692dae2-6599-4e86-a57d-f5248dcdda80,28ed3041-bf44-4e82-90cd-dbc09eec2534,REGISTERED,2026-03-01 00:59:43.853188+00:00,,PENDING,
589,7692dae2-6599-4e86-a57d-f5248dcdda80,233d2989-90d7-4cf0-9bea-58a5e4bac3d2,CANCELLED,2026-04-07 06:25:21.681147+00:00,2026-04-11 20:57:04.449833+00:00,PENDING,Session finalement non pertinente pour le profil.
590,7692dae2-6599-4e86-a57d-f5248dcdda80,0255ba23-f10c-4e55-a632-f39545ad53f2,CANCELLED,2026-04-11 10:20:00.893569+00:00,2026-04-19 06:48:59.342819+00:00,PENDING,Inscription faite par erreur.
591,7692dae2-6599-4e86-a57d-f5248dcdda80,dbb62cac-e512-454a-a2dd-cd278e6b0b3e,REGISTERED,2026-03-17 04:26:43.330580+00:00,,PENDING,
592,7692dae2-6599-4e86-a57d-f5248dcdda80,4104f49c-666e-4c48-8185-e1ef630c83c1,REGISTERED,2026-03-27 19:38:03.441139+00:00,,PENDING,
593,7692dae2-6599-4e86-a57d-f5248dcdda80,44bd7edf-b40c-4e70-80b5-06cef76b4c8c,REGISTERED,2026-03-08 02:52:06.496658+00:00,,PENDING,
594,7692dae2-6599-4e86-a57d-f5248dcdda80,4311ce77-f8c2-4006-914c-00bf45307cde,REGISTERED,2026-04-15 14:06:48.468704+00:00,,PENDING,
595,7692dae2-6599-4e86-a57d-f5248dcdda80,1815820e-1287-4637-b9f1-9bd95f95ca22,REGISTERED,2026-04-06 20:31:48.726585+00:00,,PENDING,
596,7692dae2-6599-4e86-a57d-f5248dcdda80,3fed2f1f-ed8e-425e-a9c7-8401c4bea33c,REGISTERED,2026-04-11 10:36:01.686856+00:00,,PENDING,
597,7692dae2-6599-4e86-a57d-f5248dcdda80,d7a3f62a-7276-4b1a-9abc-2110c1979b89,REGISTERED,2026-03-21 10:30:24.382773+00:00,,PENDING,
598,7692dae2-6599-4e86-a57d-f5248dcdda80,f3ee8d81-bce1-4705-a1dd-180f42249038,REGISTERED,2026-02-25 09:39:09.883210+00:00,,PENDING,
599,7692dae2-6599-4e86-a57d-f5248dcdda80,10d5d40f-127e-4b4f-b286-d0a7efa50bd5,REGISTERED,2026-03-21 21:01:22.340480+00:00,,PENDING,
600,f4ef8066-c6c9-4741-8d23-8b9a12ba6d01,9ac7d884-9c16-4fa3-b896-884afda9c096,REGISTERED,2026-04-30 14:31:21.537400+00:00,,PENDING,
601,f4ef8066-c6c9-4741-8d23-8b9a12ba6d01,23ce8810-f0b8-4d2e-8e2b-68771418b437,REGISTERED,2026-02-25 10:17:19.184511+00:00,,PENDING,
602,f4ef8066-c6c9-4741-8d23-8b9a12ba6d01,9630d3c5-3a6f-4cba-bd6b-09ef4505332e,REGISTERED,2026-03-03 11:47:36.967842+00:00,,PENDING,
603,f4ef8066-c6c9-4741-8d23-8b9a12ba6d01,d264ec2d-d6b4-4a68-a16e-2ce4e95ca174,REGISTERED,2026-03-19 21:56:11.054759+00:00,,PENDING,
604,f4ef8066-c6c9-4741-8d23-8b9a12ba6d01,10d5d40f-127e-4b4f-b286-d0a7efa50bd5,CANCELLED,2026-02-24 07:51:38.863916+00:00,2026-03-01 21:26:42.318399+00:00,PENDING,Conflit d’horaire avec une réunion prioritaire.
605,f4ef8066-c6c9-4741-8d23-8b9a12ba6d01,3ce5d8ff-3af6-4183-83e3-d0fad13a6ef1,REGISTERED,2026-02-17 17:14:34.413677+00:00,,PENDING,
606,f4ef8066-c6c9-4741-8d23-8b9a12ba6d01,124d31c9-67e3-4463-a3dc-e5d31d3560a1,CANCELLED,2026-04-03 10:04:37.946222+00:00,2026-04-08 00:47:24.225512+00:00,PENDING,Besoin de suivre une autre session en priorité.
607,f4ef8066-c6c9-4741-8d23-8b9a12ba6d01,915de5a6-4e56-45a3-9ec0-f304a3b83653,REGISTERED,2026-02-12 19:25:05.071002+00:00,,PENDING,
608,f4ef8066-c6c9-4741-8d23-8b9a12ba6d01,fe585dc9-87c1-4767-acfc-0cb180014620,REGISTERED,2026-03-31 14:28:28.504646+00:00,,PENDING,
609,f4ef8066-c6c9-4741-8d23-8b9a12ba6d01,1d564304-c607-4b67-b00b-0c3c6644f9c6,REGISTERED,2026-03-15 10:20:02.607407+00:00,,PENDING,
610,f4ef8066-c6c9-4741-8d23-8b9a12ba6d01,ad077160-525d-4c40-8102-623ecef44a68,REGISTERED,2026-02-26 17:32:34.373949+00:00,,PENDING,
611,f4ef8066-c6c9-4741-8d23-8b9a12ba6d01,a1c5d618-8d96-458c-8e77-e2adbc9f6c23,REGISTERED,2026-04-29 02:55:01.443271+00:00,,PENDING,
612,f4ef8066-c6c9-4741-8d23-8b9a12ba6d01,c3cebde2-04c5-4bd6-8742-5138c5699944,REGISTERED,2026-02-20 20:00:21.602256+00:00,,PENDING,
613,f4ef8066-c6c9-4741-8d23-8b9a12ba6d01,62f0f942-5b08-4351-9bfb-920a9b2364ec,REGISTERED,2026-03-27 07:58:24.193454+00:00,,PENDING,
614,f4ef8066-c6c9-4741-8d23-8b9a12ba6d01,adf357bf-a6ea-435e-84dc-d92ef2f7cde4,REGISTERED,2026-03-19 21:42:39.911433+00:00,,PENDING,
615,f4ef8066-c6c9-4741-8d23-8b9a12ba6d01,4cc0e55c-8eeb-4f90-96d2-dedd8a565e1b,REGISTERED,2026-04-18 04:58:17.187111+00:00,,PENDING,
616,f4ef8066-c6c9-4741-8d23-8b9a12ba6d01,db51b55f-fef8-478b-b35a-f2511f4012c2,REGISTERED,2026-02-18 21:46:50.035540+00:00,,PENDING,
617,f4ef8066-c6c9-4741-8d23-8b9a12ba6d01,8062edae-a09d-450b-b9e9-61d162542cc6,REGISTERED,2026-03-15 16:46:23.148498+00:00,,PENDING,
618,f4ef8066-c6c9-4741-8d23-8b9a12ba6d01,d46bbc33-a6b9-4170-bdd9-62088f76392b,REGISTERED,2026-03-27 19:09:21.816811+00:00,,PENDING,
619,f4ef8066-c6c9-4741-8d23-8b9a12ba6d01,d2143c02-7643-4dad-9edd-73d7e485eec7,REGISTERED,2026-02-17 08:54:17.468731+00:00,,PENDING,
620,f4ef8066-c6c9-4741-8d23-8b9a12ba6d01,8d96e8da-9993-495a-a0c2-848796ac710e,REGISTERED,2026-04-10 16:36:51.819171+00:00,,PENDING,
621,f4ef8066-c6c9-4741-8d23-8b9a12ba6d01,18aee4d1-ff77-49a2-bce1-9d47c65368ae,REGISTERED,2026-04-07 00:37:10.925287+00:00,,PENDING,
622,f4ef8066-c6c9-4741-8d23-8b9a12ba6d01,50b973db-8479-47e1-8c19-f51f4998a03c,REGISTERED,2026-02-14 10:29:37.535336+00:00,,PENDING,
623,f4ef8066-c6c9-4741-8d23-8b9a12ba6d01,11e4bafe-f46f-4714-ae79-46782f98afcc,REGISTERED,2026-04-13 04:42:40.363109+00:00,,PENDING,
624,f4ef8066-c6c9-4741-8d23-8b9a12ba6d01,85fcc4be-726c-4bcd-9bc6-c969daa3cd3e,REGISTERED,2026-04-05 15:45:26.333967+00:00,,PENDING,
625,f4ef8066-c6c9-4741-8d23-8b9a12ba6d01,99ce0eb9-db3b-4ba1-9d7e-a6e10271bb8c,REGISTERED,2026-04-19 12:01:31.153617+00:00,,PENDING,
626,f4ef8066-c6c9-4741-8d23-8b9a12ba6d01,b9c5c31c-70c5-4d31-b5fa-06019974af0a,REGISTERED,2026-04-30 02:24:24.292238+00:00,,PENDING,
627,f4ef8066-c6c9-4741-8d23-8b9a12ba6d01,4284538a-2eb5-4ac7-9e74-d9148261af39,REGISTERED,2026-03-29 10:42:02.718571+00:00,,PENDING,
628,f4ef8066-c6c9-4741-8d23-8b9a12ba6d01,ada33a22-047d-41f7-9001-c78a46d52ecc,REGISTERED,2026-02-16 00:10:45.206777+00:00,,PENDING,
629,a557f518-e677-4dfd-8651-19057fd9cba8,b9c5c31c-70c5-4d31-b5fa-06019974af0a,CANCELLED,2026-04-12 06:40:19.314101+00:00,2026-04-19 17:00:48.787392+00:00,PENDING,Problème de disponibilité logistique.
630,a557f518-e677-4dfd-8651-19057fd9cba8,85fcc4be-726c-4bcd-9bc6-c969daa3cd3e,REGISTERED,2026-04-23 19:44:33.784759+00:00,,PENDING,
631,a557f518-e677-4dfd-8651-19057fd9cba8,ad077160-525d-4c40-8102-623ecef44a68,CANCELLED,2026-04-05 02:05:08.954080+00:00,2026-05-01 03:24:47.100377+00:00,PENDING,Modification de l’agenda projet.
632,a557f518-e677-4dfd-8651-19057fd9cba8,d46bbc33-a6b9-4170-bdd9-62088f76392b,REGISTERED,2026-04-23 00:03:19.620956+00:00,,PENDING,
633,a557f518-e677-4dfd-8651-19057fd9cba8,f2adb223-abf2-4dde-8eb2-d0e031d07e62,REGISTERED,2026-04-30 12:14:10.129290+00:00,,PENDING,
634,a557f518-e677-4dfd-8651-19057fd9cba8,9ac7d884-9c16-4fa3-b896-884afda9c096,CANCELLED,2026-03-29 09:15:32.364566+00:00,2026-04-03 16:28:15.634255+00:00,PENDING,Indisponibilité personnelle signalée.
635,a557f518-e677-4dfd-8651-19057fd9cba8,4284538a-2eb5-4ac7-9e74-d9148261af39,REGISTERED,2026-04-22 17:08:49.209114+00:00,,PENDING,
636,7d4f7e1b-0ba3-4436-b1b3-559df678c84c,14d940d1-b6b9-46db-ad09-0f473052b4b5,REGISTERED,2026-01-29 13:38:54.432863+00:00,,PENDING,
637,7d4f7e1b-0ba3-4436-b1b3-559df678c84c,1f386289-521a-489e-a60a-2c215d2f95e7,REGISTERED,2026-02-03 02:18:41.104481+00:00,,PENDING,
638,7d4f7e1b-0ba3-4436-b1b3-559df678c84c,4169b80d-0f44-4692-a9e4-5a0ff1391e96,REGISTERED,2026-01-22 14:12:39.067768+00:00,,PENDING,
639,7d4f7e1b-0ba3-4436-b1b3-559df678c84c,d0f286e9-aeb3-4658-8f6c-b7a7d6120051,REGISTERED,2026-02-04 09:35:32.877060+00:00,,PENDING,
640,7d4f7e1b-0ba3-4436-b1b3-559df678c84c,18913824-a75f-44b9-a1c5-cec90c6cd419,REGISTERED,2026-04-25 21:59:58.581743+00:00,,PENDING,
641,7d4f7e1b-0ba3-4436-b1b3-559df678c84c,4fd46ebc-f590-48ab-9c20-b28ac7350ca8,REGISTERED,2026-03-20 10:42:53.655775+00:00,,PENDING,
642,7d4f7e1b-0ba3-4436-b1b3-559df678c84c,ebe1cbd3-513d-4852-b31c-67c8b1dbeca9,CANCELLED,2026-03-19 18:53:23.345796+00:00,2026-04-21 05:20:42.310713+00:00,PENDING,Conflit d’horaire avec une réunion prioritaire.
643,7d4f7e1b-0ba3-4436-b1b3-559df678c84c,0deea514-779a-4aa2-b500-353e426c4bb8,REGISTERED,2026-04-05 06:01:32.577753+00:00,,PENDING,
644,7d4f7e1b-0ba3-4436-b1b3-559df678c84c,3890de82-3395-42e3-86ff-099140dc8353,REGISTERED,2026-04-26 22:25:31.222239+00:00,,PENDING,
645,7d4f7e1b-0ba3-4436-b1b3-559df678c84c,3ed1a5be-d9c3-4c39-9e85-87c9b144f119,REGISTERED,2026-04-04 21:46:41.384814+00:00,,PENDING,
646,7d4f7e1b-0ba3-4436-b1b3-559df678c84c,4b1a88ac-4167-4eac-a0d2-4e293ef8f000,REGISTERED,2026-04-20 15:27:43.010549+00:00,,PENDING,
647,7d4f7e1b-0ba3-4436-b1b3-559df678c84c,7d15ce84-8e27-4d49-b5db-e0a53ce987cd,REGISTERED,2026-04-01 08:31:26.916647+00:00,,PENDING,
648,7d4f7e1b-0ba3-4436-b1b3-559df678c84c,770a3736-dd6c-443d-92ff-d84e014a53e9,REGISTERED,2026-03-06 19:25:33.026020+00:00,,PENDING,
649,7d4f7e1b-0ba3-4436-b1b3-559df678c84c,912a90c4-9c49-4b06-b8aa-4363306047bd,REGISTERED,2026-01-11 19:29:30.349011+00:00,,PENDING,
650,7d4f7e1b-0ba3-4436-b1b3-559df678c84c,635c1a21-2ab2-422e-9d93-0fd35cde7fad,REGISTERED,2026-02-18 20:36:18.737408+00:00,,PENDING,
651,7d4f7e1b-0ba3-4436-b1b3-559df678c84c,83d4670d-ba55-4ec7-9348-24a2b2c1d40f,REGISTERED,2026-04-19 08:05:04.680481+00:00,,PENDING,
652,7d4f7e1b-0ba3-4436-b1b3-559df678c84c,05c492af-d761-4387-82ef-5279befcf02d,REGISTERED,2026-02-23 12:08:47.465526+00:00,,PENDING,
653,7d4f7e1b-0ba3-4436-b1b3-559df678c84c,45c10be6-7fac-4883-8cee-b772caa3f8de,REGISTERED,2026-04-02 02:21:22.069074+00:00,,PENDING,
654,7d4f7e1b-0ba3-4436-b1b3-559df678c84c,a0aecded-0f41-4eb0-8992-01472f33e2ed,REGISTERED,2026-01-03 05:37:13.151564+00:00,,PENDING,
655,7d4f7e1b-0ba3-4436-b1b3-559df678c84c,519b9a11-2a24-4779-b6be-e9dbde661345,REGISTERED,2026-02-10 18:34:14.069986+00:00,,PENDING,
656,7d4f7e1b-0ba3-4436-b1b3-559df678c84c,0255ba23-f10c-4e55-a632-f39545ad53f2,REGISTERED,2026-03-13 08:48:25.173985+00:00,,PENDING,
657,7d4f7e1b-0ba3-4436-b1b3-559df678c84c,a0cca5a6-1adb-48cd-8eb4-3ddd051a194a,REGISTERED,2026-01-23 20:02:12.439940+00:00,,PENDING,
658,7d4f7e1b-0ba3-4436-b1b3-559df678c84c,1139ba1c-108d-408a-bcce-dc297a47ae0b,REGISTERED,2026-04-08 10:24:02.809661+00:00,,PENDING,
659,7d4f7e1b-0ba3-4436-b1b3-559df678c84c,e1146103-3e33-4ed7-9a4c-3426f5922da9,REGISTERED,2026-02-02 19:54:31.154588+00:00,,PENDING,
660,7d4f7e1b-0ba3-4436-b1b3-559df678c84c,95678daf-22ef-4265-aecc-265d306f786c,REGISTERED,2026-01-13 22:07:04.379005+00:00,,PENDING,
661,7d4f7e1b-0ba3-4436-b1b3-559df678c84c,61a0e073-e937-4bac-ada2-d1c10bf8a9ed,REGISTERED,2026-02-06 02:16:45.564459+00:00,,PENDING,
662,7d4f7e1b-0ba3-4436-b1b3-559df678c84c,066a8584-2f31-4a5b-81a3-bfcffb97ceb0,REGISTERED,2026-03-30 20:48:33.046266+00:00,,PENDING,
663,7d4f7e1b-0ba3-4436-b1b3-559df678c84c,2f9348fd-73c7-4bee-b63f-b880e839a3f8,REGISTERED,2026-03-03 14:07:14.329426+00:00,,PENDING,
664,7d4f7e1b-0ba3-4436-b1b3-559df678c84c,8f21075b-8c2d-4291-98de-3f070ea2a227,CANCELLED,2026-01-17 02:51:04.298629+00:00,2026-03-28 20:43:36.217542+00:00,PENDING,Contrainte de planning de dernière minute.
665,7d4f7e1b-0ba3-4436-b1b3-559df678c84c,1a7b75b9-6dfb-43ac-8df5-e9d9c7ef26d8,REGISTERED,2026-03-18 13:00:09.924011+00:00,,PENDING,
666,7d4f7e1b-0ba3-4436-b1b3-559df678c84c,b4b6c65f-6664-4d76-b394-e61f1c8f8ec1,REGISTERED,2026-05-01 06:38:57.121345+00:00,,PENDING,
667,7d4f7e1b-0ba3-4436-b1b3-559df678c84c,e0b41b2a-0c7b-41b4-b605-9004a85a2f65,REGISTERED,2026-01-16 23:14:48.093744+00:00,,PENDING,
668,7d4f7e1b-0ba3-4436-b1b3-559df678c84c,293234f8-6b59-4c8c-b69f-e7044d6e9add,REGISTERED,2026-03-19 23:59:01.841598+00:00,,PENDING,
669,7d4f7e1b-0ba3-4436-b1b3-559df678c84c,f2aba7e0-43cb-45a1-8ed2-80e2b36e4be9,CANCELLED,2026-04-29 04:09:21.501536+00:00,2026-04-30 23:23:31.179943+00:00,PENDING,Session finalement non pertinente pour le profil.
670,7d4f7e1b-0ba3-4436-b1b3-559df678c84c,2976ce73-94df-4e12-ac34-fb596591b7c2,REGISTERED,2026-02-02 05:41:50.074228+00:00,,PENDING,
671,7d4f7e1b-0ba3-4436-b1b3-559df678c84c,cba90a11-1840-4896-baf9-ad4c1723a01f,REGISTERED,2026-04-12 01:51:07.891262+00:00,,PENDING,
672,7d4f7e1b-0ba3-4436-b1b3-559df678c84c,42985594-b4de-4967-9bb0-fa9bd3a9e08f,REGISTERED,2026-02-23 23:36:09.806587+00:00,,PENDING,
673,7d4f7e1b-0ba3-4436-b1b3-559df678c84c,33611d4a-b72d-4868-8862-37dc6da35c82,REGISTERED,2026-02-18 23:12:32.468464+00:00,,PENDING,
674,7d4f7e1b-0ba3-4436-b1b3-559df678c84c,5cfa3cf8-4522-4c4c-8087-ae79149ab327,REGISTERED,2026-03-01 01:49:26.909506+00:00,,PENDING,
675,7d4f7e1b-0ba3-4436-b1b3-559df678c84c,97fc9842-4aa8-4e8a-984d-00e4ebae786f,REGISTERED,2026-03-01 09:23:13.243640+00:00,,PENDING,
676,7d4f7e1b-0ba3-4436-b1b3-559df678c84c,38adb4ef-c093-482a-8067-65d85424ebf8,REGISTERED,2026-03-02 00:45:39.143904+00:00,,PENDING,
677,7d4f7e1b-0ba3-4436-b1b3-559df678c84c,33a01618-4870-40e7-82ee-dd8ab9825756,REGISTERED,2026-03-11 15:18:35.639552+00:00,,PENDING,
678,7d4f7e1b-0ba3-4436-b1b3-559df678c84c,8fe78534-8626-4ccb-8a11-1abeb3417110,CANCELLED,2026-02-11 01:24:05.943219+00:00,2026-04-24 04:14:07.003573+00:00,PENDING,Invitation déclinée après réévaluation.
679,7d4f7e1b-0ba3-4436-b1b3-559df678c84c,5fe4475c-7b8d-4cab-b303-1f34d174a1a2,REGISTERED,2026-01-24 19:07:40.856810+00:00,,PENDING,
680,7d4f7e1b-0ba3-4436-b1b3-559df678c84c,ae923cee-de34-4666-b2f5-d8b68dd987f9,REGISTERED,2026-01-06 07:41:38.671884+00:00,,PENDING,
681,7d4f7e1b-0ba3-4436-b1b3-559df678c84c,50e23573-ed49-4a5a-a274-62ac3d92fa00,REGISTERED,2026-01-12 09:11:42.418195+00:00,,PENDING,
682,7d4f7e1b-0ba3-4436-b1b3-559df678c84c,04d1e3f4-5420-4b71-a3a5-85f2ed790744,REGISTERED,2026-01-28 13:17:42.451498+00:00,,PENDING,
683,7d4f7e1b-0ba3-4436-b1b3-559df678c84c,92c00d82-349d-4eef-bcfb-103b7523b3d7,REGISTERED,2026-04-14 14:05:32.916747+00:00,,PENDING,
684,7d4f7e1b-0ba3-4436-b1b3-559df678c84c,98096adb-c347-4b91-b157-13d91467faa7,REGISTERED,2026-03-26 02:50:39.207482+00:00,,PENDING,
685,7d4f7e1b-0ba3-4436-b1b3-559df678c84c,2b2c1a3c-9712-41b8-86c7-afa44d9e0665,REGISTERED,2026-02-02 08:07:41.648075+00:00,,PENDING,
686,7d4f7e1b-0ba3-4436-b1b3-559df678c84c,18461a76-23dd-484e-ac0a-37f832c9ef57,REGISTERED,2026-04-19 00:22:54.937533+00:00,,PENDING,
687,7d4f7e1b-0ba3-4436-b1b3-559df678c84c,91859730-a2c4-46b6-855a-a89620a317df,REGISTERED,2026-04-01 14:17:33.425443+00:00,,PENDING,
688,7d4f7e1b-0ba3-4436-b1b3-559df678c84c,81b81c2a-9798-487a-8560-c1caab2911c0,REGISTERED,2026-03-20 09:31:13.626193+00:00,,PENDING,
689,7d4f7e1b-0ba3-4436-b1b3-559df678c84c,0e9ff6d0-1673-43bf-b1d0-6d9e99f229b3,REGISTERED,2026-03-10 12:33:34.404872+00:00,,PENDING,
690,7d4f7e1b-0ba3-4436-b1b3-559df678c84c,722ee721-cbc4-48ea-afc1-2addf9bc9ffe,REGISTERED,2026-02-02 10:19:56.972259+00:00,,PENDING,
691,7d4f7e1b-0ba3-4436-b1b3-559df678c84c,ce737a66-340f-45b5-b53a-c9066f05836b,REGISTERED,2026-02-07 13:00:57.831975+00:00,,PENDING,
692,7d4f7e1b-0ba3-4436-b1b3-559df678c84c,692a8a6c-d41c-400a-a1eb-e5c04cf9e6df,REGISTERED,2026-04-14 08:11:21.861503+00:00,,PENDING,
693,7d4f7e1b-0ba3-4436-b1b3-559df678c84c,0f921b9c-f5ad-48fc-a6b4-eba7430c551c,CANCELLED,2026-03-13 15:22:03.019786+00:00,2026-03-26 22:10:26.585219+00:00,PENDING,Absence validée par le manager.
694,7d4f7e1b-0ba3-4436-b1b3-559df678c84c,ed50a04f-41be-4ee7-89ae-aed7531faa34,REGISTERED,2026-02-23 05:24:17.815649+00:00,,PENDING,
695,7d4f7e1b-0ba3-4436-b1b3-559df678c84c,876555c2-25f1-4f17-a598-ae5ea4457ee0,REGISTERED,2026-01-28 20:17:11.927286+00:00,,PENDING,
696,7d4f7e1b-0ba3-4436-b1b3-559df678c84c,888502a0-6058-4702-88b8-adb03b807926,REGISTERED,2026-01-14 14:03:26.215207+00:00,,PENDING,
697,7d4f7e1b-0ba3-4436-b1b3-559df678c84c,85e3ccdc-ad7f-4b05-b057-8593c1f4a450,REGISTERED,2026-03-15 18:07:28.767242+00:00,,PENDING,
698,7d4f7e1b-0ba3-4436-b1b3-559df678c84c,92149006-a894-4f05-ab5d-36650644eb93,REGISTERED,2026-04-02 11:59:48.415306+00:00,,PENDING,
699,7d4f7e1b-0ba3-4436-b1b3-559df678c84c,00f7fbed-d7cd-4b53-9344-aa42ba92c94d,REGISTERED,2026-04-25 07:36:26.802265+00:00,,PENDING,
700,7d4f7e1b-0ba3-4436-b1b3-559df678c84c,5a0d457e-b130-4a86-8cf9-1ff778d42d02,CANCELLED,2026-04-10 02:42:19.966196+00:00,2026-04-19 10:05:45.550313+00:00,PENDING,Contrainte de planning de dernière minute.
701,7d4f7e1b-0ba3-4436-b1b3-559df678c84c,53234d32-ce6e-4a41-989f-d1958715bab4,REGISTERED,2026-02-04 00:24:03.073187+00:00,,PENDING,
702,7d4f7e1b-0ba3-4436-b1b3-559df678c84c,d0f4fbc4-456a-46ec-83cb-fa4972235dcc,REGISTERED,2026-01-07 08:24:58.585891+00:00,,PENDING,
703,7d4f7e1b-0ba3-4436-b1b3-559df678c84c,c0f17624-388d-4a76-833d-00a5d20ecc26,REGISTERED,2026-01-11 05:08:55.967150+00:00,,PENDING,
704,7d4f7e1b-0ba3-4436-b1b3-559df678c84c,f5f28e61-f4ca-473a-8c02-7e708513646c,REGISTERED,2026-02-01 21:43:45.360273+00:00,,PENDING,
705,7d4f7e1b-0ba3-4436-b1b3-559df678c84c,99c5d90c-a8d4-4f31-8abd-cc6d6cbad26b,REGISTERED,2026-03-05 08:32:17.282683+00:00,,PENDING,
706,9e3368ce-c38e-48c7-9dad-399e86a0e12f,43961ba3-19dc-4b35-a7d8-f70fec307809,REGISTERED,2026-03-08 09:15:54.960115+00:00,,PENDING,
707,9e3368ce-c38e-48c7-9dad-399e86a0e12f,9670db24-9fbd-4eae-8798-eee73b7f38b0,REGISTERED,2026-04-06 21:28:15.153255+00:00,,PENDING,
708,9e3368ce-c38e-48c7-9dad-399e86a0e12f,9c6726f8-a791-4aaf-bb43-2ac925259d5c,CANCELLED,2026-03-21 11:10:49.175542+00:00,2026-04-27 13:41:27.516673+00:00,PENDING,Absence validée par le manager.
709,9e3368ce-c38e-48c7-9dad-399e86a0e12f,82262980-bc3c-49fb-a210-28daa74d1ba3,REGISTERED,2026-04-27 04:40:31.311412+00:00,,PENDING,
710,9e3368ce-c38e-48c7-9dad-399e86a0e12f,2529ad7b-3e69-4b87-9e44-0259ec755de2,REGISTERED,2026-04-13 22:33:48.099110+00:00,,PENDING,
711,9e3368ce-c38e-48c7-9dad-399e86a0e12f,e1a6a44d-3130-4403-b5cb-3639929a10a0,REGISTERED,2026-04-26 06:35:32.655164+00:00,,PENDING,
712,9e3368ce-c38e-48c7-9dad-399e86a0e12f,a7450ed8-f67b-4a15-a99a-a9fa649b6fd6,REGISTERED,2026-04-03 19:22:16.932036+00:00,,PENDING,
713,9e3368ce-c38e-48c7-9dad-399e86a0e12f,98096adb-c347-4b91-b157-13d91467faa7,REGISTERED,2026-03-27 05:59:33.047816+00:00,,PENDING,
714,9e3368ce-c38e-48c7-9dad-399e86a0e12f,45c10be6-7fac-4883-8cee-b772caa3f8de,REGISTERED,2026-04-05 18:29:41.721911+00:00,,PENDING,
715,9e3368ce-c38e-48c7-9dad-399e86a0e12f,b9c5c31c-70c5-4d31-b5fa-06019974af0a,REGISTERED,2026-04-07 05:44:40.893109+00:00,,PENDING,
716,9e3368ce-c38e-48c7-9dad-399e86a0e12f,2a5fc018-eeb8-406f-83fc-1862252f93b0,REGISTERED,2026-03-16 21:55:39.038869+00:00,,PENDING,
717,9e3368ce-c38e-48c7-9dad-399e86a0e12f,04d1e3f4-5420-4b71-a3a5-85f2ed790744,REGISTERED,2026-03-22 11:47:32.580811+00:00,,PENDING,
718,9e3368ce-c38e-48c7-9dad-399e86a0e12f,a0f6c262-a0ec-4b15-804b-15a46fdd8632,REGISTERED,2026-03-22 00:42:45.759964+00:00,,PENDING,
719,9e3368ce-c38e-48c7-9dad-399e86a0e12f,05ebad91-5c0a-406d-b835-141c19b231e0,REGISTERED,2026-03-29 21:39:36.316526+00:00,,PENDING,
720,9e3368ce-c38e-48c7-9dad-399e86a0e12f,debfdb17-41a8-47ec-a914-677fa4a8b9d1,REGISTERED,2026-03-30 03:38:18.462373+00:00,,PENDING,
721,9e3368ce-c38e-48c7-9dad-399e86a0e12f,8953121f-1a21-4cf5-9842-a8bab20d555c,CANCELLED,2026-04-17 13:11:39.002241+00:00,2026-04-21 17:24:41.502781+00:00,PENDING,Charge de travail incompatible avec l’événement.
722,9e3368ce-c38e-48c7-9dad-399e86a0e12f,52d16be2-1e29-40b8-8bcf-0168e069291b,REGISTERED,2026-03-11 09:09:01.708456+00:00,,PENDING,
723,9e3368ce-c38e-48c7-9dad-399e86a0e12f,d420025c-f809-4d32-9066-98749e88aeb9,REGISTERED,2026-03-12 12:15:08.819074+00:00,,PENDING,
724,9e3368ce-c38e-48c7-9dad-399e86a0e12f,68188865-471e-41c4-ab21-d803009fe1ae,REGISTERED,2026-03-21 00:27:37.772344+00:00,,PENDING,
725,9e3368ce-c38e-48c7-9dad-399e86a0e12f,99af7d44-61e4-4858-ab38-26d8bb855d58,REGISTERED,2026-03-24 06:31:23.024977+00:00,,PENDING,
726,9e3368ce-c38e-48c7-9dad-399e86a0e12f,553f633d-4e8b-4e4b-a5c1-02de094d0933,REGISTERED,2026-04-12 21:45:01.053686+00:00,,PENDING,
727,9e3368ce-c38e-48c7-9dad-399e86a0e12f,92149006-a894-4f05-ab5d-36650644eb93,CANCELLED,2026-03-27 22:27:44.237338+00:00,2026-03-30 10:39:39.058085+00:00,PENDING,Déplacement professionnel confirmé.
728,9e3368ce-c38e-48c7-9dad-399e86a0e12f,405aedd0-cb27-4b4c-a93e-b03ba37f2948,REGISTERED,2026-04-29 03:41:13.004528+00:00,,PENDING,
729,9e3368ce-c38e-48c7-9dad-399e86a0e12f,5eaddab7-e9e5-496f-98cf-f1c69022ecfa,REGISTERED,2026-04-07 07:56:13.599093+00:00,,PENDING,
730,9e3368ce-c38e-48c7-9dad-399e86a0e12f,fe585dc9-87c1-4767-acfc-0cb180014620,REGISTERED,2026-04-13 01:29:32.678104+00:00,,PENDING,
731,9e3368ce-c38e-48c7-9dad-399e86a0e12f,7497f43c-158d-489b-b70c-fe3b4c138821,REGISTERED,2026-03-22 04:39:47.438858+00:00,,PENDING,
732,9e3368ce-c38e-48c7-9dad-399e86a0e12f,b945f48a-ccc4-43f6-928b-e2c1f46146b6,REGISTERED,2026-04-02 12:35:37.363676+00:00,,PENDING,
733,9e3368ce-c38e-48c7-9dad-399e86a0e12f,7c86415e-73e1-4452-b345-730bd15fcbcf,REGISTERED,2026-04-24 13:55:43.959615+00:00,,PENDING,
734,9e3368ce-c38e-48c7-9dad-399e86a0e12f,a8d3e377-0e26-45b7-bd86-63aae9be7dbb,REGISTERED,2026-03-18 09:25:14.500932+00:00,,PENDING,
735,9e3368ce-c38e-48c7-9dad-399e86a0e12f,11a37724-d4a2-4571-9734-d56b460e4a73,REGISTERED,2026-04-25 04:17:15.333649+00:00,,PENDING,
736,9e3368ce-c38e-48c7-9dad-399e86a0e12f,3fe14d18-0cfa-492c-9c98-5c09e18406f4,REGISTERED,2026-04-05 22:09:06.844249+00:00,,PENDING,
737,9e3368ce-c38e-48c7-9dad-399e86a0e12f,ce27506a-6bbb-4843-9346-2fd118966745,REGISTERED,2026-04-05 22:09:55.213632+00:00,,PENDING,
738,9e3368ce-c38e-48c7-9dad-399e86a0e12f,c4aac5db-f0a1-41f7-ad7b-af5bdfaee13f,REGISTERED,2026-03-29 07:55:35.398185+00:00,,PENDING,
739,9e3368ce-c38e-48c7-9dad-399e86a0e12f,cb17d7d1-9663-46f6-8a78-677490248001,REGISTERED,2026-03-10 10:42:10.630780+00:00,,PENDING,
740,9e3368ce-c38e-48c7-9dad-399e86a0e12f,473aea92-b352-4816-84a6-998d6674e016,REGISTERED,2026-03-07 00:44:21.173331+00:00,,PENDING,
741,9e3368ce-c38e-48c7-9dad-399e86a0e12f,d5d7156b-757a-4b4f-9950-c3a38b7b858d,REGISTERED,2026-04-18 22:36:38.512571+00:00,,PENDING,
742,9e3368ce-c38e-48c7-9dad-399e86a0e12f,9d9f828f-6d17-4846-b840-5c49524aebe1,REGISTERED,2026-04-21 23:37:32.018782+00:00,,PENDING,
743,9e3368ce-c38e-48c7-9dad-399e86a0e12f,0b3a5337-8158-4195-b718-c1f64fec5d76,REGISTERED,2026-03-14 20:32:53.758977+00:00,,PENDING,
744,9e3368ce-c38e-48c7-9dad-399e86a0e12f,93104829-8594-400a-b598-aff286b49018,REGISTERED,2026-04-10 17:20:31.340584+00:00,,PENDING,
745,9e3368ce-c38e-48c7-9dad-399e86a0e12f,a0aa60fd-568a-4e6d-86f9-4d6b89c6e255,CANCELLED,2026-03-12 03:38:47.199135+00:00,2026-04-28 02:00:01.155643+00:00,PENDING,Problème de disponibilité logistique.
746,9e3368ce-c38e-48c7-9dad-399e86a0e12f,5c093bcb-a8f8-495e-9e59-fe544f16ea0b,REGISTERED,2026-03-05 12:28:24.322988+00:00,,PENDING,
747,53b72b57-ba17-47d8-ba23-2382ac956667,85fcc4be-726c-4bcd-9bc6-c969daa3cd3e,REGISTERED,2026-04-06 17:40:33.449048+00:00,,PRESENT,
748,53b72b57-ba17-47d8-ba23-2382ac956667,4cc0e55c-8eeb-4f90-96d2-dedd8a565e1b,REGISTERED,2026-04-05 12:23:46.866134+00:00,,ABSENT,
749,53b72b57-ba17-47d8-ba23-2382ac956667,99ce0eb9-db3b-4ba1-9d7e-a6e10271bb8c,REGISTERED,2026-04-05 17:24:46.424447+00:00,,ABSENT,
750,53b72b57-ba17-47d8-ba23-2382ac956667,915de5a6-4e56-45a3-9ec0-f304a3b83653,REGISTERED,2026-04-06 14:48:03.443891+00:00,,PRESENT,
751,53b72b57-ba17-47d8-ba23-2382ac956667,d264ec2d-d6b4-4a68-a16e-2ce4e95ca174,REGISTERED,2026-04-06 02:12:03.716933+00:00,,PRESENT,
752,53b72b57-ba17-47d8-ba23-2382ac956667,a1c5d618-8d96-458c-8e77-e2adbc9f6c23,REGISTERED,2026-04-05 22:58:33.846435+00:00,,PRESENT,
753,53b72b57-ba17-47d8-ba23-2382ac956667,11e4bafe-f46f-4714-ae79-46782f98afcc,REGISTERED,2026-04-06 05:37:26.891826+00:00,,PRESENT,
754,53b72b57-ba17-47d8-ba23-2382ac956667,23ce8810-f0b8-4d2e-8e2b-68771418b437,REGISTERED,2026-04-05 09:57:43.523768+00:00,,PRESENT,
755,53b72b57-ba17-47d8-ba23-2382ac956667,8d96e8da-9993-495a-a0c2-848796ac710e,REGISTERED,2026-04-05 16:36:55.809569+00:00,,PRESENT,
756,53b72b57-ba17-47d8-ba23-2382ac956667,10d5d40f-127e-4b4f-b286-d0a7efa50bd5,REGISTERED,2026-04-06 16:56:22.817272+00:00,,PRESENT,
757,53b72b57-ba17-47d8-ba23-2382ac956667,d46bbc33-a6b9-4170-bdd9-62088f76392b,REGISTERED,2026-04-05 11:33:49.827910+00:00,,ABSENT,
758,53b72b57-ba17-47d8-ba23-2382ac956667,3ce5d8ff-3af6-4183-83e3-d0fad13a6ef1,REGISTERED,2026-04-06 18:39:22.110366+00:00,,PRESENT,
759,53b72b57-ba17-47d8-ba23-2382ac956667,c3cebde2-04c5-4bd6-8742-5138c5699944,REGISTERED,2026-04-05 21:34:14.617860+00:00,,PRESENT,
760,53b72b57-ba17-47d8-ba23-2382ac956667,8062edae-a09d-450b-b9e9-61d162542cc6,REGISTERED,2026-04-06 18:37:26.023625+00:00,,ABSENT,
761,53b72b57-ba17-47d8-ba23-2382ac956667,9ac7d884-9c16-4fa3-b896-884afda9c096,REGISTERED,2026-04-05 23:10:42.123880+00:00,,PRESENT,
762,53b72b57-ba17-47d8-ba23-2382ac956667,62f0f942-5b08-4351-9bfb-920a9b2364ec,REGISTERED,2026-04-06 21:22:28.162749+00:00,,PRESENT,
763,5474c117-7b83-4280-afa7-dae957258308,ab6db78b-7377-4bd2-b600-5e71d3b60e91,REGISTERED,2026-03-03 07:45:57.635466+00:00,,PENDING,
764,5474c117-7b83-4280-afa7-dae957258308,399ddb4e-8253-4685-9236-d599b6eef665,CANCELLED,2026-04-18 06:57:13.186176+00:00,2026-04-20 22:42:05.452656+00:00,PENDING,Absence validée par le manager.
765,5474c117-7b83-4280-afa7-dae957258308,6531a0f2-47b9-4582-85c5-5d1479aedfd0,CANCELLED,2026-04-19 05:06:28.227955+00:00,2026-04-20 21:02:27.960197+00:00,PENDING,Charge de travail incompatible avec l’événement.
766,5474c117-7b83-4280-afa7-dae957258308,9dd603d9-070f-421c-9578-652d098d33ae,REGISTERED,2026-04-20 18:02:56.615567+00:00,,PENDING,
767,5474c117-7b83-4280-afa7-dae957258308,9de64ac2-5823-48b6-ad5a-3f693fa94794,REGISTERED,2026-04-11 19:59:04.865007+00:00,,PENDING,
768,5474c117-7b83-4280-afa7-dae957258308,54b43be3-84e0-4a95-9d97-8b3b30898bd6,REGISTERED,2026-03-30 19:26:53.091562+00:00,,PENDING,
769,5474c117-7b83-4280-afa7-dae957258308,14982b70-3b85-4fff-9449-0f42ce2dd336,REGISTERED,2026-03-03 23:19:10.656630+00:00,,PENDING,
770,5474c117-7b83-4280-afa7-dae957258308,fd980494-269c-489f-be6e-0159fbcec461,REGISTERED,2026-03-12 18:02:17.962327+00:00,,PENDING,
771,5474c117-7b83-4280-afa7-dae957258308,5aa58bc0-b0f5-4658-982f-0167e1ddd6f1,CANCELLED,2026-03-16 23:41:55.822418+00:00,2026-04-06 19:01:18.838502+00:00,PENDING,Charge de travail incompatible avec l’événement.
772,5474c117-7b83-4280-afa7-dae957258308,1c000474-b3c9-4da0-aac9-d1ad3722caa2,REGISTERED,2026-02-23 04:49:44.630161+00:00,,PENDING,
773,5474c117-7b83-4280-afa7-dae957258308,41417e3e-4fd4-4942-a396-ba652bde8364,REGISTERED,2026-04-10 09:51:16.649180+00:00,,PENDING,
774,5474c117-7b83-4280-afa7-dae957258308,e94c386e-8464-4a22-be9a-6beb0e5d7a7b,REGISTERED,2026-04-02 02:49:20.091468+00:00,,PENDING,
775,5474c117-7b83-4280-afa7-dae957258308,9851c669-90b3-4bba-a904-e07bff44c7cb,REGISTERED,2026-03-12 16:17:41.219386+00:00,,PENDING,
776,5474c117-7b83-4280-afa7-dae957258308,0f332dc1-8d8c-4d07-9e8e-61e2d0086221,REGISTERED,2026-03-11 08:19:09.504243+00:00,,PENDING,
777,5474c117-7b83-4280-afa7-dae957258308,fdaa0ab3-4f74-427f-8610-07c992b50bf5,REGISTERED,2026-03-20 22:02:55.989791+00:00,,PENDING,
778,5474c117-7b83-4280-afa7-dae957258308,ba465ba6-c272-4a1d-a2a5-154d5850d7fc,REGISTERED,2026-04-10 18:35:13.090684+00:00,,PENDING,
779,5474c117-7b83-4280-afa7-dae957258308,9164ed25-60b7-490a-8cd1-097fbea158ab,REGISTERED,2026-03-20 15:20:09.572307+00:00,,PENDING,
780,5474c117-7b83-4280-afa7-dae957258308,8a32d959-70a5-4d75-a21f-8a47260e0f27,REGISTERED,2026-03-29 07:52:45.663736+00:00,,PENDING,
781,5474c117-7b83-4280-afa7-dae957258308,04ae859c-0c10-43f9-b75f-3eda713debdb,REGISTERED,2026-04-07 18:22:31.342498+00:00,,PENDING,
782,5474c117-7b83-4280-afa7-dae957258308,f3ee8d81-bce1-4705-a1dd-180f42249038,REGISTERED,2026-04-09 01:02:54.326751+00:00,,PENDING,
783,5474c117-7b83-4280-afa7-dae957258308,6898b9c8-16d4-46c4-a56c-4ce1865def90,REGISTERED,2026-04-30 23:33:50.893448+00:00,,PENDING,
784,5474c117-7b83-4280-afa7-dae957258308,41bbe326-5123-4001-a1ca-3c7de3d60835,REGISTERED,2026-04-08 05:20:53.630975+00:00,,PENDING,
785,5474c117-7b83-4280-afa7-dae957258308,2ef6e49e-2db4-4aba-9300-2be6b73234f7,REGISTERED,2026-04-19 01:53:30.162481+00:00,,PENDING,
786,5474c117-7b83-4280-afa7-dae957258308,233d2989-90d7-4cf0-9bea-58a5e4bac3d2,REGISTERED,2026-04-28 05:28:51.730141+00:00,,PENDING,
787,5474c117-7b83-4280-afa7-dae957258308,ebf39313-cfca-46a7-a1ef-36e0bb511d9d,REGISTERED,2026-04-09 15:41:48.500727+00:00,,PENDING,
788,5474c117-7b83-4280-afa7-dae957258308,bc157ecf-7954-494e-a055-311a276bf358,REGISTERED,2026-03-07 11:33:14.117625+00:00,,PENDING,
789,5474c117-7b83-4280-afa7-dae957258308,4b6514c1-383f-4056-9a6e-81fe0599fec3,REGISTERED,2026-02-23 21:50:51.537756+00:00,,PENDING,
790,5474c117-7b83-4280-afa7-dae957258308,4738d738-cc35-4349-9f89-e96e0a7c3f71,REGISTERED,2026-03-08 13:55:18.697167+00:00,,PENDING,
791,c38990c1-be92-4ba2-9241-6b5b4686be8f,2282676e-c8d8-45b4-8148-cb534f3e78bb,REGISTERED,2026-04-01 03:02:30.129640+00:00,,PENDING,
792,c38990c1-be92-4ba2-9241-6b5b4686be8f,1350d9cc-bc62-4dbc-b818-0ec25656b4c8,REGISTERED,2026-03-02 17:51:58.503024+00:00,,PENDING,
793,c38990c1-be92-4ba2-9241-6b5b4686be8f,42985594-b4de-4967-9bb0-fa9bd3a9e08f,REGISTERED,2026-03-22 06:43:08.952432+00:00,,PENDING,
794,c38990c1-be92-4ba2-9241-6b5b4686be8f,ae923cee-de34-4666-b2f5-d8b68dd987f9,REGISTERED,2026-01-07 00:51:59.582521+00:00,,PENDING,
795,c38990c1-be92-4ba2-9241-6b5b4686be8f,4169b80d-0f44-4692-a9e4-5a0ff1391e96,REGISTERED,2026-01-11 18:53:22.043322+00:00,,PENDING,
796,c38990c1-be92-4ba2-9241-6b5b4686be8f,2f9348fd-73c7-4bee-b63f-b880e839a3f8,REGISTERED,2026-01-13 03:03:06.815088+00:00,,PENDING,
797,4dfd9a7c-50c9-41e3-9125-2ebbe63e128b,e50d8d05-5cc4-4343-b6bc-1df1b3f3d22f,REGISTERED,2026-03-31 18:15:55.456026+00:00,,PRESENT,
798,4dfd9a7c-50c9-41e3-9125-2ebbe63e128b,5bba076a-bfef-4cf9-be7b-eaf7160e722e,CANCELLED,2026-03-08 19:02:22.656324+00:00,2026-03-11 09:16:14.522501+00:00,PENDING,Modification de l’agenda projet.
799,4dfd9a7c-50c9-41e3-9125-2ebbe63e128b,1ee0455f-7a11-42b3-883e-1a778adfa225,REGISTERED,2026-04-06 16:42:43.677458+00:00,,PRESENT,
800,4dfd9a7c-50c9-41e3-9125-2ebbe63e128b,539b3526-9e3d-45bd-baef-ec9d16abc2eb,REGISTERED,2026-02-24 04:29:48.862444+00:00,,ABSENT,
801,4dfd9a7c-50c9-41e3-9125-2ebbe63e128b,ea31e60e-7c45-4d0d-a72a-9b1bff423649,CANCELLED,2026-03-14 16:34:40.041571+00:00,2026-04-16 03:47:14.490287+00:00,PENDING,Charge de travail incompatible avec l’événement.
802,4dfd9a7c-50c9-41e3-9125-2ebbe63e128b,78c254c8-e08c-423c-b031-4de7e4eb1f25,REGISTERED,2026-02-24 10:01:44.189648+00:00,,PRESENT,
803,4dfd9a7c-50c9-41e3-9125-2ebbe63e128b,ef84d501-5809-42c6-811a-459fc59c8de1,REGISTERED,2026-03-03 10:21:46.780380+00:00,,PRESENT,
804,4dfd9a7c-50c9-41e3-9125-2ebbe63e128b,c5722e37-67de-4703-9c3e-8bfefb98abe1,REGISTERED,2026-03-08 00:39:29.919402+00:00,,PRESENT,
805,4dfd9a7c-50c9-41e3-9125-2ebbe63e128b,a1a5a881-54f7-465a-9473-7397b5bd6d3e,REGISTERED,2026-03-02 02:04:02.299308+00:00,,PRESENT,
806,4dfd9a7c-50c9-41e3-9125-2ebbe63e128b,59566cb1-e2b4-4f2a-80be-6b9dcc4429c7,REGISTERED,2026-03-14 17:38:56.318480+00:00,,PRESENT,
807,4dfd9a7c-50c9-41e3-9125-2ebbe63e128b,d14d3d68-bc4f-4869-b1ec-aa8b4936f3cf,REGISTERED,2026-03-16 12:47:18.191274+00:00,,ABSENT,
808,4dfd9a7c-50c9-41e3-9125-2ebbe63e128b,7ff2c490-b386-436c-86c2-79a11610b881,REGISTERED,2026-03-28 23:32:04.256453+00:00,,ABSENT,
809,4dfd9a7c-50c9-41e3-9125-2ebbe63e128b,ef1f441d-713b-4320-8698-2eecbf112a71,REGISTERED,2026-04-03 07:25:07.870846+00:00,,PRESENT,
810,82bfc371-72ff-4a14-bee7-b3e6b7b548a5,79456f8d-6ac6-4880-873b-04763ea7326d,REGISTERED,2026-04-16 16:55:39.216157+00:00,,PENDING,
811,82bfc371-72ff-4a14-bee7-b3e6b7b548a5,d8f6a1f6-2bba-4d6b-8516-7202830f5ffb,CANCELLED,2026-04-30 23:54:37.417777+00:00,2026-05-01 08:25:06.882393+00:00,PENDING,Absence validée par le manager.
812,20381396-b550-4218-898a-872e373af9ec,830b26e2-0a20-44ba-bebb-2eb0e55eb5eb,REGISTERED,2026-03-03 01:53:11.170422+00:00,,PRESENT,
813,20381396-b550-4218-898a-872e373af9ec,9c80f797-b35a-496e-a518-bd9b32ba13b9,REGISTERED,2026-03-01 11:30:41.109027+00:00,,PRESENT,
814,20381396-b550-4218-898a-872e373af9ec,a166e45a-4673-4033-bd08-6264c00ab024,CANCELLED,2026-02-09 11:41:52.768700+00:00,2026-03-12 21:59:20.590497+00:00,PENDING,Contrainte de planning de dernière minute.
815,20381396-b550-4218-898a-872e373af9ec,5a279486-f19e-477b-ada8-50c908151f96,REGISTERED,2026-02-01 15:55:14.332332+00:00,,PRESENT,
816,20381396-b550-4218-898a-872e373af9ec,7b168703-cc4f-43e5-9775-7d74b4db3f7f,REGISTERED,2026-02-08 15:40:06.520058+00:00,,PRESENT,
817,20381396-b550-4218-898a-872e373af9ec,a7019b71-bdec-45fd-aa1f-46c39d0046c3,REGISTERED,2026-02-22 23:34:48.661592+00:00,,PRESENT,
818,20381396-b550-4218-898a-872e373af9ec,a3befb78-1e74-4bd2-88bc-ea49d60ed7d7,REGISTERED,2026-02-09 19:17:58.269122+00:00,,PRESENT,
819,20381396-b550-4218-898a-872e373af9ec,ca7c15d4-b63c-43b9-a154-a9f6ec9bd46d,REGISTERED,2026-02-18 19:57:37.727571+00:00,,ABSENT,
820,20381396-b550-4218-898a-872e373af9ec,66254aec-711c-4731-ad1b-12358695cff5,REGISTERED,2026-02-04 14:05:00.434542+00:00,,PRESENT,
821,20381396-b550-4218-898a-872e373af9ec,3784474d-e825-475d-9698-3cd025b65f95,REGISTERED,2026-02-22 07:17:11.210894+00:00,,PRESENT,
822,20381396-b550-4218-898a-872e373af9ec,99be4c11-8624-4a8a-a33e-833f5dd5a1e5,REGISTERED,2026-03-02 14:20:55.806254+00:00,,PRESENT,
823,20381396-b550-4218-898a-872e373af9ec,fcde4003-2759-47b7-b54d-25da4c86740a,REGISTERED,2026-02-18 00:43:18.221637+00:00,,PRESENT,
824,20381396-b550-4218-898a-872e373af9ec,cabfbbfa-d76d-4f74-a0ec-910dd89f4794,REGISTERED,2026-02-07 22:08:11.917782+00:00,,PRESENT,
825,20381396-b550-4218-898a-872e373af9ec,1c17e3b7-1ace-4929-8a17-4b637e56b0b6,REGISTERED,2026-02-10 17:57:59.286526+00:00,,PRESENT,
826,20381396-b550-4218-898a-872e373af9ec,ea6a2151-71d0-4a29-bdab-6b249f5466e9,REGISTERED,2026-02-19 08:05:46.446257+00:00,,PRESENT,
827,20381396-b550-4218-898a-872e373af9ec,03eeb36f-1602-4d94-af8d-fa5e5db432b8,REGISTERED,2026-03-10 07:13:05.847712+00:00,,ABSENT,
828,20381396-b550-4218-898a-872e373af9ec,284ef197-5fe6-404b-92da-1fd69387091d,REGISTERED,2026-03-04 02:51:04.622798+00:00,,PRESENT,
829,20381396-b550-4218-898a-872e373af9ec,c024ae2f-747f-4e78-b09d-430b0eca3860,REGISTERED,2026-02-11 06:01:41.406663+00:00,,PRESENT,
830,20381396-b550-4218-898a-872e373af9ec,57ba55cf-425f-48e2-9ed7-0fc2e1c80530,REGISTERED,2026-03-11 06:47:37.607371+00:00,,ABSENT,
831,20381396-b550-4218-898a-872e373af9ec,d432410f-620e-49df-9646-346e8457b3bf,REGISTERED,2026-02-03 16:27:32.061773+00:00,,PRESENT,
832,20381396-b550-4218-898a-872e373af9ec,6a1ea467-ea53-40e2-9b4e-81c03e3120f5,REGISTERED,2026-02-15 03:48:38.153790+00:00,,PRESENT,
833,20381396-b550-4218-898a-872e373af9ec,45f2fe70-a2a2-4fcc-b0f2-29306540418a,CANCELLED,2026-02-06 06:57:32.037607+00:00,2026-02-26 11:54:49.891565+00:00,PENDING,Absence validée par le manager.
834,20381396-b550-4218-898a-872e373af9ec,21e93a46-e401-457d-ad44-d22012a753d7,REGISTERED,2026-03-11 21:35:44.304782+00:00,,PRESENT,
835,20381396-b550-4218-898a-872e373af9ec,28719ef7-aaa2-49fe-b12a-4c8df12ddbbe,REGISTERED,2026-02-23 12:57:24.155253+00:00,,PRESENT,
836,20381396-b550-4218-898a-872e373af9ec,3cb20e66-1f63-4917-96a0-d76276f9e1ec,REGISTERED,2026-03-07 06:29:04.907909+00:00,,PRESENT,
837,20381396-b550-4218-898a-872e373af9ec,15faaccb-2bbf-40c2-8ccd-d84e51bfe1a3,CANCELLED,2026-02-28 02:53:32.233125+00:00,2026-03-04 22:08:10.027511+00:00,PENDING,Conflit d’horaire avec une réunion prioritaire.
838,42c3c22c-87c3-4732-bc49-82c1a88cef61,e398a652-95b8-4aab-9aa3-b991fef8f84c,REGISTERED,2026-03-04 11:28:41.263767+00:00,,PENDING,
839,42c3c22c-87c3-4732-bc49-82c1a88cef61,e9d2ff70-2c2b-4bd5-ba0f-ea608ddccc9a,REGISTERED,2026-04-05 06:44:27.415571+00:00,,PENDING,
840,42c3c22c-87c3-4732-bc49-82c1a88cef61,e3327257-45ae-4912-b4c2-08f9cb4d8536,REGISTERED,2026-04-02 17:34:20.415393+00:00,,PENDING,
841,42c3c22c-87c3-4732-bc49-82c1a88cef61,b5fe5b9a-eaee-4b14-8a4b-ade6055198b0,REGISTERED,2026-03-26 23:35:12.824907+00:00,,PENDING,
842,42c3c22c-87c3-4732-bc49-82c1a88cef61,68188865-471e-41c4-ab21-d803009fe1ae,CANCELLED,2026-02-17 16:16:23.617911+00:00,2026-03-10 00:38:15.163494+00:00,PENDING,Modification de l’agenda projet.
843,42c3c22c-87c3-4732-bc49-82c1a88cef61,0b8e3edc-e13f-433c-bcda-bf4510acface,CANCELLED,2026-04-12 01:48:57.546850+00:00,2026-04-16 10:53:23.271395+00:00,PENDING,Erreur de choix de créneau.
844,42c3c22c-87c3-4732-bc49-82c1a88cef61,3577cac5-0476-4aff-b030-5793997dce28,REGISTERED,2026-04-21 22:43:27.214901+00:00,,PENDING,
845,42c3c22c-87c3-4732-bc49-82c1a88cef61,9d77bbdb-a7c6-48dc-8333-69d2a53bae58,REGISTERED,2026-02-20 10:15:17.601394+00:00,,PENDING,
846,42c3c22c-87c3-4732-bc49-82c1a88cef61,e0b47f14-ef2d-49fc-b298-7e81497f4563,REGISTERED,2026-03-24 12:29:18.669128+00:00,,PENDING,
847,42c3c22c-87c3-4732-bc49-82c1a88cef61,3a08652a-01d6-4fac-9ce5-fcbee3269ae4,REGISTERED,2026-03-07 18:41:48.894464+00:00,,PENDING,
848,42c3c22c-87c3-4732-bc49-82c1a88cef61,11f3834e-b75c-47de-8f68-181c73c2203d,REGISTERED,2026-04-06 01:41:53.071996+00:00,,PENDING,
849,42c3c22c-87c3-4732-bc49-82c1a88cef61,915de5a6-4e56-45a3-9ec0-f304a3b83653,REGISTERED,2026-04-19 12:02:52.170107+00:00,,PENDING,
850,42c3c22c-87c3-4732-bc49-82c1a88cef61,2b1a62e7-f4c9-4a41-b2af-ca2285e01546,CANCELLED,2026-02-14 00:44:35.357257+00:00,2026-03-27 21:55:57.399285+00:00,PENDING,Participation remplacée par un collègue.
851,42c3c22c-87c3-4732-bc49-82c1a88cef61,fa28ce57-bb38-4d8a-a0f3-a2d5cd14c061,REGISTERED,2026-04-25 13:50:54.432358+00:00,,PENDING,
852,42c3c22c-87c3-4732-bc49-82c1a88cef61,5dc41219-d217-4f8f-a4d3-a9ec3b263384,CANCELLED,2026-02-14 10:48:16.420302+00:00,2026-02-16 14:34:36.483188+00:00,PENDING,Session finalement non pertinente pour le profil.
853,42c3c22c-87c3-4732-bc49-82c1a88cef61,29f74c43-1a2b-4d01-b448-078c38c9e28a,REGISTERED,2026-04-24 00:40:06.527323+00:00,,PENDING,
854,42c3c22c-87c3-4732-bc49-82c1a88cef61,d045ce18-decd-4a51-b04a-c4a0b10839a7,CANCELLED,2026-04-28 08:39:58.029333+00:00,2026-04-29 11:13:14.258477+00:00,PENDING,Conflit d’horaire avec une réunion prioritaire.
855,42c3c22c-87c3-4732-bc49-82c1a88cef61,e1b1a83d-dc8c-4bf1-a264-f6eea0333568,REGISTERED,2026-03-15 05:42:15.698416+00:00,,PENDING,
856,42c3c22c-87c3-4732-bc49-82c1a88cef61,d17fb9bc-4d75-4c84-a425-1d1973803d5a,REGISTERED,2026-03-21 18:50:55.944411+00:00,,PENDING,
857,42c3c22c-87c3-4732-bc49-82c1a88cef61,23ce8810-f0b8-4d2e-8e2b-68771418b437,REGISTERED,2026-03-18 10:17:35.386104+00:00,,PENDING,
858,42c3c22c-87c3-4732-bc49-82c1a88cef61,7f1597a7-81b9-4a2c-9123-eee64ca91f04,REGISTERED,2026-04-28 01:59:18.812445+00:00,,PENDING,
859,42c3c22c-87c3-4732-bc49-82c1a88cef61,11938edb-7027-491c-9527-eaf7738ea9cd,REGISTERED,2026-04-24 02:05:17.018947+00:00,,PENDING,
860,42c3c22c-87c3-4732-bc49-82c1a88cef61,fdaa0ab3-4f74-427f-8610-07c992b50bf5,REGISTERED,2026-03-30 20:41:30.462375+00:00,,PENDING,
861,42c3c22c-87c3-4732-bc49-82c1a88cef61,238a56d0-1293-48e8-a2dc-dd39a1ea5a94,REGISTERED,2026-03-17 09:44:30.221342+00:00,,PENDING,
862,42c3c22c-87c3-4732-bc49-82c1a88cef61,bc157ecf-7954-494e-a055-311a276bf358,REGISTERED,2026-04-11 04:16:02.613556+00:00,,PENDING,
863,42c3c22c-87c3-4732-bc49-82c1a88cef61,2b02df80-1d86-4eca-8b1a-02e41da4ddf4,REGISTERED,2026-04-03 11:46:20.269873+00:00,,PENDING,
864,42c3c22c-87c3-4732-bc49-82c1a88cef61,d7a3f62a-7276-4b1a-9abc-2110c1979b89,REGISTERED,2026-02-25 00:04:12.972953+00:00,,PENDING,
865,42c3c22c-87c3-4732-bc49-82c1a88cef61,80773d69-c298-4c18-89cd-2c5d7b1186c9,REGISTERED,2026-04-22 16:00:50.939154+00:00,,PENDING,
866,42c3c22c-87c3-4732-bc49-82c1a88cef61,79456f8d-6ac6-4880-873b-04763ea7326d,REGISTERED,2026-03-13 12:43:46.762802+00:00,,PENDING,
867,42c3c22c-87c3-4732-bc49-82c1a88cef61,b47acf12-a3eb-4e7e-b774-7fd911ef71bd,REGISTERED,2026-03-14 15:45:51.398965+00:00,,PENDING,
868,42c3c22c-87c3-4732-bc49-82c1a88cef61,9ac7d884-9c16-4fa3-b896-884afda9c096,CANCELLED,2026-02-11 19:44:30.593568+00:00,2026-03-29 05:57:39.398031+00:00,PENDING,Contrainte de planning de dernière minute.
869,42c3c22c-87c3-4732-bc49-82c1a88cef61,76d0d2a2-4118-4160-aa2f-d3e4e8396d50,REGISTERED,2026-04-23 19:12:14.107527+00:00,,PENDING,
870,42c3c22c-87c3-4732-bc49-82c1a88cef61,ad184e40-aa0e-44d2-bd36-24c1cc63cd67,REGISTERED,2026-02-14 00:50:27.212657+00:00,,PENDING,
871,42c3c22c-87c3-4732-bc49-82c1a88cef61,c58bb0f6-4d0a-48af-8710-da23e9acd1d0,REGISTERED,2026-03-06 13:21:20.635534+00:00,,PENDING,
872,42c3c22c-87c3-4732-bc49-82c1a88cef61,bec21b43-0b9a-4b14-aec4-4493b6192e37,REGISTERED,2026-03-28 20:13:44.104342+00:00,,PENDING,
873,42c3c22c-87c3-4732-bc49-82c1a88cef61,9a6ea003-a666-4c29-8ae5-e7fa86361a43,REGISTERED,2026-04-21 01:53:51.845119+00:00,,PENDING,
874,42c3c22c-87c3-4732-bc49-82c1a88cef61,b9c5c31c-70c5-4d31-b5fa-06019974af0a,REGISTERED,2026-03-22 22:16:47.046875+00:00,,PENDING,
875,42c3c22c-87c3-4732-bc49-82c1a88cef61,00f7fbed-d7cd-4b53-9344-aa42ba92c94d,REGISTERED,2026-02-27 11:20:46.684553+00:00,,PENDING,
876,42c3c22c-87c3-4732-bc49-82c1a88cef61,1c8aea5a-7709-44a0-898c-a882a974318f,REGISTERED,2026-02-16 23:35:49.266822+00:00,,PENDING,
877,42c3c22c-87c3-4732-bc49-82c1a88cef61,e94c386e-8464-4a22-be9a-6beb0e5d7a7b,REGISTERED,2026-04-14 17:54:24.326981+00:00,,PENDING,
878,42c3c22c-87c3-4732-bc49-82c1a88cef61,c3f44d1a-e988-4b73-a7f1-9fe2fbfeaaca,REGISTERED,2026-03-16 14:44:33.179066+00:00,,PENDING,
879,42c3c22c-87c3-4732-bc49-82c1a88cef61,d37584ec-a50a-4b61-84db-4ad4f2629fd7,CANCELLED,2026-04-26 20:24:30.014921+00:00,2026-04-30 23:28:34.590257+00:00,PENDING,Inscription faite par erreur.
880,42c3c22c-87c3-4732-bc49-82c1a88cef61,5179d5b9-4f1e-4e23-9bd1-90c1af18e263,REGISTERED,2026-03-12 00:17:24.612653+00:00,,PENDING,
881,42c3c22c-87c3-4732-bc49-82c1a88cef61,608ced08-9e47-4568-b2c6-81b0a7fdf075,CANCELLED,2026-04-28 13:49:55.492887+00:00,2026-04-29 21:03:16.805782+00:00,PENDING,Changement de priorité métier.
882,42c3c22c-87c3-4732-bc49-82c1a88cef61,99be4c11-8624-4a8a-a33e-833f5dd5a1e5,REGISTERED,2026-04-20 21:34:31.419478+00:00,,PENDING,
883,42c3c22c-87c3-4732-bc49-82c1a88cef61,0280d734-a9d4-4fa0-ab8b-772dff7f7954,REGISTERED,2026-04-14 14:36:23.442789+00:00,,PENDING,
884,42c3c22c-87c3-4732-bc49-82c1a88cef61,5ab7c5af-6bf1-4ff5-93a6-4bcc1ea926d5,REGISTERED,2026-02-27 22:49:11.742789+00:00,,PENDING,
885,42c3c22c-87c3-4732-bc49-82c1a88cef61,be819bb5-4387-4c8b-aff9-250ac5ddc5c2,REGISTERED,2026-03-28 07:35:39.334304+00:00,,PENDING,
886,42c3c22c-87c3-4732-bc49-82c1a88cef61,d2b19326-abcc-4c08-ac49-a94f14bc8481,REGISTERED,2026-03-13 01:40:29.715640+00:00,,PENDING,
887,42c3c22c-87c3-4732-bc49-82c1a88cef61,c33a2e16-11ad-42aa-86ff-912411bdea48,REGISTERED,2026-04-29 06:08:01.445611+00:00,,PENDING,
888,be73a2ad-0c60-4ba7-b1c4-b301012d88ec,e9d2ff70-2c2b-4bd5-ba0f-ea608ddccc9a,REGISTERED,2026-01-22 23:18:24.432950+00:00,,PRESENT,
889,be73a2ad-0c60-4ba7-b1c4-b301012d88ec,e6b32c11-c369-4ced-9813-924c8e864732,CANCELLED,2026-01-27 16:24:33.711228+00:00,2026-02-05 15:26:47.423250+00:00,PENDING,Inscription faite par erreur.
890,be73a2ad-0c60-4ba7-b1c4-b301012d88ec,3b146662-5da3-44f9-a3a2-be2e8ab5f602,REGISTERED,2026-02-05 07:23:13.461180+00:00,,PRESENT,
891,2889f7a5-c66f-4fbd-bdb9-414935805d06,6923b135-0a80-41b6-a29d-108910d3481e,REGISTERED,2026-02-18 22:27:17.340978+00:00,,PRESENT,
892,2889f7a5-c66f-4fbd-bdb9-414935805d06,d3a11e22-80f0-4ba2-bbb9-8e0549c5deb0,REGISTERED,2026-03-11 05:09:42.874600+00:00,,PRESENT,
893,2889f7a5-c66f-4fbd-bdb9-414935805d06,bec21b43-0b9a-4b14-aec4-4493b6192e37,REGISTERED,2026-03-04 13:19:56.200649+00:00,,PRESENT,
894,2889f7a5-c66f-4fbd-bdb9-414935805d06,921a0f6a-b2e3-4312-947d-dbb1a59b7f17,REGISTERED,2026-03-03 14:20:22.062171+00:00,,PRESENT,
895,2889f7a5-c66f-4fbd-bdb9-414935805d06,c98070f7-ea93-464b-9719-8e5817cb346a,REGISTERED,2026-03-01 01:39:51.810115+00:00,,PRESENT,
896,2889f7a5-c66f-4fbd-bdb9-414935805d06,2924ebf4-7416-4911-9fb8-c3bd86f39111,REGISTERED,2026-03-08 23:22:31.285173+00:00,,PRESENT,
897,2889f7a5-c66f-4fbd-bdb9-414935805d06,c7d4b081-bb87-4340-9a1f-0649f6113b13,CANCELLED,2026-03-11 07:02:20.306453+00:00,2026-03-31 08:21:17.157022+00:00,PENDING,Indisponibilité personnelle signalée.
898,fc34e1fc-4661-4a79-8177-57658ee1d856,7a896dbe-f0e6-49e6-be1b-41feb6e585a7,REGISTERED,2026-02-06 00:52:05.403921+00:00,,ABSENT,
899,fc34e1fc-4661-4a79-8177-57658ee1d856,d8820e49-04ca-49fb-ae6e-24da3db841fb,REGISTERED,2026-02-04 08:58:52.079404+00:00,,ABSENT,
900,fc34e1fc-4661-4a79-8177-57658ee1d856,db513ac4-80bc-4d09-864b-24fb5dee1da4,REGISTERED,2026-01-14 17:45:15.937221+00:00,,PRESENT,
901,fc34e1fc-4661-4a79-8177-57658ee1d856,a1c5d618-8d96-458c-8e77-e2adbc9f6c23,REGISTERED,2026-01-29 03:30:41.806733+00:00,,ABSENT,
902,fc34e1fc-4661-4a79-8177-57658ee1d856,ac16955a-100a-49c4-9550-f3e3c118b812,REGISTERED,2026-01-17 09:07:25.680646+00:00,,PRESENT,
903,fc34e1fc-4661-4a79-8177-57658ee1d856,65f45148-d34d-4ca8-b231-ff27af7e1083,REGISTERED,2026-01-04 16:23:37.074567+00:00,,PRESENT,
904,fc34e1fc-4661-4a79-8177-57658ee1d856,c5722e37-67de-4703-9c3e-8bfefb98abe1,REGISTERED,2026-01-29 08:37:37.373126+00:00,,PRESENT,
905,fc34e1fc-4661-4a79-8177-57658ee1d856,83181837-ca9a-4a93-95ef-82c0c1624078,REGISTERED,2026-01-14 19:01:27.471328+00:00,,PRESENT,
906,fc34e1fc-4661-4a79-8177-57658ee1d856,3827f77d-c5b6-4965-a25c-b6482d583783,REGISTERED,2026-01-20 20:31:41.137856+00:00,,PRESENT,
907,fc34e1fc-4661-4a79-8177-57658ee1d856,8f1b219c-c56a-41c1-88e4-b541304785b8,REGISTERED,2026-01-06 13:03:36.202558+00:00,,PRESENT,
908,fc34e1fc-4661-4a79-8177-57658ee1d856,3fed2f1f-ed8e-425e-a9c7-8401c4bea33c,REGISTERED,2026-01-16 15:51:44.278244+00:00,,PRESENT,
909,fc34e1fc-4661-4a79-8177-57658ee1d856,473aea92-b352-4816-84a6-998d6674e016,REGISTERED,2026-01-02 06:36:03.898774+00:00,,PRESENT,
910,fc34e1fc-4661-4a79-8177-57658ee1d856,969f9cbb-d414-4484-aee9-fa12b5505b3e,REGISTERED,2026-01-03 21:04:09.053814+00:00,,PRESENT,
911,fc34e1fc-4661-4a79-8177-57658ee1d856,d7f518f6-8981-4973-9c42-b49423f7f23e,REGISTERED,2026-01-29 01:01:35.897683+00:00,,PRESENT,
912,fc34e1fc-4661-4a79-8177-57658ee1d856,de4286de-b923-4053-93ef-12d2821eb39f,REGISTERED,2026-01-03 06:04:44.039691+00:00,,ABSENT,
913,fc34e1fc-4661-4a79-8177-57658ee1d856,500e7caa-bf0e-48e3-baf1-303ab0dbca43,REGISTERED,2026-02-06 18:01:42.474764+00:00,,PRESENT,
914,fc34e1fc-4661-4a79-8177-57658ee1d856,20272eee-ae06-4fca-93c0-854b118bb324,REGISTERED,2026-02-08 06:38:37.994393+00:00,,PRESENT,
915,fc34e1fc-4661-4a79-8177-57658ee1d856,553aa3f4-b0d4-4902-96eb-9580f1ab5102,CANCELLED,2026-02-06 00:22:23.670024+00:00,2026-02-22 10:57:23.356615+00:00,PENDING,Session finalement non pertinente pour le profil.
916,fc34e1fc-4661-4a79-8177-57658ee1d856,649114ae-3449-49ab-a8e8-f4c931409e3d,REGISTERED,2026-01-13 00:00:46.038267+00:00,,PRESENT,
917,fc34e1fc-4661-4a79-8177-57658ee1d856,5e3a8bbe-4747-4f6c-a52f-e982db7f63be,REGISTERED,2026-01-09 01:03:44.536309+00:00,,PRESENT,
918,fc34e1fc-4661-4a79-8177-57658ee1d856,94df617c-7422-4cee-8fff-551c271661f6,REGISTERED,2026-01-15 22:12:31.187902+00:00,,PRESENT,
919,fc34e1fc-4661-4a79-8177-57658ee1d856,a8d3e377-0e26-45b7-bd86-63aae9be7dbb,REGISTERED,2026-01-28 01:28:59.902259+00:00,,PRESENT,
920,fc34e1fc-4661-4a79-8177-57658ee1d856,d5d7156b-757a-4b4f-9950-c3a38b7b858d,REGISTERED,2026-01-16 01:52:38.542319+00:00,,ABSENT,
921,fc34e1fc-4661-4a79-8177-57658ee1d856,6e55651b-8ed1-4671-be45-9df63f4dbdb6,REGISTERED,2026-02-07 02:55:06.781902+00:00,,PRESENT,
922,fc34e1fc-4661-4a79-8177-57658ee1d856,6ff3f4c3-324c-4f23-9667-106f6600724b,REGISTERED,2026-02-05 14:28:31.095548+00:00,,PRESENT,
923,fc34e1fc-4661-4a79-8177-57658ee1d856,9630d3c5-3a6f-4cba-bd6b-09ef4505332e,REGISTERED,2026-01-15 09:59:18.517508+00:00,,PRESENT,
924,fc34e1fc-4661-4a79-8177-57658ee1d856,61a0e073-e937-4bac-ada2-d1c10bf8a9ed,CANCELLED,2026-01-05 17:25:20.068226+00:00,2026-02-04 11:05:57.881730+00:00,PENDING,Indisponibilité personnelle signalée.
925,fc34e1fc-4661-4a79-8177-57658ee1d856,c024ae2f-747f-4e78-b09d-430b0eca3860,REGISTERED,2026-01-02 20:07:41.756056+00:00,,PRESENT,
926,fc34e1fc-4661-4a79-8177-57658ee1d856,8d96e8da-9993-495a-a0c2-848796ac710e,REGISTERED,2026-01-30 14:42:53.852241+00:00,,PRESENT,
927,fc34e1fc-4661-4a79-8177-57658ee1d856,eb85b268-bb88-4119-939d-492d2322518f,REGISTERED,2026-02-01 21:11:27.607532+00:00,,PRESENT,
928,fc34e1fc-4661-4a79-8177-57658ee1d856,233057b7-c1c0-40c2-9d82-b5af2946ba7d,REGISTERED,2026-02-03 07:02:11.176555+00:00,,PRESENT,
929,fc34e1fc-4661-4a79-8177-57658ee1d856,7df083a9-7340-4dac-917d-70552e3183a5,REGISTERED,2026-01-27 13:08:54.227668+00:00,,ABSENT,
930,fc34e1fc-4661-4a79-8177-57658ee1d856,cd925f76-6a4a-4b65-b4d7-839f7aa778fc,REGISTERED,2026-01-05 21:09:33.811997+00:00,,PRESENT,
931,fc34e1fc-4661-4a79-8177-57658ee1d856,2283e00e-d82e-4663-8d50-14ece1f3a41c,REGISTERED,2026-01-18 12:10:29.267023+00:00,,PRESENT,
932,fc34e1fc-4661-4a79-8177-57658ee1d856,8b802ae2-7e2f-4ae3-b9db-55586c1e446d,CANCELLED,2026-02-09 01:06:45.362179+00:00,2026-02-27 05:23:08.768359+00:00,PENDING,Indisponibilité personnelle signalée.
933,fc34e1fc-4661-4a79-8177-57658ee1d856,e7db6264-dd86-411f-b6ac-0f14ca8fdeef,REGISTERED,2026-01-08 06:37:45.827245+00:00,,PRESENT,
934,fc34e1fc-4661-4a79-8177-57658ee1d856,62f0f942-5b08-4351-9bfb-920a9b2364ec,REGISTERED,2026-01-02 05:55:15.746869+00:00,,PRESENT,
935,fc34e1fc-4661-4a79-8177-57658ee1d856,c347dd6b-20d6-49f1-b00c-10e9d401a28a,REGISTERED,2026-02-04 18:52:19.791281+00:00,,PRESENT,
936,fc34e1fc-4661-4a79-8177-57658ee1d856,eb004ec6-6884-44b6-8aae-0caf60444601,REGISTERED,2026-01-18 03:53:31.234012+00:00,,PRESENT,
937,fc34e1fc-4661-4a79-8177-57658ee1d856,070f1315-23db-4264-a087-d9f5634d6d48,REGISTERED,2026-01-26 10:47:23.921050+00:00,,PRESENT,
938,fc34e1fc-4661-4a79-8177-57658ee1d856,29e789b9-43d6-4d77-bba5-a8fe5bbec079,REGISTERED,2026-01-30 12:36:54.906728+00:00,,PRESENT,
939,fc34e1fc-4661-4a79-8177-57658ee1d856,4939d78a-0c57-4ce5-bee3-d1fe244be125,REGISTERED,2026-01-21 12:11:27.528960+00:00,,PRESENT,
940,fc34e1fc-4661-4a79-8177-57658ee1d856,2b6d1065-0b7d-4434-8df1-5b0f01a68955,REGISTERED,2026-01-22 15:52:27.178202+00:00,,PRESENT,
941,fc34e1fc-4661-4a79-8177-57658ee1d856,b4288a6b-52f0-44ab-821f-5bb760918a76,CANCELLED,2026-01-25 00:40:32.442233+00:00,2026-01-31 22:15:29.962777+00:00,PENDING,Déplacement professionnel confirmé.
942,fc34e1fc-4661-4a79-8177-57658ee1d856,ea31e60e-7c45-4d0d-a72a-9b1bff423649,REGISTERED,2026-02-07 05:21:04.788999+00:00,,PRESENT,
943,fc34e1fc-4661-4a79-8177-57658ee1d856,d8f6a1f6-2bba-4d6b-8516-7202830f5ffb,CANCELLED,2026-01-13 00:29:11.735242+00:00,2026-02-24 17:20:44.077972+00:00,PENDING,Besoin de suivre une autre session en priorité.
944,fc34e1fc-4661-4a79-8177-57658ee1d856,d1d788a6-dd4c-4608-94bc-b1fd10c2a24e,REGISTERED,2026-01-25 04:33:07.219191+00:00,,PRESENT,
945,fc34e1fc-4661-4a79-8177-57658ee1d856,a92d0de1-8406-42f3-a47a-eba53cfc918d,REGISTERED,2026-01-26 10:33:25.426570+00:00,,PRESENT,
946,fc34e1fc-4661-4a79-8177-57658ee1d856,bc82679b-60ac-4cb8-a2c8-90cf85491d9f,REGISTERED,2026-01-30 09:21:37.698394+00:00,,PRESENT,
947,fc34e1fc-4661-4a79-8177-57658ee1d856,a0f6c262-a0ec-4b15-804b-15a46fdd8632,CANCELLED,2026-01-04 08:55:03.666429+00:00,2026-01-24 22:48:33.727562+00:00,PENDING,Charge de travail incompatible avec l’événement.
948,fc34e1fc-4661-4a79-8177-57658ee1d856,cba14f0b-756c-46b4-82ed-29b71212aeae,REGISTERED,2026-01-28 08:58:31.548065+00:00,,PRESENT,
949,fc34e1fc-4661-4a79-8177-57658ee1d856,e8dda1ab-4e22-4b44-b642-16d429b530e6,REGISTERED,2026-01-24 18:57:29.257637+00:00,,PRESENT,
950,fc34e1fc-4661-4a79-8177-57658ee1d856,b2d5b34b-d258-4bcf-8d4a-ef4e46a9dfff,REGISTERED,2026-01-25 06:34:49.924725+00:00,,PRESENT,
951,fc34e1fc-4661-4a79-8177-57658ee1d856,d55887a6-ba09-4137-817b-136eca0eb8fe,CANCELLED,2026-01-10 12:01:35.709399+00:00,2026-02-08 09:37:19.510375+00:00,PENDING,Besoin de suivre une autre session en priorité.
952,fc34e1fc-4661-4a79-8177-57658ee1d856,d10a4f93-a536-4542-b5ff-c16717ab9f40,REGISTERED,2026-01-28 04:30:49.549782+00:00,,PRESENT,
953,fc34e1fc-4661-4a79-8177-57658ee1d856,8ee4e6aa-49bf-4476-8827-7c43c8576b3a,REGISTERED,2026-01-09 01:58:29.352659+00:00,,ABSENT,
954,fc34e1fc-4661-4a79-8177-57658ee1d856,ae8476f4-9a83-4f9f-a68f-08866cdec032,REGISTERED,2026-01-04 07:58:00.669454+00:00,,PRESENT,
955,fc34e1fc-4661-4a79-8177-57658ee1d856,c1e9f1c5-3a1d-407e-9767-7cb7c9089296,REGISTERED,2026-01-08 20:32:53.345714+00:00,,ABSENT,
956,fc34e1fc-4661-4a79-8177-57658ee1d856,a05fb95c-ba9f-4e27-a689-3cf5fc1b5a26,REGISTERED,2026-01-30 14:40:41.902786+00:00,,PRESENT,
957,fc34e1fc-4661-4a79-8177-57658ee1d856,32093958-cbbd-4c22-a8c5-3659bb18aae5,REGISTERED,2026-01-26 21:19:05.721272+00:00,,ABSENT,
958,fc34e1fc-4661-4a79-8177-57658ee1d856,6f1f4dc0-4b42-4147-b573-37a2915f8a50,REGISTERED,2026-01-19 00:56:34.902392+00:00,,ABSENT,
959,fc34e1fc-4661-4a79-8177-57658ee1d856,99ce0eb9-db3b-4ba1-9d7e-a6e10271bb8c,REGISTERED,2026-02-03 02:20:18.113687+00:00,,PRESENT,
960,fc34e1fc-4661-4a79-8177-57658ee1d856,181e7e03-af2a-43ee-9324-840d14c267d3,REGISTERED,2026-01-12 11:32:53.885267+00:00,,PRESENT,
961,fc34e1fc-4661-4a79-8177-57658ee1d856,bc70bf9e-59c4-4c98-a89c-92f271b748cc,REGISTERED,2026-01-30 04:52:02.835726+00:00,,PRESENT,
962,fc34e1fc-4661-4a79-8177-57658ee1d856,72efd112-3855-4a02-9572-9799474fbdf0,REGISTERED,2026-01-09 05:42:47.108267+00:00,,PRESENT,
963,fc34e1fc-4661-4a79-8177-57658ee1d856,f8d7dc0b-5a3b-44ee-98f3-b79e6f774b1e,CANCELLED,2026-02-04 05:01:49.693884+00:00,2026-03-01 18:20:20.421312+00:00,PENDING,Modification de l’agenda projet.
964,fc34e1fc-4661-4a79-8177-57658ee1d856,07f0e359-3ca2-4c08-b113-4b4f9ace8bfe,CANCELLED,2026-01-17 18:50:51.882463+00:00,2026-02-19 17:37:13.917239+00:00,PENDING,Indisponibilité personnelle signalée.
965,d0382f3b-37e2-4ad7-a62a-f513b369d470,56e09b90-5896-4653-a6d0-833a2aaf2380,REGISTERED,2026-04-21 23:41:51.673996+00:00,,PENDING,
966,d0382f3b-37e2-4ad7-a62a-f513b369d470,d04fc3d7-1126-4cb3-9932-981657c916cf,REGISTERED,2026-03-25 07:00:33.532355+00:00,,PENDING,
967,d0382f3b-37e2-4ad7-a62a-f513b369d470,efe3f27d-9b61-4dcc-bdee-66d1ff6634b6,CANCELLED,2026-04-17 23:18:29.421724+00:00,2026-04-21 20:38:50.377373+00:00,PENDING,Participation remplacée par un collègue.
968,d0382f3b-37e2-4ad7-a62a-f513b369d470,40bd5505-6dbf-49ae-817e-6ca216a5630f,REGISTERED,2026-04-03 23:14:39.764922+00:00,,PENDING,
969,d0382f3b-37e2-4ad7-a62a-f513b369d470,67b9e613-4792-4b7e-88f0-54df3f761ed0,REGISTERED,2026-04-24 03:18:25.638296+00:00,,PENDING,
970,32550296-6435-4ef2-90e1-028656282c7f,e8dda1ab-4e22-4b44-b642-16d429b530e6,REGISTERED,2026-02-24 05:51:10.517334+00:00,,PRESENT,
971,32550296-6435-4ef2-90e1-028656282c7f,c58f7dbd-9a6d-4c3f-bed8-75f484e20259,CANCELLED,2026-02-26 14:15:26.802182+00:00,2026-02-27 19:43:05.429465+00:00,PENDING,Déplacement professionnel confirmé.
972,32550296-6435-4ef2-90e1-028656282c7f,5671894a-5a48-444a-8a73-5462d0f8e451,REGISTERED,2026-02-11 07:46:50.302016+00:00,,PRESENT,
973,32550296-6435-4ef2-90e1-028656282c7f,1b521727-2b9c-4bae-a8f2-c0b975bf998b,REGISTERED,2026-02-27 17:44:39.760083+00:00,,PRESENT,
974,32550296-6435-4ef2-90e1-028656282c7f,36a7aa14-d53e-4d7a-9df0-346370185c99,REGISTERED,2026-02-12 19:33:21.821825+00:00,,ABSENT,
975,32550296-6435-4ef2-90e1-028656282c7f,8de3a1bf-0867-4629-9291-42a74caf9008,CANCELLED,2026-01-26 06:02:36.310099+00:00,2026-02-11 09:55:31.563096+00:00,PENDING,Besoin de suivre une autre session en priorité.
976,32550296-6435-4ef2-90e1-028656282c7f,eb004ec6-6884-44b6-8aae-0caf60444601,REGISTERED,2026-02-14 00:30:05.428066+00:00,,PRESENT,
977,32550296-6435-4ef2-90e1-028656282c7f,79ecd19f-9a6a-4019-aeab-38a61af2036b,REGISTERED,2026-02-26 04:15:31.969787+00:00,,PRESENT,
978,32550296-6435-4ef2-90e1-028656282c7f,02af81eb-661b-43df-96f9-ae3e16e670eb,REGISTERED,2026-01-26 08:43:21.772705+00:00,,PRESENT,
979,32550296-6435-4ef2-90e1-028656282c7f,d39a524e-7c94-4fbb-ae92-88b5fbdeaeb8,REGISTERED,2026-01-20 17:10:35.865702+00:00,,PRESENT,
980,32550296-6435-4ef2-90e1-028656282c7f,0280d734-a9d4-4fa0-ab8b-772dff7f7954,CANCELLED,2026-02-16 19:54:51.893541+00:00,2026-02-28 14:44:48.889725+00:00,PENDING,Changement de priorité métier.
981,32550296-6435-4ef2-90e1-028656282c7f,2620e675-d3ba-4ca5-85bf-2dd08f05bca7,REGISTERED,2026-02-07 14:11:39.819255+00:00,,PRESENT,
982,32550296-6435-4ef2-90e1-028656282c7f,83591bb5-b0a5-432a-9670-a236e11cbb0b,REGISTERED,2026-02-18 22:34:26.736331+00:00,,PRESENT,
983,32550296-6435-4ef2-90e1-028656282c7f,432c2cf9-dd95-45fd-9867-4bb233d84a2f,REGISTERED,2026-02-13 13:05:32.359240+00:00,,PRESENT,
984,32550296-6435-4ef2-90e1-028656282c7f,320bb62b-bc55-479e-a685-a27deaf87f3a,REGISTERED,2026-02-08 14:03:37.760538+00:00,,PRESENT,
985,32550296-6435-4ef2-90e1-028656282c7f,9f62bec9-e71d-4e58-8eb0-f51c0c93bd4e,REGISTERED,2026-02-25 21:54:22.570443+00:00,,PRESENT,
986,32550296-6435-4ef2-90e1-028656282c7f,7dddaa8e-deb1-42ed-88bb-dc5a16514cdc,REGISTERED,2026-02-19 08:35:38.083552+00:00,,PRESENT,
987,32550296-6435-4ef2-90e1-028656282c7f,de60686f-1075-42f6-8d70-c65c29ff1620,REGISTERED,2026-01-20 20:01:00.644955+00:00,,ABSENT,
988,32550296-6435-4ef2-90e1-028656282c7f,2a5fc018-eeb8-406f-83fc-1862252f93b0,REGISTERED,2026-02-11 17:30:35.653117+00:00,,ABSENT,
989,32550296-6435-4ef2-90e1-028656282c7f,28ac5ef3-c8dc-4aa9-97a4-4bd90a55268b,REGISTERED,2026-02-01 03:28:35.034358+00:00,,PRESENT,
990,32550296-6435-4ef2-90e1-028656282c7f,76cbf7c4-1a28-4125-bb2c-8e192a892807,REGISTERED,2026-01-13 18:17:08.489199+00:00,,PRESENT,
991,32550296-6435-4ef2-90e1-028656282c7f,3f6cb692-1581-4462-b260-3cad29f36489,REGISTERED,2026-01-14 16:25:15.181208+00:00,,PRESENT,
992,32550296-6435-4ef2-90e1-028656282c7f,542706cb-ff1a-4d9a-9b3d-621e4e7fe4bb,REGISTERED,2026-02-15 20:08:22.191872+00:00,,PRESENT,
993,32550296-6435-4ef2-90e1-028656282c7f,b03521e4-0ebe-4648-ac5a-5daa0bee8b89,REGISTERED,2026-02-15 20:53:29.528583+00:00,,PRESENT,
994,32550296-6435-4ef2-90e1-028656282c7f,63c7f6a6-1fb9-467e-a32c-b7f7fbd263d6,REGISTERED,2026-01-16 03:57:39.561626+00:00,,PRESENT,
995,32550296-6435-4ef2-90e1-028656282c7f,039ce623-075d-4c69-9235-d786fde3bf5a,REGISTERED,2026-02-04 02:51:42.975437+00:00,,PRESENT,
996,32550296-6435-4ef2-90e1-028656282c7f,38f134e4-e62f-4bb9-a0f5-99a23ed433c7,REGISTERED,2026-01-21 03:04:51.470817+00:00,,PRESENT,
997,32550296-6435-4ef2-90e1-028656282c7f,553aa3f4-b0d4-4902-96eb-9580f1ab5102,REGISTERED,2026-02-16 12:32:16.667066+00:00,,PRESENT,
998,32550296-6435-4ef2-90e1-028656282c7f,d8f6a1f6-2bba-4d6b-8516-7202830f5ffb,REGISTERED,2026-02-22 17:10:15.518455+00:00,,PRESENT,
999,32550296-6435-4ef2-90e1-028656282c7f,622dbe54-2ae7-45b3-9c3e-e10174715762,REGISTERED,2026-02-08 11:38:41.185039+00:00,,PRESENT,
1000,32550296-6435-4ef2-90e1-028656282c7f,702b5919-6fb5-46fa-8a5a-e0c7f8f37c74,REGISTERED,2026-02-15 22:14:16.785090+00:00,,PRESENT,
1001,32550296-6435-4ef2-90e1-028656282c7f,ef6c19c9-41fb-4663-b095-fd6f807954ec,REGISTERED,2026-02-01 16:55:58.848959+00:00,,PRESENT,
1002,32550296-6435-4ef2-90e1-028656282c7f,a7450ed8-f67b-4a15-a99a-a9fa649b6fd6,REGISTERED,2026-01-14 06:37:43.343586+00:00,,PRESENT,
1003,5b5ccc04-c6f9-4ee4-b711-48c132225bd6,432c2cf9-dd95-45fd-9867-4bb233d84a2f,REGISTERED,2026-04-08 14:47:43.407911+00:00,,PENDING,
1004,5b5ccc04-c6f9-4ee4-b711-48c132225bd6,d55887a6-ba09-4137-817b-136eca0eb8fe,REGISTERED,2026-04-26 21:35:43.018776+00:00,,PENDING,
1005,5b5ccc04-c6f9-4ee4-b711-48c132225bd6,d4a71d21-d547-4736-9c69-2ae754d8e3f0,REGISTERED,2026-03-19 03:23:09.265898+00:00,,PENDING,
1006,5b5ccc04-c6f9-4ee4-b711-48c132225bd6,746f9a16-167c-4335-ad48-53bd33464aae,REGISTERED,2026-03-21 09:42:02.294427+00:00,,PENDING,
1007,5b5ccc04-c6f9-4ee4-b711-48c132225bd6,41417e3e-4fd4-4942-a396-ba652bde8364,REGISTERED,2026-03-29 15:40:16.017163+00:00,,PENDING,
1008,5b5ccc04-c6f9-4ee4-b711-48c132225bd6,f5ccc467-2763-4435-88f8-0c697c5bc756,CANCELLED,2026-03-26 15:03:08.357025+00:00,2026-04-18 06:42:46.499071+00:00,PENDING,Déplacement professionnel confirmé.
1009,5b5ccc04-c6f9-4ee4-b711-48c132225bd6,cda07ab2-acb0-42ea-8b8d-d21f330bf70c,REGISTERED,2026-03-24 09:23:30.490784+00:00,,PENDING,
1010,5b5ccc04-c6f9-4ee4-b711-48c132225bd6,8062edae-a09d-450b-b9e9-61d162542cc6,REGISTERED,2026-02-27 19:06:19.822920+00:00,,PENDING,
1011,5b5ccc04-c6f9-4ee4-b711-48c132225bd6,06cf8ad7-4bdc-42e8-94e2-b0abe12a020b,REGISTERED,2026-03-20 14:57:50.272190+00:00,,PENDING,
1012,5b5ccc04-c6f9-4ee4-b711-48c132225bd6,b8586f4e-0b8d-4c49-99b4-58e4ac4db671,REGISTERED,2026-02-21 01:05:45.830491+00:00,,PENDING,
1013,5b5ccc04-c6f9-4ee4-b711-48c132225bd6,9a1159ca-5027-4cc5-acce-0e458cb282f9,REGISTERED,2026-03-02 11:18:20.355528+00:00,,PENDING,
1014,5b5ccc04-c6f9-4ee4-b711-48c132225bd6,8ee4e6aa-49bf-4476-8827-7c43c8576b3a,REGISTERED,2026-03-25 15:55:11.305134+00:00,,PENDING,
1015,5b5ccc04-c6f9-4ee4-b711-48c132225bd6,e9259942-8396-473b-9057-48dcaca6a4b8,REGISTERED,2026-02-21 12:16:05.656424+00:00,,PENDING,
1016,5b5ccc04-c6f9-4ee4-b711-48c132225bd6,0b8e3edc-e13f-433c-bcda-bf4510acface,REGISTERED,2026-04-17 01:04:40.938714+00:00,,PENDING,
1017,5b5ccc04-c6f9-4ee4-b711-48c132225bd6,5179d5b9-4f1e-4e23-9bd1-90c1af18e263,REGISTERED,2026-03-29 01:14:25.022496+00:00,,PENDING,
1018,5b5ccc04-c6f9-4ee4-b711-48c132225bd6,b312e220-ae63-4cad-98df-940d573360df,REGISTERED,2026-03-11 02:06:45.634142+00:00,,PENDING,
1019,5b5ccc04-c6f9-4ee4-b711-48c132225bd6,60a4713c-9862-4c54-b843-99e82e3e7bea,CANCELLED,2026-03-28 04:48:54.878702+00:00,2026-04-09 17:00:14.959081+00:00,PENDING,Charge de travail incompatible avec l’événement.
1020,5b5ccc04-c6f9-4ee4-b711-48c132225bd6,e1146103-3e33-4ed7-9a4c-3426f5922da9,REGISTERED,2026-04-12 06:20:33.636141+00:00,,PENDING,
1021,5b5ccc04-c6f9-4ee4-b711-48c132225bd6,2283e00e-d82e-4663-8d50-14ece1f3a41c,REGISTERED,2026-04-22 20:27:05.667564+00:00,,PENDING,
1022,0064ed31-ce7a-459c-a9a4-c5b5d26a4dd3,edc57913-68cf-4b04-a356-052f6ffdbcff,REGISTERED,2026-03-16 13:50:07.350462+00:00,,PENDING,
1023,0064ed31-ce7a-459c-a9a4-c5b5d26a4dd3,08dc70fc-64c7-4fb3-ab1f-76c43226fdbf,REGISTERED,2026-04-23 22:31:54.113015+00:00,,PENDING,
1024,0064ed31-ce7a-459c-a9a4-c5b5d26a4dd3,7c907411-53e7-4a2f-9fb2-368bef893ae6,REGISTERED,2026-04-10 03:40:23.472102+00:00,,PENDING,
1025,055e0ca4-fbda-423c-a051-b11650cebb56,a6c81a36-4a3a-4684-8a2a-15a4167abc2c,REGISTERED,2026-03-20 18:22:48.046898+00:00,,PENDING,
1026,055e0ca4-fbda-423c-a051-b11650cebb56,7fe85746-fe19-422b-8bf2-d167d79a2d1a,REGISTERED,2026-02-10 05:11:07.378146+00:00,,PENDING,
1027,055e0ca4-fbda-423c-a051-b11650cebb56,3577cac5-0476-4aff-b030-5793997dce28,CANCELLED,2026-02-15 12:09:05.491151+00:00,2026-03-01 13:44:06.124895+00:00,PENDING,Contrainte de planning de dernière minute.
1028,055e0ca4-fbda-423c-a051-b11650cebb56,d55047e0-37be-40fb-a90b-d53653e77f3c,REGISTERED,2026-01-17 11:01:54.828319+00:00,,PENDING,
1029,055e0ca4-fbda-423c-a051-b11650cebb56,8f21075b-8c2d-4291-98de-3f070ea2a227,REGISTERED,2026-04-05 14:01:05.981064+00:00,,PENDING,
1030,055e0ca4-fbda-423c-a051-b11650cebb56,84e69d57-36b1-481d-a823-b2bb1e0eff7b,REGISTERED,2026-01-16 02:39:27.002619+00:00,,PENDING,
1031,055e0ca4-fbda-423c-a051-b11650cebb56,9d77bbdb-a7c6-48dc-8333-69d2a53bae58,REGISTERED,2026-01-04 15:32:11.376926+00:00,,PENDING,
1032,055e0ca4-fbda-423c-a051-b11650cebb56,11f3834e-b75c-47de-8f68-181c73c2203d,CANCELLED,2026-01-12 17:23:28.258967+00:00,2026-02-13 22:33:59.527175+00:00,PENDING,Session finalement non pertinente pour le profil.
1033,055e0ca4-fbda-423c-a051-b11650cebb56,915de5a6-4e56-45a3-9ec0-f304a3b83653,REGISTERED,2026-03-27 14:51:26.317905+00:00,,PENDING,
1034,055e0ca4-fbda-423c-a051-b11650cebb56,b312e220-ae63-4cad-98df-940d573360df,REGISTERED,2026-04-04 13:22:09.148878+00:00,,PENDING,
1035,055e0ca4-fbda-423c-a051-b11650cebb56,bc82679b-60ac-4cb8-a2c8-90cf85491d9f,REGISTERED,2026-03-17 13:04:36.417169+00:00,,PENDING,
1036,055e0ca4-fbda-423c-a051-b11650cebb56,8a3bbec3-4136-45f6-b098-bbb2be370926,REGISTERED,2026-03-29 04:21:27.943218+00:00,,PENDING,
1037,055e0ca4-fbda-423c-a051-b11650cebb56,2529ad7b-3e69-4b87-9e44-0259ec755de2,REGISTERED,2026-03-22 09:14:08.901805+00:00,,PENDING,
1038,055e0ca4-fbda-423c-a051-b11650cebb56,af9d7f38-32f1-49e9-974f-0bb83155d6eb,CANCELLED,2026-04-04 03:36:25.945044+00:00,2026-04-06 00:58:52.015479+00:00,PENDING,Inscription faite par erreur.
1039,055e0ca4-fbda-423c-a051-b11650cebb56,136f0269-75a4-4b80-bd35-7c42da9c9843,REGISTERED,2026-04-11 19:16:45.978728+00:00,,PENDING,
1040,055e0ca4-fbda-423c-a051-b11650cebb56,036311af-4d37-429f-bcee-1957beb2bdf5,REGISTERED,2026-03-27 21:06:18.792981+00:00,,PENDING,
1041,055e0ca4-fbda-423c-a051-b11650cebb56,0b3a5337-8158-4195-b718-c1f64fec5d76,REGISTERED,2026-03-12 23:32:30.292433+00:00,,PENDING,
1042,055e0ca4-fbda-423c-a051-b11650cebb56,16db286d-1b67-49c2-b2c8-9d4d0fa29db6,REGISTERED,2026-04-08 17:46:02.883888+00:00,,PENDING,
1043,055e0ca4-fbda-423c-a051-b11650cebb56,63c7f6a6-1fb9-467e-a32c-b7f7fbd263d6,CANCELLED,2026-03-31 16:33:41.005720+00:00,2026-04-22 23:58:52.958797+00:00,PENDING,Problème de disponibilité logistique.
1044,055e0ca4-fbda-423c-a051-b11650cebb56,2ddc0de1-b086-459e-8934-d9b7c1771d9d,CANCELLED,2026-04-15 02:26:41.564556+00:00,2026-05-01 00:24:23.403160+00:00,PENDING,Absence validée par le manager.
1045,055e0ca4-fbda-423c-a051-b11650cebb56,5d703c5b-8047-4ae3-8d64-bd4389210efb,REGISTERED,2026-03-20 16:20:50.175117+00:00,,PENDING,
1046,055e0ca4-fbda-423c-a051-b11650cebb56,d10a4f93-a536-4542-b5ff-c16717ab9f40,REGISTERED,2026-03-18 00:26:29.278921+00:00,,PENDING,
1047,055e0ca4-fbda-423c-a051-b11650cebb56,80d67e75-1cd6-4308-ace2-c8929c58a1fc,REGISTERED,2026-04-15 13:21:59.302570+00:00,,PENDING,
1048,055e0ca4-fbda-423c-a051-b11650cebb56,11e4bafe-f46f-4714-ae79-46782f98afcc,CANCELLED,2026-02-03 10:13:49.472752+00:00,2026-04-10 07:20:59.126995+00:00,PENDING,Déplacement professionnel confirmé.
1049,055e0ca4-fbda-423c-a051-b11650cebb56,c3b0f176-69f0-4028-872a-0091128bf3a7,REGISTERED,2026-03-27 17:37:27.763733+00:00,,PENDING,
1050,055e0ca4-fbda-423c-a051-b11650cebb56,ed50e871-1708-4f88-8eff-4450af6fd5de,REGISTERED,2026-04-18 00:53:28.204832+00:00,,PENDING,
1051,055e0ca4-fbda-423c-a051-b11650cebb56,1bf756ca-dbef-4935-bac3-a3b692010a75,REGISTERED,2026-04-08 11:22:20.406615+00:00,,PENDING,
1052,055e0ca4-fbda-423c-a051-b11650cebb56,7f1597a7-81b9-4a2c-9123-eee64ca91f04,REGISTERED,2026-04-08 07:26:27.224167+00:00,,PENDING,
1053,055e0ca4-fbda-423c-a051-b11650cebb56,066a8584-2f31-4a5b-81a3-bfcffb97ceb0,REGISTERED,2026-01-09 21:17:18.827726+00:00,,PENDING,
1054,5b27c245-102f-43cd-9ab6-f91e03443581,0a7c3f39-db01-4c8d-b560-eb1abdfe5054,REGISTERED,2026-02-17 23:35:55.024537+00:00,,PENDING,
1055,5b27c245-102f-43cd-9ab6-f91e03443581,5a279486-f19e-477b-ada8-50c908151f96,CANCELLED,2026-04-02 13:27:41.331984+00:00,2026-04-19 05:58:59.155592+00:00,PENDING,Contrainte de planning de dernière minute.
1056,5b27c245-102f-43cd-9ab6-f91e03443581,78c254c8-e08c-423c-b031-4de7e4eb1f25,REGISTERED,2026-03-28 20:41:49.659759+00:00,,PENDING,
1057,5b27c245-102f-43cd-9ab6-f91e03443581,33611d4a-b72d-4868-8862-37dc6da35c82,REGISTERED,2026-04-20 10:08:01.085863+00:00,,PENDING,
1058,5b27c245-102f-43cd-9ab6-f91e03443581,eaa9cc85-b28c-4878-9ca7-f4d797d0e0d9,REGISTERED,2026-03-22 12:03:47.985711+00:00,,PENDING,
1059,5b27c245-102f-43cd-9ab6-f91e03443581,5cfa3cf8-4522-4c4c-8087-ae79149ab327,REGISTERED,2026-02-24 08:31:24.754493+00:00,,PENDING,
1060,5b27c245-102f-43cd-9ab6-f91e03443581,7497f43c-158d-489b-b70c-fe3b4c138821,REGISTERED,2026-04-11 15:43:52.894275+00:00,,PENDING,
1061,5b27c245-102f-43cd-9ab6-f91e03443581,4b1a88ac-4167-4eac-a0d2-4e293ef8f000,REGISTERED,2026-04-28 09:28:31.336593+00:00,,PENDING,
1062,5b27c245-102f-43cd-9ab6-f91e03443581,3f24b106-d0fe-4f00-822d-c9d256babef7,REGISTERED,2026-03-03 09:48:40.040693+00:00,,PENDING,
1063,5b27c245-102f-43cd-9ab6-f91e03443581,ab4d36f2-bc4b-4bfe-9c61-410dabc43c84,REGISTERED,2026-03-04 02:32:04.520859+00:00,,PENDING,
1064,5b27c245-102f-43cd-9ab6-f91e03443581,9d9f828f-6d17-4846-b840-5c49524aebe1,REGISTERED,2026-04-29 12:15:40.858242+00:00,,PENDING,
1065,5b27c245-102f-43cd-9ab6-f91e03443581,e1146103-3e33-4ed7-9a4c-3426f5922da9,REGISTERED,2026-04-13 00:29:23.999283+00:00,,PENDING,
1066,5b27c245-102f-43cd-9ab6-f91e03443581,8062edae-a09d-450b-b9e9-61d162542cc6,REGISTERED,2026-03-14 08:54:00.448725+00:00,,PENDING,
1067,5b27c245-102f-43cd-9ab6-f91e03443581,5360fd07-6411-454a-8bc8-066a979f5e68,REGISTERED,2026-03-31 04:36:37.427537+00:00,,PENDING,
1068,5b27c245-102f-43cd-9ab6-f91e03443581,8d96e8da-9993-495a-a0c2-848796ac710e,REGISTERED,2026-05-01 11:31:48.412199+00:00,,PENDING,
1069,5b27c245-102f-43cd-9ab6-f91e03443581,76cbf7c4-1a28-4125-bb2c-8e192a892807,REGISTERED,2026-03-29 04:16:21.890913+00:00,,PENDING,
1070,5b27c245-102f-43cd-9ab6-f91e03443581,b273077f-41d4-4b27-99b4-fa52d85d84e2,REGISTERED,2026-02-25 21:14:16.651434+00:00,,PENDING,
1071,5b27c245-102f-43cd-9ab6-f91e03443581,76a9bda7-4fee-4da7-a23d-97f4c3bfc3a1,REGISTERED,2026-04-06 23:20:19.494812+00:00,,PENDING,
1072,5b27c245-102f-43cd-9ab6-f91e03443581,6a02ace1-ef25-49eb-9361-c0c9a567599d,REGISTERED,2026-03-28 12:36:09.589402+00:00,,PENDING,
1073,5b27c245-102f-43cd-9ab6-f91e03443581,8e9296c5-bcd9-48b9-a595-2c11e6d596ef,REGISTERED,2026-02-25 14:58:50.660278+00:00,,PENDING,
1074,5b27c245-102f-43cd-9ab6-f91e03443581,56e09b90-5896-4653-a6d0-833a2aaf2380,REGISTERED,2026-04-30 08:39:05.627562+00:00,,PENDING,
1075,5b27c245-102f-43cd-9ab6-f91e03443581,57b45e22-215a-4f53-8bf0-2a6895527cf0,REGISTERED,2026-04-11 20:02:55.175254+00:00,,PENDING,
1076,5b27c245-102f-43cd-9ab6-f91e03443581,7dddaa8e-deb1-42ed-88bb-dc5a16514cdc,REGISTERED,2026-04-02 21:48:05.212569+00:00,,PENDING,
1077,5b27c245-102f-43cd-9ab6-f91e03443581,888502a0-6058-4702-88b8-adb03b807926,REGISTERED,2026-03-21 02:47:35.796980+00:00,,PENDING,
1078,5b27c245-102f-43cd-9ab6-f91e03443581,8f481282-4da5-453a-8238-b0915c33bf1d,REGISTERED,2026-03-16 17:50:03.020672+00:00,,PENDING,
1079,5b27c245-102f-43cd-9ab6-f91e03443581,efe3f27d-9b61-4dcc-bdee-66d1ff6634b6,REGISTERED,2026-03-19 09:38:13.753286+00:00,,PENDING,
1080,5b27c245-102f-43cd-9ab6-f91e03443581,5c093bcb-a8f8-495e-9e59-fe544f16ea0b,REGISTERED,2026-02-27 11:17:29.323588+00:00,,PENDING,
1081,5b27c245-102f-43cd-9ab6-f91e03443581,91f76ca7-ada9-4b5b-87c9-c7b966228ec6,REGISTERED,2026-03-16 15:00:17.006453+00:00,,PENDING,
1082,5b27c245-102f-43cd-9ab6-f91e03443581,0b3a5337-8158-4195-b718-c1f64fec5d76,REGISTERED,2026-03-26 18:25:48.298781+00:00,,PENDING,
1083,5b27c245-102f-43cd-9ab6-f91e03443581,2d2ef5e3-a9fa-454f-9d27-96ad5903a226,REGISTERED,2026-04-30 20:22:06.006888+00:00,,PENDING,
1084,5b27c245-102f-43cd-9ab6-f91e03443581,aa4e1ebb-5f2c-431e-b14c-49099924347c,REGISTERED,2026-04-22 13:29:24.095622+00:00,,PENDING,
1085,5b27c245-102f-43cd-9ab6-f91e03443581,11938edb-7027-491c-9527-eaf7738ea9cd,REGISTERED,2026-03-23 12:31:47.117258+00:00,,PENDING,
1086,5b27c245-102f-43cd-9ab6-f91e03443581,0737a7a1-e7e6-43a8-ade5-027ff9fba167,REGISTERED,2026-04-24 02:58:50.482295+00:00,,PENDING,
1087,5b27c245-102f-43cd-9ab6-f91e03443581,e0b47f14-ef2d-49fc-b298-7e81497f4563,REGISTERED,2026-04-08 22:03:09.031136+00:00,,PENDING,
1088,5b27c245-102f-43cd-9ab6-f91e03443581,c1e9f1c5-3a1d-407e-9767-7cb7c9089296,REGISTERED,2026-04-20 01:54:16.968253+00:00,,PENDING,
1089,5b27c245-102f-43cd-9ab6-f91e03443581,f1ea7bc8-4511-4946-992a-69c581e26bef,REGISTERED,2026-04-20 20:57:30.696426+00:00,,PENDING,
1090,5b27c245-102f-43cd-9ab6-f91e03443581,bec21b43-0b9a-4b14-aec4-4493b6192e37,REGISTERED,2026-03-04 06:16:14.379726+00:00,,PENDING,
1091,5b27c245-102f-43cd-9ab6-f91e03443581,77ebff33-67f5-4c17-8bff-846fc504a43d,REGISTERED,2026-04-05 11:12:25.071387+00:00,,PENDING,
1092,5b27c245-102f-43cd-9ab6-f91e03443581,7dcdee17-8895-4c49-8c8b-2fe06574a692,REGISTERED,2026-04-05 20:54:38.342645+00:00,,PENDING,
1093,5b27c245-102f-43cd-9ab6-f91e03443581,1f386289-521a-489e-a60a-2c215d2f95e7,REGISTERED,2026-03-29 05:26:22.423105+00:00,,PENDING,
1094,5b27c245-102f-43cd-9ab6-f91e03443581,e6693802-b58f-4be6-8509-975c7975dc5b,REGISTERED,2026-04-03 05:00:11.692840+00:00,,PENDING,
1095,5b27c245-102f-43cd-9ab6-f91e03443581,d432410f-620e-49df-9646-346e8457b3bf,REGISTERED,2026-03-27 01:31:02.371867+00:00,,PENDING,
1096,5b27c245-102f-43cd-9ab6-f91e03443581,f93fc94f-b705-49f5-954a-4683273857f4,REGISTERED,2026-04-05 13:36:01.882270+00:00,,PENDING,
1097,5b27c245-102f-43cd-9ab6-f91e03443581,8fe78534-8626-4ccb-8a11-1abeb3417110,REGISTERED,2026-04-02 23:33:15.138308+00:00,,PENDING,
1098,5b27c245-102f-43cd-9ab6-f91e03443581,4311ce77-f8c2-4006-914c-00bf45307cde,REGISTERED,2026-02-26 07:35:19.984754+00:00,,PENDING,
1099,5b27c245-102f-43cd-9ab6-f91e03443581,4b525688-1acd-4981-b213-0ea3aa8ecb43,REGISTERED,2026-03-13 13:56:15.839334+00:00,,PENDING,
1100,5b27c245-102f-43cd-9ab6-f91e03443581,1b521727-2b9c-4bae-a8f2-c0b975bf998b,CANCELLED,2026-04-19 21:21:40.272975+00:00,2026-04-24 13:33:14.352546+00:00,PENDING,Erreur de choix de créneau.
1101,fb518144-8d76-42a9-a016-6da13e385137,f11017f7-2d00-4f17-9c8e-53b9e06a8ca4,REGISTERED,2026-03-23 13:19:03.913112+00:00,,PRESENT,
1102,fb518144-8d76-42a9-a016-6da13e385137,bec21b43-0b9a-4b14-aec4-4493b6192e37,REGISTERED,2026-03-23 02:50:14.500983+00:00,,PRESENT,
1103,fb518144-8d76-42a9-a016-6da13e385137,2e981684-37c3-4d1b-b874-e32a851cd0af,REGISTERED,2026-03-14 13:29:51.572765+00:00,,PRESENT,
1104,fb518144-8d76-42a9-a016-6da13e385137,368b0c1f-2b18-45ae-8c55-7445a2e631bc,REGISTERED,2026-03-22 12:14:21.447898+00:00,,PRESENT,
1105,fb518144-8d76-42a9-a016-6da13e385137,136f0269-75a4-4b80-bd35-7c42da9c9843,REGISTERED,2026-03-23 21:53:13.617479+00:00,,PRESENT,
1106,fb518144-8d76-42a9-a016-6da13e385137,dafc105e-50d6-45fc-881b-f8c7648a1d01,CANCELLED,2026-03-24 12:04:18.661544+00:00,2026-04-02 13:03:00.196573+00:00,PENDING,Problème de disponibilité logistique.
1107,fb518144-8d76-42a9-a016-6da13e385137,6923b135-0a80-41b6-a29d-108910d3481e,REGISTERED,2026-03-18 07:09:13.431215+00:00,,PRESENT,
1108,fb518144-8d76-42a9-a016-6da13e385137,921a0f6a-b2e3-4312-947d-dbb1a59b7f17,REGISTERED,2026-03-27 02:02:21.475128+00:00,,PRESENT,
1109,fb518144-8d76-42a9-a016-6da13e385137,16ce6d70-5405-478a-a25a-cc332ef4b47c,REGISTERED,2026-03-17 02:31:33.397220+00:00,,ABSENT,
1110,fb518144-8d76-42a9-a016-6da13e385137,7120f862-693b-4518-8e4c-e2bfe7963695,REGISTERED,2026-03-12 04:30:32.488462+00:00,,PRESENT,
1111,fb518144-8d76-42a9-a016-6da13e385137,5b666a1b-6391-46d4-8c0c-b2e34ab3fb1b,REGISTERED,2026-03-22 05:23:59.890731+00:00,,PRESENT,
1112,fb518144-8d76-42a9-a016-6da13e385137,256b281f-27a3-4756-9132-21f4a6f1d868,REGISTERED,2026-03-17 13:51:47.012631+00:00,,ABSENT,
1113,fb518144-8d76-42a9-a016-6da13e385137,51e00143-3f66-4030-bf3a-b154f7d7512a,REGISTERED,2026-03-20 00:45:45.366492+00:00,,ABSENT,
1114,fb518144-8d76-42a9-a016-6da13e385137,b6a8879c-3ed7-476d-8f1c-47f8f344f70d,REGISTERED,2026-03-30 11:25:38.252493+00:00,,PRESENT,
1115,fb518144-8d76-42a9-a016-6da13e385137,c3f44d1a-e988-4b73-a7f1-9fe2fbfeaaca,REGISTERED,2026-03-17 20:41:31.344679+00:00,,PRESENT,
1116,fb518144-8d76-42a9-a016-6da13e385137,aea65023-ce55-417a-a93c-d43c8afc615f,REGISTERED,2026-03-22 11:11:38.072297+00:00,,PRESENT,
1117,fb518144-8d76-42a9-a016-6da13e385137,91e9323a-e856-492f-b6b6-379bc6570add,REGISTERED,2026-03-16 00:16:52.100011+00:00,,ABSENT,
1118,fb518144-8d76-42a9-a016-6da13e385137,eaaf4ff9-389b-4404-8570-7d2997f37220,REGISTERED,2026-03-19 00:50:47.920887+00:00,,PRESENT,
1119,fb518144-8d76-42a9-a016-6da13e385137,cd89616a-bb20-4989-b720-04dac27a609b,REGISTERED,2026-03-22 02:05:55.714824+00:00,,PRESENT,
1120,fb518144-8d76-42a9-a016-6da13e385137,8f774f8b-da2a-4c78-929b-0896a8c710b9,REGISTERED,2026-03-18 17:14:16.344469+00:00,,PRESENT,
1121,fb518144-8d76-42a9-a016-6da13e385137,9d09832f-ff19-4c77-9c05-12881b06c117,REGISTERED,2026-03-23 01:10:45.797119+00:00,,PRESENT,
1122,fb518144-8d76-42a9-a016-6da13e385137,d3a11e22-80f0-4ba2-bbb9-8e0549c5deb0,REGISTERED,2026-03-17 17:38:32.727976+00:00,,PRESENT,
1123,fb518144-8d76-42a9-a016-6da13e385137,8d973db4-761f-47fc-a137-ab4ad30532c7,REGISTERED,2026-03-13 21:24:51.722575+00:00,,ABSENT,
1124,fb518144-8d76-42a9-a016-6da13e385137,05ebad91-5c0a-406d-b835-141c19b231e0,REGISTERED,2026-03-22 12:19:15.413656+00:00,,PRESENT,
1125,fb518144-8d76-42a9-a016-6da13e385137,0aa6c832-d272-493b-af96-e53a16a8ba84,REGISTERED,2026-03-27 09:00:51.390187+00:00,,PRESENT,
1126,fb518144-8d76-42a9-a016-6da13e385137,e684e654-4778-457f-88f4-600f7b349c6a,REGISTERED,2026-03-29 10:40:07.433334+00:00,,PRESENT,
1127,fb518144-8d76-42a9-a016-6da13e385137,b945f48a-ccc4-43f6-928b-e2c1f46146b6,REGISTERED,2026-03-21 18:43:19.810063+00:00,,PRESENT,
1128,fb518144-8d76-42a9-a016-6da13e385137,84e69d57-36b1-481d-a823-b2bb1e0eff7b,REGISTERED,2026-03-24 19:57:57.426917+00:00,,PRESENT,
1129,fb518144-8d76-42a9-a016-6da13e385137,75c4fd88-9e44-46ab-b324-a068f16ab956,CANCELLED,2026-03-12 08:42:12.420252+00:00,2026-03-30 06:43:14.011619+00:00,PENDING,Inscription faite par erreur.
1130,9edabc77-5b3a-496b-8e56-ec85fd13d351,65f45148-d34d-4ca8-b231-ff27af7e1083,REGISTERED,2026-02-23 13:48:36.960051+00:00,,PENDING,
1131,9edabc77-5b3a-496b-8e56-ec85fd13d351,8e39130a-e867-4106-91d8-13206ebbc96a,REGISTERED,2026-02-07 04:10:52.350537+00:00,,PENDING,
1132,9edabc77-5b3a-496b-8e56-ec85fd13d351,6531a0f2-47b9-4582-85c5-5d1479aedfd0,REGISTERED,2026-04-10 04:41:36.285859+00:00,,PENDING,
1133,9edabc77-5b3a-496b-8e56-ec85fd13d351,ab6db78b-7377-4bd2-b600-5e71d3b60e91,REGISTERED,2026-03-18 19:32:53.788468+00:00,,PENDING,
1134,9edabc77-5b3a-496b-8e56-ec85fd13d351,c2c17b8a-e8e3-4734-8a5d-558dcb795104,REGISTERED,2026-02-10 04:19:59.498090+00:00,,PENDING,
1135,9edabc77-5b3a-496b-8e56-ec85fd13d351,f5a200ca-45a2-445d-906e-548d24f00cd6,REGISTERED,2026-03-20 20:04:58.506072+00:00,,PENDING,
1136,9edabc77-5b3a-496b-8e56-ec85fd13d351,4696641d-ca0e-4d94-9047-ade0d245ddb5,REGISTERED,2026-03-15 06:47:05.841187+00:00,,PENDING,
1137,9edabc77-5b3a-496b-8e56-ec85fd13d351,9670db24-9fbd-4eae-8798-eee73b7f38b0,REGISTERED,2026-04-07 07:12:19.206015+00:00,,PENDING,
1138,9edabc77-5b3a-496b-8e56-ec85fd13d351,14982b70-3b85-4fff-9449-0f42ce2dd336,REGISTERED,2026-03-10 18:44:29.798284+00:00,,PENDING,
1139,9edabc77-5b3a-496b-8e56-ec85fd13d351,72efd112-3855-4a02-9572-9799474fbdf0,REGISTERED,2026-03-27 23:39:23.456415+00:00,,PENDING,
1140,9edabc77-5b3a-496b-8e56-ec85fd13d351,2b117fb4-0476-4220-9e19-f00fccae94a5,REGISTERED,2026-04-08 07:45:20.303584+00:00,,PENDING,
1141,9edabc77-5b3a-496b-8e56-ec85fd13d351,1c8aea5a-7709-44a0-898c-a882a974318f,REGISTERED,2026-01-25 12:07:58.866687+00:00,,PENDING,
1142,9edabc77-5b3a-496b-8e56-ec85fd13d351,e3a19585-197c-4218-9d75-752360108ba0,REGISTERED,2026-04-08 06:15:37.631382+00:00,,PENDING,
1143,9edabc77-5b3a-496b-8e56-ec85fd13d351,3d995ed0-a816-4b0a-8bb4-eaf99e325783,REGISTERED,2026-04-14 17:18:15.135144+00:00,,PENDING,
1144,9edabc77-5b3a-496b-8e56-ec85fd13d351,bc82679b-60ac-4cb8-a2c8-90cf85491d9f,REGISTERED,2026-03-21 09:37:33.388488+00:00,,PENDING,
1145,afb200a6-0db9-47d9-81dc-668cf0ffd251,18aee4d1-ff77-49a2-bce1-9d47c65368ae,REGISTERED,2026-01-06 12:44:21.424997+00:00,,PENDING,
1146,afb200a6-0db9-47d9-81dc-668cf0ffd251,d2143c02-7643-4dad-9edd-73d7e485eec7,REGISTERED,2026-02-07 03:30:37.228212+00:00,,PENDING,
1147,afb200a6-0db9-47d9-81dc-668cf0ffd251,4cc0e55c-8eeb-4f90-96d2-dedd8a565e1b,REGISTERED,2026-01-14 06:00:12.275184+00:00,,PENDING,
1148,afb200a6-0db9-47d9-81dc-668cf0ffd251,82015a98-3b01-41dc-9cac-7c689d1a99b7,CANCELLED,2026-01-11 04:24:45.100486+00:00,2026-03-13 16:53:58.793212+00:00,PENDING,Charge de travail incompatible avec l’événement.
1149,afb200a6-0db9-47d9-81dc-668cf0ffd251,11e4bafe-f46f-4714-ae79-46782f98afcc,REGISTERED,2026-02-08 12:53:50.877313+00:00,,PENDING,
1150,afb200a6-0db9-47d9-81dc-668cf0ffd251,1d564304-c607-4b67-b00b-0c3c6644f9c6,REGISTERED,2026-03-12 01:33:30.778996+00:00,,PENDING,
1151,afb200a6-0db9-47d9-81dc-668cf0ffd251,f2adb223-abf2-4dde-8eb2-d0e031d07e62,REGISTERED,2026-04-14 11:51:41.489877+00:00,,PENDING,
1152,afb200a6-0db9-47d9-81dc-668cf0ffd251,85fcc4be-726c-4bcd-9bc6-c969daa3cd3e,REGISTERED,2026-01-08 15:12:33.056323+00:00,,PENDING,
1153,afb200a6-0db9-47d9-81dc-668cf0ffd251,d264ec2d-d6b4-4a68-a16e-2ce4e95ca174,REGISTERED,2026-02-15 11:36:00.438693+00:00,,PENDING,
1154,afb200a6-0db9-47d9-81dc-668cf0ffd251,c3cebde2-04c5-4bd6-8742-5138c5699944,REGISTERED,2026-01-05 07:05:44.751285+00:00,,PENDING,
1155,afb200a6-0db9-47d9-81dc-668cf0ffd251,b9c5c31c-70c5-4d31-b5fa-06019974af0a,REGISTERED,2026-02-23 12:09:16.731237+00:00,,PENDING,
1156,afb200a6-0db9-47d9-81dc-668cf0ffd251,a1c5d618-8d96-458c-8e77-e2adbc9f6c23,REGISTERED,2026-02-06 23:13:06.306850+00:00,,PENDING,
1157,afb200a6-0db9-47d9-81dc-668cf0ffd251,d46bbc33-a6b9-4170-bdd9-62088f76392b,REGISTERED,2026-01-15 00:51:47.610790+00:00,,PENDING,
1158,afb200a6-0db9-47d9-81dc-668cf0ffd251,8062edae-a09d-450b-b9e9-61d162542cc6,REGISTERED,2026-02-18 03:22:39.049068+00:00,,PENDING,
1159,afb200a6-0db9-47d9-81dc-668cf0ffd251,50b973db-8479-47e1-8c19-f51f4998a03c,REGISTERED,2026-02-25 07:23:51.686761+00:00,,PENDING,
1160,afb200a6-0db9-47d9-81dc-668cf0ffd251,915de5a6-4e56-45a3-9ec0-f304a3b83653,REGISTERED,2026-01-29 05:09:14.356575+00:00,,PENDING,
1161,afb200a6-0db9-47d9-81dc-668cf0ffd251,99ce0eb9-db3b-4ba1-9d7e-a6e10271bb8c,REGISTERED,2026-04-15 00:59:42.474439+00:00,,PENDING,
1162,afb200a6-0db9-47d9-81dc-668cf0ffd251,3ce5d8ff-3af6-4183-83e3-d0fad13a6ef1,REGISTERED,2026-02-20 07:38:53.777496+00:00,,PENDING,
1163,afb200a6-0db9-47d9-81dc-668cf0ffd251,8d96e8da-9993-495a-a0c2-848796ac710e,REGISTERED,2026-02-02 13:32:31.702775+00:00,,PENDING,
1164,afb200a6-0db9-47d9-81dc-668cf0ffd251,9ac7d884-9c16-4fa3-b896-884afda9c096,REGISTERED,2026-04-17 14:11:54.037037+00:00,,PENDING,
1165,558f4ece-d28f-4f60-a1ed-0fc59ecd077f,e8c415aa-cfd6-4935-9dbf-646291d2e9c0,CANCELLED,2026-03-14 17:52:55.482556+00:00,2026-04-02 20:47:06.571933+00:00,PENDING,Déplacement professionnel confirmé.
1166,558f4ece-d28f-4f60-a1ed-0fc59ecd077f,d3db882a-0f69-4757-86d7-7684ed050599,REGISTERED,2026-03-05 17:05:53.384652+00:00,,PRESENT,
1167,558f4ece-d28f-4f60-a1ed-0fc59ecd077f,edc57913-68cf-4b04-a356-052f6ffdbcff,CANCELLED,2026-03-03 14:04:03.878842+00:00,2026-04-10 01:27:41.205659+00:00,PENDING,Inscription faite par erreur.
1168,558f4ece-d28f-4f60-a1ed-0fc59ecd077f,0b0392ac-a14f-455e-86b0-ae00fdfdf1f6,REGISTERED,2026-03-16 11:15:05.783970+00:00,,PRESENT,
1169,558f4ece-d28f-4f60-a1ed-0fc59ecd077f,608ced08-9e47-4568-b2c6-81b0a7fdf075,CANCELLED,2026-03-21 21:34:31.716144+00:00,2026-03-31 17:10:32.574077+00:00,PENDING,Contrainte de planning de dernière minute.
1170,558f4ece-d28f-4f60-a1ed-0fc59ecd077f,206f3caa-e4f4-4c32-9bbe-a77b272bce88,REGISTERED,2026-03-02 15:14:49.588457+00:00,,PRESENT,
1171,558f4ece-d28f-4f60-a1ed-0fc59ecd077f,da7d8ca8-db94-48b0-87a9-6c6a4d12c1cb,REGISTERED,2026-03-21 15:18:41.145963+00:00,,PRESENT,
1172,558f4ece-d28f-4f60-a1ed-0fc59ecd077f,4bd7d747-9088-4441-a4ca-12c5a3c80cfb,REGISTERED,2026-03-12 14:15:11.543499+00:00,,PRESENT,
1173,558f4ece-d28f-4f60-a1ed-0fc59ecd077f,db865006-8f7f-49f3-a2b6-c29e656c8004,REGISTERED,2026-03-09 03:12:26.330432+00:00,,PRESENT,
1174,558f4ece-d28f-4f60-a1ed-0fc59ecd077f,83d4670d-ba55-4ec7-9348-24a2b2c1d40f,REGISTERED,2026-03-16 09:01:58.977738+00:00,,PRESENT,
1175,558f4ece-d28f-4f60-a1ed-0fc59ecd077f,f13df37c-d98f-46b6-94f2-685c946a87c1,REGISTERED,2026-03-10 17:40:26.017577+00:00,,PRESENT,
1176,558f4ece-d28f-4f60-a1ed-0fc59ecd077f,1a5ca586-55ef-4c1b-9c5f-2f5b56931420,REGISTERED,2026-03-07 16:41:03.834014+00:00,,PRESENT,
1177,558f4ece-d28f-4f60-a1ed-0fc59ecd077f,e50d8d05-5cc4-4343-b6bc-1df1b3f3d22f,REGISTERED,2026-02-28 16:03:10.117425+00:00,,PRESENT,
1178,558f4ece-d28f-4f60-a1ed-0fc59ecd077f,be09ca96-c6bc-47f0-8da2-2fe50ad27d22,REGISTERED,2026-03-18 08:11:51.313504+00:00,,PRESENT,
1179,558f4ece-d28f-4f60-a1ed-0fc59ecd077f,38cdd74c-b750-4e7c-89b5-9d66dac401b5,CANCELLED,2026-03-18 18:56:47.725038+00:00,2026-03-30 19:26:50.780315+00:00,PENDING,Indisponibilité personnelle signalée.
1180,558f4ece-d28f-4f60-a1ed-0fc59ecd077f,786cfe59-0bda-4930-9ccd-c6d0ff02b662,REGISTERED,2026-03-03 00:53:55.230966+00:00,,PRESENT,
1181,558f4ece-d28f-4f60-a1ed-0fc59ecd077f,cba90a11-1840-4896-baf9-ad4c1723a01f,REGISTERED,2026-03-22 22:45:15.561196+00:00,,PRESENT,
1182,558f4ece-d28f-4f60-a1ed-0fc59ecd077f,1a7b75b9-6dfb-43ac-8df5-e9d9c7ef26d8,CANCELLED,2026-02-28 23:14:41.773508+00:00,2026-03-13 22:03:36.077278+00:00,PENDING,Contrainte de planning de dernière minute.
1183,558f4ece-d28f-4f60-a1ed-0fc59ecd077f,d8820e49-04ca-49fb-ae6e-24da3db841fb,REGISTERED,2026-02-28 21:33:12.753534+00:00,,ABSENT,
1184,558f4ece-d28f-4f60-a1ed-0fc59ecd077f,320bb62b-bc55-479e-a685-a27deaf87f3a,REGISTERED,2026-03-08 11:13:07.261148+00:00,,ABSENT,
1185,558f4ece-d28f-4f60-a1ed-0fc59ecd077f,d2143c02-7643-4dad-9edd-73d7e485eec7,CANCELLED,2026-03-01 00:06:13.220349+00:00,2026-03-14 07:10:52.475484+00:00,PENDING,Absence validée par le manager.
1186,558f4ece-d28f-4f60-a1ed-0fc59ecd077f,65f45148-d34d-4ca8-b231-ff27af7e1083,REGISTERED,2026-03-16 09:11:52.079674+00:00,,PRESENT,
1187,558f4ece-d28f-4f60-a1ed-0fc59ecd077f,9c80f797-b35a-496e-a518-bd9b32ba13b9,REGISTERED,2026-03-24 13:08:54.190890+00:00,,PRESENT,
1188,558f4ece-d28f-4f60-a1ed-0fc59ecd077f,dafc105e-50d6-45fc-881b-f8c7648a1d01,CANCELLED,2026-03-19 09:34:46.099702+00:00,2026-04-09 21:19:11.681926+00:00,PENDING,Invitation déclinée après réévaluation.
1189,558f4ece-d28f-4f60-a1ed-0fc59ecd077f,77eda781-2f0d-483f-8875-14af3485c071,REGISTERED,2026-03-23 10:59:03.334259+00:00,,PRESENT,
1190,558f4ece-d28f-4f60-a1ed-0fc59ecd077f,bfe891b4-9403-4989-a44e-4cc7c30638a2,REGISTERED,2026-03-13 09:10:17.355670+00:00,,PRESENT,
1191,558f4ece-d28f-4f60-a1ed-0fc59ecd077f,aa4e1ebb-5f2c-431e-b14c-49099924347c,REGISTERED,2026-03-17 13:58:22.701601+00:00,,PRESENT,
1192,558f4ece-d28f-4f60-a1ed-0fc59ecd077f,74164678-a923-474f-9942-ef98874b21a7,REGISTERED,2026-03-10 23:04:21.786756+00:00,,PRESENT,
1193,558f4ece-d28f-4f60-a1ed-0fc59ecd077f,bec21b43-0b9a-4b14-aec4-4493b6192e37,REGISTERED,2026-03-20 01:42:23.452711+00:00,,PRESENT,
1194,558f4ece-d28f-4f60-a1ed-0fc59ecd077f,d39a524e-7c94-4fbb-ae92-88b5fbdeaeb8,REGISTERED,2026-03-09 14:41:19.775327+00:00,,PRESENT,
1195,558f4ece-d28f-4f60-a1ed-0fc59ecd077f,6487383a-0fb9-4616-a52e-d9a0ba69cc53,REGISTERED,2026-03-23 17:24:26.487660+00:00,,PRESENT,
1196,558f4ece-d28f-4f60-a1ed-0fc59ecd077f,7b5a28c5-3946-4a3b-ad59-fc33a2e44d00,REGISTERED,2026-03-25 07:19:54.651638+00:00,,PRESENT,
1197,558f4ece-d28f-4f60-a1ed-0fc59ecd077f,dc77d7ee-0010-4612-9a40-e655be92d3eb,REGISTERED,2026-03-06 00:48:53.588429+00:00,,PRESENT,
1198,558f4ece-d28f-4f60-a1ed-0fc59ecd077f,054fbfd5-4987-4e74-981e-7720556bff7c,CANCELLED,2026-03-24 02:48:47.695167+00:00,2026-04-06 06:37:36.861928+00:00,PENDING,Contrainte de planning de dernière minute.
1199,558f4ece-d28f-4f60-a1ed-0fc59ecd077f,2cd12ab6-9690-4f95-a135-d3dc346ec176,REGISTERED,2026-03-21 02:22:42.893030+00:00,,PRESENT,
1200,3b08411c-ea85-4d0e-881a-429109db94af,9d09832f-ff19-4c77-9c05-12881b06c117,REGISTERED,2026-03-15 20:25:37.736061+00:00,,PENDING,
1201,3b08411c-ea85-4d0e-881a-429109db94af,f8d7dc0b-5a3b-44ee-98f3-b79e6f774b1e,REGISTERED,2026-04-01 14:33:45.802076+00:00,,PENDING,
1202,3b08411c-ea85-4d0e-881a-429109db94af,5b666a1b-6391-46d4-8c0c-b2e34ab3fb1b,REGISTERED,2026-04-16 09:11:55.028230+00:00,,PENDING,
1203,3b08411c-ea85-4d0e-881a-429109db94af,368b0c1f-2b18-45ae-8c55-7445a2e631bc,REGISTERED,2026-03-14 13:52:45.581505+00:00,,PENDING,
1204,3b08411c-ea85-4d0e-881a-429109db94af,8f774f8b-da2a-4c78-929b-0896a8c710b9,CANCELLED,2026-04-27 19:38:44.542466+00:00,2026-04-30 04:15:07.262505+00:00,PENDING,Indisponibilité personnelle signalée.
1205,660562e1-b72c-4e8f-bdc6-4362b6ba0774,ee1c4d3b-ec68-41f3-b7f1-58779c7a6bd9,REGISTERED,2026-04-09 22:39:38.400762+00:00,,PENDING,
1206,660562e1-b72c-4e8f-bdc6-4362b6ba0774,dc305b07-816b-4ee2-869d-98231db9d646,REGISTERED,2026-03-19 23:24:38.933248+00:00,,PENDING,
1207,660562e1-b72c-4e8f-bdc6-4362b6ba0774,8f1b219c-c56a-41c1-88e4-b541304785b8,REGISTERED,2026-03-26 04:41:10.411166+00:00,,PENDING,
1208,660562e1-b72c-4e8f-bdc6-4362b6ba0774,f94cae4d-1651-4cf9-829f-4b10982ab3a1,REGISTERED,2026-04-30 03:09:33.859380+00:00,,PENDING,
1209,660562e1-b72c-4e8f-bdc6-4362b6ba0774,9246a4a8-fa4c-48db-84c1-bcec80300b95,REGISTERED,2026-03-19 21:54:04.171643+00:00,,PENDING,
1210,660562e1-b72c-4e8f-bdc6-4362b6ba0774,4a0da242-8758-4153-94cc-b7593207978b,REGISTERED,2026-03-16 14:39:38.728542+00:00,,PENDING,
1211,660562e1-b72c-4e8f-bdc6-4362b6ba0774,278dc842-25a6-4a12-919b-ae5cb5106a96,REGISTERED,2026-04-30 08:44:25.581216+00:00,,PENDING,
1212,660562e1-b72c-4e8f-bdc6-4362b6ba0774,786ba2a2-fd55-4c3c-82a9-6ab4566b3717,REGISTERED,2026-04-07 03:24:22.674835+00:00,,PENDING,
1213,c63b2370-25af-4d8f-9320-7226692b196b,4c9ed491-fd91-409f-a4ce-61dddd56f08f,REGISTERED,2026-02-24 15:11:54.203564+00:00,,ABSENT,
1214,c63b2370-25af-4d8f-9320-7226692b196b,79456f8d-6ac6-4880-873b-04763ea7326d,REGISTERED,2026-02-07 07:22:07.228250+00:00,,PRESENT,
1215,c63b2370-25af-4d8f-9320-7226692b196b,79ecd19f-9a6a-4019-aeab-38a61af2036b,CANCELLED,2026-02-12 19:03:54.654530+00:00,2026-02-14 23:17:36.303662+00:00,PENDING,Erreur de choix de créneau.
1216,c63b2370-25af-4d8f-9320-7226692b196b,04ebe506-cbfc-450e-9f9f-21e8320c892b,REGISTERED,2026-02-17 04:12:34.004009+00:00,,PRESENT,
1217,c63b2370-25af-4d8f-9320-7226692b196b,702b5919-6fb5-46fa-8a5a-e0c7f8f37c74,REGISTERED,2026-04-10 02:53:18.310102+00:00,,PRESENT,
1218,c63b2370-25af-4d8f-9320-7226692b196b,2a5fc018-eeb8-406f-83fc-1862252f93b0,REGISTERED,2026-03-13 13:49:25.965011+00:00,,PRESENT,
1219,c63b2370-25af-4d8f-9320-7226692b196b,27450660-9126-425f-8a4c-ee13055c3619,REGISTERED,2026-02-10 09:49:35.235362+00:00,,PRESENT,
1220,c63b2370-25af-4d8f-9320-7226692b196b,a76c196d-d55a-489a-9e41-2892f1411a8b,REGISTERED,2026-03-04 08:51:54.725343+00:00,,PRESENT,
1221,c63b2370-25af-4d8f-9320-7226692b196b,b03521e4-0ebe-4648-ac5a-5daa0bee8b89,REGISTERED,2026-02-05 02:20:35.950082+00:00,,PRESENT,
1222,c63b2370-25af-4d8f-9320-7226692b196b,da6180bb-789f-4ba7-887c-08f5033ce3bd,REGISTERED,2026-04-03 19:03:03.095583+00:00,,PRESENT,
1223,c63b2370-25af-4d8f-9320-7226692b196b,542706cb-ff1a-4d9a-9b3d-621e4e7fe4bb,REGISTERED,2026-01-23 03:14:29.403817+00:00,,PRESENT,
1224,c63b2370-25af-4d8f-9320-7226692b196b,a6d83b47-4658-4d4e-833d-7ef6e7cf2e94,REGISTERED,2026-01-15 20:50:51.828085+00:00,,PRESENT,
1225,c63b2370-25af-4d8f-9320-7226692b196b,83591bb5-b0a5-432a-9670-a236e11cbb0b,REGISTERED,2026-03-18 06:30:21.799768+00:00,,PRESENT,
1226,c63b2370-25af-4d8f-9320-7226692b196b,76cbf7c4-1a28-4125-bb2c-8e192a892807,REGISTERED,2026-02-21 15:05:22.312293+00:00,,PRESENT,
1227,c63b2370-25af-4d8f-9320-7226692b196b,63c7f6a6-1fb9-467e-a32c-b7f7fbd263d6,REGISTERED,2026-04-17 20:26:55.472393+00:00,,PRESENT,
1228,c63b2370-25af-4d8f-9320-7226692b196b,de60686f-1075-42f6-8d70-c65c29ff1620,REGISTERED,2026-01-31 22:25:23.728044+00:00,,PRESENT,
1229,c63b2370-25af-4d8f-9320-7226692b196b,36a7aa14-d53e-4d7a-9df0-346370185c99,REGISTERED,2026-02-17 17:15:07.586603+00:00,,PRESENT,
1230,c63b2370-25af-4d8f-9320-7226692b196b,ac16955a-100a-49c4-9550-f3e3c118b812,REGISTERED,2026-04-03 18:26:23.981896+00:00,,PRESENT,
1231,c63b2370-25af-4d8f-9320-7226692b196b,6c72c3eb-81e1-402e-8b91-1b315094e27e,REGISTERED,2026-03-17 13:14:49.583011+00:00,,PRESENT,
1232,c63b2370-25af-4d8f-9320-7226692b196b,036311af-4d37-429f-bcee-1957beb2bdf5,REGISTERED,2026-02-06 16:39:31.920002+00:00,,PRESENT,
1233,c63b2370-25af-4d8f-9320-7226692b196b,8e9296c5-bcd9-48b9-a595-2c11e6d596ef,REGISTERED,2026-04-14 20:23:05.836153+00:00,,PRESENT,
1234,c63b2370-25af-4d8f-9320-7226692b196b,c590c49a-6aa2-4b9e-b7ef-8de08d64a34f,REGISTERED,2026-01-22 16:32:27.277312+00:00,,PRESENT,
1235,c63b2370-25af-4d8f-9320-7226692b196b,f5856cb1-16f0-45c5-83c8-8332602c0554,REGISTERED,2026-03-28 19:12:11.305840+00:00,,PRESENT,
1236,c63b2370-25af-4d8f-9320-7226692b196b,28ac5ef3-c8dc-4aa9-97a4-4bd90a55268b,REGISTERED,2026-02-04 03:16:35.433711+00:00,,PRESENT,
1237,c63b2370-25af-4d8f-9320-7226692b196b,f88e79f6-5cdb-401c-9b0a-0035434d7b18,REGISTERED,2026-04-12 03:56:22.916622+00:00,,PRESENT,
1238,c63b2370-25af-4d8f-9320-7226692b196b,4abcf7de-7bd9-4a8b-8086-69d62985a420,REGISTERED,2026-02-17 22:39:56.942393+00:00,,PRESENT,
1239,c63b2370-25af-4d8f-9320-7226692b196b,d37584ec-a50a-4b61-84db-4ad4f2629fd7,REGISTERED,2026-01-29 16:33:17.750491+00:00,,PRESENT,
1240,c63b2370-25af-4d8f-9320-7226692b196b,039ce623-075d-4c69-9235-d786fde3bf5a,REGISTERED,2026-03-20 11:49:21.352308+00:00,,ABSENT,
1241,c63b2370-25af-4d8f-9320-7226692b196b,7f5ff8e9-537d-4aa6-b713-4dfdab32e67a,REGISTERED,2026-01-31 17:53:21.370168+00:00,,PRESENT,
1242,c63b2370-25af-4d8f-9320-7226692b196b,622dbe54-2ae7-45b3-9c3e-e10174715762,REGISTERED,2026-01-17 11:24:01.241240+00:00,,PRESENT,
1243,c63b2370-25af-4d8f-9320-7226692b196b,d39a524e-7c94-4fbb-ae92-88b5fbdeaeb8,REGISTERED,2026-01-14 12:03:28.216900+00:00,,PRESENT,
1244,c63b2370-25af-4d8f-9320-7226692b196b,8de3a1bf-0867-4629-9291-42a74caf9008,REGISTERED,2026-04-08 23:48:41.572065+00:00,,PRESENT,
1245,c63b2370-25af-4d8f-9320-7226692b196b,96f88851-c0d4-41cf-be20-b08886bc6e6c,REGISTERED,2026-01-13 06:30:48.563668+00:00,,PRESENT,
1246,c63b2370-25af-4d8f-9320-7226692b196b,7dddaa8e-deb1-42ed-88bb-dc5a16514cdc,REGISTERED,2026-02-04 11:59:50.980144+00:00,,PRESENT,
1247,c63b2370-25af-4d8f-9320-7226692b196b,6a808ecc-aa5f-46f7-9473-e17d132330cd,REGISTERED,2026-04-01 09:52:23.293114+00:00,,PRESENT,
1248,c63b2370-25af-4d8f-9320-7226692b196b,38f134e4-e62f-4bb9-a0f5-99a23ed433c7,REGISTERED,2026-04-16 14:00:47.894418+00:00,,PRESENT,
1249,c63b2370-25af-4d8f-9320-7226692b196b,e51471b8-8541-4d90-8b64-727da5b9cb07,REGISTERED,2026-03-20 00:36:36.101753+00:00,,PRESENT,
1250,c63b2370-25af-4d8f-9320-7226692b196b,1b521727-2b9c-4bae-a8f2-c0b975bf998b,REGISTERED,2026-03-10 22:23:14.279548+00:00,,PRESENT,
1251,c63b2370-25af-4d8f-9320-7226692b196b,eb004ec6-6884-44b6-8aae-0caf60444601,REGISTERED,2026-03-09 05:22:04.161834+00:00,,PRESENT,
1252,c63b2370-25af-4d8f-9320-7226692b196b,a40aa065-08ee-47e0-9fe4-04100a58e6f1,REGISTERED,2026-02-17 22:45:00.687815+00:00,,PRESENT,
1253,c63b2370-25af-4d8f-9320-7226692b196b,3f6cb692-1581-4462-b260-3cad29f36489,REGISTERED,2026-02-12 20:46:07.530040+00:00,,PRESENT,
1254,c63b2370-25af-4d8f-9320-7226692b196b,2b1a62e7-f4c9-4a41-b2af-ca2285e01546,REGISTERED,2026-02-01 04:42:30.324782+00:00,,ABSENT,
1255,c63b2370-25af-4d8f-9320-7226692b196b,320bb62b-bc55-479e-a685-a27deaf87f3a,CANCELLED,2026-03-06 04:32:04.178844+00:00,2026-04-28 17:40:01.083518+00:00,PENDING,Modification de l’agenda projet.
1256,c63b2370-25af-4d8f-9320-7226692b196b,a7450ed8-f67b-4a15-a99a-a9fa649b6fd6,REGISTERED,2026-01-11 06:36:24.407476+00:00,,PRESENT,
1257,c63b2370-25af-4d8f-9320-7226692b196b,82acf793-5875-4b86-a2c7-7bfc77ca1687,REGISTERED,2026-04-04 03:47:45.615400+00:00,,PRESENT,
1258,c63b2370-25af-4d8f-9320-7226692b196b,ef6c19c9-41fb-4663-b095-fd6f807954ec,REGISTERED,2026-02-01 19:26:56.429647+00:00,,PRESENT,
1259,c63b2370-25af-4d8f-9320-7226692b196b,e8dda1ab-4e22-4b44-b642-16d429b530e6,REGISTERED,2026-02-25 16:03:31.679080+00:00,,PRESENT,
1260,c63b2370-25af-4d8f-9320-7226692b196b,ebabeeab-3d61-4de8-9cc1-9896c30de71c,REGISTERED,2026-01-29 02:36:24.233644+00:00,,PRESENT,
1261,c63b2370-25af-4d8f-9320-7226692b196b,c58f7dbd-9a6d-4c3f-bed8-75f484e20259,REGISTERED,2026-04-10 01:25:19.273179+00:00,,PRESENT,
1262,c63b2370-25af-4d8f-9320-7226692b196b,76d0d2a2-4118-4160-aa2f-d3e4e8396d50,REGISTERED,2026-03-29 04:36:07.823355+00:00,,ABSENT,
1263,c63b2370-25af-4d8f-9320-7226692b196b,553aa3f4-b0d4-4902-96eb-9580f1ab5102,REGISTERED,2026-02-03 01:20:46.756921+00:00,,PRESENT,
1264,c63b2370-25af-4d8f-9320-7226692b196b,9f62bec9-e71d-4e58-8eb0-f51c0c93bd4e,REGISTERED,2026-02-17 06:46:27.735724+00:00,,PRESENT,
1265,c63b2370-25af-4d8f-9320-7226692b196b,c3b0f176-69f0-4028-872a-0091128bf3a7,REGISTERED,2026-02-03 06:21:57.908641+00:00,,PRESENT,
1266,c63b2370-25af-4d8f-9320-7226692b196b,71c79692-c503-4f92-9e3b-427e5c06bcf3,REGISTERED,2026-02-22 09:15:46.602101+00:00,,PRESENT,
1267,c63b2370-25af-4d8f-9320-7226692b196b,2620e675-d3ba-4ca5-85bf-2dd08f05bca7,REGISTERED,2026-02-17 11:56:06.839401+00:00,,PRESENT,
1268,c63b2370-25af-4d8f-9320-7226692b196b,d8f6a1f6-2bba-4d6b-8516-7202830f5ffb,REGISTERED,2026-03-06 10:04:51.594570+00:00,,ABSENT,
1269,c63b2370-25af-4d8f-9320-7226692b196b,0280d734-a9d4-4fa0-ab8b-772dff7f7954,REGISTERED,2026-04-01 20:25:38.974880+00:00,,PRESENT,
1270,c63b2370-25af-4d8f-9320-7226692b196b,e24ef779-8a19-45dc-82da-af12648144c1,REGISTERED,2026-02-18 03:55:41.541583+00:00,,PRESENT,
1271,c63b2370-25af-4d8f-9320-7226692b196b,ee85ed55-5fb4-47a4-8a52-97b44ea7f18e,REGISTERED,2026-04-11 05:16:19.687944+00:00,,PRESENT,
1272,b0555c13-8b9f-47bb-8a7d-20bb5b2f7869,fd980494-269c-489f-be6e-0159fbcec461,REGISTERED,2026-04-20 08:27:48.033517+00:00,,PENDING,
1273,b0555c13-8b9f-47bb-8a7d-20bb5b2f7869,9de64ac2-5823-48b6-ad5a-3f693fa94794,REGISTERED,2026-04-01 19:16:12.224549+00:00,,PENDING,
1274,b0555c13-8b9f-47bb-8a7d-20bb5b2f7869,1c8aea5a-7709-44a0-898c-a882a974318f,REGISTERED,2026-04-11 14:16:38.566385+00:00,,PENDING,
1275,b0555c13-8b9f-47bb-8a7d-20bb5b2f7869,f97a0b32-2873-4e32-aeb0-26f42cfbc29d,REGISTERED,2026-04-18 07:37:33.335952+00:00,,PENDING,
1276,b0555c13-8b9f-47bb-8a7d-20bb5b2f7869,3d995ed0-a816-4b0a-8bb4-eaf99e325783,REGISTERED,2026-04-22 22:57:28.381936+00:00,,PENDING,
1277,b0555c13-8b9f-47bb-8a7d-20bb5b2f7869,29a2042e-69ee-471d-ad13-086615962ccf,REGISTERED,2026-04-27 10:41:23.516313+00:00,,PENDING,
1278,b0555c13-8b9f-47bb-8a7d-20bb5b2f7869,e3a19585-197c-4218-9d75-752360108ba0,REGISTERED,2026-03-31 06:35:26.012253+00:00,,PENDING,
1279,b0555c13-8b9f-47bb-8a7d-20bb5b2f7869,1c000474-b3c9-4da0-aac9-d1ad3722caa2,REGISTERED,2026-04-19 15:07:05.634982+00:00,,PENDING,
1280,b0555c13-8b9f-47bb-8a7d-20bb5b2f7869,55831852-80ae-4ac9-b6c1-ecd2efaef1b7,REGISTERED,2026-04-02 06:54:34.361683+00:00,,PENDING,
1281,b0555c13-8b9f-47bb-8a7d-20bb5b2f7869,181e7e03-af2a-43ee-9324-840d14c267d3,REGISTERED,2026-03-31 16:46:16.080527+00:00,,PENDING,
1282,b0555c13-8b9f-47bb-8a7d-20bb5b2f7869,6531a0f2-47b9-4582-85c5-5d1479aedfd0,REGISTERED,2026-04-20 09:40:58.760564+00:00,,PENDING,
1283,b0555c13-8b9f-47bb-8a7d-20bb5b2f7869,a267cd55-dae7-4edb-9cd9-1ac6f46d89a0,REGISTERED,2026-03-31 02:51:12.133644+00:00,,PENDING,
1284,b0555c13-8b9f-47bb-8a7d-20bb5b2f7869,14982b70-3b85-4fff-9449-0f42ce2dd336,REGISTERED,2026-04-13 22:16:44.049168+00:00,,PENDING,
1285,2c74c491-cde5-4213-be45-126d5dfb0057,8109e1d3-64d6-452e-8d2d-8f0129c10b07,REGISTERED,2026-03-09 12:35:37.880128+00:00,,PENDING,
1286,2c74c491-cde5-4213-be45-126d5dfb0057,5e61724f-7287-442f-963a-0d5dd803249c,CANCELLED,2026-03-20 16:13:33.490366+00:00,2026-04-20 11:56:21.378565+00:00,PENDING,Inscription faite par erreur.
1287,2c74c491-cde5-4213-be45-126d5dfb0057,c96c33b2-deb4-4624-905a-4bb4eba9b66b,REGISTERED,2026-04-12 19:12:46.974652+00:00,,PENDING,
1288,2c74c491-cde5-4213-be45-126d5dfb0057,ff547326-c297-4923-8b93-97313a467f80,REGISTERED,2026-04-12 14:05:45.060639+00:00,,PENDING,
1289,2c74c491-cde5-4213-be45-126d5dfb0057,0b72711e-4f6c-4326-9ddc-3f48887a46f7,REGISTERED,2026-04-07 22:45:21.118666+00:00,,PENDING,
1290,2c74c491-cde5-4213-be45-126d5dfb0057,0255ba23-f10c-4e55-a632-f39545ad53f2,REGISTERED,2026-04-07 17:07:29.566706+00:00,,PENDING,
1291,2c74c491-cde5-4213-be45-126d5dfb0057,5cfa3cf8-4522-4c4c-8087-ae79149ab327,REGISTERED,2026-04-15 02:41:24.007965+00:00,,PENDING,
1292,2c74c491-cde5-4213-be45-126d5dfb0057,d0f4fbc4-456a-46ec-83cb-fa4972235dcc,REGISTERED,2026-04-17 20:09:02.039574+00:00,,PENDING,
1293,2c74c491-cde5-4213-be45-126d5dfb0057,5eaddab7-e9e5-496f-98cf-f1c69022ecfa,REGISTERED,2026-04-01 11:53:50.354848+00:00,,PENDING,
1294,2c74c491-cde5-4213-be45-126d5dfb0057,f0113aec-0313-48b0-883d-51e4f32687a4,REGISTERED,2026-03-22 20:01:55.944001+00:00,,PENDING,
1295,2c74c491-cde5-4213-be45-126d5dfb0057,2620e675-d3ba-4ca5-85bf-2dd08f05bca7,REGISTERED,2026-03-12 14:51:03.290685+00:00,,PENDING,
1296,2c74c491-cde5-4213-be45-126d5dfb0057,2ef6e49e-2db4-4aba-9300-2be6b73234f7,REGISTERED,2026-03-21 00:58:21.478073+00:00,,PENDING,
1297,2c74c491-cde5-4213-be45-126d5dfb0057,5360fd07-6411-454a-8bc8-066a979f5e68,REGISTERED,2026-02-16 11:04:04.893427+00:00,,PENDING,
1298,2c74c491-cde5-4213-be45-126d5dfb0057,e6693802-b58f-4be6-8509-975c7975dc5b,REGISTERED,2026-04-14 02:18:56.084071+00:00,,PENDING,
1299,2c74c491-cde5-4213-be45-126d5dfb0057,592aac8f-3efc-40e6-8749-bea31258b4be,REGISTERED,2026-04-09 08:36:37.918416+00:00,,PENDING,
1300,2c74c491-cde5-4213-be45-126d5dfb0057,c5722e37-67de-4703-9c3e-8bfefb98abe1,REGISTERED,2026-02-07 07:34:34.152918+00:00,,PENDING,
1301,2c74c491-cde5-4213-be45-126d5dfb0057,18913824-a75f-44b9-a1c5-cec90c6cd419,REGISTERED,2026-03-13 19:30:06.943141+00:00,,PENDING,
1302,2c74c491-cde5-4213-be45-126d5dfb0057,fc076384-0f92-412b-9cd2-b54ac7597f75,REGISTERED,2026-04-12 12:40:00.376385+00:00,,PENDING,
1303,2c74c491-cde5-4213-be45-126d5dfb0057,f6e7d21d-ffa2-40da-a777-6cd561fc7ca2,REGISTERED,2026-04-11 22:48:36.503716+00:00,,PENDING,
1304,2c74c491-cde5-4213-be45-126d5dfb0057,9dfc227f-7a2c-4af9-81e9-aaf98bdb8fda,REGISTERED,2026-02-20 12:11:59.482804+00:00,,PENDING,
1305,2c74c491-cde5-4213-be45-126d5dfb0057,f32fdb6b-d074-4fe9-9c58-dafa738bada1,REGISTERED,2026-02-21 17:02:02.005849+00:00,,PENDING,
1306,2c74c491-cde5-4213-be45-126d5dfb0057,374bb2b1-7239-47b4-a7f3-42a9312229af,REGISTERED,2026-02-23 17:27:52.625677+00:00,,PENDING,
1307,2c74c491-cde5-4213-be45-126d5dfb0057,912a90c4-9c49-4b06-b8aa-4363306047bd,REGISTERED,2026-02-03 21:47:56.730966+00:00,,PENDING,
1308,2c74c491-cde5-4213-be45-126d5dfb0057,770e95a3-7660-43c7-813b-e5d70b9b2ee1,REGISTERED,2026-03-25 01:08:45.310362+00:00,,PENDING,
1309,2c74c491-cde5-4213-be45-126d5dfb0057,de28480c-d0d0-4780-9b2f-53c70c8b5ed5,REGISTERED,2026-03-12 12:28:40.999701+00:00,,PENDING,
1310,2c74c491-cde5-4213-be45-126d5dfb0057,6e55651b-8ed1-4671-be45-9df63f4dbdb6,REGISTERED,2026-03-27 14:39:09.916177+00:00,,PENDING,
1311,2c74c491-cde5-4213-be45-126d5dfb0057,a7450ed8-f67b-4a15-a99a-a9fa649b6fd6,REGISTERED,2026-04-28 09:35:05.155146+00:00,,PENDING,
1312,2c74c491-cde5-4213-be45-126d5dfb0057,0e9ff6d0-1673-43bf-b1d0-6d9e99f229b3,REGISTERED,2026-03-10 13:25:21.964099+00:00,,PENDING,
1313,2c74c491-cde5-4213-be45-126d5dfb0057,e9259942-8396-473b-9057-48dcaca6a4b8,REGISTERED,2026-03-10 19:53:08.217698+00:00,,PENDING,
1314,2c74c491-cde5-4213-be45-126d5dfb0057,a7f7f5a9-460c-4634-86dd-96133ca51131,REGISTERED,2026-01-21 12:41:13.244687+00:00,,PENDING,
1315,2c74c491-cde5-4213-be45-126d5dfb0057,c6ffe56c-2cfa-45ed-8b6e-38deadfc1762,REGISTERED,2026-02-05 22:10:23.377005+00:00,,PENDING,
1316,2c74c491-cde5-4213-be45-126d5dfb0057,9164ed25-60b7-490a-8cd1-097fbea158ab,REGISTERED,2026-02-27 03:03:53.852297+00:00,,PENDING,
1317,2c74c491-cde5-4213-be45-126d5dfb0057,76d0d2a2-4118-4160-aa2f-d3e4e8396d50,REGISTERED,2026-03-26 06:05:42.803930+00:00,,PENDING,
1318,2c74c491-cde5-4213-be45-126d5dfb0057,de3055d4-4360-4203-a8f8-a1dab9fcf241,REGISTERED,2026-02-01 23:41:35.708909+00:00,,PENDING,
1319,2c74c491-cde5-4213-be45-126d5dfb0057,8195d324-ed95-44b5-a354-9232cab4e1c0,REGISTERED,2026-04-13 08:53:49.171860+00:00,,PENDING,
1320,2c74c491-cde5-4213-be45-126d5dfb0057,dac9ce9c-3e17-44ed-ac45-a48a89ca4b8d,CANCELLED,2026-03-09 04:24:54.621147+00:00,2026-04-29 07:33:00.081593+00:00,PENDING,Modification de l’agenda projet.
1321,2c74c491-cde5-4213-be45-126d5dfb0057,2aefd1c6-5b84-45ec-ba52-ac77cc48ac56,REGISTERED,2026-02-25 23:23:57.130883+00:00,,PENDING,
1322,2c74c491-cde5-4213-be45-126d5dfb0057,e9d2ff70-2c2b-4bd5-ba0f-ea608ddccc9a,REGISTERED,2026-03-17 02:51:01.146578+00:00,,PENDING,
1323,2c74c491-cde5-4213-be45-126d5dfb0057,78c254c8-e08c-423c-b031-4de7e4eb1f25,REGISTERED,2026-03-04 10:29:52.172798+00:00,,PENDING,
1324,2c74c491-cde5-4213-be45-126d5dfb0057,1a4b66de-c33c-49df-9b73-d52c3e699483,REGISTERED,2026-03-01 03:46:59.967723+00:00,,PENDING,
1325,2c74c491-cde5-4213-be45-126d5dfb0057,d55887a6-ba09-4137-817b-136eca0eb8fe,REGISTERED,2026-02-10 04:08:47.856516+00:00,,PENDING,
1326,2c74c491-cde5-4213-be45-126d5dfb0057,18aee4d1-ff77-49a2-bce1-9d47c65368ae,CANCELLED,2026-03-30 22:45:52.599591+00:00,2026-04-04 02:12:39.955842+00:00,PENDING,Inscription faite par erreur.
1327,2c74c491-cde5-4213-be45-126d5dfb0057,20272eee-ae06-4fca-93c0-854b118bb324,REGISTERED,2026-02-08 14:58:42.564872+00:00,,PENDING,
1328,b50aace0-eb21-428e-ba41-bcc486468751,0cadd3b8-6e5a-4928-af7f-885b82902a53,CANCELLED,2026-03-25 11:03:20.200481+00:00,2026-03-26 10:39:26.671573+00:00,PENDING,Invitation déclinée après réévaluation.
1329,b50aace0-eb21-428e-ba41-bcc486468751,cda07ab2-acb0-42ea-8b8d-d21f330bf70c,REGISTERED,2026-04-26 14:24:10.095065+00:00,,PENDING,
1330,b50aace0-eb21-428e-ba41-bcc486468751,78413987-8929-435c-b7e0-5a3fd9449489,REGISTERED,2026-01-10 14:47:30.392502+00:00,,PENDING,
1331,b50aace0-eb21-428e-ba41-bcc486468751,6151b758-ed55-4110-888e-d438d334a8e8,REGISTERED,2026-01-20 22:30:25.674470+00:00,,PENDING,
1332,b50aace0-eb21-428e-ba41-bcc486468751,1ee0455f-7a11-42b3-883e-1a778adfa225,REGISTERED,2026-04-21 21:55:16.517269+00:00,,PENDING,
1333,b50aace0-eb21-428e-ba41-bcc486468751,9f494bc5-731f-4f38-a367-32640bd2b56d,REGISTERED,2026-03-08 08:31:20.639606+00:00,,PENDING,
1334,b50aace0-eb21-428e-ba41-bcc486468751,0198bc4b-8443-4754-8317-49b56f81ecea,REGISTERED,2026-04-26 21:25:38.934678+00:00,,PENDING,
1335,b50aace0-eb21-428e-ba41-bcc486468751,3c0142b7-95e6-4f7f-b870-c04bcbdf37c3,REGISTERED,2026-02-23 17:21:40.709655+00:00,,PENDING,
1336,b50aace0-eb21-428e-ba41-bcc486468751,37984151-0631-4f6f-b709-904ba8c61676,CANCELLED,2026-03-09 00:54:16.043653+00:00,2026-03-20 23:36:50.117416+00:00,PENDING,Indisponibilité personnelle signalée.
1337,b50aace0-eb21-428e-ba41-bcc486468751,01803a15-0ee4-4416-9a44-f065aa0b82f0,REGISTERED,2026-04-02 09:24:16.623396+00:00,,PENDING,
1338,b50aace0-eb21-428e-ba41-bcc486468751,5bba076a-bfef-4cf9-be7b-eaf7160e722e,REGISTERED,2026-01-12 05:12:18.823601+00:00,,PENDING,
1339,b50aace0-eb21-428e-ba41-bcc486468751,0e1e47d1-e0f8-4547-aa65-ac319dba27f6,CANCELLED,2026-01-18 18:37:58.656190+00:00,2026-02-10 03:41:12.658800+00:00,PENDING,Session finalement non pertinente pour le profil.
1340,b50aace0-eb21-428e-ba41-bcc486468751,99af7d44-61e4-4858-ab38-26d8bb855d58,CANCELLED,2026-04-24 10:57:50.171721+00:00,2026-04-30 03:57:07.723832+00:00,PENDING,Inscription faite par erreur.
1341,b50aace0-eb21-428e-ba41-bcc486468751,cb17d7d1-9663-46f6-8a78-677490248001,REGISTERED,2026-02-04 01:50:49.325395+00:00,,PENDING,
1342,b50aace0-eb21-428e-ba41-bcc486468751,ea1a0264-de52-481b-a0f7-f867deda082c,REGISTERED,2026-02-02 06:21:32.606948+00:00,,PENDING,
1343,b50aace0-eb21-428e-ba41-bcc486468751,8f481282-4da5-453a-8238-b0915c33bf1d,REGISTERED,2026-04-19 12:52:57.129343+00:00,,PENDING,
1344,b50aace0-eb21-428e-ba41-bcc486468751,e50d8d05-5cc4-4343-b6bc-1df1b3f3d22f,REGISTERED,2026-03-01 02:48:08.106147+00:00,,PENDING,
1345,b50aace0-eb21-428e-ba41-bcc486468751,dc305b07-816b-4ee2-869d-98231db9d646,REGISTERED,2026-03-17 13:30:07.923728+00:00,,PENDING,
1346,197a1d29-795a-48ce-b985-599dec112422,f2adb223-abf2-4dde-8eb2-d0e031d07e62,REGISTERED,2026-02-04 11:55:15.488577+00:00,,PENDING,
1347,197a1d29-795a-48ce-b985-599dec112422,85fcc4be-726c-4bcd-9bc6-c969daa3cd3e,REGISTERED,2026-03-31 08:54:13.653924+00:00,,PENDING,
1348,197a1d29-795a-48ce-b985-599dec112422,9ac7d884-9c16-4fa3-b896-884afda9c096,REGISTERED,2026-04-03 19:30:04.885224+00:00,,PENDING,
1349,197a1d29-795a-48ce-b985-599dec112422,adf357bf-a6ea-435e-84dc-d92ef2f7cde4,REGISTERED,2026-02-23 03:57:43.201866+00:00,,PENDING,
1350,197a1d29-795a-48ce-b985-599dec112422,18aee4d1-ff77-49a2-bce1-9d47c65368ae,REGISTERED,2026-04-14 10:51:15.173485+00:00,,PENDING,
1351,197a1d29-795a-48ce-b985-599dec112422,d264ec2d-d6b4-4a68-a16e-2ce4e95ca174,REGISTERED,2026-04-28 12:08:44.201337+00:00,,PENDING,
1352,197a1d29-795a-48ce-b985-599dec112422,62f0f942-5b08-4351-9bfb-920a9b2364ec,REGISTERED,2026-03-30 21:30:17.008770+00:00,,PENDING,
1353,197a1d29-795a-48ce-b985-599dec112422,ad077160-525d-4c40-8102-623ecef44a68,REGISTERED,2026-03-01 14:27:57.100776+00:00,,PENDING,
1354,197a1d29-795a-48ce-b985-599dec112422,11e4bafe-f46f-4714-ae79-46782f98afcc,REGISTERED,2026-04-22 10:02:53.856833+00:00,,PENDING,
1355,197a1d29-795a-48ce-b985-599dec112422,82015a98-3b01-41dc-9cac-7c689d1a99b7,REGISTERED,2026-04-02 13:07:24.888154+00:00,,PENDING,
1356,197a1d29-795a-48ce-b985-599dec112422,ada33a22-047d-41f7-9001-c78a46d52ecc,REGISTERED,2026-03-27 21:39:31.176984+00:00,,PENDING,
1357,197a1d29-795a-48ce-b985-599dec112422,99ce0eb9-db3b-4ba1-9d7e-a6e10271bb8c,REGISTERED,2026-03-15 01:37:16.194808+00:00,,PENDING,
1358,197a1d29-795a-48ce-b985-599dec112422,fe585dc9-87c1-4767-acfc-0cb180014620,CANCELLED,2026-04-03 07:26:50.426350+00:00,2026-04-03 11:54:11.450983+00:00,PENDING,Déplacement professionnel confirmé.
1359,197a1d29-795a-48ce-b985-599dec112422,c3cebde2-04c5-4bd6-8742-5138c5699944,REGISTERED,2026-04-26 11:22:39.883273+00:00,,PENDING,
1360,197a1d29-795a-48ce-b985-599dec112422,a1c5d618-8d96-458c-8e77-e2adbc9f6c23,REGISTERED,2026-02-26 04:37:45.360490+00:00,,PENDING,
1361,197a1d29-795a-48ce-b985-599dec112422,db51b55f-fef8-478b-b35a-f2511f4012c2,REGISTERED,2026-04-04 03:44:21.797759+00:00,,PENDING,
1362,197a1d29-795a-48ce-b985-599dec112422,d2143c02-7643-4dad-9edd-73d7e485eec7,REGISTERED,2026-04-30 06:40:15.882012+00:00,,PENDING,
1363,197a1d29-795a-48ce-b985-599dec112422,8d96e8da-9993-495a-a0c2-848796ac710e,REGISTERED,2026-03-12 02:38:43.649146+00:00,,PENDING,
1364,197a1d29-795a-48ce-b985-599dec112422,124d31c9-67e3-4463-a3dc-e5d31d3560a1,REGISTERED,2026-02-22 06:05:31.756000+00:00,,PENDING,
1365,197a1d29-795a-48ce-b985-599dec112422,b9c5c31c-70c5-4d31-b5fa-06019974af0a,REGISTERED,2026-03-24 20:54:52.531540+00:00,,PENDING,
1366,197a1d29-795a-48ce-b985-599dec112422,8062edae-a09d-450b-b9e9-61d162542cc6,REGISTERED,2026-03-07 06:43:19.309958+00:00,,PENDING,
1367,197a1d29-795a-48ce-b985-599dec112422,915de5a6-4e56-45a3-9ec0-f304a3b83653,REGISTERED,2026-04-10 10:39:06.247490+00:00,,PENDING,
1368,197a1d29-795a-48ce-b985-599dec112422,d46bbc33-a6b9-4170-bdd9-62088f76392b,REGISTERED,2026-04-07 22:31:07.759225+00:00,,PENDING,
1369,197a1d29-795a-48ce-b985-599dec112422,23ce8810-f0b8-4d2e-8e2b-68771418b437,CANCELLED,2026-04-16 14:45:16.218629+00:00,2026-04-16 20:34:17.936407+00:00,PENDING,Session finalement non pertinente pour le profil.
1370,197a1d29-795a-48ce-b985-599dec112422,4cc0e55c-8eeb-4f90-96d2-dedd8a565e1b,REGISTERED,2026-03-29 15:18:18.730262+00:00,,PENDING,
1371,197a1d29-795a-48ce-b985-599dec112422,3ce5d8ff-3af6-4183-83e3-d0fad13a6ef1,REGISTERED,2026-02-16 22:08:18.727840+00:00,,PENDING,
1372,c5b0e7ae-467f-4687-a75b-4aadf57fd966,829eabd6-72af-4c4e-b91e-42647a56cf50,REGISTERED,2026-03-31 21:56:28.391261+00:00,,PENDING,
1373,c5b0e7ae-467f-4687-a75b-4aadf57fd966,c3f44d1a-e988-4b73-a7f1-9fe2fbfeaaca,CANCELLED,2026-04-04 20:55:08.487747+00:00,2026-04-07 17:57:42.277857+00:00,PENDING,Conflit d’horaire avec une réunion prioritaire.
1374,c5b0e7ae-467f-4687-a75b-4aadf57fd966,b5470472-a376-405f-b34f-b7e3e01322d5,REGISTERED,2026-04-28 15:00:04.158299+00:00,,PENDING,
1375,c5b0e7ae-467f-4687-a75b-4aadf57fd966,61a0e073-e937-4bac-ada2-d1c10bf8a9ed,REGISTERED,2026-03-28 18:59:39.098430+00:00,,PENDING,
1376,c5b0e7ae-467f-4687-a75b-4aadf57fd966,11e4bafe-f46f-4714-ae79-46782f98afcc,CANCELLED,2026-04-01 16:45:23.720670+00:00,2026-05-01 11:11:04.596019+00:00,PENDING,Conflit d’horaire avec une réunion prioritaire.
1377,c5b0e7ae-467f-4687-a75b-4aadf57fd966,6ed2246c-0899-4390-bcd4-1c784aa4dcbf,REGISTERED,2026-04-18 23:03:01.359037+00:00,,PENDING,
1378,c5b0e7ae-467f-4687-a75b-4aadf57fd966,938ad754-ae19-4622-bf35-e9b4fd3944cb,REGISTERED,2026-04-06 14:44:24.114428+00:00,,PENDING,
1379,c5b0e7ae-467f-4687-a75b-4aadf57fd966,f5795f69-df1e-4f2e-83bf-13391fab37a3,REGISTERED,2026-04-29 01:08:08.576771+00:00,,PENDING,
1380,c5b0e7ae-467f-4687-a75b-4aadf57fd966,96166042-3372-46a1-969f-c215f392ece8,REGISTERED,2026-04-19 20:41:40.892205+00:00,,PENDING,
1381,c5b0e7ae-467f-4687-a75b-4aadf57fd966,80773d69-c298-4c18-89cd-2c5d7b1186c9,REGISTERED,2026-04-06 00:40:30.727364+00:00,,PENDING,
1382,c5b0e7ae-467f-4687-a75b-4aadf57fd966,465719ec-e1f8-4d36-9993-f4ac5c2f5ce8,REGISTERED,2026-04-05 04:05:54.748240+00:00,,PENDING,
1383,c5b0e7ae-467f-4687-a75b-4aadf57fd966,6151b758-ed55-4110-888e-d438d334a8e8,REGISTERED,2026-04-13 16:01:09.142064+00:00,,PENDING,
1384,c5b0e7ae-467f-4687-a75b-4aadf57fd966,f0e0881e-5be2-4c7e-9a12-6c8d41853e5b,REGISTERED,2026-04-11 02:14:10.287282+00:00,,PENDING,
1385,fd436eba-88a8-4697-8b22-5ec4f27c856a,eb85b268-bb88-4119-939d-492d2322518f,REGISTERED,2026-01-23 18:30:55.356290+00:00,,PENDING,
1386,fd436eba-88a8-4697-8b22-5ec4f27c856a,3f41bf71-321e-42aa-9bc9-08d233bda92b,REGISTERED,2026-04-01 17:16:54.527256+00:00,,PENDING,
1387,fd436eba-88a8-4697-8b22-5ec4f27c856a,23cf3644-a5e7-4b7a-848c-b3c4ffc0d526,REGISTERED,2026-04-11 00:01:44.457462+00:00,,PENDING,
1388,fd436eba-88a8-4697-8b22-5ec4f27c856a,b8586f4e-0b8d-4c49-99b4-58e4ac4db671,REGISTERED,2026-03-16 18:52:01.733079+00:00,,PENDING,
1389,fd436eba-88a8-4697-8b22-5ec4f27c856a,a28bebfa-b4eb-4a1f-9fc2-0354999a2f57,REGISTERED,2026-01-28 04:26:39.568784+00:00,,PENDING,
1390,fd436eba-88a8-4697-8b22-5ec4f27c856a,f2d45b59-75cd-44be-b428-acaecb458fb7,REGISTERED,2026-04-06 16:22:55.610386+00:00,,PENDING,
1391,10440011-36d1-45cd-b0f9-29469dc42429,0b259536-155f-4e39-9154-32d25e0d2eca,REGISTERED,2026-03-09 07:39:32.572394+00:00,,PRESENT,
1392,10440011-36d1-45cd-b0f9-29469dc42429,36a7aa14-d53e-4d7a-9df0-346370185c99,REGISTERED,2026-02-26 12:57:09.235920+00:00,,ABSENT,
1393,10440011-36d1-45cd-b0f9-29469dc42429,7fe85746-fe19-422b-8bf2-d167d79a2d1a,REGISTERED,2026-01-25 19:44:43.368277+00:00,,PRESENT,
1394,10440011-36d1-45cd-b0f9-29469dc42429,f403a135-e2fa-4427-9cb5-9d55455f9b66,REGISTERED,2026-01-24 02:48:28.751951+00:00,,PRESENT,
1395,10440011-36d1-45cd-b0f9-29469dc42429,97810494-626f-45ab-bb4d-e0c09e642c34,REGISTERED,2026-02-28 09:29:37.488713+00:00,,PRESENT,
1396,10440011-36d1-45cd-b0f9-29469dc42429,00a63ee3-b72e-4d31-b5f3-e2c9113709fa,REGISTERED,2026-01-23 23:50:57.919479+00:00,,PRESENT,
1397,10440011-36d1-45cd-b0f9-29469dc42429,4d294b5a-0c54-442e-997e-8a8190b5f36e,REGISTERED,2026-01-14 04:14:51.296981+00:00,,PRESENT,
1398,10440011-36d1-45cd-b0f9-29469dc42429,cf29d572-baa2-4d38-804f-fd6f6cf8a890,REGISTERED,2026-03-08 02:20:28.508032+00:00,,PRESENT,
1399,10440011-36d1-45cd-b0f9-29469dc42429,14d940d1-b6b9-46db-ad09-0f473052b4b5,REGISTERED,2026-03-20 23:24:21.731252+00:00,,PRESENT,
1400,10440011-36d1-45cd-b0f9-29469dc42429,f94cae4d-1651-4cf9-829f-4b10982ab3a1,REGISTERED,2026-03-05 18:40:52.069813+00:00,,PRESENT,
1401,10440011-36d1-45cd-b0f9-29469dc42429,61a0e073-e937-4bac-ada2-d1c10bf8a9ed,REGISTERED,2026-03-20 11:25:36.122121+00:00,,PRESENT,
1402,10440011-36d1-45cd-b0f9-29469dc42429,5c5fb113-5843-4b29-8933-b0d016b33d25,REGISTERED,2026-01-17 19:55:21.364008+00:00,,PRESENT,
1403,10440011-36d1-45cd-b0f9-29469dc42429,65f45148-d34d-4ca8-b231-ff27af7e1083,REGISTERED,2026-01-16 11:06:36.376305+00:00,,PRESENT,
1404,10440011-36d1-45cd-b0f9-29469dc42429,2b117fb4-0476-4220-9e19-f00fccae94a5,REGISTERED,2026-03-08 17:32:18.293942+00:00,,PRESENT,
1405,10440011-36d1-45cd-b0f9-29469dc42429,876555c2-25f1-4f17-a598-ae5ea4457ee0,REGISTERED,2026-01-29 05:36:55.655728+00:00,,PRESENT,
1406,10440011-36d1-45cd-b0f9-29469dc42429,af533c93-0a75-475d-b87d-b1decc84048b,REGISTERED,2026-01-16 03:33:06.297013+00:00,,PRESENT,
1407,10440011-36d1-45cd-b0f9-29469dc42429,1a7b75b9-6dfb-43ac-8df5-e9d9c7ef26d8,REGISTERED,2026-02-10 10:50:57.674028+00:00,,PRESENT,
1408,10440011-36d1-45cd-b0f9-29469dc42429,0bbae24c-66cb-42bc-8f35-4e9d6e77ac24,REGISTERED,2026-03-20 16:54:58.070745+00:00,,PRESENT,
1409,10440011-36d1-45cd-b0f9-29469dc42429,7c86415e-73e1-4452-b345-730bd15fcbcf,REGISTERED,2026-03-26 03:27:16.804087+00:00,,PRESENT,
1410,10440011-36d1-45cd-b0f9-29469dc42429,5783b7bc-8de7-40b5-b1e8-896921098bd2,REGISTERED,2026-01-13 06:35:16.268822+00:00,,PRESENT,
1411,10440011-36d1-45cd-b0f9-29469dc42429,de28480c-d0d0-4780-9b2f-53c70c8b5ed5,REGISTERED,2026-01-21 21:32:17.580386+00:00,,PRESENT,
1412,10440011-36d1-45cd-b0f9-29469dc42429,d55887a6-ba09-4137-817b-136eca0eb8fe,REGISTERED,2026-01-10 10:03:38.856263+00:00,,PRESENT,
1413,10440011-36d1-45cd-b0f9-29469dc42429,6a02ace1-ef25-49eb-9361-c0c9a567599d,REGISTERED,2026-03-28 13:59:13.715070+00:00,,ABSENT,
1414,10440011-36d1-45cd-b0f9-29469dc42429,dd44faee-f20f-47e5-94ff-6945e2284b01,REGISTERED,2026-03-02 06:33:19.027004+00:00,,PRESENT,
1415,10440011-36d1-45cd-b0f9-29469dc42429,9164ed25-60b7-490a-8cd1-097fbea158ab,REGISTERED,2026-01-10 07:18:00.173698+00:00,,PRESENT,
1416,10440011-36d1-45cd-b0f9-29469dc42429,2282676e-c8d8-45b4-8148-cb534f3e78bb,REGISTERED,2026-03-13 22:15:39.074462+00:00,,ABSENT,
1417,10440011-36d1-45cd-b0f9-29469dc42429,f4cd3bad-4dac-4e03-9295-0b1a528ef4eb,REGISTERED,2026-01-13 02:56:07.186282+00:00,,PRESENT,
1418,10440011-36d1-45cd-b0f9-29469dc42429,85e3ccdc-ad7f-4b05-b057-8593c1f4a450,CANCELLED,2026-03-31 20:59:35.476676+00:00,2026-04-05 04:45:52.921668+00:00,PENDING,Participation remplacée par un collègue.
1419,10440011-36d1-45cd-b0f9-29469dc42429,17f812f6-c3b4-4bc7-a54b-f1133fe132f8,REGISTERED,2026-03-11 21:08:32.194638+00:00,,PRESENT,
1420,10440011-36d1-45cd-b0f9-29469dc42429,a653f1b8-2202-491e-8b31-77d92d162949,REGISTERED,2026-02-19 21:01:04.089879+00:00,,PRESENT,
1421,10440011-36d1-45cd-b0f9-29469dc42429,9500eed0-ba6a-4e02-904a-16af00d46e3e,REGISTERED,2026-03-01 14:00:08.963078+00:00,,ABSENT,
1422,10440011-36d1-45cd-b0f9-29469dc42429,97fc9842-4aa8-4e8a-984d-00e4ebae786f,REGISTERED,2026-02-10 07:33:09.410428+00:00,,PRESENT,
1423,10440011-36d1-45cd-b0f9-29469dc42429,38f134e4-e62f-4bb9-a0f5-99a23ed433c7,REGISTERED,2026-02-15 20:42:23.028067+00:00,,PRESENT,
1424,10440011-36d1-45cd-b0f9-29469dc42429,33f7c853-3ff8-4418-bdb9-d83a6f30531c,REGISTERED,2026-01-25 18:49:06.564370+00:00,,PRESENT,
1425,10440011-36d1-45cd-b0f9-29469dc42429,9d09832f-ff19-4c77-9c05-12881b06c117,REGISTERED,2026-02-02 17:39:20.765453+00:00,,PRESENT,
1426,10440011-36d1-45cd-b0f9-29469dc42429,f2aba7e0-43cb-45a1-8ed2-80e2b36e4be9,REGISTERED,2026-03-12 14:58:51.459995+00:00,,PRESENT,
1427,10440011-36d1-45cd-b0f9-29469dc42429,83591bb5-b0a5-432a-9670-a236e11cbb0b,REGISTERED,2026-02-21 09:04:13.983799+00:00,,PRESENT,
1428,10440011-36d1-45cd-b0f9-29469dc42429,c21e317f-9f79-44d5-b20a-71aa31f20d74,REGISTERED,2026-02-18 01:04:22.037684+00:00,,PRESENT,
1429,10440011-36d1-45cd-b0f9-29469dc42429,aaf51b3f-54ec-45c3-8487-c08aaa05d8c7,REGISTERED,2026-02-06 18:46:17.211135+00:00,,PRESENT,
1430,10440011-36d1-45cd-b0f9-29469dc42429,db513ac4-80bc-4d09-864b-24fb5dee1da4,REGISTERED,2026-01-24 23:46:22.320824+00:00,,PRESENT,
1431,10440011-36d1-45cd-b0f9-29469dc42429,a05fb95c-ba9f-4e27-a689-3cf5fc1b5a26,REGISTERED,2026-02-08 16:51:24.245495+00:00,,PRESENT,
1432,10440011-36d1-45cd-b0f9-29469dc42429,1d623cd5-7c52-4925-a204-0c46c3869a1d,REGISTERED,2026-03-13 19:03:32.588910+00:00,,PRESENT,
1433,10440011-36d1-45cd-b0f9-29469dc42429,3f24b106-d0fe-4f00-822d-c9d256babef7,REGISTERED,2026-02-12 15:17:14.204365+00:00,,ABSENT,
1434,10440011-36d1-45cd-b0f9-29469dc42429,38cdd74c-b750-4e7c-89b5-9d66dac401b5,REGISTERED,2026-01-19 10:38:20.321683+00:00,,ABSENT,
1435,10440011-36d1-45cd-b0f9-29469dc42429,c12cd7d4-3770-47ae-9237-24b35609b70d,REGISTERED,2026-01-14 04:42:59.698097+00:00,,PRESENT,
1436,10440011-36d1-45cd-b0f9-29469dc42429,cb17d7d1-9663-46f6-8a78-677490248001,REGISTERED,2026-03-17 21:53:22.666922+00:00,,PRESENT,
1437,10440011-36d1-45cd-b0f9-29469dc42429,ebe1cbd3-513d-4852-b31c-67c8b1dbeca9,REGISTERED,2026-02-19 11:22:39.977999+00:00,,PRESENT,
1438,10440011-36d1-45cd-b0f9-29469dc42429,c45d7879-b91c-47e2-9f80-fe17082b34a9,REGISTERED,2026-03-28 13:18:56.340903+00:00,,PRESENT,
1439,10440011-36d1-45cd-b0f9-29469dc42429,6f1f4dc0-4b42-4147-b573-37a2915f8a50,REGISTERED,2026-02-11 08:39:22.553980+00:00,,PRESENT,
1440,10440011-36d1-45cd-b0f9-29469dc42429,5c093bcb-a8f8-495e-9e59-fe544f16ea0b,REGISTERED,2026-01-10 09:35:05.843810+00:00,,ABSENT,
1441,10440011-36d1-45cd-b0f9-29469dc42429,e1146103-3e33-4ed7-9a4c-3426f5922da9,REGISTERED,2026-02-16 16:23:04.057445+00:00,,PRESENT,
1442,10440011-36d1-45cd-b0f9-29469dc42429,19599c23-5a07-447f-8730-c23290710835,REGISTERED,2026-02-12 08:20:47.898077+00:00,,PRESENT,
1443,10440011-36d1-45cd-b0f9-29469dc42429,ed50a04f-41be-4ee7-89ae-aed7531faa34,REGISTERED,2026-01-13 06:45:42.300113+00:00,,PRESENT,
1444,10440011-36d1-45cd-b0f9-29469dc42429,ebabeeab-3d61-4de8-9cc1-9896c30de71c,CANCELLED,2026-03-02 03:35:09.133955+00:00,2026-04-14 09:58:57.363567+00:00,PENDING,Problème de disponibilité logistique.
1445,10440011-36d1-45cd-b0f9-29469dc42429,6ff3f4c3-324c-4f23-9667-106f6600724b,REGISTERED,2026-02-04 11:06:09.600352+00:00,,PRESENT,
1446,10440011-36d1-45cd-b0f9-29469dc42429,969f9cbb-d414-4484-aee9-fa12b5505b3e,REGISTERED,2026-03-25 18:45:40.881033+00:00,,PRESENT,
1447,10440011-36d1-45cd-b0f9-29469dc42429,3909b249-70c8-463b-b5e2-36bc233df5f5,CANCELLED,2026-04-02 06:08:38.162327+00:00,2026-04-16 19:50:12.926249+00:00,PENDING,Inscription faite par erreur.
1448,050e842b-f062-4b5d-adba-9c84aad5dad3,cd925f76-6a4a-4b65-b4d7-839f7aa778fc,REGISTERED,2026-04-21 23:51:02.866726+00:00,,PENDING,
1449,050e842b-f062-4b5d-adba-9c84aad5dad3,caca8e6f-6250-4097-921b-cd1598cb3532,REGISTERED,2026-03-23 03:00:33.865480+00:00,,PENDING,
1450,050e842b-f062-4b5d-adba-9c84aad5dad3,8109e1d3-64d6-452e-8d2d-8f0129c10b07,REGISTERED,2026-01-20 20:46:36.045868+00:00,,PENDING,
1451,050e842b-f062-4b5d-adba-9c84aad5dad3,c12cd7d4-3770-47ae-9237-24b35609b70d,REGISTERED,2026-03-04 16:53:45.942320+00:00,,PENDING,
1452,050e842b-f062-4b5d-adba-9c84aad5dad3,a4a42f9d-a91e-4fe8-9b5b-917d60ef0495,REGISTERED,2026-01-12 12:11:40.713526+00:00,,PENDING,
1453,050e842b-f062-4b5d-adba-9c84aad5dad3,829eabd6-72af-4c4e-b91e-42647a56cf50,REGISTERED,2026-02-20 05:56:48.142567+00:00,,PENDING,
1454,050e842b-f062-4b5d-adba-9c84aad5dad3,5bfb3b47-b622-4dea-bcef-0b3827189ab1,REGISTERED,2026-03-15 15:03:21.306623+00:00,,PENDING,
1455,050e842b-f062-4b5d-adba-9c84aad5dad3,b55fd364-1df7-46e9-8a10-21de5cd5b1f3,REGISTERED,2026-04-18 14:40:08.514573+00:00,,PENDING,
1456,050e842b-f062-4b5d-adba-9c84aad5dad3,36188e90-d5be-40a4-9643-81566debb269,REGISTERED,2026-03-20 02:29:55.250154+00:00,,PENDING,
1457,050e842b-f062-4b5d-adba-9c84aad5dad3,4311ce77-f8c2-4006-914c-00bf45307cde,REGISTERED,2026-02-05 09:01:49.351597+00:00,,PENDING,
1458,050e842b-f062-4b5d-adba-9c84aad5dad3,3827f77d-c5b6-4965-a25c-b6482d583783,REGISTERED,2026-04-30 10:23:05.875330+00:00,,PENDING,
1459,050e842b-f062-4b5d-adba-9c84aad5dad3,49df03d0-fa40-4cdf-b3df-abf37a14050b,REGISTERED,2026-03-06 07:55:41.792154+00:00,,PENDING,
1460,050e842b-f062-4b5d-adba-9c84aad5dad3,49af6a16-f923-4210-8c56-e311e38c564d,REGISTERED,2026-03-31 17:59:51.682640+00:00,,PENDING,
1461,050e842b-f062-4b5d-adba-9c84aad5dad3,bab3b9b7-1720-4ec8-bb46-1e879b6cb5ff,REGISTERED,2026-03-08 16:02:57.646861+00:00,,PENDING,
1462,050e842b-f062-4b5d-adba-9c84aad5dad3,1815820e-1287-4637-b9f1-9bd95f95ca22,REGISTERED,2026-02-05 02:18:40.581526+00:00,,PENDING,
1463,050e842b-f062-4b5d-adba-9c84aad5dad3,d8820e49-04ca-49fb-ae6e-24da3db841fb,CANCELLED,2026-04-12 14:17:47.954469+00:00,2026-04-28 05:17:17.288587+00:00,PENDING,Inscription faite par erreur.
1464,050e842b-f062-4b5d-adba-9c84aad5dad3,405aedd0-cb27-4b4c-a93e-b03ba37f2948,REGISTERED,2026-04-07 20:18:38.924445+00:00,,PENDING,
1465,050e842b-f062-4b5d-adba-9c84aad5dad3,671eb403-5ad4-4085-bf1b-c397caf5df96,REGISTERED,2026-02-18 00:12:15.684227+00:00,,PENDING,
1466,050e842b-f062-4b5d-adba-9c84aad5dad3,083adc5e-4f88-4bb2-98cc-7d2b6713765f,REGISTERED,2026-01-16 19:49:14.933912+00:00,,PENDING,
1467,050e842b-f062-4b5d-adba-9c84aad5dad3,0b0392ac-a14f-455e-86b0-ae00fdfdf1f6,REGISTERED,2026-02-02 21:47:19.239609+00:00,,PENDING,
1468,050e842b-f062-4b5d-adba-9c84aad5dad3,7b5a28c5-3946-4a3b-ad59-fc33a2e44d00,CANCELLED,2026-04-20 02:04:02.648319+00:00,2026-04-24 22:54:48.709069+00:00,PENDING,Absence validée par le manager.
1469,050e842b-f062-4b5d-adba-9c84aad5dad3,0adcb60f-0603-40e1-a5ed-5a689f27bfe2,CANCELLED,2026-04-02 03:22:55.537513+00:00,2026-04-04 23:39:52.989454+00:00,PENDING,Session finalement non pertinente pour le profil.
1470,050e842b-f062-4b5d-adba-9c84aad5dad3,80773d69-c298-4c18-89cd-2c5d7b1186c9,REGISTERED,2026-03-29 15:16:38.607600+00:00,,PENDING,
1471,050e842b-f062-4b5d-adba-9c84aad5dad3,c4f2d79f-23af-4742-9bde-78ffe22cfce6,CANCELLED,2026-01-27 23:08:12.388415+00:00,2026-01-31 05:57:38.805061+00:00,PENDING,Conflit d’horaire avec une réunion prioritaire.
1472,050e842b-f062-4b5d-adba-9c84aad5dad3,1d232fca-e41e-4733-addc-7d23e43a1a37,REGISTERED,2026-02-09 05:24:21.397721+00:00,,PENDING,
1473,050e842b-f062-4b5d-adba-9c84aad5dad3,bfe891b4-9403-4989-a44e-4cc7c30638a2,REGISTERED,2026-02-21 20:15:50.069938+00:00,,PENDING,
1474,bb83982e-c8cc-4fda-98aa-0a54f2b673c1,e50d8d05-5cc4-4343-b6bc-1df1b3f3d22f,CANCELLED,2026-02-14 13:20:04.253758+00:00,2026-02-26 06:37:52.853664+00:00,PENDING,Absence validée par le manager.
1475,bb83982e-c8cc-4fda-98aa-0a54f2b673c1,25764ce0-1d1e-4fd5-8ccb-bb0e652d2a41,REGISTERED,2026-02-12 18:43:06.715721+00:00,,PRESENT,
1476,bb83982e-c8cc-4fda-98aa-0a54f2b673c1,3929fc4e-362b-4007-861c-0f8355b34314,REGISTERED,2026-03-04 12:53:22.798319+00:00,,ABSENT,
1477,bb83982e-c8cc-4fda-98aa-0a54f2b673c1,dd44faee-f20f-47e5-94ff-6945e2284b01,REGISTERED,2026-01-21 10:54:27.259917+00:00,,PRESENT,
1478,bb83982e-c8cc-4fda-98aa-0a54f2b673c1,ea36f8c9-4d00-4fba-b63b-acf0a7b24913,REGISTERED,2026-01-21 10:21:07.284262+00:00,,PRESENT,
1479,bb83982e-c8cc-4fda-98aa-0a54f2b673c1,49a32bab-cd26-41b3-bd72-44b130c4f30f,REGISTERED,2026-01-20 12:55:57.109950+00:00,,PRESENT,
1480,bb83982e-c8cc-4fda-98aa-0a54f2b673c1,a0f6c262-a0ec-4b15-804b-15a46fdd8632,REGISTERED,2026-01-27 18:21:19.202999+00:00,,PRESENT,
1481,bb83982e-c8cc-4fda-98aa-0a54f2b673c1,61175dd3-69f9-4b64-8fa2-09b08ee9b450,REGISTERED,2026-03-01 17:54:22.895778+00:00,,PRESENT,
1482,bb83982e-c8cc-4fda-98aa-0a54f2b673c1,7ff2c490-b386-436c-86c2-79a11610b881,CANCELLED,2026-02-04 08:03:31.672656+00:00,2026-02-27 19:04:32.108913+00:00,PENDING,Contrainte de planning de dernière minute.
1483,bb83982e-c8cc-4fda-98aa-0a54f2b673c1,9f86355d-2a5a-4db1-aef6-a2b4d7d51a28,REGISTERED,2026-02-07 01:00:34.765382+00:00,,PRESENT,
1484,bb83982e-c8cc-4fda-98aa-0a54f2b673c1,a1a5a881-54f7-465a-9473-7397b5bd6d3e,REGISTERED,2026-02-24 20:54:41.401274+00:00,,PRESENT,
1485,bb83982e-c8cc-4fda-98aa-0a54f2b673c1,1ee0455f-7a11-42b3-883e-1a778adfa225,REGISTERED,2026-02-03 18:42:02.546256+00:00,,PRESENT,
1486,bb83982e-c8cc-4fda-98aa-0a54f2b673c1,1601dd67-4724-4d1d-a0bc-461e96081aed,CANCELLED,2026-02-22 18:55:08.534875+00:00,2026-03-12 17:20:45.959320+00:00,PENDING,Problème de disponibilité logistique.
1487,bb83982e-c8cc-4fda-98aa-0a54f2b673c1,b028e6d5-941b-4894-816c-80a8024ffabd,REGISTERED,2026-02-01 16:35:58.126965+00:00,,PRESENT,
1488,bb83982e-c8cc-4fda-98aa-0a54f2b673c1,78413987-8929-435c-b7e0-5a3fd9449489,REGISTERED,2026-01-30 17:19:29.914296+00:00,,ABSENT,
1489,bb83982e-c8cc-4fda-98aa-0a54f2b673c1,009106ed-775c-4434-bfde-f95de8733d4b,REGISTERED,2026-03-04 22:04:17.814838+00:00,,PRESENT,
1490,bb83982e-c8cc-4fda-98aa-0a54f2b673c1,02d451b1-b91e-4dde-aaba-83945a6ff820,REGISTERED,2026-02-21 15:15:53.610612+00:00,,PRESENT,
1491,bb83982e-c8cc-4fda-98aa-0a54f2b673c1,29e789b9-43d6-4d77-bba5-a8fe5bbec079,REGISTERED,2026-03-05 14:34:27.516088+00:00,,PRESENT,
1492,bb83982e-c8cc-4fda-98aa-0a54f2b673c1,7df083a9-7340-4dac-917d-70552e3183a5,REGISTERED,2026-01-30 02:54:15.158623+00:00,,PRESENT,
1493,bb83982e-c8cc-4fda-98aa-0a54f2b673c1,274ae9a0-e988-401e-abd7-6ebe2287f737,REGISTERED,2026-02-05 12:22:19.113995+00:00,,PRESENT,
1494,bb83982e-c8cc-4fda-98aa-0a54f2b673c1,8d88e517-90c5-4bdc-ab37-50e7d4be7387,REGISTERED,2026-02-16 14:07:54.287903+00:00,,PRESENT,
1495,bb83982e-c8cc-4fda-98aa-0a54f2b673c1,4d294b5a-0c54-442e-997e-8a8190b5f36e,REGISTERED,2026-01-26 03:08:03.135021+00:00,,PRESENT,
1496,bb83982e-c8cc-4fda-98aa-0a54f2b673c1,ebc876d8-1628-4ff4-afd4-eea254a75a3c,REGISTERED,2026-02-05 07:18:38.418644+00:00,,PRESENT,
1497,bb83982e-c8cc-4fda-98aa-0a54f2b673c1,e405908c-8072-4c93-8cd7-6a0b541a50ee,REGISTERED,2026-02-12 22:02:52.694332+00:00,,PRESENT,
1498,bb83982e-c8cc-4fda-98aa-0a54f2b673c1,78c254c8-e08c-423c-b031-4de7e4eb1f25,REGISTERED,2026-02-24 05:42:40.349939+00:00,,ABSENT,
1499,bb83982e-c8cc-4fda-98aa-0a54f2b673c1,5bba076a-bfef-4cf9-be7b-eaf7160e722e,REGISTERED,2026-01-22 14:37:55.677502+00:00,,PRESENT,
1500,bb83982e-c8cc-4fda-98aa-0a54f2b673c1,12f5d09b-3a9f-46b1-98f3-f1fcb7df3201,REGISTERED,2026-02-11 13:43:27.341217+00:00,,ABSENT,
1501,bb83982e-c8cc-4fda-98aa-0a54f2b673c1,eb0df4f4-149a-40ce-ab54-70d49d31204a,REGISTERED,2026-02-28 21:25:49.346448+00:00,,PRESENT,
1502,bb83982e-c8cc-4fda-98aa-0a54f2b673c1,1cd8ca71-932d-472a-befa-2aa189cc5a74,REGISTERED,2026-02-18 08:58:02.078639+00:00,,ABSENT,
1503,bb83982e-c8cc-4fda-98aa-0a54f2b673c1,8006d300-c0ae-4a0d-ba53-074804f86119,REGISTERED,2026-01-23 10:29:04.397869+00:00,,PRESENT,
1504,bb83982e-c8cc-4fda-98aa-0a54f2b673c1,c6c4c07d-3b41-4f86-8ba6-5dee77d99dd6,REGISTERED,2026-02-01 16:10:47.891978+00:00,,PRESENT,
1505,bb83982e-c8cc-4fda-98aa-0a54f2b673c1,3c0142b7-95e6-4f7f-b870-c04bcbdf37c3,CANCELLED,2026-01-24 21:47:30.568136+00:00,2026-02-01 19:36:25.103047+00:00,PENDING,Absence validée par le manager.
1506,bb83982e-c8cc-4fda-98aa-0a54f2b673c1,af9d7f38-32f1-49e9-974f-0bb83155d6eb,REGISTERED,2026-03-03 17:03:01.055312+00:00,,PRESENT,
1507,bb83982e-c8cc-4fda-98aa-0a54f2b673c1,3a08652a-01d6-4fac-9ce5-fcbee3269ae4,REGISTERED,2026-02-09 00:15:32.110773+00:00,,PRESENT,
1508,bb83982e-c8cc-4fda-98aa-0a54f2b673c1,1edf11bf-caeb-49fc-8f55-69e63e815dae,CANCELLED,2026-01-28 15:19:51.430533+00:00,2026-02-27 04:19:43.460981+00:00,PENDING,Conflit d’horaire avec une réunion prioritaire.
1509,bb83982e-c8cc-4fda-98aa-0a54f2b673c1,6ed2246c-0899-4390-bcd4-1c784aa4dcbf,REGISTERED,2026-02-09 08:46:36.395100+00:00,,PRESENT,
1510,bb83982e-c8cc-4fda-98aa-0a54f2b673c1,c316d911-6157-4923-83d0-94e475c6acc5,REGISTERED,2026-01-28 12:06:09.763763+00:00,,PRESENT,
1511,bb83982e-c8cc-4fda-98aa-0a54f2b673c1,bb262322-0e8b-4c64-957d-3ecaf2e87b49,REGISTERED,2026-01-20 03:07:47.342867+00:00,,ABSENT,
1512,bb83982e-c8cc-4fda-98aa-0a54f2b673c1,ae0998f5-ac8d-41f3-ac2d-777a7f7ca079,REGISTERED,2026-02-03 02:22:14.983418+00:00,,PRESENT,
1513,bb83982e-c8cc-4fda-98aa-0a54f2b673c1,539b3526-9e3d-45bd-baef-ec9d16abc2eb,REGISTERED,2026-02-27 10:50:55.587952+00:00,,ABSENT,
1514,bb83982e-c8cc-4fda-98aa-0a54f2b673c1,efc9f989-2e92-4dbb-b001-56b7f766c6cd,REGISTERED,2026-01-21 14:31:40.640396+00:00,,PRESENT,
1515,bb83982e-c8cc-4fda-98aa-0a54f2b673c1,c21e317f-9f79-44d5-b20a-71aa31f20d74,REGISTERED,2026-02-12 17:36:34.665242+00:00,,PRESENT,
1516,bb83982e-c8cc-4fda-98aa-0a54f2b673c1,786cfe59-0bda-4930-9ccd-c6d0ff02b662,REGISTERED,2026-01-24 20:16:13.752481+00:00,,PRESENT,
1517,bb83982e-c8cc-4fda-98aa-0a54f2b673c1,7bf1e94f-695d-4afe-9fb2-f60aff59abb9,REGISTERED,2026-01-31 19:44:45.731700+00:00,,PRESENT,
1518,bb83982e-c8cc-4fda-98aa-0a54f2b673c1,01803a15-0ee4-4416-9a44-f065aa0b82f0,REGISTERED,2026-02-23 19:50:52.595171+00:00,,PRESENT,
1519,bb83982e-c8cc-4fda-98aa-0a54f2b673c1,4a0da242-8758-4153-94cc-b7593207978b,REGISTERED,2026-03-03 22:33:19.499618+00:00,,ABSENT,
1520,bb83982e-c8cc-4fda-98aa-0a54f2b673c1,32093958-cbbd-4c22-a8c5-3659bb18aae5,CANCELLED,2026-02-11 23:14:48.800513+00:00,2026-03-20 12:46:44.891120+00:00,PENDING,Déplacement professionnel confirmé.
1521,58c345d7-c707-4350-8a43-eacf36cfa897,074ac71d-aafc-47a0-9056-0c48ad4084ce,REGISTERED,2026-02-13 04:52:21.775530+00:00,,PRESENT,
1522,58c345d7-c707-4350-8a43-eacf36cfa897,b54fdc5c-e828-48f4-8b75-28fe75c046a8,REGISTERED,2026-02-20 03:54:55.875922+00:00,,ABSENT,
1523,58c345d7-c707-4350-8a43-eacf36cfa897,16f1ef83-2744-47e3-a8fa-a79542e39c6e,REGISTERED,2026-01-21 22:18:43.082203+00:00,,PRESENT,
1524,58c345d7-c707-4350-8a43-eacf36cfa897,f4cd3bad-4dac-4e03-9295-0b1a528ef4eb,REGISTERED,2026-02-28 01:57:16.598014+00:00,,PRESENT,
1525,58c345d7-c707-4350-8a43-eacf36cfa897,a591d7b9-6744-40ef-b79a-1c739115b99c,REGISTERED,2026-02-09 03:58:27.711093+00:00,,ABSENT,
1526,58c345d7-c707-4350-8a43-eacf36cfa897,88ca13bd-4e60-4303-800f-294b5b96f80d,REGISTERED,2026-01-24 02:00:14.720273+00:00,,PRESENT,
1527,58c345d7-c707-4350-8a43-eacf36cfa897,0b8e3edc-e13f-433c-bcda-bf4510acface,CANCELLED,2026-01-07 22:10:36.571630+00:00,2026-01-21 09:44:02.056408+00:00,PENDING,Conflit d’horaire avec une réunion prioritaire.
1528,85576ff6-bdf1-47ff-9955-c3c3f57fbcc1,971f68c9-d724-4aeb-8be7-a6c87cae819c,REGISTERED,2026-03-14 18:59:27.927773+00:00,,PENDING,
1529,85576ff6-bdf1-47ff-9955-c3c3f57fbcc1,2b1a62e7-f4c9-4a41-b2af-ca2285e01546,REGISTERED,2026-03-08 05:35:36.880161+00:00,,PENDING,
1530,85576ff6-bdf1-47ff-9955-c3c3f57fbcc1,fbbaaa64-8cee-4669-9d6e-59242b284466,REGISTERED,2026-04-30 18:53:29.168308+00:00,,PENDING,
1531,85576ff6-bdf1-47ff-9955-c3c3f57fbcc1,5c5fb113-5843-4b29-8933-b0d016b33d25,REGISTERED,2026-04-22 23:27:55.082838+00:00,,PENDING,
1532,85576ff6-bdf1-47ff-9955-c3c3f57fbcc1,76cbf7c4-1a28-4125-bb2c-8e192a892807,REGISTERED,2026-02-19 01:56:29.416038+00:00,,PENDING,
1533,85576ff6-bdf1-47ff-9955-c3c3f57fbcc1,29f74c43-1a2b-4d01-b448-078c38c9e28a,REGISTERED,2026-03-12 17:16:07.248434+00:00,,PENDING,
1534,85576ff6-bdf1-47ff-9955-c3c3f57fbcc1,de3055d4-4360-4203-a8f8-a1dab9fcf241,CANCELLED,2026-04-28 06:30:47.896391+00:00,2026-05-01 00:36:20.136650+00:00,PENDING,Problème de disponibilité logistique.
1535,85576ff6-bdf1-47ff-9955-c3c3f57fbcc1,96fcb81f-46c4-4e0d-9431-72d62e53de35,REGISTERED,2026-04-30 04:03:20.407762+00:00,,PENDING,
1536,85576ff6-bdf1-47ff-9955-c3c3f57fbcc1,d4a71d21-d547-4736-9c69-2ae754d8e3f0,REGISTERED,2026-04-02 04:25:43.914223+00:00,,PENDING,
1537,85576ff6-bdf1-47ff-9955-c3c3f57fbcc1,67b9e613-4792-4b7e-88f0-54df3f761ed0,REGISTERED,2026-02-25 21:04:57.269586+00:00,,PENDING,
1538,85576ff6-bdf1-47ff-9955-c3c3f57fbcc1,7f1597a7-81b9-4a2c-9123-eee64ca91f04,REGISTERED,2026-04-24 16:01:21.284201+00:00,,PENDING,
1539,85576ff6-bdf1-47ff-9955-c3c3f57fbcc1,dd9df6aa-658b-4a83-a5f1-25bf41aa21bd,REGISTERED,2026-04-15 20:50:37.974582+00:00,,PENDING,
1540,85576ff6-bdf1-47ff-9955-c3c3f57fbcc1,4abcf7de-7bd9-4a8b-8086-69d62985a420,CANCELLED,2026-04-20 11:44:10.949150+00:00,2026-04-23 18:58:12.795197+00:00,PENDING,Modification de l’agenda projet.
1541,85576ff6-bdf1-47ff-9955-c3c3f57fbcc1,6e55651b-8ed1-4671-be45-9df63f4dbdb6,REGISTERED,2026-03-03 22:57:41.399718+00:00,,PENDING,
1542,85576ff6-bdf1-47ff-9955-c3c3f57fbcc1,bebe014f-7c1c-4d4c-93b4-536cb5e45af9,REGISTERED,2026-04-09 07:40:27.722627+00:00,,PENDING,
1543,85576ff6-bdf1-47ff-9955-c3c3f57fbcc1,405aedd0-cb27-4b4c-a93e-b03ba37f2948,REGISTERED,2026-02-23 09:48:38.807482+00:00,,PENDING,
1544,85576ff6-bdf1-47ff-9955-c3c3f57fbcc1,9851c669-90b3-4bba-a904-e07bff44c7cb,REGISTERED,2026-03-18 08:09:41.180892+00:00,,PENDING,
1545,85576ff6-bdf1-47ff-9955-c3c3f57fbcc1,e035811f-10c5-4bfc-a7c0-7eae45940633,CANCELLED,2026-04-11 15:24:25.769615+00:00,2026-05-01 00:26:21.506001+00:00,PENDING,Participation remplacée par un collègue.
1546,85576ff6-bdf1-47ff-9955-c3c3f57fbcc1,38f613ea-5861-4cc9-b537-b6b20e606666,REGISTERED,2026-05-01 10:47:05.960375+00:00,,PENDING,
1547,85576ff6-bdf1-47ff-9955-c3c3f57fbcc1,c590c49a-6aa2-4b9e-b7ef-8de08d64a34f,REGISTERED,2026-04-22 20:18:28.945179+00:00,,PENDING,
1548,85576ff6-bdf1-47ff-9955-c3c3f57fbcc1,181e7e03-af2a-43ee-9324-840d14c267d3,REGISTERED,2026-03-11 02:34:40.779553+00:00,,PENDING,
1549,fac06677-4efb-4809-a061-fe48bee85cc3,b129122c-5e22-4eac-ada4-bdeab206bf97,REGISTERED,2026-02-20 17:06:51.872746+00:00,,PENDING,
1550,fac06677-4efb-4809-a061-fe48bee85cc3,4bd7d747-9088-4441-a4ca-12c5a3c80cfb,REGISTERED,2026-01-13 11:26:43.198049+00:00,,PENDING,
1551,fac06677-4efb-4809-a061-fe48bee85cc3,82262980-bc3c-49fb-a210-28daa74d1ba3,REGISTERED,2026-04-08 07:51:20.470170+00:00,,PENDING,
1552,fac06677-4efb-4809-a061-fe48bee85cc3,2529ad7b-3e69-4b87-9e44-0259ec755de2,REGISTERED,2026-03-26 22:38:20.200810+00:00,,PENDING,
1553,fac06677-4efb-4809-a061-fe48bee85cc3,de793784-3e9c-4a5b-a50b-5e1a0437bd90,REGISTERED,2026-03-13 10:02:05.142552+00:00,,PENDING,
1554,fac06677-4efb-4809-a061-fe48bee85cc3,00a63ee3-b72e-4d31-b5f3-e2c9113709fa,REGISTERED,2026-02-25 02:19:02.529039+00:00,,PENDING,
1555,fac06677-4efb-4809-a061-fe48bee85cc3,cdceb895-35d8-4e18-b3c1-c6e0cb902595,REGISTERED,2026-04-29 14:18:56.126579+00:00,,PENDING,
1556,fac06677-4efb-4809-a061-fe48bee85cc3,8447be2e-4776-47d8-b0e5-e6a88f3e7d22,CANCELLED,2026-01-28 22:10:14.209867+00:00,2026-03-14 23:33:01.675051+00:00,PENDING,Session finalement non pertinente pour le profil.
1557,fac06677-4efb-4809-a061-fe48bee85cc3,d07b17dc-7457-4ac7-81fc-f5ba88f492bc,REGISTERED,2026-02-22 12:16:09.081224+00:00,,PENDING,
1558,fac06677-4efb-4809-a061-fe48bee85cc3,db0a6297-8193-47c9-a815-151141095ca6,REGISTERED,2026-04-19 15:09:20.822692+00:00,,PENDING,
1559,fac06677-4efb-4809-a061-fe48bee85cc3,e0b47f14-ef2d-49fc-b298-7e81497f4563,REGISTERED,2026-02-17 04:56:06.910912+00:00,,PENDING,
1560,fac06677-4efb-4809-a061-fe48bee85cc3,6d282e57-ae58-47d1-b0b0-71588701cd4b,REGISTERED,2026-02-26 21:51:21.457615+00:00,,PENDING,
1561,fac06677-4efb-4809-a061-fe48bee85cc3,ea94002e-07bf-4277-9b9a-4f657eaa8125,CANCELLED,2026-03-14 11:43:44.881499+00:00,2026-04-15 23:47:09.204736+00:00,PENDING,Inscription faite par erreur.
1562,fac06677-4efb-4809-a061-fe48bee85cc3,8195d324-ed95-44b5-a354-9232cab4e1c0,REGISTERED,2026-03-28 08:37:28.819294+00:00,,PENDING,
1563,fac06677-4efb-4809-a061-fe48bee85cc3,53bc19ae-6115-4448-91c2-079f930260b9,REGISTERED,2026-04-16 10:14:58.911431+00:00,,PENDING,
1564,fac06677-4efb-4809-a061-fe48bee85cc3,e3327257-45ae-4912-b4c2-08f9cb4d8536,CANCELLED,2026-04-10 20:49:46.793648+00:00,2026-04-29 11:48:42.240039+00:00,PENDING,Modification de l’agenda projet.
1565,fac06677-4efb-4809-a061-fe48bee85cc3,86c5b659-a2b1-435e-ad5f-6550a8be0606,REGISTERED,2026-01-14 13:52:08.598937+00:00,,PENDING,
1566,fac06677-4efb-4809-a061-fe48bee85cc3,13376738-828d-4cdb-b40c-24d0da2a5573,REGISTERED,2026-04-03 02:59:15.666873+00:00,,PENDING,
1567,fac06677-4efb-4809-a061-fe48bee85cc3,debfdb17-41a8-47ec-a914-677fa4a8b9d1,REGISTERED,2026-04-10 21:16:44.835473+00:00,,PENDING,
1568,fac06677-4efb-4809-a061-fe48bee85cc3,2ddc0de1-b086-459e-8934-d9b7c1771d9d,REGISTERED,2026-03-02 17:54:41.072486+00:00,,PENDING,
1569,fac06677-4efb-4809-a061-fe48bee85cc3,aaf51b3f-54ec-45c3-8487-c08aaa05d8c7,CANCELLED,2026-01-07 13:50:01.375047+00:00,2026-04-10 22:49:00.222693+00:00,PENDING,Déplacement professionnel confirmé.
1570,fac06677-4efb-4809-a061-fe48bee85cc3,93c2ea2c-f36b-43fb-8081-333512ad6dfe,REGISTERED,2026-04-04 11:58:09.167157+00:00,,PENDING,
1571,fac06677-4efb-4809-a061-fe48bee85cc3,320540a7-1daa-4726-b502-7fecc0270091,REGISTERED,2026-04-04 19:22:10.597083+00:00,,PENDING,
1572,fac06677-4efb-4809-a061-fe48bee85cc3,f1ea7bc8-4511-4946-992a-69c581e26bef,REGISTERED,2026-04-22 00:44:46.953493+00:00,,PENDING,
1573,86ff6e8e-82fd-4212-9c34-4e6c7b1169ad,523b8c7a-c2fe-456d-b96a-d35efdae8e10,REGISTERED,2026-03-25 10:55:02.436140+00:00,,PENDING,
1574,86ff6e8e-82fd-4212-9c34-4e6c7b1169ad,15faaccb-2bbf-40c2-8ccd-d84e51bfe1a3,REGISTERED,2026-03-25 11:48:39.512591+00:00,,PENDING,
1575,86ff6e8e-82fd-4212-9c34-4e6c7b1169ad,cabfbbfa-d76d-4f74-a0ec-910dd89f4794,REGISTERED,2026-01-20 02:34:48.990879+00:00,,PENDING,
1576,86ff6e8e-82fd-4212-9c34-4e6c7b1169ad,a3befb78-1e74-4bd2-88bc-ea49d60ed7d7,REGISTERED,2026-01-21 23:28:11.148713+00:00,,PENDING,
1577,86ff6e8e-82fd-4212-9c34-4e6c7b1169ad,2d2ef5e3-a9fa-454f-9d27-96ad5903a226,CANCELLED,2026-04-13 19:50:14.180291+00:00,2026-04-14 11:09:14.084510+00:00,PENDING,Invitation déclinée après réévaluation.
1578,86ff6e8e-82fd-4212-9c34-4e6c7b1169ad,3cb20e66-1f63-4917-96a0-d76276f9e1ec,REGISTERED,2026-01-26 15:42:00.474518+00:00,,PENDING,
1579,86ff6e8e-82fd-4212-9c34-4e6c7b1169ad,28719ef7-aaa2-49fe-b12a-4c8df12ddbbe,REGISTERED,2026-03-12 04:46:42.639199+00:00,,PENDING,
1580,86ff6e8e-82fd-4212-9c34-4e6c7b1169ad,9c80f797-b35a-496e-a518-bd9b32ba13b9,REGISTERED,2026-01-27 01:20:59.612461+00:00,,PENDING,
1581,86ff6e8e-82fd-4212-9c34-4e6c7b1169ad,a04f5eda-a557-4705-92b5-88cc55ea6558,REGISTERED,2026-02-23 05:04:02.652960+00:00,,PENDING,
1582,86ff6e8e-82fd-4212-9c34-4e6c7b1169ad,66254aec-711c-4731-ad1b-12358695cff5,REGISTERED,2026-02-13 01:07:45.841386+00:00,,PENDING,
1583,86ff6e8e-82fd-4212-9c34-4e6c7b1169ad,5a279486-f19e-477b-ada8-50c908151f96,CANCELLED,2026-02-14 16:04:28.544125+00:00,2026-02-27 09:40:58.559164+00:00,PENDING,Contrainte de planning de dernière minute.
1584,9c310c8a-230b-4fa5-83e3-97417739fdd1,5dc41219-d217-4f8f-a4d3-a9ec3b263384,REGISTERED,2026-02-19 20:34:33.529203+00:00,,PRESENT,
1585,9c310c8a-230b-4fa5-83e3-97417739fdd1,bc70bf9e-59c4-4c98-a89c-92f271b748cc,REGISTERED,2026-02-25 01:34:13.075186+00:00,,PRESENT,
1586,9c310c8a-230b-4fa5-83e3-97417739fdd1,3e97ef54-2c80-4360-8b88-839042ab9574,REGISTERED,2026-02-25 05:54:57.412434+00:00,,PRESENT,
1587,9c310c8a-230b-4fa5-83e3-97417739fdd1,166df1e8-caee-4766-9016-af436f3aba44,REGISTERED,2026-02-18 06:22:26.276036+00:00,,PRESENT,
1588,9c310c8a-230b-4fa5-83e3-97417739fdd1,67ef2ce8-8158-4061-b39f-1648161b988a,REGISTERED,2026-02-26 09:10:19.159423+00:00,,PRESENT,
1589,9c310c8a-230b-4fa5-83e3-97417739fdd1,d0461ae2-5c05-43f1-a230-208ef643b565,REGISTERED,2026-02-15 16:16:33.824554+00:00,,PRESENT,
1590,9c310c8a-230b-4fa5-83e3-97417739fdd1,d10a4f93-a536-4542-b5ff-c16717ab9f40,REGISTERED,2026-02-27 05:43:31.123190+00:00,,PRESENT,
1591,9c310c8a-230b-4fa5-83e3-97417739fdd1,83b7b362-55ff-44b1-870b-dd179a5fc394,REGISTERED,2026-02-10 00:42:50.078636+00:00,,ABSENT,
1592,9c310c8a-230b-4fa5-83e3-97417739fdd1,5f776928-4b7a-41f4-a20d-06c3a6b003bf,REGISTERED,2026-02-10 21:10:19.207931+00:00,,ABSENT,
1593,9c310c8a-230b-4fa5-83e3-97417739fdd1,3153eaad-facb-4e77-bf73-9a19018c032d,REGISTERED,2026-02-18 20:27:57.311567+00:00,,PRESENT,
1594,9c310c8a-230b-4fa5-83e3-97417739fdd1,f94cae4d-1651-4cf9-829f-4b10982ab3a1,REGISTERED,2026-02-24 16:09:26.211628+00:00,,PRESENT,
1595,9c310c8a-230b-4fa5-83e3-97417739fdd1,78af47a7-ad8d-4faf-a4eb-52cb18a6a2cd,REGISTERED,2026-02-13 23:25:21.173181+00:00,,PRESENT,
1596,9c310c8a-230b-4fa5-83e3-97417739fdd1,cb6d8e05-1472-47ff-b732-cb920eb596dd,REGISTERED,2026-02-25 17:18:30.882374+00:00,,PRESENT,
1597,9c310c8a-230b-4fa5-83e3-97417739fdd1,b3d93062-a120-4b9f-8188-3421e21ae870,REGISTERED,2026-02-14 14:06:49.171624+00:00,,PRESENT,
1598,9c310c8a-230b-4fa5-83e3-97417739fdd1,586058b9-99bc-4600-9f37-87111fcaf37e,REGISTERED,2026-02-24 20:40:02.357167+00:00,,PRESENT,
1599,9c310c8a-230b-4fa5-83e3-97417739fdd1,79813442-5e34-470e-ae19-fde9bd8d21e8,CANCELLED,2026-02-14 13:15:08.577764+00:00,2026-03-17 23:43:12.347252+00:00,PENDING,Inscription faite par erreur.
1600,9c310c8a-230b-4fa5-83e3-97417739fdd1,0a7c3f39-db01-4c8d-b560-eb1abdfe5054,REGISTERED,2026-02-18 01:51:22.151126+00:00,,ABSENT,
1601,9c310c8a-230b-4fa5-83e3-97417739fdd1,d0420627-79ac-4ec0-b46a-b70a49edb1d8,REGISTERED,2026-02-13 08:09:51.160597+00:00,,PRESENT,
1602,9c310c8a-230b-4fa5-83e3-97417739fdd1,29f74c43-1a2b-4d01-b448-078c38c9e28a,REGISTERED,2026-02-25 03:49:12.622959+00:00,,PRESENT,
1603,9c310c8a-230b-4fa5-83e3-97417739fdd1,dadc6b32-cbe4-4de4-a808-13de29ec16d0,REGISTERED,2026-02-17 07:11:52.472143+00:00,,PRESENT,
1604,9c310c8a-230b-4fa5-83e3-97417739fdd1,2d1d0a12-4b10-45f0-b7dc-0403ac89b5a1,REGISTERED,2026-02-25 16:03:24.196350+00:00,,PRESENT,
1605,9c310c8a-230b-4fa5-83e3-97417739fdd1,a8d3e377-0e26-45b7-bd86-63aae9be7dbb,REGISTERED,2026-03-03 12:14:29.018509+00:00,,PRESENT,
1606,9c310c8a-230b-4fa5-83e3-97417739fdd1,4b525688-1acd-4981-b213-0ea3aa8ecb43,CANCELLED,2026-02-20 19:18:38.291970+00:00,2026-03-02 19:52:30.503171+00:00,PENDING,Contrainte de planning de dernière minute.
1607,9c310c8a-230b-4fa5-83e3-97417739fdd1,074ac71d-aafc-47a0-9056-0c48ad4084ce,REGISTERED,2026-02-23 22:37:05.268713+00:00,,PRESENT,
1608,9c310c8a-230b-4fa5-83e3-97417739fdd1,d2b19326-abcc-4c08-ac49-a94f14bc8481,REGISTERED,2026-02-12 09:13:54.295385+00:00,,ABSENT,
1609,9c310c8a-230b-4fa5-83e3-97417739fdd1,2b6d1065-0b7d-4434-8df1-5b0f01a68955,REGISTERED,2026-02-16 10:36:25.126330+00:00,,PRESENT,
1610,9c310c8a-230b-4fa5-83e3-97417739fdd1,8a85cbcb-c372-4854-9d56-ead45338499f,REGISTERED,2026-02-24 03:48:09.386302+00:00,,ABSENT,
1611,9c310c8a-230b-4fa5-83e3-97417739fdd1,9dfc227f-7a2c-4af9-81e9-aaf98bdb8fda,REGISTERED,2026-02-27 09:17:59.854141+00:00,,ABSENT,
1612,9c310c8a-230b-4fa5-83e3-97417739fdd1,7271cad9-975d-443d-9dc6-13dc2769c77d,REGISTERED,2026-02-18 06:34:40.523242+00:00,,PRESENT,
1613,9c310c8a-230b-4fa5-83e3-97417739fdd1,0deccb0f-28c2-4434-a9fc-b509e554f041,REGISTERED,2026-02-22 23:28:14.889907+00:00,,ABSENT,
1614,9c310c8a-230b-4fa5-83e3-97417739fdd1,869f5770-ffbd-42b1-9908-f61f8fbbc8ea,REGISTERED,2026-02-19 10:48:47.350081+00:00,,PRESENT,
1615,9c310c8a-230b-4fa5-83e3-97417739fdd1,9cca5d9d-2083-45f2-baf5-a904076fa298,REGISTERED,2026-02-09 13:45:21.907354+00:00,,PRESENT,
1616,9c310c8a-230b-4fa5-83e3-97417739fdd1,19599c23-5a07-447f-8730-c23290710835,REGISTERED,2026-02-09 17:37:38.489781+00:00,,PRESENT,
1617,9c310c8a-230b-4fa5-83e3-97417739fdd1,d00211fe-b443-439e-afb4-0eaa14b471eb,REGISTERED,2026-02-14 20:18:51.360324+00:00,,PRESENT,
1618,9c310c8a-230b-4fa5-83e3-97417739fdd1,e1a6a44d-3130-4403-b5cb-3639929a10a0,REGISTERED,2026-02-11 04:32:50.848127+00:00,,PRESENT,
1619,9c310c8a-230b-4fa5-83e3-97417739fdd1,09c9c2e9-4239-482d-891d-56063049a724,REGISTERED,2026-02-11 12:08:19.523733+00:00,,PRESENT,
1620,9c310c8a-230b-4fa5-83e3-97417739fdd1,11938edb-7027-491c-9527-eaf7738ea9cd,REGISTERED,2026-02-19 21:12:09.103410+00:00,,PRESENT,
1621,9c310c8a-230b-4fa5-83e3-97417739fdd1,83fa4897-ec74-4b08-86e3-0d09187fe146,REGISTERED,2026-02-26 12:44:46.818991+00:00,,ABSENT,
1622,9c310c8a-230b-4fa5-83e3-97417739fdd1,4c324c73-2dc1-425d-8e1b-f3224f6128ec,REGISTERED,2026-03-02 07:56:45.458948+00:00,,PRESENT,
1623,9c310c8a-230b-4fa5-83e3-97417739fdd1,6bd3493e-fd88-4531-b028-16a597e8c121,REGISTERED,2026-02-10 15:41:48.261020+00:00,,ABSENT,
1624,9c310c8a-230b-4fa5-83e3-97417739fdd1,3dded13e-5120-43d0-a063-fb98185a8252,REGISTERED,2026-03-02 02:41:25.644521+00:00,,PRESENT,
1625,9c310c8a-230b-4fa5-83e3-97417739fdd1,80d67e75-1cd6-4308-ace2-c8929c58a1fc,REGISTERED,2026-02-18 20:55:02.665936+00:00,,PRESENT,
1626,9c310c8a-230b-4fa5-83e3-97417739fdd1,d35f769d-d320-4357-a8ad-0db3cd7e1bcf,REGISTERED,2026-02-15 21:56:04.940724+00:00,,ABSENT,
1627,9c310c8a-230b-4fa5-83e3-97417739fdd1,ea12320a-4a0d-419c-bf03-96d78e585918,REGISTERED,2026-02-14 13:45:06.572649+00:00,,PRESENT,
1628,9c310c8a-230b-4fa5-83e3-97417739fdd1,76a9bda7-4fee-4da7-a23d-97f4c3bfc3a1,REGISTERED,2026-02-11 17:21:06.316719+00:00,,ABSENT,
1629,9c310c8a-230b-4fa5-83e3-97417739fdd1,dac9ce9c-3e17-44ed-ac45-a48a89ca4b8d,REGISTERED,2026-02-10 16:23:42.078999+00:00,,PRESENT,
1630,9c310c8a-230b-4fa5-83e3-97417739fdd1,7dcdee17-8895-4c49-8c8b-2fe06574a692,REGISTERED,2026-02-09 06:50:22.467177+00:00,,PRESENT,
1631,9c310c8a-230b-4fa5-83e3-97417739fdd1,465f2a51-6e74-4cea-b466-c62c29193b73,REGISTERED,2026-02-22 16:25:04.996768+00:00,,ABSENT,
1632,9c310c8a-230b-4fa5-83e3-97417739fdd1,1ba29722-dcc2-4239-905a-c56c23d4a6fb,REGISTERED,2026-02-19 20:23:00.847985+00:00,,PRESENT,
1633,9c310c8a-230b-4fa5-83e3-97417739fdd1,c31a8997-aa4f-4fcd-af44-2a2e36479c4d,REGISTERED,2026-02-22 11:53:09.606089+00:00,,PRESENT,
1634,9c310c8a-230b-4fa5-83e3-97417739fdd1,20ce269e-2582-410c-94a7-4694b2562699,REGISTERED,2026-03-03 00:14:37.673095+00:00,,PRESENT,
1635,9c310c8a-230b-4fa5-83e3-97417739fdd1,bcd22804-cb9b-430b-879b-fbdade368183,REGISTERED,2026-02-25 10:18:06.399207+00:00,,PRESENT,
1636,9c310c8a-230b-4fa5-83e3-97417739fdd1,ed50e871-1708-4f88-8eff-4450af6fd5de,REGISTERED,2026-02-23 16:35:28.282442+00:00,,ABSENT,
1637,9c310c8a-230b-4fa5-83e3-97417739fdd1,b54fdc5c-e828-48f4-8b75-28fe75c046a8,REGISTERED,2026-03-02 22:23:10.755324+00:00,,PRESENT,
1638,9c310c8a-230b-4fa5-83e3-97417739fdd1,ad0019b6-763f-4495-9027-62286284764a,REGISTERED,2026-02-21 10:59:30.674607+00:00,,ABSENT,
1639,9c310c8a-230b-4fa5-83e3-97417739fdd1,74164678-a923-474f-9942-ef98874b21a7,REGISTERED,2026-02-09 21:27:45.764178+00:00,,PRESENT,
1640,9c310c8a-230b-4fa5-83e3-97417739fdd1,d1d788a6-dd4c-4608-94bc-b1fd10c2a24e,REGISTERED,2026-02-16 04:33:11.720043+00:00,,PRESENT,
1641,719af1eb-a2f6-4e9a-8747-04fc7d8e28fa,ed50a04f-41be-4ee7-89ae-aed7531faa34,REGISTERED,2026-05-01 04:30:47.092641+00:00,,PENDING,
1642,719af1eb-a2f6-4e9a-8747-04fc7d8e28fa,8fe78534-8626-4ccb-8a11-1abeb3417110,REGISTERED,2026-04-30 20:23:27.891615+00:00,,PENDING,
1643,719af1eb-a2f6-4e9a-8747-04fc7d8e28fa,ae923cee-de34-4666-b2f5-d8b68dd987f9,REGISTERED,2026-05-01 02:37:04.818352+00:00,,PENDING,
1644,719af1eb-a2f6-4e9a-8747-04fc7d8e28fa,38adb4ef-c093-482a-8067-65d85424ebf8,REGISTERED,2026-05-01 06:56:21.809711+00:00,,PENDING,
1645,719af1eb-a2f6-4e9a-8747-04fc7d8e28fa,f5f28e61-f4ca-473a-8c02-7e708513646c,REGISTERED,2026-04-30 18:14:59.201244+00:00,,PENDING,
1646,719af1eb-a2f6-4e9a-8747-04fc7d8e28fa,05c492af-d761-4387-82ef-5279befcf02d,REGISTERED,2026-05-01 09:00:22.276309+00:00,,PENDING,
1647,719af1eb-a2f6-4e9a-8747-04fc7d8e28fa,0deea514-779a-4aa2-b500-353e426c4bb8,REGISTERED,2026-04-30 21:57:15.104223+00:00,,PENDING,
1648,719af1eb-a2f6-4e9a-8747-04fc7d8e28fa,e0b41b2a-0c7b-41b4-b605-9004a85a2f65,REGISTERED,2026-04-30 19:46:32.963959+00:00,,PENDING,
1649,719af1eb-a2f6-4e9a-8747-04fc7d8e28fa,53234d32-ce6e-4a41-989f-d1958715bab4,REGISTERED,2026-04-30 10:53:55.300052+00:00,,PENDING,
1650,719af1eb-a2f6-4e9a-8747-04fc7d8e28fa,0255ba23-f10c-4e55-a632-f39545ad53f2,CANCELLED,2026-04-30 15:22:01.645054+00:00,2026-05-01 08:22:56.349173+00:00,PENDING,Problème de disponibilité logistique.
1651,0035fc3f-70b9-42a5-a386-bc95ee622a36,9cca5d9d-2083-45f2-baf5-a904076fa298,REGISTERED,2026-04-27 17:38:49.547704+00:00,,PENDING,
1652,0035fc3f-70b9-42a5-a386-bc95ee622a36,d0420627-79ac-4ec0-b46a-b70a49edb1d8,REGISTERED,2026-03-29 02:32:16.733691+00:00,,PENDING,
1653,0035fc3f-70b9-42a5-a386-bc95ee622a36,e1a6a44d-3130-4403-b5cb-3639929a10a0,REGISTERED,2026-02-24 10:50:23.096729+00:00,,PENDING,
1654,0035fc3f-70b9-42a5-a386-bc95ee622a36,83b7b362-55ff-44b1-870b-dd179a5fc394,REGISTERED,2026-04-21 14:56:39.075219+00:00,,PENDING,
1655,0035fc3f-70b9-42a5-a386-bc95ee622a36,fea147a7-2981-47cc-8b65-ea434394a5f1,REGISTERED,2026-03-02 20:19:43.122353+00:00,,PENDING,
1656,0035fc3f-70b9-42a5-a386-bc95ee622a36,cb6d8e05-1472-47ff-b732-cb920eb596dd,REGISTERED,2026-04-24 22:13:48.008710+00:00,,PENDING,
1657,0035fc3f-70b9-42a5-a386-bc95ee622a36,569ecf53-8fa2-437c-b040-27ed48d0b96f,REGISTERED,2026-04-28 08:43:31.264768+00:00,,PENDING,
1658,0035fc3f-70b9-42a5-a386-bc95ee622a36,78af47a7-ad8d-4faf-a4eb-52cb18a6a2cd,REGISTERED,2026-03-29 02:55:47.939618+00:00,,PENDING,
1659,0035fc3f-70b9-42a5-a386-bc95ee622a36,2237a47b-d19c-43f7-b1bb-db7310cd2750,REGISTERED,2026-03-04 02:46:02.865352+00:00,,PENDING,
1660,0035fc3f-70b9-42a5-a386-bc95ee622a36,d1d788a6-dd4c-4608-94bc-b1fd10c2a24e,REGISTERED,2026-04-07 12:46:19.474442+00:00,,PENDING,
1661,0035fc3f-70b9-42a5-a386-bc95ee622a36,3e97ef54-2c80-4360-8b88-839042ab9574,REGISTERED,2026-04-12 12:55:59.346277+00:00,,PENDING,
1662,0035fc3f-70b9-42a5-a386-bc95ee622a36,a3ff7146-5c5d-4b32-aa8d-e1dc67bae50e,CANCELLED,2026-04-03 20:41:14.918236+00:00,2026-04-05 16:24:04.857659+00:00,PENDING,Besoin de suivre une autre session en priorité.
1663,0035fc3f-70b9-42a5-a386-bc95ee622a36,b6421516-65a2-4794-a3cf-e6d057cb9c36,REGISTERED,2026-04-23 03:00:56.384166+00:00,,PENDING,
1664,0035fc3f-70b9-42a5-a386-bc95ee622a36,fd4de66f-9089-4132-b386-bcc0aed023a5,REGISTERED,2026-05-01 01:58:18.118464+00:00,,PENDING,
1665,0035fc3f-70b9-42a5-a386-bc95ee622a36,bcd22804-cb9b-430b-879b-fbdade368183,REGISTERED,2026-03-24 03:27:36.126942+00:00,,PENDING,
1666,0035fc3f-70b9-42a5-a386-bc95ee622a36,465f2a51-6e74-4cea-b466-c62c29193b73,CANCELLED,2026-02-25 20:51:05.554263+00:00,2026-03-04 15:03:14.276419+00:00,PENDING,Contrainte de planning de dernière minute.
1667,40d339c6-9f7e-4c65-80aa-eeed3589bc0a,11938edb-7027-491c-9527-eaf7738ea9cd,REGISTERED,2026-03-03 20:40:38.245556+00:00,,PRESENT,
1668,40d339c6-9f7e-4c65-80aa-eeed3589bc0a,fd4de66f-9089-4132-b386-bcc0aed023a5,REGISTERED,2026-01-21 00:44:13.095939+00:00,,ABSENT,
1669,40d339c6-9f7e-4c65-80aa-eeed3589bc0a,f3525842-5ccf-4d32-b3c0-eb58cb4ae783,REGISTERED,2026-02-19 14:57:20.310949+00:00,,ABSENT,
1670,40d339c6-9f7e-4c65-80aa-eeed3589bc0a,71c79692-c503-4f92-9e3b-427e5c06bcf3,REGISTERED,2026-03-03 06:59:38.118868+00:00,,PRESENT,
1671,40d339c6-9f7e-4c65-80aa-eeed3589bc0a,ebabeeab-3d61-4de8-9cc1-9896c30de71c,REGISTERED,2026-02-25 12:22:22.275496+00:00,,PRESENT,
1672,40d339c6-9f7e-4c65-80aa-eeed3589bc0a,175a4d5b-a9b8-482f-bb16-09ead09c462d,REGISTERED,2026-03-19 12:12:58.407400+00:00,,PRESENT,
1673,40d339c6-9f7e-4c65-80aa-eeed3589bc0a,d35f769d-d320-4357-a8ad-0db3cd7e1bcf,REGISTERED,2026-02-28 08:28:07.518163+00:00,,PRESENT,
1674,40d339c6-9f7e-4c65-80aa-eeed3589bc0a,054fbfd5-4987-4e74-981e-7720556bff7c,REGISTERED,2026-02-19 18:24:46.795538+00:00,,PRESENT,
1675,40d339c6-9f7e-4c65-80aa-eeed3589bc0a,a05fb95c-ba9f-4e27-a689-3cf5fc1b5a26,CANCELLED,2026-03-10 20:09:17.115231+00:00,2026-03-11 22:20:26.575606+00:00,PENDING,Modification de l’agenda projet.
1676,40d339c6-9f7e-4c65-80aa-eeed3589bc0a,83591bb5-b0a5-432a-9670-a236e11cbb0b,REGISTERED,2026-01-25 04:48:28.591272+00:00,,PRESENT,
1677,40d339c6-9f7e-4c65-80aa-eeed3589bc0a,b55fd364-1df7-46e9-8a10-21de5cd5b1f3,REGISTERED,2026-01-21 08:53:07.723981+00:00,,PRESENT,
1678,40d339c6-9f7e-4c65-80aa-eeed3589bc0a,694b0956-4e4d-45ad-893c-29800a2bcfd9,CANCELLED,2026-03-17 03:29:15.536141+00:00,2026-03-22 13:18:02.762354+00:00,PENDING,Session finalement non pertinente pour le profil.
1679,40d339c6-9f7e-4c65-80aa-eeed3589bc0a,aea65023-ce55-417a-a93c-d43c8afc615f,REGISTERED,2026-03-19 08:46:44.497425+00:00,,ABSENT,
1680,40d339c6-9f7e-4c65-80aa-eeed3589bc0a,e8a80a6e-ee71-4373-8db9-cb211b8b0d92,CANCELLED,2026-02-20 14:51:10.569043+00:00,2026-03-08 17:40:38.367830+00:00,PENDING,Besoin de suivre une autre session en priorité.
1681,40d339c6-9f7e-4c65-80aa-eeed3589bc0a,78c254c8-e08c-423c-b031-4de7e4eb1f25,REGISTERED,2026-02-09 13:31:02.056086+00:00,,PRESENT,
1682,40d339c6-9f7e-4c65-80aa-eeed3589bc0a,569ecf53-8fa2-437c-b040-27ed48d0b96f,REGISTERED,2026-02-20 21:03:09.614666+00:00,,PRESENT,
1683,40d339c6-9f7e-4c65-80aa-eeed3589bc0a,e85bf3a0-343f-43c6-9d3c-0139253eb5fe,REGISTERED,2026-02-04 02:03:04.736824+00:00,,PRESENT,
1684,40d339c6-9f7e-4c65-80aa-eeed3589bc0a,fd337d25-a333-4d37-94b8-71f30778f874,REGISTERED,2026-03-14 00:16:07.824387+00:00,,PRESENT,
1685,40d339c6-9f7e-4c65-80aa-eeed3589bc0a,6f1f4dc0-4b42-4147-b573-37a2915f8a50,REGISTERED,2026-02-09 18:38:39.372973+00:00,,PRESENT,
1686,40d339c6-9f7e-4c65-80aa-eeed3589bc0a,15faaccb-2bbf-40c2-8ccd-d84e51bfe1a3,REGISTERED,2026-02-23 11:01:15.227392+00:00,,PRESENT,
1687,40d339c6-9f7e-4c65-80aa-eeed3589bc0a,de28480c-d0d0-4780-9b2f-53c70c8b5ed5,REGISTERED,2026-03-09 12:54:23.848823+00:00,,PRESENT,
1688,40d339c6-9f7e-4c65-80aa-eeed3589bc0a,d3db882a-0f69-4757-86d7-7684ed050599,REGISTERED,2026-03-10 05:14:02.592877+00:00,,PRESENT,
1689,40d339c6-9f7e-4c65-80aa-eeed3589bc0a,efc9f989-2e92-4dbb-b001-56b7f766c6cd,CANCELLED,2026-02-26 13:04:59.907530+00:00,2026-03-19 21:20:32.684235+00:00,PENDING,Contrainte de planning de dernière minute.
1690,40d339c6-9f7e-4c65-80aa-eeed3589bc0a,5b4a4141-7738-4083-ae9c-db997fb64b4a,REGISTERED,2026-02-21 18:54:56.048205+00:00,,PRESENT,
1691,40d339c6-9f7e-4c65-80aa-eeed3589bc0a,7bf1e94f-695d-4afe-9fb2-f60aff59abb9,REGISTERED,2026-02-04 00:17:37.909160+00:00,,PRESENT,
1692,40d339c6-9f7e-4c65-80aa-eeed3589bc0a,4c9ed491-fd91-409f-a4ce-61dddd56f08f,REGISTERED,2026-02-04 07:53:18.723832+00:00,,PRESENT,
1693,40d339c6-9f7e-4c65-80aa-eeed3589bc0a,35b84825-f888-46e4-90d7-f9a8cd6a7762,REGISTERED,2026-01-29 01:22:31.556912+00:00,,PRESENT,
1694,40d339c6-9f7e-4c65-80aa-eeed3589bc0a,1c17e3b7-1ace-4929-8a17-4b637e56b0b6,REGISTERED,2026-02-16 07:37:02.498696+00:00,,PRESENT,
1695,40d339c6-9f7e-4c65-80aa-eeed3589bc0a,11e4bafe-f46f-4714-ae79-46782f98afcc,REGISTERED,2026-03-07 07:21:59.669089+00:00,,ABSENT,
1696,40d339c6-9f7e-4c65-80aa-eeed3589bc0a,284ef197-5fe6-404b-92da-1fd69387091d,CANCELLED,2026-03-14 16:53:38.206946+00:00,2026-03-28 05:03:44.207299+00:00,PENDING,Besoin de suivre une autre session en priorité.
1697,40d339c6-9f7e-4c65-80aa-eeed3589bc0a,d2143c02-7643-4dad-9edd-73d7e485eec7,REGISTERED,2026-01-25 01:56:31.523007+00:00,,PRESENT,
1698,40d339c6-9f7e-4c65-80aa-eeed3589bc0a,23ce8810-f0b8-4d2e-8e2b-68771418b437,REGISTERED,2026-02-14 00:10:04.312436+00:00,,PRESENT,
1699,40d339c6-9f7e-4c65-80aa-eeed3589bc0a,48ecf4f9-3692-43b7-ae68-8199908358ec,REGISTERED,2026-01-30 01:45:11.061216+00:00,,PRESENT,
1700,40d339c6-9f7e-4c65-80aa-eeed3589bc0a,8953121f-1a21-4cf5-9842-a8bab20d555c,REGISTERED,2026-03-01 02:51:27.978804+00:00,,PRESENT,
1701,40d339c6-9f7e-4c65-80aa-eeed3589bc0a,7c02e81b-64f2-451d-bbab-b807fd72ef10,CANCELLED,2026-01-21 20:54:27.247796+00:00,2026-03-01 15:20:35.380545+00:00,PENDING,Besoin de suivre une autre session en priorité.
1702,40d339c6-9f7e-4c65-80aa-eeed3589bc0a,c0651ad3-8066-41be-bcae-d7c1a16aa7f5,CANCELLED,2026-02-13 11:40:40.791901+00:00,2026-03-22 06:53:46.324826+00:00,PENDING,Participation remplacée par un collègue.
1703,40d339c6-9f7e-4c65-80aa-eeed3589bc0a,acbfcf92-50ae-44fd-b9a5-7c398170cfd5,REGISTERED,2026-01-28 00:46:14.722554+00:00,,PRESENT,
1704,40d339c6-9f7e-4c65-80aa-eeed3589bc0a,d17fb9bc-4d75-4c84-a425-1d1973803d5a,REGISTERED,2026-03-01 04:04:13.496436+00:00,,PRESENT,
1705,40d339c6-9f7e-4c65-80aa-eeed3589bc0a,e9bcf6db-9a70-402b-96e0-5fad1e21ca31,REGISTERED,2026-03-06 12:35:02.697047+00:00,,PRESENT,
1706,40d339c6-9f7e-4c65-80aa-eeed3589bc0a,d045ce18-decd-4a51-b04a-c4a0b10839a7,REGISTERED,2026-03-14 11:07:48.033338+00:00,,PRESENT,
1707,40d339c6-9f7e-4c65-80aa-eeed3589bc0a,fc076384-0f92-412b-9cd2-b54ac7597f75,REGISTERED,2026-01-30 19:11:10.114397+00:00,,PRESENT,
1708,40d339c6-9f7e-4c65-80aa-eeed3589bc0a,5783b7bc-8de7-40b5-b1e8-896921098bd2,REGISTERED,2026-02-01 04:34:22.912451+00:00,,PRESENT,
1709,40d339c6-9f7e-4c65-80aa-eeed3589bc0a,2976ce73-94df-4e12-ac34-fb596591b7c2,REGISTERED,2026-02-23 04:09:31.946046+00:00,,ABSENT,
1710,40d339c6-9f7e-4c65-80aa-eeed3589bc0a,82682e93-7af6-4971-b751-acd09d094d2a,REGISTERED,2026-03-09 18:01:31.383158+00:00,,ABSENT,
1711,40d339c6-9f7e-4c65-80aa-eeed3589bc0a,e1a6a44d-3130-4403-b5cb-3639929a10a0,REGISTERED,2026-02-13 21:36:25.268557+00:00,,PRESENT,
1712,40d339c6-9f7e-4c65-80aa-eeed3589bc0a,c13abe7d-3c09-4714-9eb5-f4811cd6ae6b,REGISTERED,2026-03-14 05:56:46.838305+00:00,,PRESENT,
1713,40d339c6-9f7e-4c65-80aa-eeed3589bc0a,8a85cbcb-c372-4854-9d56-ead45338499f,REGISTERED,2026-02-22 03:44:23.821351+00:00,,ABSENT,
1714,40d339c6-9f7e-4c65-80aa-eeed3589bc0a,7a896dbe-f0e6-49e6-be1b-41feb6e585a7,REGISTERED,2026-02-25 23:04:03.068374+00:00,,ABSENT,
1715,40d339c6-9f7e-4c65-80aa-eeed3589bc0a,00f7fbed-d7cd-4b53-9344-aa42ba92c94d,REGISTERED,2026-02-24 21:25:57.949358+00:00,,PRESENT,
1716,40d339c6-9f7e-4c65-80aa-eeed3589bc0a,4b525688-1acd-4981-b213-0ea3aa8ecb43,REGISTERED,2026-01-28 03:51:33.062297+00:00,,PRESENT,
1717,40d339c6-9f7e-4c65-80aa-eeed3589bc0a,67ef2ce8-8158-4061-b39f-1648161b988a,REGISTERED,2026-03-16 08:02:30.163300+00:00,,ABSENT,
1718,40d339c6-9f7e-4c65-80aa-eeed3589bc0a,c79bf178-2ad7-46c5-a8bc-69d76f5a35b2,REGISTERED,2026-02-04 00:22:04.955108+00:00,,PRESENT,
1719,40d339c6-9f7e-4c65-80aa-eeed3589bc0a,0e1e47d1-e0f8-4547-aa65-ac319dba27f6,REGISTERED,2026-01-20 03:21:46.130630+00:00,,PRESENT,
1720,40d339c6-9f7e-4c65-80aa-eeed3589bc0a,77eda781-2f0d-483f-8875-14af3485c071,CANCELLED,2026-03-06 02:20:32.853061+00:00,2026-03-26 04:21:33.192180+00:00,PENDING,Indisponibilité personnelle signalée.
1721,40d339c6-9f7e-4c65-80aa-eeed3589bc0a,f93fc94f-b705-49f5-954a-4683273857f4,REGISTERED,2026-03-13 20:44:04.656476+00:00,,ABSENT,
1722,40d339c6-9f7e-4c65-80aa-eeed3589bc0a,9d09832f-ff19-4c77-9c05-12881b06c117,REGISTERED,2026-02-10 18:28:18.498235+00:00,,PRESENT,
1723,40d339c6-9f7e-4c65-80aa-eeed3589bc0a,dbb62cac-e512-454a-a2dd-cd278e6b0b3e,REGISTERED,2026-01-26 07:10:53.580175+00:00,,ABSENT,
1724,40d339c6-9f7e-4c65-80aa-eeed3589bc0a,4d294b5a-0c54-442e-997e-8a8190b5f36e,REGISTERED,2026-01-23 05:39:38.335260+00:00,,PRESENT,
1725,40d339c6-9f7e-4c65-80aa-eeed3589bc0a,4311ce77-f8c2-4006-914c-00bf45307cde,CANCELLED,2026-03-11 17:21:12.049549+00:00,2026-03-22 16:07:48.862132+00:00,PENDING,Problème de disponibilité logistique.
1726,40d339c6-9f7e-4c65-80aa-eeed3589bc0a,1282a9e9-9325-4f3d-94ee-887a13d79265,REGISTERED,2026-03-14 11:32:21.135814+00:00,,PRESENT,
1727,40d339c6-9f7e-4c65-80aa-eeed3589bc0a,debfdb17-41a8-47ec-a914-677fa4a8b9d1,REGISTERED,2026-02-15 08:13:45.145670+00:00,,PRESENT,
1728,40d339c6-9f7e-4c65-80aa-eeed3589bc0a,449ac75e-578d-423f-8bc4-b4c90d6ac229,REGISTERED,2026-02-13 20:44:27.034194+00:00,,PRESENT,
1729,40d339c6-9f7e-4c65-80aa-eeed3589bc0a,c4e9879e-05ab-498a-920f-58381490c89b,REGISTERED,2026-01-27 05:03:36.976173+00:00,,PRESENT,
1730,40d339c6-9f7e-4c65-80aa-eeed3589bc0a,b108c01c-8d8b-44d9-b7b4-c8ff2f95bdfa,REGISTERED,2026-01-22 06:50:08.992349+00:00,,PRESENT,
1731,40d339c6-9f7e-4c65-80aa-eeed3589bc0a,c12cd7d4-3770-47ae-9237-24b35609b70d,REGISTERED,2026-02-13 18:55:44.339936+00:00,,ABSENT,
1732,40d339c6-9f7e-4c65-80aa-eeed3589bc0a,5e3a8bbe-4747-4f6c-a52f-e982db7f63be,REGISTERED,2026-01-28 01:09:53.228000+00:00,,PRESENT,
1733,40d339c6-9f7e-4c65-80aa-eeed3589bc0a,ed50a04f-41be-4ee7-89ae-aed7531faa34,REGISTERED,2026-03-19 10:12:00.488784+00:00,,PRESENT,
1734,40d339c6-9f7e-4c65-80aa-eeed3589bc0a,53234d32-ce6e-4a41-989f-d1958715bab4,REGISTERED,2026-02-27 07:16:37.971283+00:00,,PRESENT,
1735,40d339c6-9f7e-4c65-80aa-eeed3589bc0a,82adceda-344c-469a-a34d-6c5d0776f855,CANCELLED,2026-03-01 03:40:49.106478+00:00,2026-03-02 07:28:01.290481+00:00,PENDING,Charge de travail incompatible avec l’événement.
1736,40d339c6-9f7e-4c65-80aa-eeed3589bc0a,966251e0-21da-4b33-8c4f-5acafc653771,REGISTERED,2026-01-27 14:06:48.172001+00:00,,PRESENT,
1737,40d339c6-9f7e-4c65-80aa-eeed3589bc0a,16027d3d-1f20-426f-a1bf-3b8acac085b6,CANCELLED,2026-02-03 11:54:09.809444+00:00,2026-02-08 12:15:16.801848+00:00,PENDING,Contrainte de planning de dernière minute.
1738,40d339c6-9f7e-4c65-80aa-eeed3589bc0a,d39a524e-7c94-4fbb-ae92-88b5fbdeaeb8,REGISTERED,2026-02-01 09:30:38.218349+00:00,,PRESENT,
1739,40d339c6-9f7e-4c65-80aa-eeed3589bc0a,0b8e3edc-e13f-433c-bcda-bf4510acface,REGISTERED,2026-03-07 07:27:59.111147+00:00,,PRESENT,
1740,40d339c6-9f7e-4c65-80aa-eeed3589bc0a,2ddc0de1-b086-459e-8934-d9b7c1771d9d,REGISTERED,2026-02-01 03:35:02.430895+00:00,,PRESENT,
1741,40d339c6-9f7e-4c65-80aa-eeed3589bc0a,9670db24-9fbd-4eae-8798-eee73b7f38b0,REGISTERED,2026-02-03 05:17:06.850636+00:00,,PRESENT,
1742,40d339c6-9f7e-4c65-80aa-eeed3589bc0a,553aa3f4-b0d4-4902-96eb-9580f1ab5102,REGISTERED,2026-02-15 21:49:55.404762+00:00,,PRESENT,
1743,40d339c6-9f7e-4c65-80aa-eeed3589bc0a,ebf39313-cfca-46a7-a1ef-36e0bb511d9d,REGISTERED,2026-01-22 15:12:45.362449+00:00,,PRESENT,
1744,40d339c6-9f7e-4c65-80aa-eeed3589bc0a,0642ecad-a158-4e54-85b7-a07bbaf1092f,REGISTERED,2026-02-22 08:13:41.290184+00:00,,PRESENT,
1745,40d339c6-9f7e-4c65-80aa-eeed3589bc0a,c3b0f176-69f0-4028-872a-0091128bf3a7,CANCELLED,2026-01-28 09:36:06.287396+00:00,2026-02-14 03:10:27.080433+00:00,PENDING,Absence validée par le manager.
1746,40d339c6-9f7e-4c65-80aa-eeed3589bc0a,e9259942-8396-473b-9057-48dcaca6a4b8,REGISTERED,2026-02-15 09:43:45.548282+00:00,,PRESENT,
1747,40d339c6-9f7e-4c65-80aa-eeed3589bc0a,912a90c4-9c49-4b06-b8aa-4363306047bd,REGISTERED,2026-01-24 13:12:02.457296+00:00,,ABSENT,
1748,40d339c6-9f7e-4c65-80aa-eeed3589bc0a,5bfb3b47-b622-4dea-bcef-0b3827189ab1,REGISTERED,2026-02-05 23:44:11.143681+00:00,,PRESENT,
1749,40d339c6-9f7e-4c65-80aa-eeed3589bc0a,b1b3abf0-bf40-43df-bd09-1bd861e99e17,REGISTERED,2026-02-21 02:24:02.521394+00:00,,PRESENT,
1750,40d339c6-9f7e-4c65-80aa-eeed3589bc0a,86c5b659-a2b1-435e-ad5f-6550a8be0606,REGISTERED,2026-03-08 19:01:39.217743+00:00,,PRESENT,
1751,40d339c6-9f7e-4c65-80aa-eeed3589bc0a,a7450ed8-f67b-4a15-a99a-a9fa649b6fd6,REGISTERED,2026-02-07 19:15:14.472028+00:00,,PRESENT,
1752,40d339c6-9f7e-4c65-80aa-eeed3589bc0a,ff547326-c297-4923-8b93-97313a467f80,REGISTERED,2026-02-09 07:50:18.462652+00:00,,PRESENT,
1753,40d339c6-9f7e-4c65-80aa-eeed3589bc0a,ef1f441d-713b-4320-8698-2eecbf112a71,REGISTERED,2026-02-07 23:50:13.482775+00:00,,PRESENT,
1754,40d339c6-9f7e-4c65-80aa-eeed3589bc0a,44bd7edf-b40c-4e70-80b5-06cef76b4c8c,REGISTERED,2026-02-03 03:25:32.316967+00:00,,PRESENT,
1755,40d339c6-9f7e-4c65-80aa-eeed3589bc0a,c0278ba1-ce60-47e3-9f28-8dd3d2d45b37,REGISTERED,2026-02-25 23:36:17.600232+00:00,,PRESENT,
1756,40d339c6-9f7e-4c65-80aa-eeed3589bc0a,a7019b71-bdec-45fd-aa1f-46c39d0046c3,REGISTERED,2026-02-27 15:24:07.442201+00:00,,PRESENT,
1757,40d339c6-9f7e-4c65-80aa-eeed3589bc0a,eb85b268-bb88-4119-939d-492d2322518f,REGISTERED,2026-03-05 09:12:26.855590+00:00,,PRESENT,
1758,40d339c6-9f7e-4c65-80aa-eeed3589bc0a,5974ae31-04b8-4503-9dea-54b6eb4c5696,REGISTERED,2026-03-10 04:33:27.757495+00:00,,ABSENT,
1759,40d339c6-9f7e-4c65-80aa-eeed3589bc0a,8d156397-31ce-4b22-917d-ddbd85670e15,REGISTERED,2026-03-08 17:38:48.374560+00:00,,PRESENT,
1760,40d339c6-9f7e-4c65-80aa-eeed3589bc0a,3890de82-3395-42e3-86ff-099140dc8353,REGISTERED,2026-02-16 13:35:18.812617+00:00,,ABSENT,
1761,40d339c6-9f7e-4c65-80aa-eeed3589bc0a,b2d5b34b-d258-4bcf-8d4a-ef4e46a9dfff,REGISTERED,2026-02-28 20:40:44.486266+00:00,,ABSENT,
1762,40d339c6-9f7e-4c65-80aa-eeed3589bc0a,1265fdd8-49bb-4b65-8420-9820ac749a6a,REGISTERED,2026-02-05 10:54:35.209518+00:00,,PRESENT,
1763,692c4084-6937-47d1-87a6-30c7aa02f087,76cbf7c4-1a28-4125-bb2c-8e192a892807,REGISTERED,2026-03-21 05:58:14.294900+00:00,,PENDING,
1764,692c4084-6937-47d1-87a6-30c7aa02f087,a8d3e377-0e26-45b7-bd86-63aae9be7dbb,REGISTERED,2026-01-07 13:23:04.143123+00:00,,PENDING,
1765,692c4084-6937-47d1-87a6-30c7aa02f087,9500eed0-ba6a-4e02-904a-16af00d46e3e,REGISTERED,2026-03-09 21:52:04.145475+00:00,,PENDING,
1766,692c4084-6937-47d1-87a6-30c7aa02f087,a5e91f29-76ad-47df-8a3c-43ad203ed9c3,REGISTERED,2026-02-21 15:22:38.548401+00:00,,PENDING,
1767,692c4084-6937-47d1-87a6-30c7aa02f087,3e5fe20d-95f7-4fea-a0b1-f764d3af1ede,CANCELLED,2026-03-22 16:32:28.486193+00:00,2026-04-10 14:56:37.164639+00:00,PENDING,Contrainte de planning de dernière minute.
1768,692c4084-6937-47d1-87a6-30c7aa02f087,23f999be-8f3a-4135-a109-48825f2b5ce3,REGISTERED,2026-04-12 20:42:55.324141+00:00,,PENDING,
1769,692c4084-6937-47d1-87a6-30c7aa02f087,8ee4e6aa-49bf-4476-8827-7c43c8576b3a,REGISTERED,2026-02-26 10:05:09.428625+00:00,,PENDING,
1770,692c4084-6937-47d1-87a6-30c7aa02f087,9fd6253e-a662-4cde-bf57-754afdda3595,REGISTERED,2026-04-11 03:54:18.439268+00:00,,PENDING,
1771,692c4084-6937-47d1-87a6-30c7aa02f087,3619dfe1-747a-4948-8c14-9a75c51a9710,REGISTERED,2026-02-04 01:43:09.826150+00:00,,PENDING,
1772,692c4084-6937-47d1-87a6-30c7aa02f087,465f2a51-6e74-4cea-b466-c62c29193b73,REGISTERED,2026-02-28 16:54:13.908772+00:00,,PENDING,
1773,692c4084-6937-47d1-87a6-30c7aa02f087,b4288a6b-52f0-44ab-821f-5bb760918a76,REGISTERED,2026-04-27 16:56:19.676506+00:00,,PENDING,
1774,692c4084-6937-47d1-87a6-30c7aa02f087,938ad754-ae19-4622-bf35-e9b4fd3944cb,REGISTERED,2026-04-05 22:04:56.845909+00:00,,PENDING,
1775,692c4084-6937-47d1-87a6-30c7aa02f087,694b0956-4e4d-45ad-893c-29800a2bcfd9,REGISTERED,2026-02-04 02:59:47.662706+00:00,,PENDING,
1776,692c4084-6937-47d1-87a6-30c7aa02f087,6a808ecc-aa5f-46f7-9473-e17d132330cd,REGISTERED,2026-01-30 21:43:51.604840+00:00,,PENDING,
1777,a4c0c72f-77bd-49d9-a63e-1d09f4f288dd,066a8584-2f31-4a5b-81a3-bfcffb97ceb0,CANCELLED,2026-04-28 08:37:07.044900+00:00,2026-04-30 17:03:10.337539+00:00,PENDING,Conflit d’horaire avec une réunion prioritaire.
1778,a4c0c72f-77bd-49d9-a63e-1d09f4f288dd,f6a73420-1583-40dd-969e-dd8538e24dff,REGISTERED,2026-04-07 04:35:12.599883+00:00,,PENDING,
1779,a4c0c72f-77bd-49d9-a63e-1d09f4f288dd,ea1a0264-de52-481b-a0f7-f867deda082c,REGISTERED,2026-04-07 17:10:23.454089+00:00,,PENDING,
1780,522c3f73-470c-4a0d-9e96-90865bac2772,4b6514c1-383f-4056-9a6e-81fe0599fec3,REGISTERED,2026-03-29 16:33:46.280045+00:00,,PENDING,
1781,522c3f73-470c-4a0d-9e96-90865bac2772,68188865-471e-41c4-ab21-d803009fe1ae,REGISTERED,2026-01-19 08:53:45.597257+00:00,,PENDING,
1782,522c3f73-470c-4a0d-9e96-90865bac2772,399ddb4e-8253-4685-9236-d599b6eef665,REGISTERED,2026-01-14 06:32:44.417699+00:00,,PENDING,
1783,522c3f73-470c-4a0d-9e96-90865bac2772,ba465ba6-c272-4a1d-a2a5-154d5850d7fc,REGISTERED,2026-01-19 13:39:51.918481+00:00,,PENDING,
1784,522c3f73-470c-4a0d-9e96-90865bac2772,eb0e5714-103d-4cc9-9b7e-b0267f027196,REGISTERED,2026-03-31 09:48:37.168429+00:00,,PENDING,
1785,522c3f73-470c-4a0d-9e96-90865bac2772,73c05dc0-70ad-4a8b-a6d0-3dfd6c54d1a1,REGISTERED,2026-01-16 03:10:38.125052+00:00,,PENDING,
1786,522c3f73-470c-4a0d-9e96-90865bac2772,1092232c-ca39-4c9d-90f6-d303d67af0e4,REGISTERED,2026-02-22 17:11:18.063847+00:00,,PENDING,
1787,0d190215-dd65-4aca-a803-d461f0c97c68,0255ba23-f10c-4e55-a632-f39545ad53f2,REGISTERED,2026-02-26 08:14:52.621767+00:00,,PRESENT,
1788,0d190215-dd65-4aca-a803-d461f0c97c68,a9eb667c-0911-4e4e-955e-a556167a78c0,REGISTERED,2026-02-04 11:56:38.033746+00:00,,PRESENT,
1789,0d190215-dd65-4aca-a803-d461f0c97c68,11f3834e-b75c-47de-8f68-181c73c2203d,REGISTERED,2026-03-03 21:43:58.870861+00:00,,ABSENT,
1790,0d190215-dd65-4aca-a803-d461f0c97c68,eb0e5714-103d-4cc9-9b7e-b0267f027196,REGISTERED,2026-02-28 00:12:03.881476+00:00,,PRESENT,
1791,0d190215-dd65-4aca-a803-d461f0c97c68,f1ea7bc8-4511-4946-992a-69c581e26bef,REGISTERED,2026-03-02 21:21:36.026459+00:00,,PRESENT,
1792,0d190215-dd65-4aca-a803-d461f0c97c68,1282a9e9-9325-4f3d-94ee-887a13d79265,REGISTERED,2026-02-24 21:52:47.413912+00:00,,PRESENT,
1793,0d190215-dd65-4aca-a803-d461f0c97c68,cd925f76-6a4a-4b65-b4d7-839f7aa778fc,REGISTERED,2026-02-28 09:47:38.288280+00:00,,PRESENT,
1794,0d190215-dd65-4aca-a803-d461f0c97c68,dd44faee-f20f-47e5-94ff-6945e2284b01,REGISTERED,2026-02-27 16:52:57.133271+00:00,,PRESENT,
1795,0d190215-dd65-4aca-a803-d461f0c97c68,57ba55cf-425f-48e2-9ed7-0fc2e1c80530,REGISTERED,2026-02-17 07:30:33.281375+00:00,,PRESENT,
1796,0d190215-dd65-4aca-a803-d461f0c97c68,78413987-8929-435c-b7e0-5a3fd9449489,CANCELLED,2026-02-18 23:14:05.587049+00:00,2026-03-03 20:46:45.666465+00:00,PENDING,Déplacement professionnel confirmé.
1797,0d190215-dd65-4aca-a803-d461f0c97c68,16aecb05-9ec8-4d03-8476-a54437617f6a,REGISTERED,2026-02-23 15:26:30.974185+00:00,,PRESENT,
1798,0d190215-dd65-4aca-a803-d461f0c97c68,d03f66d8-d99b-4671-a0db-107d9ed5e8e4,REGISTERED,2026-01-30 01:24:10.983181+00:00,,PRESENT,
1799,0d190215-dd65-4aca-a803-d461f0c97c68,00f7fbed-d7cd-4b53-9344-aa42ba92c94d,REGISTERED,2026-02-17 12:04:48.583330+00:00,,PRESENT,
1800,0d190215-dd65-4aca-a803-d461f0c97c68,8c98e8b0-861d-4d8c-9844-76deb537a1db,CANCELLED,2026-02-01 23:05:32.286389+00:00,2026-02-15 23:30:28.884862+00:00,PENDING,Invitation déclinée après réévaluation.
1801,0d190215-dd65-4aca-a803-d461f0c97c68,c6c4c07d-3b41-4f86-8ba6-5dee77d99dd6,REGISTERED,2026-02-20 16:19:30.095171+00:00,,PRESENT,
1802,0d190215-dd65-4aca-a803-d461f0c97c68,84e69d57-36b1-481d-a823-b2bb1e0eff7b,REGISTERED,2026-02-08 02:01:49.469536+00:00,,PRESENT,
1803,0d190215-dd65-4aca-a803-d461f0c97c68,91f76ca7-ada9-4b5b-87c9-c7b966228ec6,CANCELLED,2026-02-07 10:44:10.373225+00:00,2026-03-04 12:50:18.800802+00:00,PENDING,Changement de priorité métier.
1804,0d190215-dd65-4aca-a803-d461f0c97c68,edc57913-68cf-4b04-a356-052f6ffdbcff,REGISTERED,2026-01-25 12:16:52.256803+00:00,,PRESENT,
1805,0d190215-dd65-4aca-a803-d461f0c97c68,ca7c15d4-b63c-43b9-a154-a9f6ec9bd46d,REGISTERED,2026-02-09 23:54:07.009246+00:00,,PRESENT,
1806,0d190215-dd65-4aca-a803-d461f0c97c68,5c093bcb-a8f8-495e-9e59-fe544f16ea0b,REGISTERED,2026-02-26 09:52:15.994789+00:00,,PRESENT,
1807,0d190215-dd65-4aca-a803-d461f0c97c68,9cca5d9d-2083-45f2-baf5-a904076fa298,REGISTERED,2026-02-27 19:17:22.487934+00:00,,PRESENT,
1808,0d190215-dd65-4aca-a803-d461f0c97c68,44bd7edf-b40c-4e70-80b5-06cef76b4c8c,REGISTERED,2026-02-24 08:35:08.548661+00:00,,PRESENT,
1809,0d190215-dd65-4aca-a803-d461f0c97c68,985eaa3f-7b48-432c-980e-612cac39b2d6,REGISTERED,2026-02-01 13:59:24.313939+00:00,,PRESENT,
1810,0d190215-dd65-4aca-a803-d461f0c97c68,29e789b9-43d6-4d77-bba5-a8fe5bbec079,REGISTERED,2026-03-02 21:40:32.671289+00:00,,PRESENT,
1811,0d190215-dd65-4aca-a803-d461f0c97c68,8006d300-c0ae-4a0d-ba53-074804f86119,REGISTERED,2026-02-26 11:11:25.795285+00:00,,PRESENT,
1812,0d190215-dd65-4aca-a803-d461f0c97c68,db51b55f-fef8-478b-b35a-f2511f4012c2,CANCELLED,2026-02-02 21:09:14.277595+00:00,2026-03-09 12:06:11.578525+00:00,PENDING,Erreur de choix de créneau.
1813,0d190215-dd65-4aca-a803-d461f0c97c68,d39a524e-7c94-4fbb-ae92-88b5fbdeaeb8,REGISTERED,2026-01-29 23:06:47.814789+00:00,,PRESENT,
1814,0d190215-dd65-4aca-a803-d461f0c97c68,fe585dc9-87c1-4767-acfc-0cb180014620,REGISTERED,2026-02-16 20:34:29.503330+00:00,,PRESENT,
1815,0d190215-dd65-4aca-a803-d461f0c97c68,27450660-9126-425f-8a4c-ee13055c3619,REGISTERED,2026-01-31 11:15:06.495403+00:00,,PRESENT,
1816,0d190215-dd65-4aca-a803-d461f0c97c68,12f5d09b-3a9f-46b1-98f3-f1fcb7df3201,REGISTERED,2026-01-27 23:33:37.389510+00:00,,PRESENT,
1817,0d190215-dd65-4aca-a803-d461f0c97c68,b6421516-65a2-4794-a3cf-e6d057cb9c36,REGISTERED,2026-02-23 07:50:54.513964+00:00,,PRESENT,
1818,0d190215-dd65-4aca-a803-d461f0c97c68,33611d4a-b72d-4868-8862-37dc6da35c82,REGISTERED,2026-02-08 15:35:30.429494+00:00,,PRESENT,
1819,0d190215-dd65-4aca-a803-d461f0c97c68,aa4e1ebb-5f2c-431e-b14c-49099924347c,REGISTERED,2026-02-17 07:43:33.969481+00:00,,PRESENT,
1820,0d190215-dd65-4aca-a803-d461f0c97c68,65f45148-d34d-4ca8-b231-ff27af7e1083,REGISTERED,2026-02-17 23:07:40.793808+00:00,,ABSENT,
1821,0d190215-dd65-4aca-a803-d461f0c97c68,3577cac5-0476-4aff-b030-5793997dce28,REGISTERED,2026-02-15 16:23:13.077024+00:00,,PRESENT,
1822,0d190215-dd65-4aca-a803-d461f0c97c68,7d15ce84-8e27-4d49-b5db-e0a53ce987cd,REGISTERED,2026-02-14 19:00:00.143693+00:00,,ABSENT,
1823,0d190215-dd65-4aca-a803-d461f0c97c68,0f332dc1-8d8c-4d07-9e8e-61e2d0086221,REGISTERED,2026-02-08 14:16:40.005670+00:00,,PRESENT,
1824,0d190215-dd65-4aca-a803-d461f0c97c68,6f1f4dc0-4b42-4147-b573-37a2915f8a50,REGISTERED,2026-02-24 14:56:09.231776+00:00,,PRESENT,
1825,0d190215-dd65-4aca-a803-d461f0c97c68,a0cca5a6-1adb-48cd-8eb4-3ddd051a194a,CANCELLED,2026-02-17 03:17:35.486534+00:00,2026-02-19 05:50:47.560002+00:00,PENDING,Contrainte de planning de dernière minute.
1826,0d190215-dd65-4aca-a803-d461f0c97c68,e1a6a44d-3130-4403-b5cb-3639929a10a0,CANCELLED,2026-02-28 03:29:19.590664+00:00,2026-02-28 16:03:59.704237+00:00,PENDING,Erreur de choix de créneau.
1827,0d190215-dd65-4aca-a803-d461f0c97c68,3153eaad-facb-4e77-bf73-9a19018c032d,REGISTERED,2026-02-24 03:47:17.140765+00:00,,PRESENT,
1828,0d190215-dd65-4aca-a803-d461f0c97c68,1423a03e-cee5-47c1-8a33-c4e950c56923,REGISTERED,2026-02-28 10:27:53.645660+00:00,,PRESENT,
1829,0d190215-dd65-4aca-a803-d461f0c97c68,db865006-8f7f-49f3-a2b6-c29e656c8004,REGISTERED,2026-02-04 01:10:12.713718+00:00,,PRESENT,
1830,0d190215-dd65-4aca-a803-d461f0c97c68,cb6d8e05-1472-47ff-b732-cb920eb596dd,CANCELLED,2026-02-13 03:28:36.733906+00:00,2026-03-13 04:35:50.621277+00:00,PENDING,Absence validée par le manager.
1831,0d190215-dd65-4aca-a803-d461f0c97c68,62f0f942-5b08-4351-9bfb-920a9b2364ec,REGISTERED,2026-02-26 16:34:33.472340+00:00,,PRESENT,
1832,0d190215-dd65-4aca-a803-d461f0c97c68,5179d5b9-4f1e-4e23-9bd1-90c1af18e263,CANCELLED,2026-02-05 12:41:22.185872+00:00,2026-02-19 22:45:43.462826+00:00,PENDING,Contrainte de planning de dernière minute.
1833,0d190215-dd65-4aca-a803-d461f0c97c68,eaa9cc85-b28c-4878-9ca7-f4d797d0e0d9,REGISTERED,2026-02-21 16:45:34.698264+00:00,,PRESENT,
1834,0d190215-dd65-4aca-a803-d461f0c97c68,68694506-5179-4288-8fa1-878fbaa48615,REGISTERED,2026-01-24 15:47:26.988765+00:00,,PRESENT,
1835,0d190215-dd65-4aca-a803-d461f0c97c68,206f3caa-e4f4-4c32-9bbe-a77b272bce88,CANCELLED,2026-01-30 14:56:25.262679+00:00,2026-02-13 11:07:13.322568+00:00,PENDING,Participation remplacée par un collègue.
1836,0d190215-dd65-4aca-a803-d461f0c97c68,6e55651b-8ed1-4671-be45-9df63f4dbdb6,REGISTERED,2026-02-17 10:23:20.417666+00:00,,PRESENT,
1837,0d190215-dd65-4aca-a803-d461f0c97c68,278dc842-25a6-4a12-919b-ae5cb5106a96,REGISTERED,2026-02-20 12:29:37.658168+00:00,,ABSENT,
1838,0d190215-dd65-4aca-a803-d461f0c97c68,b9c5c31c-70c5-4d31-b5fa-06019974af0a,REGISTERED,2026-02-03 22:50:29.164885+00:00,,PRESENT,
1839,0d190215-dd65-4aca-a803-d461f0c97c68,a5e91f29-76ad-47df-8a3c-43ad203ed9c3,REGISTERED,2026-01-28 17:52:42.801939+00:00,,PRESENT,
1840,0d190215-dd65-4aca-a803-d461f0c97c68,9d9f828f-6d17-4846-b840-5c49524aebe1,REGISTERED,2026-02-25 23:52:04.059206+00:00,,PRESENT,
1841,0d190215-dd65-4aca-a803-d461f0c97c68,6ed2246c-0899-4390-bcd4-1c784aa4dcbf,REGISTERED,2026-02-07 11:14:40.842102+00:00,,ABSENT,
1842,0d190215-dd65-4aca-a803-d461f0c97c68,2017d595-cb92-43c2-b6ad-78ccf95a782c,CANCELLED,2026-02-06 21:14:22.851472+00:00,2026-02-13 11:43:43.388579+00:00,PENDING,Participation remplacée par un collègue.
1843,0d190215-dd65-4aca-a803-d461f0c97c68,054fbfd5-4987-4e74-981e-7720556bff7c,REGISTERED,2026-02-14 14:42:30.086004+00:00,,PRESENT,
1844,0d190215-dd65-4aca-a803-d461f0c97c68,6c72c3eb-81e1-402e-8b91-1b315094e27e,REGISTERED,2026-02-22 21:17:01.759246+00:00,,PRESENT,
1845,0d190215-dd65-4aca-a803-d461f0c97c68,cda07ab2-acb0-42ea-8b8d-d21f330bf70c,REGISTERED,2026-02-13 13:39:41.783464+00:00,,PRESENT,
1846,0d190215-dd65-4aca-a803-d461f0c97c68,5974ae31-04b8-4503-9dea-54b6eb4c5696,REGISTERED,2026-02-14 11:10:40.562303+00:00,,PRESENT,
1847,0d190215-dd65-4aca-a803-d461f0c97c68,b4b6c65f-6664-4d76-b394-e61f1c8f8ec1,REGISTERED,2026-02-19 12:11:01.667434+00:00,,ABSENT,
1848,0d190215-dd65-4aca-a803-d461f0c97c68,18461a76-23dd-484e-ac0a-37f832c9ef57,REGISTERED,2026-02-28 09:36:52.918948+00:00,,PRESENT,
1849,0d190215-dd65-4aca-a803-d461f0c97c68,38f613ea-5861-4cc9-b537-b6b20e606666,REGISTERED,2026-02-22 00:06:18.447556+00:00,,PRESENT,
1850,2662f2f2-e147-4bfb-a3b6-41a7cba757de,62f0f942-5b08-4351-9bfb-920a9b2364ec,REGISTERED,2026-02-03 18:52:17.290752+00:00,,PRESENT,
1851,2662f2f2-e147-4bfb-a3b6-41a7cba757de,3ce5d8ff-3af6-4183-83e3-d0fad13a6ef1,REGISTERED,2026-02-12 01:15:34.926192+00:00,,PRESENT,
1852,2662f2f2-e147-4bfb-a3b6-41a7cba757de,82015a98-3b01-41dc-9cac-7c689d1a99b7,REGISTERED,2026-02-18 19:00:39.995319+00:00,,ABSENT,
1853,2662f2f2-e147-4bfb-a3b6-41a7cba757de,8d96e8da-9993-495a-a0c2-848796ac710e,REGISTERED,2026-03-03 18:37:24.761019+00:00,,PRESENT,
1854,2662f2f2-e147-4bfb-a3b6-41a7cba757de,ada33a22-047d-41f7-9001-c78a46d52ecc,REGISTERED,2026-03-20 21:02:37.027084+00:00,,PRESENT,
1855,2662f2f2-e147-4bfb-a3b6-41a7cba757de,4284538a-2eb5-4ac7-9e74-d9148261af39,REGISTERED,2026-02-13 21:20:54.893614+00:00,,PRESENT,
1856,2662f2f2-e147-4bfb-a3b6-41a7cba757de,db51b55f-fef8-478b-b35a-f2511f4012c2,CANCELLED,2026-03-01 04:31:30.496486+00:00,2026-03-02 23:24:24.578415+00:00,PENDING,Indisponibilité personnelle signalée.
1857,2662f2f2-e147-4bfb-a3b6-41a7cba757de,915de5a6-4e56-45a3-9ec0-f304a3b83653,REGISTERED,2026-02-13 21:08:51.501990+00:00,,ABSENT,
1858,2662f2f2-e147-4bfb-a3b6-41a7cba757de,c3cebde2-04c5-4bd6-8742-5138c5699944,REGISTERED,2026-02-09 13:37:35.821955+00:00,,PRESENT,
1859,2662f2f2-e147-4bfb-a3b6-41a7cba757de,85fcc4be-726c-4bcd-9bc6-c969daa3cd3e,REGISTERED,2026-02-05 17:15:55.850832+00:00,,PRESENT,
1860,2662f2f2-e147-4bfb-a3b6-41a7cba757de,b9c5c31c-70c5-4d31-b5fa-06019974af0a,REGISTERED,2026-03-08 14:14:55.440562+00:00,,ABSENT,
1861,2662f2f2-e147-4bfb-a3b6-41a7cba757de,d2143c02-7643-4dad-9edd-73d7e485eec7,CANCELLED,2026-03-10 14:29:49.129795+00:00,2026-03-24 18:33:37.576803+00:00,PENDING,Contrainte de planning de dernière minute.
1862,2662f2f2-e147-4bfb-a3b6-41a7cba757de,50b973db-8479-47e1-8c19-f51f4998a03c,REGISTERED,2026-02-12 06:28:10.899724+00:00,,PRESENT,
1863,2662f2f2-e147-4bfb-a3b6-41a7cba757de,4cc0e55c-8eeb-4f90-96d2-dedd8a565e1b,REGISTERED,2026-03-15 08:04:02.062237+00:00,,PRESENT,
1864,2662f2f2-e147-4bfb-a3b6-41a7cba757de,ad077160-525d-4c40-8102-623ecef44a68,REGISTERED,2026-02-03 00:33:21.238236+00:00,,PRESENT,
1865,2662f2f2-e147-4bfb-a3b6-41a7cba757de,a1c5d618-8d96-458c-8e77-e2adbc9f6c23,REGISTERED,2026-02-18 21:44:52.065623+00:00,,PRESENT,
1866,2662f2f2-e147-4bfb-a3b6-41a7cba757de,9ac7d884-9c16-4fa3-b896-884afda9c096,REGISTERED,2026-02-25 07:22:17.120215+00:00,,ABSENT,
1867,bd1a3473-a2be-43bf-9f69-fbd42e9fb520,f2a1a80b-ee11-4d4d-934b-4728eb24d690,REGISTERED,2026-02-25 12:12:10.578117+00:00,,PRESENT,
1868,bd1a3473-a2be-43bf-9f69-fbd42e9fb520,66254aec-711c-4731-ad1b-12358695cff5,REGISTERED,2026-02-20 18:14:56.044790+00:00,,PRESENT,
1869,bd1a3473-a2be-43bf-9f69-fbd42e9fb520,d432410f-620e-49df-9646-346e8457b3bf,REGISTERED,2026-03-05 16:39:59.109363+00:00,,PRESENT,
1870,bd1a3473-a2be-43bf-9f69-fbd42e9fb520,830b26e2-0a20-44ba-bebb-2eb0e55eb5eb,REGISTERED,2026-02-14 18:18:38.553423+00:00,,PRESENT,
1871,bd1a3473-a2be-43bf-9f69-fbd42e9fb520,8a674818-0a1b-475b-a8c9-cbe1e87d7943,REGISTERED,2026-02-13 23:12:43.383981+00:00,,PRESENT,
1872,bd1a3473-a2be-43bf-9f69-fbd42e9fb520,d7f518f6-8981-4973-9c42-b49423f7f23e,REGISTERED,2026-02-19 06:23:54.875084+00:00,,PRESENT,
1873,bd1a3473-a2be-43bf-9f69-fbd42e9fb520,9fd6253e-a662-4cde-bf57-754afdda3595,REGISTERED,2026-03-05 12:46:45.687395+00:00,,PRESENT,
1874,bd1a3473-a2be-43bf-9f69-fbd42e9fb520,542134d1-b226-400c-8d7c-4e24b1a088a6,REGISTERED,2026-03-06 13:21:02.478390+00:00,,PRESENT,
1875,bd1a3473-a2be-43bf-9f69-fbd42e9fb520,28719ef7-aaa2-49fe-b12a-4c8df12ddbbe,REGISTERED,2026-02-12 07:22:35.794845+00:00,,ABSENT,
1876,bd1a3473-a2be-43bf-9f69-fbd42e9fb520,a04f5eda-a557-4705-92b5-88cc55ea6558,REGISTERED,2026-02-26 00:25:20.695155+00:00,,PRESENT,
1877,bd1a3473-a2be-43bf-9f69-fbd42e9fb520,e63e4f83-e0ba-4644-a46a-7413de243920,REGISTERED,2026-02-17 22:33:37.307707+00:00,,PRESENT,
1878,bd1a3473-a2be-43bf-9f69-fbd42e9fb520,1bdd1aba-8056-4ec1-b09d-02acb85a9eab,REGISTERED,2026-03-08 17:46:37.563011+00:00,,PRESENT,
1879,bd1a3473-a2be-43bf-9f69-fbd42e9fb520,3cb20e66-1f63-4917-96a0-d76276f9e1ec,REGISTERED,2026-02-14 11:18:48.401206+00:00,,PRESENT,
1880,bd1a3473-a2be-43bf-9f69-fbd42e9fb520,03eeb36f-1602-4d94-af8d-fa5e5db432b8,REGISTERED,2026-03-06 03:32:08.081374+00:00,,PRESENT,
1881,bd1a3473-a2be-43bf-9f69-fbd42e9fb520,13d27dae-abb6-45aa-8a42-aabcca05524a,CANCELLED,2026-03-09 08:37:23.397174+00:00,2026-03-16 01:33:44.386774+00:00,PENDING,Erreur de choix de créneau.
1882,bd1a3473-a2be-43bf-9f69-fbd42e9fb520,0d89d375-2da9-4e6e-bf17-55801c583b8e,REGISTERED,2026-03-03 15:05:06.638026+00:00,,PRESENT,
1883,bd1a3473-a2be-43bf-9f69-fbd42e9fb520,4104f49c-666e-4c48-8185-e1ef630c83c1,REGISTERED,2026-03-04 07:32:46.350872+00:00,,PRESENT,
1884,bd1a3473-a2be-43bf-9f69-fbd42e9fb520,b84486da-21ec-4b82-bf29-a0ba711862f5,REGISTERED,2026-02-22 18:49:05.420455+00:00,,PRESENT,
1885,bd1a3473-a2be-43bf-9f69-fbd42e9fb520,c024ae2f-747f-4e78-b09d-430b0eca3860,REGISTERED,2026-02-17 16:02:46.106616+00:00,,PRESENT,
1886,7fe2252b-36f4-4da7-80e4-6ac72b4eeb71,24142aac-d1c8-42ac-a86d-f1049fd901a2,REGISTERED,2026-01-28 04:03:16.938302+00:00,,PRESENT,
1887,7fe2252b-36f4-4da7-80e4-6ac72b4eeb71,7c02e81b-64f2-451d-bbab-b807fd72ef10,REGISTERED,2026-01-13 00:49:39.662671+00:00,,ABSENT,
1888,7fe2252b-36f4-4da7-80e4-6ac72b4eeb71,3fed2f1f-ed8e-425e-a9c7-8401c4bea33c,REGISTERED,2026-03-18 13:31:04.153532+00:00,,ABSENT,
1889,7fe2252b-36f4-4da7-80e4-6ac72b4eeb71,f43ba2e8-ea91-43b3-9232-e8fd777feb12,REGISTERED,2026-01-18 07:59:00.714350+00:00,,ABSENT,
1890,7fe2252b-36f4-4da7-80e4-6ac72b4eeb71,f2d45b59-75cd-44be-b428-acaecb458fb7,REGISTERED,2026-01-24 11:34:59.895669+00:00,,PRESENT,
1891,7fe2252b-36f4-4da7-80e4-6ac72b4eeb71,f93fc94f-b705-49f5-954a-4683273857f4,REGISTERED,2026-02-16 05:34:17.179928+00:00,,PRESENT,
1892,79e4e9e1-01be-46d8-bd8c-84a914c0397a,4c166401-3fd9-47c6-993a-883bd0d2ca29,REGISTERED,2026-02-12 05:28:38.990887+00:00,,PRESENT,
1893,79e4e9e1-01be-46d8-bd8c-84a914c0397a,b945f48a-ccc4-43f6-928b-e2c1f46146b6,CANCELLED,2026-02-15 07:46:15.039802+00:00,2026-04-04 05:53:04.946233+00:00,PENDING,Conflit d’horaire avec une réunion prioritaire.
1894,79e4e9e1-01be-46d8-bd8c-84a914c0397a,c3f44d1a-e988-4b73-a7f1-9fe2fbfeaaca,REGISTERED,2026-02-07 15:53:27.728035+00:00,,PRESENT,
1895,79e4e9e1-01be-46d8-bd8c-84a914c0397a,75c4fd88-9e44-46ab-b324-a068f16ab956,REGISTERED,2026-01-19 16:18:27.115457+00:00,,PRESENT,
1896,79e4e9e1-01be-46d8-bd8c-84a914c0397a,278dc842-25a6-4a12-919b-ae5cb5106a96,REGISTERED,2026-02-14 16:40:20.302445+00:00,,PRESENT,
1897,79e4e9e1-01be-46d8-bd8c-84a914c0397a,07e91d9a-58ac-4123-b88a-e84d593d3c95,REGISTERED,2026-04-04 13:37:58.679263+00:00,,ABSENT,
1898,79e4e9e1-01be-46d8-bd8c-84a914c0397a,b1873d56-50de-46f2-a6c2-a907abb54442,REGISTERED,2026-02-23 14:43:52.999651+00:00,,ABSENT,
1899,79e4e9e1-01be-46d8-bd8c-84a914c0397a,2e981684-37c3-4d1b-b874-e32a851cd0af,REGISTERED,2026-02-17 20:58:16.666820+00:00,,PRESENT,
1900,79e4e9e1-01be-46d8-bd8c-84a914c0397a,15422187-1dc9-46d5-8bf2-867217ee9f44,REGISTERED,2026-02-08 02:50:29.501255+00:00,,PRESENT,
1901,79e4e9e1-01be-46d8-bd8c-84a914c0397a,f13df37c-d98f-46b6-94f2-685c946a87c1,CANCELLED,2026-02-15 08:57:23.477885+00:00,2026-02-27 14:13:29.859574+00:00,PENDING,Contrainte de planning de dernière minute.
1902,79e4e9e1-01be-46d8-bd8c-84a914c0397a,256b281f-27a3-4756-9132-21f4a6f1d868,REGISTERED,2026-03-21 03:00:03.496276+00:00,,ABSENT,
1903,79e4e9e1-01be-46d8-bd8c-84a914c0397a,dbb62cac-e512-454a-a2dd-cd278e6b0b3e,REGISTERED,2026-02-13 03:02:24.394120+00:00,,PRESENT,
1904,79e4e9e1-01be-46d8-bd8c-84a914c0397a,c7d4b081-bb87-4340-9a1f-0649f6113b13,REGISTERED,2026-03-20 22:36:55.331959+00:00,,PRESENT,
1905,79e4e9e1-01be-46d8-bd8c-84a914c0397a,5b666a1b-6391-46d4-8c0c-b2e34ab3fb1b,REGISTERED,2026-03-29 20:27:13.709645+00:00,,PRESENT,
1906,79e4e9e1-01be-46d8-bd8c-84a914c0397a,136f0269-75a4-4b80-bd35-7c42da9c9843,REGISTERED,2026-02-28 13:51:33.687660+00:00,,PRESENT,
1907,79e4e9e1-01be-46d8-bd8c-84a914c0397a,3fe14d18-0cfa-492c-9c98-5c09e18406f4,REGISTERED,2026-03-16 23:17:00.067975+00:00,,PRESENT,
1908,79e4e9e1-01be-46d8-bd8c-84a914c0397a,9d77bbdb-a7c6-48dc-8333-69d2a53bae58,REGISTERED,2026-02-25 15:21:04.035365+00:00,,PRESENT,
1909,79e4e9e1-01be-46d8-bd8c-84a914c0397a,2924ebf4-7416-4911-9fb8-c3bd86f39111,REGISTERED,2026-03-19 14:18:03.539942+00:00,,PRESENT,
1910,79e4e9e1-01be-46d8-bd8c-84a914c0397a,d3a11e22-80f0-4ba2-bbb9-8e0549c5deb0,REGISTERED,2026-02-05 23:34:49.154735+00:00,,PRESENT,
1911,79e4e9e1-01be-46d8-bd8c-84a914c0397a,0aa6c832-d272-493b-af96-e53a16a8ba84,REGISTERED,2026-02-07 01:32:50.468176+00:00,,PRESENT,
1912,79e4e9e1-01be-46d8-bd8c-84a914c0397a,8f774f8b-da2a-4c78-929b-0896a8c710b9,REGISTERED,2026-02-17 19:02:55.567965+00:00,,PRESENT,
1913,79e4e9e1-01be-46d8-bd8c-84a914c0397a,368b0c1f-2b18-45ae-8c55-7445a2e631bc,REGISTERED,2026-03-11 09:46:54.415776+00:00,,PRESENT,
1914,79e4e9e1-01be-46d8-bd8c-84a914c0397a,91e9323a-e856-492f-b6b6-379bc6570add,REGISTERED,2026-03-17 14:39:39.252930+00:00,,PRESENT,
1915,79e4e9e1-01be-46d8-bd8c-84a914c0397a,7120f862-693b-4518-8e4c-e2bfe7963695,REGISTERED,2026-02-26 19:28:08.715272+00:00,,PRESENT,
1916,cc7dff94-9cfc-48c9-93be-92ac8b70e99e,083adc5e-4f88-4bb2-98cc-7d2b6713765f,REGISTERED,2026-04-22 09:39:00.299584+00:00,,PENDING,
1917,cc7dff94-9cfc-48c9-93be-92ac8b70e99e,2282676e-c8d8-45b4-8148-cb534f3e78bb,CANCELLED,2026-04-25 01:21:08.296093+00:00,2026-04-29 20:56:54.130492+00:00,PENDING,Invitation déclinée après réévaluation.
1918,cc7dff94-9cfc-48c9-93be-92ac8b70e99e,9f62bec9-e71d-4e58-8eb0-f51c0c93bd4e,REGISTERED,2026-04-07 00:49:17.170303+00:00,,PENDING,
1919,cc7dff94-9cfc-48c9-93be-92ac8b70e99e,ebabeeab-3d61-4de8-9cc1-9896c30de71c,REGISTERED,2026-04-26 02:41:25.460887+00:00,,PENDING,
1920,cc7dff94-9cfc-48c9-93be-92ac8b70e99e,78413987-8929-435c-b7e0-5a3fd9449489,REGISTERED,2026-04-30 16:02:05.012058+00:00,,PENDING,
1921,cc7dff94-9cfc-48c9-93be-92ac8b70e99e,7dcdee17-8895-4c49-8c8b-2fe06574a692,CANCELLED,2026-04-14 04:33:08.842669+00:00,2026-04-30 10:00:28.445079+00:00,PENDING,Conflit d’horaire avec une réunion prioritaire.
1922,cc7dff94-9cfc-48c9-93be-92ac8b70e99e,d17fb9bc-4d75-4c84-a425-1d1973803d5a,REGISTERED,2026-04-08 14:47:07.556713+00:00,,PENDING,
1923,cc7dff94-9cfc-48c9-93be-92ac8b70e99e,238a56d0-1293-48e8-a2dc-dd39a1ea5a94,REGISTERED,2026-04-05 01:31:52.586483+00:00,,PENDING,
1924,cc7dff94-9cfc-48c9-93be-92ac8b70e99e,40bd5505-6dbf-49ae-817e-6ca216a5630f,REGISTERED,2026-04-19 11:16:19.866598+00:00,,PENDING,
1925,cc7dff94-9cfc-48c9-93be-92ac8b70e99e,eb0df4f4-149a-40ce-ab54-70d49d31204a,REGISTERED,2026-04-13 16:29:05.796052+00:00,,PENDING,
1926,cc7dff94-9cfc-48c9-93be-92ac8b70e99e,4b6514c1-383f-4056-9a6e-81fe0599fec3,REGISTERED,2026-04-03 23:18:16.042383+00:00,,PENDING,
1927,cc7dff94-9cfc-48c9-93be-92ac8b70e99e,d453c27e-c5d4-48c9-a7d2-c69d9e32bc85,REGISTERED,2026-04-16 10:02:48.138137+00:00,,PENDING,
1928,cc7dff94-9cfc-48c9-93be-92ac8b70e99e,2b1a62e7-f4c9-4a41-b2af-ca2285e01546,REGISTERED,2026-04-30 20:40:31.442571+00:00,,PENDING,
1929,25ae592e-4847-4d66-90c9-683867c84a54,b47acf12-a3eb-4e7e-b774-7fd911ef71bd,REGISTERED,2026-04-04 03:45:06.560321+00:00,,PENDING,
1930,25ae592e-4847-4d66-90c9-683867c84a54,938ad754-ae19-4622-bf35-e9b4fd3944cb,REGISTERED,2026-03-30 19:34:01.684929+00:00,,PENDING,
1931,25ae592e-4847-4d66-90c9-683867c84a54,4732e98c-1b0b-4a04-9010-a3ac17db092b,REGISTERED,2026-03-12 19:27:12.453586+00:00,,PENDING,
1932,25ae592e-4847-4d66-90c9-683867c84a54,aa4e1ebb-5f2c-431e-b14c-49099924347c,CANCELLED,2026-04-14 06:10:57.701463+00:00,2026-04-16 03:44:22.793551+00:00,PENDING,Invitation déclinée après réévaluation.
1933,25ae592e-4847-4d66-90c9-683867c84a54,0255ba23-f10c-4e55-a632-f39545ad53f2,REGISTERED,2026-03-26 16:47:14.747736+00:00,,PENDING,
1934,25ae592e-4847-4d66-90c9-683867c84a54,3fed2f1f-ed8e-425e-a9c7-8401c4bea33c,REGISTERED,2026-03-24 10:35:03.698626+00:00,,PENDING,
1935,25ae592e-4847-4d66-90c9-683867c84a54,c590c49a-6aa2-4b9e-b7ef-8de08d64a34f,REGISTERED,2026-03-09 18:50:19.154475+00:00,,PENDING,
1936,25ae592e-4847-4d66-90c9-683867c84a54,099e1b0f-acb5-4a7d-829c-134345792106,REGISTERED,2026-04-27 21:34:34.518721+00:00,,PENDING,
1937,25ae592e-4847-4d66-90c9-683867c84a54,6a02ace1-ef25-49eb-9361-c0c9a567599d,CANCELLED,2026-04-27 18:24:40.685206+00:00,2026-04-28 01:13:26.057634+00:00,PENDING,Erreur de choix de créneau.
1938,25ae592e-4847-4d66-90c9-683867c84a54,caca8e6f-6250-4097-921b-cd1598cb3532,REGISTERED,2026-04-29 10:33:17.566706+00:00,,PENDING,
1939,25ae592e-4847-4d66-90c9-683867c84a54,6c72c3eb-81e1-402e-8b91-1b315094e27e,REGISTERED,2026-02-24 00:35:20.766943+00:00,,PENDING,
1940,25ae592e-4847-4d66-90c9-683867c84a54,e9259942-8396-473b-9057-48dcaca6a4b8,REGISTERED,2026-02-20 18:29:37.845489+00:00,,PENDING,
1941,25ae592e-4847-4d66-90c9-683867c84a54,ea40f618-7f28-4677-9945-8b26e9dad431,REGISTERED,2026-04-15 20:39:52.638641+00:00,,PENDING,
1942,25ae592e-4847-4d66-90c9-683867c84a54,5bba076a-bfef-4cf9-be7b-eaf7160e722e,REGISTERED,2026-03-29 17:46:26.594718+00:00,,PENDING,
1943,25ae592e-4847-4d66-90c9-683867c84a54,d07b17dc-7457-4ac7-81fc-f5ba88f492bc,REGISTERED,2026-04-15 10:12:22.504251+00:00,,PENDING,
1944,25ae592e-4847-4d66-90c9-683867c84a54,8954a352-4311-4f3c-a1bf-25bad61c44c0,REGISTERED,2026-02-21 12:01:53.180294+00:00,,PENDING,
1945,25ae592e-4847-4d66-90c9-683867c84a54,fa28ce57-bb38-4d8a-a0f3-a2d5cd14c061,REGISTERED,2026-04-07 09:44:16.225557+00:00,,PENDING,
1946,c1a6bd7d-3c45-4662-ac40-9b328b63a094,542134d1-b226-400c-8d7c-4e24b1a088a6,REGISTERED,2026-03-08 01:15:08.720032+00:00,,PENDING,
1947,c1a6bd7d-3c45-4662-ac40-9b328b63a094,66254aec-711c-4731-ad1b-12358695cff5,REGISTERED,2026-03-24 08:24:48.575952+00:00,,PENDING,
1948,c1a6bd7d-3c45-4662-ac40-9b328b63a094,a04f5eda-a557-4705-92b5-88cc55ea6558,REGISTERED,2026-04-06 08:21:20.333868+00:00,,PENDING,
1949,c1a6bd7d-3c45-4662-ac40-9b328b63a094,13d27dae-abb6-45aa-8a42-aabcca05524a,REGISTERED,2026-02-20 06:40:47.098284+00:00,,PENDING,
1950,c1a6bd7d-3c45-4662-ac40-9b328b63a094,1c17e3b7-1ace-4929-8a17-4b637e56b0b6,REGISTERED,2026-02-27 12:16:34.766039+00:00,,PENDING,
1951,c1a6bd7d-3c45-4662-ac40-9b328b63a094,ca7c15d4-b63c-43b9-a154-a9f6ec9bd46d,REGISTERED,2026-04-23 22:58:42.449886+00:00,,PENDING,
1952,c1a6bd7d-3c45-4662-ac40-9b328b63a094,d7f518f6-8981-4973-9c42-b49423f7f23e,REGISTERED,2026-04-04 12:52:41.494573+00:00,,PENDING,
1953,c1a6bd7d-3c45-4662-ac40-9b328b63a094,767e0eaf-7303-4417-832c-a8e02100fe09,REGISTERED,2026-04-18 02:33:27.661758+00:00,,PENDING,
1954,c1a6bd7d-3c45-4662-ac40-9b328b63a094,4d667ed7-ec6b-4add-aae1-3807ff1a161c,REGISTERED,2026-03-22 15:59:45.648679+00:00,,PENDING,
1955,c1a6bd7d-3c45-4662-ac40-9b328b63a094,03eeb36f-1602-4d94-af8d-fa5e5db432b8,REGISTERED,2026-04-02 11:44:06.841173+00:00,,PENDING,
1956,c1a6bd7d-3c45-4662-ac40-9b328b63a094,c024ae2f-747f-4e78-b09d-430b0eca3860,REGISTERED,2026-04-20 14:54:10.456022+00:00,,PENDING,
1957,c1a6bd7d-3c45-4662-ac40-9b328b63a094,e7809835-b2eb-469d-af70-252267401dcd,REGISTERED,2026-02-14 06:44:32.790749+00:00,,PENDING,
1958,c1a6bd7d-3c45-4662-ac40-9b328b63a094,3cb20e66-1f63-4917-96a0-d76276f9e1ec,REGISTERED,2026-03-31 18:06:42.534265+00:00,,PENDING,
1959,c1a6bd7d-3c45-4662-ac40-9b328b63a094,284ef197-5fe6-404b-92da-1fd69387091d,REGISTERED,2026-04-24 16:57:17.824583+00:00,,PENDING,
1960,c1a6bd7d-3c45-4662-ac40-9b328b63a094,7b168703-cc4f-43e5-9775-7d74b4db3f7f,REGISTERED,2026-03-16 19:54:43.472850+00:00,,PENDING,
1961,c1a6bd7d-3c45-4662-ac40-9b328b63a094,cabfbbfa-d76d-4f74-a0ec-910dd89f4794,REGISTERED,2026-03-08 16:32:06.571000+00:00,,PENDING,
1962,c1a6bd7d-3c45-4662-ac40-9b328b63a094,5a279486-f19e-477b-ada8-50c908151f96,REGISTERED,2026-04-16 18:01:10.224924+00:00,,PENDING,
1963,c1a6bd7d-3c45-4662-ac40-9b328b63a094,830b26e2-0a20-44ba-bebb-2eb0e55eb5eb,REGISTERED,2026-03-28 20:49:05.610958+00:00,,PENDING,
1964,c1a6bd7d-3c45-4662-ac40-9b328b63a094,28719ef7-aaa2-49fe-b12a-4c8df12ddbbe,REGISTERED,2026-03-20 17:05:06.836572+00:00,,PENDING,
1965,c1a6bd7d-3c45-4662-ac40-9b328b63a094,523b8c7a-c2fe-456d-b96a-d35efdae8e10,REGISTERED,2026-03-01 00:08:31.173270+00:00,,PENDING,
1966,c1a6bd7d-3c45-4662-ac40-9b328b63a094,d432410f-620e-49df-9646-346e8457b3bf,REGISTERED,2026-04-15 19:30:41.811169+00:00,,PENDING,
1967,c1a6bd7d-3c45-4662-ac40-9b328b63a094,3784474d-e825-475d-9698-3cd025b65f95,REGISTERED,2026-02-13 07:45:47.464877+00:00,,PENDING,
1968,c1a6bd7d-3c45-4662-ac40-9b328b63a094,e63e4f83-e0ba-4644-a46a-7413de243920,REGISTERED,2026-04-27 11:52:16.628088+00:00,,PENDING,
1969,c1a6bd7d-3c45-4662-ac40-9b328b63a094,9c80f797-b35a-496e-a518-bd9b32ba13b9,REGISTERED,2026-03-13 17:06:52.364498+00:00,,PENDING,
1970,c1a6bd7d-3c45-4662-ac40-9b328b63a094,21e93a46-e401-457d-ad44-d22012a753d7,REGISTERED,2026-04-04 15:15:29.708450+00:00,,PENDING,
1971,9d3098e0-1636-4cc4-afda-35b15eccbcc4,c590c49a-6aa2-4b9e-b7ef-8de08d64a34f,REGISTERED,2026-01-16 18:54:49.717523+00:00,,PRESENT,
1972,9d3098e0-1636-4cc4-afda-35b15eccbcc4,1350d9cc-bc62-4dbc-b818-0ec25656b4c8,REGISTERED,2026-02-10 00:49:05.800478+00:00,,PRESENT,
1973,9d3098e0-1636-4cc4-afda-35b15eccbcc4,d0254122-89ed-45f1-9608-36032344bddd,REGISTERED,2026-03-02 01:14:19.735687+00:00,,PRESENT,
1974,9d3098e0-1636-4cc4-afda-35b15eccbcc4,96fcb81f-46c4-4e0d-9431-72d62e53de35,REGISTERED,2026-02-05 23:15:32.590041+00:00,,PRESENT,
1975,9d3098e0-1636-4cc4-afda-35b15eccbcc4,d3db882a-0f69-4757-86d7-7684ed050599,REGISTERED,2026-02-28 06:10:56.114916+00:00,,PRESENT,
1976,9d3098e0-1636-4cc4-afda-35b15eccbcc4,a7019b71-bdec-45fd-aa1f-46c39d0046c3,REGISTERED,2026-02-26 17:13:52.342045+00:00,,PRESENT,
1977,9d3098e0-1636-4cc4-afda-35b15eccbcc4,d293ce30-027f-4bb3-ad26-f2dfc118d0c4,REGISTERED,2026-02-21 23:01:40.919282+00:00,,PRESENT,
1978,9d3098e0-1636-4cc4-afda-35b15eccbcc4,fd139f69-a02f-403a-a413-19b49a716926,CANCELLED,2026-02-03 14:57:17.081688+00:00,2026-03-11 01:38:22.973356+00:00,PENDING,Conflit d’horaire avec une réunion prioritaire.
1979,9d3098e0-1636-4cc4-afda-35b15eccbcc4,bc82679b-60ac-4cb8-a2c8-90cf85491d9f,REGISTERED,2026-03-04 15:50:00.273433+00:00,,PRESENT,
1980,9d3098e0-1636-4cc4-afda-35b15eccbcc4,1c9ec459-2c6a-47a7-b3cb-6090d55196b1,REGISTERED,2026-02-13 19:24:49.968253+00:00,,PRESENT,
1981,9d3098e0-1636-4cc4-afda-35b15eccbcc4,054fbfd5-4987-4e74-981e-7720556bff7c,CANCELLED,2026-02-13 13:39:28.976283+00:00,2026-02-27 10:59:38.578835+00:00,PENDING,Conflit d’horaire avec une réunion prioritaire.
1982,9d3098e0-1636-4cc4-afda-35b15eccbcc4,c33a2e16-11ad-42aa-86ff-912411bdea48,REGISTERED,2026-02-02 18:02:05.626079+00:00,,PRESENT,
1983,9d3098e0-1636-4cc4-afda-35b15eccbcc4,ce175c8f-1175-4928-bf29-79fe69406339,REGISTERED,2026-01-29 14:20:20.561020+00:00,,PRESENT,
1984,9d3098e0-1636-4cc4-afda-35b15eccbcc4,342b5161-320b-428c-a3a4-897f848e1286,REGISTERED,2026-02-27 16:57:58.475568+00:00,,PRESENT,
1985,9d3098e0-1636-4cc4-afda-35b15eccbcc4,e035811f-10c5-4bfc-a7c0-7eae45940633,REGISTERED,2026-01-28 08:39:22.830847+00:00,,PRESENT,
1986,9d3098e0-1636-4cc4-afda-35b15eccbcc4,d0f286e9-aeb3-4658-8f6c-b7a7d6120051,REGISTERED,2026-02-15 17:44:28.768691+00:00,,PRESENT,
1987,9d3098e0-1636-4cc4-afda-35b15eccbcc4,d4a71d21-d547-4736-9c69-2ae754d8e3f0,REGISTERED,2026-01-25 04:52:46.162150+00:00,,PRESENT,
1988,9d3098e0-1636-4cc4-afda-35b15eccbcc4,ea1a0264-de52-481b-a0f7-f867deda082c,CANCELLED,2026-03-04 00:13:10.814832+00:00,2026-03-16 19:09:17.852044+00:00,PENDING,Indisponibilité personnelle signalée.
1989,9d3098e0-1636-4cc4-afda-35b15eccbcc4,b2d5b34b-d258-4bcf-8d4a-ef4e46a9dfff,REGISTERED,2026-02-06 21:36:20.397177+00:00,,PRESENT,
1990,9d3098e0-1636-4cc4-afda-35b15eccbcc4,12f5d09b-3a9f-46b1-98f3-f1fcb7df3201,REGISTERED,2026-01-31 16:58:17.089805+00:00,,PRESENT,
1991,9d3098e0-1636-4cc4-afda-35b15eccbcc4,91f76ca7-ada9-4b5b-87c9-c7b966228ec6,REGISTERED,2026-02-16 16:18:12.512747+00:00,,PRESENT,
1992,9d3098e0-1636-4cc4-afda-35b15eccbcc4,cba90a11-1840-4896-baf9-ad4c1723a01f,REGISTERED,2026-01-27 05:31:02.949194+00:00,,ABSENT,
1993,9d3098e0-1636-4cc4-afda-35b15eccbcc4,76a9bda7-4fee-4da7-a23d-97f4c3bfc3a1,REGISTERED,2026-02-20 04:16:33.561112+00:00,,PRESENT,
1994,9d3098e0-1636-4cc4-afda-35b15eccbcc4,4169b80d-0f44-4692-a9e4-5a0ff1391e96,CANCELLED,2026-02-04 03:55:59.103269+00:00,2026-03-09 21:24:01.247337+00:00,PENDING,Modification de l’agenda projet.
1995,9d3098e0-1636-4cc4-afda-35b15eccbcc4,b312e220-ae63-4cad-98df-940d573360df,REGISTERED,2026-02-28 01:55:32.491099+00:00,,ABSENT,
1996,9d3098e0-1636-4cc4-afda-35b15eccbcc4,5360fd07-6411-454a-8bc8-066a979f5e68,CANCELLED,2026-01-12 06:43:44.891612+00:00,2026-03-20 02:12:34.813726+00:00,PENDING,Inscription faite par erreur.
1997,9d3098e0-1636-4cc4-afda-35b15eccbcc4,f2aba7e0-43cb-45a1-8ed2-80e2b36e4be9,REGISTERED,2026-02-24 22:06:29.888035+00:00,,PRESENT,
1998,9d3098e0-1636-4cc4-afda-35b15eccbcc4,f94cae4d-1651-4cf9-829f-4b10982ab3a1,REGISTERED,2026-03-02 18:21:54.705455+00:00,,PRESENT,
1999,9d3098e0-1636-4cc4-afda-35b15eccbcc4,49f84812-c3fe-4a66-b400-497728964a71,REGISTERED,2026-01-27 13:48:04.481043+00:00,,PRESENT,
2000,9d3098e0-1636-4cc4-afda-35b15eccbcc4,41417e3e-4fd4-4942-a396-ba652bde8364,REGISTERED,2026-02-28 00:22:29.180342+00:00,,PRESENT,
2001,9d3098e0-1636-4cc4-afda-35b15eccbcc4,dac9ce9c-3e17-44ed-ac45-a48a89ca4b8d,REGISTERED,2026-01-12 03:24:32.350950+00:00,,PRESENT,
2002,9d3098e0-1636-4cc4-afda-35b15eccbcc4,2fbcc1cb-3f24-49ae-8318-d9d8b3352464,REGISTERED,2026-03-01 11:12:46.095702+00:00,,PRESENT,
2003,9d3098e0-1636-4cc4-afda-35b15eccbcc4,ea40f618-7f28-4677-9945-8b26e9dad431,REGISTERED,2026-01-18 08:15:09.985383+00:00,,PRESENT,
2004,9d3098e0-1636-4cc4-afda-35b15eccbcc4,21e93a46-e401-457d-ad44-d22012a753d7,REGISTERED,2026-01-28 01:21:10.941340+00:00,,ABSENT,
2005,9d3098e0-1636-4cc4-afda-35b15eccbcc4,13376738-828d-4cdb-b40c-24d0da2a5573,REGISTERED,2026-01-16 07:12:05.775417+00:00,,PRESENT,
2006,9d3098e0-1636-4cc4-afda-35b15eccbcc4,549a7925-348b-43cd-a3b9-dd25c12212b3,REGISTERED,2026-03-04 01:01:22.601792+00:00,,PRESENT,
2007,9d3098e0-1636-4cc4-afda-35b15eccbcc4,b5470472-a376-405f-b34f-b7e3e01322d5,CANCELLED,2026-02-02 21:07:14.430434+00:00,2026-02-10 05:52:30.588646+00:00,PENDING,Modification de l’agenda projet.
2008,9d3098e0-1636-4cc4-afda-35b15eccbcc4,170d2f68-2e8a-4567-81c1-cd4a0016ee2d,REGISTERED,2026-02-24 09:33:56.174988+00:00,,PRESENT,
2009,9d3098e0-1636-4cc4-afda-35b15eccbcc4,801da756-704e-490d-a6e0-da0816bd7066,REGISTERED,2026-01-25 04:20:51.501781+00:00,,PRESENT,
2010,9d3098e0-1636-4cc4-afda-35b15eccbcc4,67a9bdfe-c1f6-4192-8df9-d2341b9bf61f,CANCELLED,2026-02-11 06:14:37.183907+00:00,2026-02-19 16:56:34.170416+00:00,PENDING,Problème de disponibilité logistique.
2011,9d3098e0-1636-4cc4-afda-35b15eccbcc4,d4bea928-8cc6-40c1-ad6c-85ba2f32c3ca,REGISTERED,2026-02-03 16:58:58.803215+00:00,,PRESENT,
2012,9d3098e0-1636-4cc4-afda-35b15eccbcc4,24142aac-d1c8-42ac-a86d-f1049fd901a2,REGISTERED,2026-02-27 15:35:55.905202+00:00,,PRESENT,
2013,9d3098e0-1636-4cc4-afda-35b15eccbcc4,06cf8ad7-4bdc-42e8-94e2-b0abe12a020b,REGISTERED,2026-02-09 21:15:41.823575+00:00,,ABSENT,
2014,9d3098e0-1636-4cc4-afda-35b15eccbcc4,b0953e8e-335d-49b9-b394-fc0fe62b5e1e,REGISTERED,2026-01-25 03:35:14.718369+00:00,,PRESENT,
2015,9d3098e0-1636-4cc4-afda-35b15eccbcc4,8a3bbec3-4136-45f6-b098-bbb2be370926,REGISTERED,2026-01-18 09:02:45.028311+00:00,,PRESENT,
2016,9d3098e0-1636-4cc4-afda-35b15eccbcc4,9f86355d-2a5a-4db1-aef6-a2b4d7d51a28,REGISTERED,2026-01-17 12:24:00.503841+00:00,,ABSENT,
2017,9d3098e0-1636-4cc4-afda-35b15eccbcc4,d46bbc33-a6b9-4170-bdd9-62088f76392b,REGISTERED,2026-02-26 09:43:02.370126+00:00,,PRESENT,
2018,9d3098e0-1636-4cc4-afda-35b15eccbcc4,04bb8b7a-cd4c-4a01-91d4-4704fda80686,REGISTERED,2026-02-14 13:00:17.191543+00:00,,PRESENT,
2019,9d3098e0-1636-4cc4-afda-35b15eccbcc4,11a37724-d4a2-4571-9734-d56b460e4a73,REGISTERED,2026-02-28 21:17:53.086395+00:00,,PRESENT,
2020,9d3098e0-1636-4cc4-afda-35b15eccbcc4,a912e90c-b716-4a56-8005-1c9111759dfd,REGISTERED,2026-01-29 11:13:40.663021+00:00,,PRESENT,
2021,9d3098e0-1636-4cc4-afda-35b15eccbcc4,9af4b494-b502-4444-9cfd-9e6df7e6f022,REGISTERED,2026-02-12 09:04:53.861730+00:00,,PRESENT,
2022,9d3098e0-1636-4cc4-afda-35b15eccbcc4,b4288a6b-52f0-44ab-821f-5bb760918a76,REGISTERED,2026-02-16 18:24:38.431768+00:00,,PRESENT,
2023,9d3098e0-1636-4cc4-afda-35b15eccbcc4,2aefd1c6-5b84-45ec-ba52-ac77cc48ac56,REGISTERED,2026-01-17 18:20:22.765507+00:00,,ABSENT,
2024,9d3098e0-1636-4cc4-afda-35b15eccbcc4,c3cebde2-04c5-4bd6-8742-5138c5699944,CANCELLED,2026-03-04 09:17:35.178560+00:00,2026-03-12 09:31:58.352201+00:00,PENDING,Inscription faite par erreur.
2025,9d3098e0-1636-4cc4-afda-35b15eccbcc4,83591bb5-b0a5-432a-9670-a236e11cbb0b,REGISTERED,2026-02-16 18:41:23.601807+00:00,,PRESENT,
2026,9d3098e0-1636-4cc4-afda-35b15eccbcc4,542134d1-b226-400c-8d7c-4e24b1a088a6,REGISTERED,2026-02-28 05:33:32.257664+00:00,,PRESENT,
2027,9d3098e0-1636-4cc4-afda-35b15eccbcc4,95678daf-22ef-4265-aecc-265d306f786c,REGISTERED,2026-01-21 08:59:51.717061+00:00,,PRESENT,
2028,9d3098e0-1636-4cc4-afda-35b15eccbcc4,83d4670d-ba55-4ec7-9348-24a2b2c1d40f,CANCELLED,2026-02-10 11:57:35.236904+00:00,2026-03-15 04:11:50.882886+00:00,PENDING,Invitation déclinée après réévaluation.
2029,9d3098e0-1636-4cc4-afda-35b15eccbcc4,a92d0de1-8406-42f3-a47a-eba53cfc918d,CANCELLED,2026-02-14 22:39:28.063090+00:00,2026-02-27 20:53:55.833226+00:00,PENDING,Participation remplacée par un collègue.
2030,9d3098e0-1636-4cc4-afda-35b15eccbcc4,20ce269e-2582-410c-94a7-4694b2562699,REGISTERED,2026-02-05 03:43:35.021260+00:00,,PRESENT,
2031,9d3098e0-1636-4cc4-afda-35b15eccbcc4,b129122c-5e22-4eac-ada4-bdeab206bf97,REGISTERED,2026-01-13 17:13:08.517218+00:00,,ABSENT,
2032,9d3098e0-1636-4cc4-afda-35b15eccbcc4,238a56d0-1293-48e8-a2dc-dd39a1ea5a94,REGISTERED,2026-02-26 04:53:05.603224+00:00,,ABSENT,
2033,9d3098e0-1636-4cc4-afda-35b15eccbcc4,db51b55f-fef8-478b-b35a-f2511f4012c2,REGISTERED,2026-01-21 09:51:11.506741+00:00,,PRESENT,
2034,9d3098e0-1636-4cc4-afda-35b15eccbcc4,04ebe506-cbfc-450e-9f9f-21e8320c892b,REGISTERED,2026-01-18 20:37:07.801936+00:00,,PRESENT,
2035,9d3098e0-1636-4cc4-afda-35b15eccbcc4,4c166401-3fd9-47c6-993a-883bd0d2ca29,REGISTERED,2026-02-13 10:43:38.572998+00:00,,PRESENT,
2036,9d3098e0-1636-4cc4-afda-35b15eccbcc4,274ae9a0-e988-401e-abd7-6ebe2287f737,REGISTERED,2026-01-17 04:36:16.165726+00:00,,PRESENT,
2037,9d3098e0-1636-4cc4-afda-35b15eccbcc4,ff547326-c297-4923-8b93-97313a467f80,REGISTERED,2026-02-21 15:04:51.013726+00:00,,ABSENT,
2038,9d3098e0-1636-4cc4-afda-35b15eccbcc4,05c492af-d761-4387-82ef-5279befcf02d,REGISTERED,2026-01-28 22:21:27.131847+00:00,,ABSENT,
2039,9d3098e0-1636-4cc4-afda-35b15eccbcc4,d045ce18-decd-4a51-b04a-c4a0b10839a7,CANCELLED,2026-02-02 16:16:56.665329+00:00,2026-02-06 19:16:33.143586+00:00,PENDING,Besoin de suivre une autre session en priorité.
2040,9d3098e0-1636-4cc4-afda-35b15eccbcc4,500e7caa-bf0e-48e3-baf1-303ab0dbca43,REGISTERED,2026-02-13 10:24:18.405646+00:00,,PRESENT,
2041,9d3098e0-1636-4cc4-afda-35b15eccbcc4,d8f6a1f6-2bba-4d6b-8516-7202830f5ffb,REGISTERED,2026-01-28 21:25:54.256057+00:00,,ABSENT,
2042,9d3098e0-1636-4cc4-afda-35b15eccbcc4,c0f17624-388d-4a76-833d-00a5d20ecc26,REGISTERED,2026-02-05 21:31:51.686230+00:00,,PRESENT,
2043,9d3098e0-1636-4cc4-afda-35b15eccbcc4,3577cac5-0476-4aff-b030-5793997dce28,REGISTERED,2026-03-03 06:00:29.900405+00:00,,PRESENT,
2044,9d3098e0-1636-4cc4-afda-35b15eccbcc4,16f1ef83-2744-47e3-a8fa-a79542e39c6e,REGISTERED,2026-03-02 19:47:05.202719+00:00,,PRESENT,
2045,9d3098e0-1636-4cc4-afda-35b15eccbcc4,e684e654-4778-457f-88f4-600f7b349c6a,REGISTERED,2026-03-01 07:12:33.586455+00:00,,PRESENT,
2046,9d3098e0-1636-4cc4-afda-35b15eccbcc4,5c093bcb-a8f8-495e-9e59-fe544f16ea0b,REGISTERED,2026-01-30 03:27:37.775687+00:00,,ABSENT,
2047,9d3098e0-1636-4cc4-afda-35b15eccbcc4,5bba076a-bfef-4cf9-be7b-eaf7160e722e,REGISTERED,2026-01-11 22:29:42.328215+00:00,,PRESENT,
2048,9d3098e0-1636-4cc4-afda-35b15eccbcc4,3dd95e2a-5330-4b89-abcd-aecc3361f37d,REGISTERED,2026-02-09 08:32:12.711392+00:00,,PRESENT,
2049,9d3098e0-1636-4cc4-afda-35b15eccbcc4,41a6c95e-1a40-4fc5-a34d-45dacb2f816f,REGISTERED,2026-01-14 02:17:55.340348+00:00,,PRESENT,
2050,9d3098e0-1636-4cc4-afda-35b15eccbcc4,efe3f27d-9b61-4dcc-bdee-66d1ff6634b6,REGISTERED,2026-01-18 01:18:35.150166+00:00,,PRESENT,
2051,9d3098e0-1636-4cc4-afda-35b15eccbcc4,7b5a28c5-3946-4a3b-ad59-fc33a2e44d00,REGISTERED,2026-02-15 05:10:36.148192+00:00,,PRESENT,
2052,9d3098e0-1636-4cc4-afda-35b15eccbcc4,e6693802-b58f-4be6-8509-975c7975dc5b,REGISTERED,2026-01-18 03:26:22.612383+00:00,,PRESENT,
2053,9d3098e0-1636-4cc4-afda-35b15eccbcc4,ab9a105c-5f0d-4478-9b04-9f0953d430cb,REGISTERED,2026-01-27 14:39:23.945455+00:00,,PRESENT,
2054,9d3098e0-1636-4cc4-afda-35b15eccbcc4,542706cb-ff1a-4d9a-9b3d-621e4e7fe4bb,REGISTERED,2026-03-01 03:30:05.224396+00:00,,PRESENT,
2055,9d3098e0-1636-4cc4-afda-35b15eccbcc4,b273077f-41d4-4b27-99b4-fa52d85d84e2,REGISTERED,2026-01-20 02:31:17.628513+00:00,,PRESENT,
2056,9d3098e0-1636-4cc4-afda-35b15eccbcc4,1c17e3b7-1ace-4929-8a17-4b637e56b0b6,REGISTERED,2026-02-13 03:17:26.093575+00:00,,ABSENT,
2057,9d3098e0-1636-4cc4-afda-35b15eccbcc4,3c0142b7-95e6-4f7f-b870-c04bcbdf37c3,REGISTERED,2026-02-27 22:39:01.917514+00:00,,PRESENT,
2058,9d3098e0-1636-4cc4-afda-35b15eccbcc4,1a5ca586-55ef-4c1b-9c5f-2f5b56931420,REGISTERED,2026-01-25 16:55:02.965041+00:00,,PRESENT,
2059,9d3098e0-1636-4cc4-afda-35b15eccbcc4,d00211fe-b443-439e-afb4-0eaa14b471eb,REGISTERED,2026-01-16 11:06:09.135793+00:00,,PRESENT,
2060,9d3098e0-1636-4cc4-afda-35b15eccbcc4,16db286d-1b67-49c2-b2c8-9d4d0fa29db6,REGISTERED,2026-01-30 04:00:11.000122+00:00,,PRESENT,
2061,9d3098e0-1636-4cc4-afda-35b15eccbcc4,64d309e9-1dd7-4572-9479-4d2164c080b8,REGISTERED,2026-01-16 16:36:21.074670+00:00,,PRESENT,
2062,9d3098e0-1636-4cc4-afda-35b15eccbcc4,c848b20c-f059-4930-95e5-93f28ae465c9,REGISTERED,2026-02-04 16:49:33.884253+00:00,,PRESENT,
2063,9d3098e0-1636-4cc4-afda-35b15eccbcc4,c58bb0f6-4d0a-48af-8710-da23e9acd1d0,REGISTERED,2026-01-22 22:10:12.328241+00:00,,PRESENT,
2064,9d3098e0-1636-4cc4-afda-35b15eccbcc4,d35f769d-d320-4357-a8ad-0db3cd7e1bcf,REGISTERED,2026-01-29 22:02:56.357985+00:00,,PRESENT,
2065,9d3098e0-1636-4cc4-afda-35b15eccbcc4,770a3736-dd6c-443d-92ff-d84e014a53e9,REGISTERED,2026-03-03 20:07:56.522734+00:00,,PRESENT,
2066,9d3098e0-1636-4cc4-afda-35b15eccbcc4,6ee92483-e78b-46ce-baa0-0aac70b7049e,REGISTERED,2026-01-13 19:41:04.896586+00:00,,PRESENT,
2067,9d3098e0-1636-4cc4-afda-35b15eccbcc4,f3525842-5ccf-4d32-b3c0-eb58cb4ae783,REGISTERED,2026-01-11 10:36:47.834654+00:00,,ABSENT,
2068,9d3098e0-1636-4cc4-afda-35b15eccbcc4,b78c727b-e0cf-4632-95c8-6d754d1b626c,REGISTERED,2026-02-18 19:14:56.336928+00:00,,PRESENT,
2069,9d3098e0-1636-4cc4-afda-35b15eccbcc4,3827f77d-c5b6-4965-a25c-b6482d583783,CANCELLED,2026-02-22 20:11:18.200680+00:00,2026-03-16 20:19:04.414511+00:00,PENDING,Invitation déclinée après réévaluation.
2070,9d3098e0-1636-4cc4-afda-35b15eccbcc4,514d1d62-3100-4b79-9ace-199ed15abd30,REGISTERED,2026-02-15 06:50:22.343998+00:00,,PRESENT,
2071,9d3098e0-1636-4cc4-afda-35b15eccbcc4,4126b992-e218-4090-8952-12b50eedb60c,CANCELLED,2026-01-26 03:20:53.573317+00:00,2026-02-22 11:29:44.377509+00:00,PENDING,Indisponibilité personnelle signalée.
2072,9d3098e0-1636-4cc4-afda-35b15eccbcc4,61a0e073-e937-4bac-ada2-d1c10bf8a9ed,REGISTERED,2026-02-14 13:49:04.879469+00:00,,PRESENT,
2073,9d3098e0-1636-4cc4-afda-35b15eccbcc4,e7809835-b2eb-469d-af70-252267401dcd,REGISTERED,2026-02-04 22:48:14.846850+00:00,,PRESENT,
2074,9d3098e0-1636-4cc4-afda-35b15eccbcc4,966251e0-21da-4b33-8c4f-5acafc653771,REGISTERED,2026-02-25 12:45:22.411407+00:00,,PRESENT,
2075,9d3098e0-1636-4cc4-afda-35b15eccbcc4,5eaddab7-e9e5-496f-98cf-f1c69022ecfa,REGISTERED,2026-01-25 03:59:39.894692+00:00,,PRESENT,
2076,9d3098e0-1636-4cc4-afda-35b15eccbcc4,28ac5ef3-c8dc-4aa9-97a4-4bd90a55268b,REGISTERED,2026-02-16 10:36:22.976485+00:00,,PRESENT,
2077,6a44cea8-77b1-4bf8-8652-21ab53b5bc57,ada33a22-047d-41f7-9001-c78a46d52ecc,REGISTERED,2026-04-18 16:19:36.508190+00:00,,PENDING,
2078,6a44cea8-77b1-4bf8-8652-21ab53b5bc57,9164ed25-60b7-490a-8cd1-097fbea158ab,REGISTERED,2026-04-19 05:47:57.139850+00:00,,PENDING,
2079,6a44cea8-77b1-4bf8-8652-21ab53b5bc57,fbbaaa64-8cee-4669-9d6e-59242b284466,REGISTERED,2026-02-27 04:59:56.878280+00:00,,PENDING,
2080,6a44cea8-77b1-4bf8-8652-21ab53b5bc57,124d31c9-67e3-4463-a3dc-e5d31d3560a1,REGISTERED,2026-04-08 11:06:29.298775+00:00,,PENDING,
2081,6a44cea8-77b1-4bf8-8652-21ab53b5bc57,16db286d-1b67-49c2-b2c8-9d4d0fa29db6,REGISTERED,2026-04-24 22:03:05.689022+00:00,,PENDING,
2082,6a44cea8-77b1-4bf8-8652-21ab53b5bc57,67a9bdfe-c1f6-4192-8df9-d2341b9bf61f,REGISTERED,2026-03-23 01:20:44.120064+00:00,,PENDING,
2083,6a44cea8-77b1-4bf8-8652-21ab53b5bc57,692a8a6c-d41c-400a-a1eb-e5c04cf9e6df,REGISTERED,2026-03-29 17:46:09.952612+00:00,,PENDING,
2084,6a44cea8-77b1-4bf8-8652-21ab53b5bc57,ce175c8f-1175-4928-bf29-79fe69406339,REGISTERED,2026-03-08 10:45:27.339452+00:00,,PENDING,
2085,6a44cea8-77b1-4bf8-8652-21ab53b5bc57,0e1e47d1-e0f8-4547-aa65-ac319dba27f6,REGISTERED,2026-04-14 13:56:11.421118+00:00,,PENDING,
2086,6a44cea8-77b1-4bf8-8652-21ab53b5bc57,f5795f69-df1e-4f2e-83bf-13391fab37a3,REGISTERED,2026-03-14 23:26:23.298272+00:00,,PENDING,
2087,6a44cea8-77b1-4bf8-8652-21ab53b5bc57,f1ea7bc8-4511-4946-992a-69c581e26bef,REGISTERED,2026-04-26 14:55:16.964049+00:00,,PENDING,
2088,6a44cea8-77b1-4bf8-8652-21ab53b5bc57,b1873d56-50de-46f2-a6c2-a907abb54442,REGISTERED,2026-03-04 20:09:22.982199+00:00,,PENDING,
2089,6a44cea8-77b1-4bf8-8652-21ab53b5bc57,76a9bda7-4fee-4da7-a23d-97f4c3bfc3a1,REGISTERED,2026-03-17 12:59:47.617132+00:00,,PENDING,
2090,6a44cea8-77b1-4bf8-8652-21ab53b5bc57,a4a42f9d-a91e-4fe8-9b5b-917d60ef0495,REGISTERED,2026-03-10 07:04:44.086064+00:00,,PENDING,
2091,6a44cea8-77b1-4bf8-8652-21ab53b5bc57,ac16955a-100a-49c4-9550-f3e3c118b812,REGISTERED,2026-03-27 04:35:58.799880+00:00,,PENDING,
2092,6a44cea8-77b1-4bf8-8652-21ab53b5bc57,caca8e6f-6250-4097-921b-cd1598cb3532,REGISTERED,2026-04-26 10:45:00.016717+00:00,,PENDING,
2093,6a44cea8-77b1-4bf8-8652-21ab53b5bc57,6bd3493e-fd88-4531-b028-16a597e8c121,REGISTERED,2026-04-11 02:39:07.532828+00:00,,PENDING,
2094,6a44cea8-77b1-4bf8-8652-21ab53b5bc57,02af81eb-661b-43df-96f9-ae3e16e670eb,REGISTERED,2026-03-24 02:44:56.825466+00:00,,PENDING,
2095,6a44cea8-77b1-4bf8-8652-21ab53b5bc57,50480e44-2e0d-4139-aa9b-67dfcc405d62,REGISTERED,2026-03-01 23:33:33.409175+00:00,,PENDING,
2096,6a44cea8-77b1-4bf8-8652-21ab53b5bc57,1ee0455f-7a11-42b3-883e-1a778adfa225,REGISTERED,2026-04-29 04:25:33.959584+00:00,,PENDING,
2097,6a44cea8-77b1-4bf8-8652-21ab53b5bc57,2c6db120-61ac-4444-868a-bb75396aaae3,REGISTERED,2026-03-01 05:29:38.635396+00:00,,PENDING,
2098,6a44cea8-77b1-4bf8-8652-21ab53b5bc57,e405908c-8072-4c93-8cd7-6a0b541a50ee,REGISTERED,2026-04-10 09:49:44.172129+00:00,,PENDING,
2099,6a44cea8-77b1-4bf8-8652-21ab53b5bc57,66c8ea56-9614-4fab-9460-4b1502ac89ba,REGISTERED,2026-04-27 21:08:59.199313+00:00,,PENDING,
2100,6a44cea8-77b1-4bf8-8652-21ab53b5bc57,8a85cbcb-c372-4854-9d56-ead45338499f,REGISTERED,2026-04-06 04:28:38.262946+00:00,,PENDING,
2101,6a44cea8-77b1-4bf8-8652-21ab53b5bc57,c31a8997-aa4f-4fcd-af44-2a2e36479c4d,REGISTERED,2026-02-26 05:07:47.560801+00:00,,PENDING,
2102,6a44cea8-77b1-4bf8-8652-21ab53b5bc57,7b168703-cc4f-43e5-9775-7d74b4db3f7f,REGISTERED,2026-03-29 05:30:42.735821+00:00,,PENDING,
2103,6a44cea8-77b1-4bf8-8652-21ab53b5bc57,9ac7d884-9c16-4fa3-b896-884afda9c096,REGISTERED,2026-04-16 03:54:29.298435+00:00,,PENDING,
2104,6a44cea8-77b1-4bf8-8652-21ab53b5bc57,510ae9dd-0fef-4647-ab59-c05d2f715afe,REGISTERED,2026-03-21 12:46:53.765714+00:00,,PENDING,
2105,6a44cea8-77b1-4bf8-8652-21ab53b5bc57,45f2fe70-a2a2-4fcc-b0f2-29306540418a,REGISTERED,2026-03-16 00:24:36.726547+00:00,,PENDING,
2106,6a44cea8-77b1-4bf8-8652-21ab53b5bc57,85fcc4be-726c-4bcd-9bc6-c969daa3cd3e,REGISTERED,2026-04-25 13:54:31.272169+00:00,,PENDING,
2107,6a44cea8-77b1-4bf8-8652-21ab53b5bc57,368b0c1f-2b18-45ae-8c55-7445a2e631bc,REGISTERED,2026-04-11 14:40:19.316925+00:00,,PENDING,
2108,6a44cea8-77b1-4bf8-8652-21ab53b5bc57,21e93a46-e401-457d-ad44-d22012a753d7,REGISTERED,2026-03-05 10:40:20.654154+00:00,,PENDING,
2109,6a44cea8-77b1-4bf8-8652-21ab53b5bc57,0ad2e8b9-a1e4-439b-82a6-7043befa8527,CANCELLED,2026-04-09 17:13:38.151170+00:00,2026-04-12 13:35:06.991614+00:00,PENDING,Invitation déclinée après réévaluation.
2110,6a44cea8-77b1-4bf8-8652-21ab53b5bc57,7bf1e94f-695d-4afe-9fb2-f60aff59abb9,REGISTERED,2026-04-30 02:21:09.724728+00:00,,PENDING,
2111,6a44cea8-77b1-4bf8-8652-21ab53b5bc57,a0aecded-0f41-4eb0-8992-01472f33e2ed,CANCELLED,2026-03-30 15:07:43.264834+00:00,2026-04-23 21:55:37.454112+00:00,PENDING,Absence validée par le manager.
2112,6a44cea8-77b1-4bf8-8652-21ab53b5bc57,1d623cd5-7c52-4925-a204-0c46c3869a1d,REGISTERED,2026-02-26 18:51:28.840828+00:00,,PENDING,
2113,6a44cea8-77b1-4bf8-8652-21ab53b5bc57,8d973db4-761f-47fc-a137-ab4ad30532c7,REGISTERED,2026-04-28 06:47:15.381584+00:00,,PENDING,
2114,6a44cea8-77b1-4bf8-8652-21ab53b5bc57,85e3ccdc-ad7f-4b05-b057-8593c1f4a450,REGISTERED,2026-03-30 20:01:34.258535+00:00,,PENDING,
2115,6a44cea8-77b1-4bf8-8652-21ab53b5bc57,c316d911-6157-4923-83d0-94e475c6acc5,REGISTERED,2026-04-20 21:50:28.966337+00:00,,PENDING,
2116,6a44cea8-77b1-4bf8-8652-21ab53b5bc57,4b3f668a-c5f0-43d5-ab24-83157512c528,REGISTERED,2026-03-31 20:26:52.836219+00:00,,PENDING,
2117,6a44cea8-77b1-4bf8-8652-21ab53b5bc57,83181837-ca9a-4a93-95ef-82c0c1624078,REGISTERED,2026-04-12 08:28:49.152275+00:00,,PENDING,
2118,6a44cea8-77b1-4bf8-8652-21ab53b5bc57,5f776928-4b7a-41f4-a20d-06c3a6b003bf,REGISTERED,2026-04-10 18:01:57.337055+00:00,,PENDING,
2119,6a44cea8-77b1-4bf8-8652-21ab53b5bc57,622dbe54-2ae7-45b3-9c3e-e10174715762,REGISTERED,2026-02-26 09:30:19.507972+00:00,,PENDING,
2120,6a44cea8-77b1-4bf8-8652-21ab53b5bc57,38f613ea-5861-4cc9-b537-b6b20e606666,REGISTERED,2026-04-21 01:03:19.925490+00:00,,PENDING,
2121,6a44cea8-77b1-4bf8-8652-21ab53b5bc57,c12cd7d4-3770-47ae-9237-24b35609b70d,REGISTERED,2026-04-27 17:54:21.691011+00:00,,PENDING,
2122,6a44cea8-77b1-4bf8-8652-21ab53b5bc57,77912841-0831-4559-9152-00fd23a9a51c,REGISTERED,2026-03-20 11:01:24.844586+00:00,,PENDING,
2123,6a44cea8-77b1-4bf8-8652-21ab53b5bc57,3cb20e66-1f63-4917-96a0-d76276f9e1ec,CANCELLED,2026-03-24 09:46:40.091858+00:00,2026-04-18 05:47:21.914765+00:00,PENDING,Inscription faite par erreur.
2124,6a44cea8-77b1-4bf8-8652-21ab53b5bc57,f403a135-e2fa-4427-9cb5-9d55455f9b66,REGISTERED,2026-03-13 12:58:13.526458+00:00,,PENDING,
2125,6a44cea8-77b1-4bf8-8652-21ab53b5bc57,a40aa065-08ee-47e0-9fe4-04100a58e6f1,REGISTERED,2026-04-25 14:32:21.499513+00:00,,PENDING,
2126,6a44cea8-77b1-4bf8-8652-21ab53b5bc57,db865006-8f7f-49f3-a2b6-c29e656c8004,REGISTERED,2026-03-31 07:33:59.360371+00:00,,PENDING,
2127,6a44cea8-77b1-4bf8-8652-21ab53b5bc57,1bdd1aba-8056-4ec1-b09d-02acb85a9eab,REGISTERED,2026-03-13 06:47:45.122799+00:00,,PENDING,
2128,6a44cea8-77b1-4bf8-8652-21ab53b5bc57,5ab7c5af-6bf1-4ff5-93a6-4bcc1ea926d5,REGISTERED,2026-04-09 01:17:16.563084+00:00,,PENDING,
2129,6a44cea8-77b1-4bf8-8652-21ab53b5bc57,29f74c43-1a2b-4d01-b448-078c38c9e28a,REGISTERED,2026-04-21 00:57:13.022476+00:00,,PENDING,
2130,6a44cea8-77b1-4bf8-8652-21ab53b5bc57,7120f862-693b-4518-8e4c-e2bfe7963695,CANCELLED,2026-03-09 15:34:21.749269+00:00,2026-03-20 23:03:38.019837+00:00,PENDING,Participation remplacée par un collègue.
2131,6a44cea8-77b1-4bf8-8652-21ab53b5bc57,978615d9-0394-47fb-a990-7b91e37cbcf3,REGISTERED,2026-03-07 00:03:39.547852+00:00,,PENDING,
2132,6a44cea8-77b1-4bf8-8652-21ab53b5bc57,8a3bbec3-4136-45f6-b098-bbb2be370926,REGISTERED,2026-03-29 02:29:26.306679+00:00,,PENDING,
2133,6a44cea8-77b1-4bf8-8652-21ab53b5bc57,eaaf4ff9-389b-4404-8570-7d2997f37220,REGISTERED,2026-04-19 13:20:58.884230+00:00,,PENDING,
2134,6a44cea8-77b1-4bf8-8652-21ab53b5bc57,e3a19585-197c-4218-9d75-752360108ba0,REGISTERED,2026-03-29 03:36:54.085396+00:00,,PENDING,
2135,b6075cac-0d08-42ad-bb6f-72d804a4abb6,7c907411-53e7-4a2f-9fb2-368bef893ae6,REGISTERED,2026-01-30 06:25:28.064559+00:00,,PRESENT,
2136,b6075cac-0d08-42ad-bb6f-72d804a4abb6,b67484d6-57c8-48b2-bc51-671001b1bcda,REGISTERED,2026-02-26 09:54:03.688531+00:00,,PRESENT,
2137,b6075cac-0d08-42ad-bb6f-72d804a4abb6,b8b374dd-9fa4-4bbd-9bb0-e00bf90d665f,CANCELLED,2026-02-10 19:15:04.371509+00:00,2026-03-17 01:57:56.416439+00:00,PENDING,Erreur de choix de créneau.
2138,b6075cac-0d08-42ad-bb6f-72d804a4abb6,dd44faee-f20f-47e5-94ff-6945e2284b01,REGISTERED,2026-02-02 12:14:35.098887+00:00,,PRESENT,
2139,b6075cac-0d08-42ad-bb6f-72d804a4abb6,61175dd3-69f9-4b64-8fa2-09b08ee9b450,CANCELLED,2026-02-15 04:40:44.008149+00:00,2026-03-13 11:45:23.655384+00:00,PENDING,Session finalement non pertinente pour le profil.
2140,b6075cac-0d08-42ad-bb6f-72d804a4abb6,16027d3d-1f20-426f-a1bf-3b8acac085b6,REGISTERED,2026-03-07 16:11:44.847192+00:00,,PRESENT,
2141,b6075cac-0d08-42ad-bb6f-72d804a4abb6,6d306999-ddb5-47e6-9aec-107cca3f6bbb,REGISTERED,2026-03-02 16:55:47.165550+00:00,,PRESENT,
2142,b6075cac-0d08-42ad-bb6f-72d804a4abb6,f2a1a80b-ee11-4d4d-934b-4728eb24d690,REGISTERED,2026-01-26 10:04:02.750846+00:00,,PRESENT,
2143,b6075cac-0d08-42ad-bb6f-72d804a4abb6,cd45e040-a67a-4dcd-9015-7d07e78b78d0,REGISTERED,2026-01-23 11:49:16.282438+00:00,,PRESENT,
2144,bdea1cca-9015-43ed-a79e-8b9a766324e1,21e93a46-e401-457d-ad44-d22012a753d7,CANCELLED,2026-02-20 22:47:16.969584+00:00,2026-03-22 06:07:33.400295+00:00,PENDING,Contrainte de planning de dernière minute.
2145,bdea1cca-9015-43ed-a79e-8b9a766324e1,99be4c11-8624-4a8a-a33e-833f5dd5a1e5,REGISTERED,2026-04-19 09:53:59.174924+00:00,,PENDING,
2146,bdea1cca-9015-43ed-a79e-8b9a766324e1,2d2ef5e3-a9fa-454f-9d27-96ad5903a226,REGISTERED,2026-02-27 19:49:14.285946+00:00,,PENDING,
2147,bdea1cca-9015-43ed-a79e-8b9a766324e1,c95d510a-3346-4f36-be97-770bde6ccec1,REGISTERED,2026-02-28 17:55:09.043908+00:00,,PENDING,
2148,bdea1cca-9015-43ed-a79e-8b9a766324e1,767e0eaf-7303-4417-832c-a8e02100fe09,REGISTERED,2026-03-18 14:48:11.663615+00:00,,PENDING,
2149,bdea1cca-9015-43ed-a79e-8b9a766324e1,ca7c15d4-b63c-43b9-a154-a9f6ec9bd46d,REGISTERED,2026-04-22 21:49:04.973444+00:00,,PENDING,
2150,bdea1cca-9015-43ed-a79e-8b9a766324e1,542134d1-b226-400c-8d7c-4e24b1a088a6,CANCELLED,2026-04-10 14:39:28.270036+00:00,2026-04-12 15:31:03.051281+00:00,PENDING,Absence validée par le manager.
2151,bdea1cca-9015-43ed-a79e-8b9a766324e1,d7f518f6-8981-4973-9c42-b49423f7f23e,REGISTERED,2026-03-21 11:39:09.577480+00:00,,PENDING,
2152,bdea1cca-9015-43ed-a79e-8b9a766324e1,e63e4f83-e0ba-4644-a46a-7413de243920,CANCELLED,2026-03-12 05:15:51.853239+00:00,2026-04-06 04:08:29.499791+00:00,PENDING,Absence validée par le manager.
2153,bdea1cca-9015-43ed-a79e-8b9a766324e1,7b168703-cc4f-43e5-9775-7d74b4db3f7f,REGISTERED,2026-04-27 06:24:24.098715+00:00,,PENDING,
2154,bdea1cca-9015-43ed-a79e-8b9a766324e1,3784474d-e825-475d-9698-3cd025b65f95,REGISTERED,2026-04-22 16:01:42.712643+00:00,,PENDING,
2155,bdea1cca-9015-43ed-a79e-8b9a766324e1,1c17e3b7-1ace-4929-8a17-4b637e56b0b6,REGISTERED,2026-04-06 05:38:13.742867+00:00,,PENDING,
2156,bdea1cca-9015-43ed-a79e-8b9a766324e1,a7019b71-bdec-45fd-aa1f-46c39d0046c3,REGISTERED,2026-04-08 20:54:20.259319+00:00,,PENDING,
2157,bdea1cca-9015-43ed-a79e-8b9a766324e1,e7809835-b2eb-469d-af70-252267401dcd,REGISTERED,2026-03-05 12:37:41.532692+00:00,,PENDING,
2158,bdea1cca-9015-43ed-a79e-8b9a766324e1,a166e45a-4673-4033-bd08-6264c00ab024,REGISTERED,2026-03-09 19:56:18.895759+00:00,,PENDING,
2159,0a0c2bd6-9d51-441b-83d0-68db4cd99256,f6441207-59b2-4d0d-8e38-22e2061a049e,REGISTERED,2026-01-29 14:58:21.877843+00:00,,PRESENT,
2160,0a0c2bd6-9d51-441b-83d0-68db4cd99256,dadc6b32-cbe4-4de4-a808-13de29ec16d0,REGISTERED,2026-02-03 08:20:35.563499+00:00,,PRESENT,
2161,0a0c2bd6-9d51-441b-83d0-68db4cd99256,dafc105e-50d6-45fc-881b-f8c7648a1d01,REGISTERED,2026-01-29 14:36:58.133070+00:00,,PRESENT,
2162,0a0c2bd6-9d51-441b-83d0-68db4cd99256,c0f17624-388d-4a76-833d-00a5d20ecc26,CANCELLED,2026-01-03 20:24:08.608825+00:00,2026-01-29 04:51:09.302883+00:00,PENDING,Modification de l’agenda projet.
2163,0a0c2bd6-9d51-441b-83d0-68db4cd99256,ce175c8f-1175-4928-bf29-79fe69406339,REGISTERED,2026-01-01 21:21:15.550874+00:00,,PRESENT,
2164,0a0c2bd6-9d51-441b-83d0-68db4cd99256,2620e675-d3ba-4ca5-85bf-2dd08f05bca7,REGISTERED,2026-01-07 01:08:19.452015+00:00,,PRESENT,
2165,0a0c2bd6-9d51-441b-83d0-68db4cd99256,68188865-471e-41c4-ab21-d803009fe1ae,REGISTERED,2026-02-16 20:46:37.387678+00:00,,PRESENT,
2166,0a0c2bd6-9d51-441b-83d0-68db4cd99256,ea12320a-4a0d-419c-bf03-96d78e585918,REGISTERED,2026-01-20 00:34:09.983484+00:00,,PRESENT,
2167,0a0c2bd6-9d51-441b-83d0-68db4cd99256,7c907411-53e7-4a2f-9fb2-368bef893ae6,REGISTERED,2026-02-14 04:19:34.652741+00:00,,PRESENT,
2168,0a0c2bd6-9d51-441b-83d0-68db4cd99256,e4f84c7d-fddd-4aec-b66c-9e63b0300989,REGISTERED,2026-01-24 10:39:17.860973+00:00,,PRESENT,
2169,0a0c2bd6-9d51-441b-83d0-68db4cd99256,c33a2e16-11ad-42aa-86ff-912411bdea48,REGISTERED,2026-01-09 18:49:12.952323+00:00,,PRESENT,
2170,0a0c2bd6-9d51-441b-83d0-68db4cd99256,32093958-cbbd-4c22-a8c5-3659bb18aae5,REGISTERED,2026-02-07 22:31:37.929458+00:00,,PRESENT,
2171,0a0c2bd6-9d51-441b-83d0-68db4cd99256,f653f156-dd8f-4bb2-977b-79810e01781b,REGISTERED,2026-02-08 14:33:05.728749+00:00,,PRESENT,
2172,0a0c2bd6-9d51-441b-83d0-68db4cd99256,64d309e9-1dd7-4572-9479-4d2164c080b8,REGISTERED,2026-02-13 22:44:52.440160+00:00,,PRESENT,
2173,0a0c2bd6-9d51-441b-83d0-68db4cd99256,49a32bab-cd26-41b3-bd72-44b130c4f30f,CANCELLED,2026-01-25 15:30:15.709608+00:00,2026-03-01 16:46:17.841527+00:00,PENDING,Problème de disponibilité logistique.
2174,0a0c2bd6-9d51-441b-83d0-68db4cd99256,0f5dcdfd-9397-4997-853c-278f6e224fe8,REGISTERED,2026-01-18 01:14:15.485498+00:00,,PRESENT,
2175,0a0c2bd6-9d51-441b-83d0-68db4cd99256,4d667ed7-ec6b-4add-aae1-3807ff1a161c,REGISTERED,2026-01-17 04:35:59.207715+00:00,,PRESENT,
2176,0a0c2bd6-9d51-441b-83d0-68db4cd99256,c024ae2f-747f-4e78-b09d-430b0eca3860,REGISTERED,2026-01-28 06:57:52.861300+00:00,,ABSENT,
2177,0a0c2bd6-9d51-441b-83d0-68db4cd99256,72efd112-3855-4a02-9572-9799474fbdf0,REGISTERED,2026-01-11 07:36:23.446498+00:00,,PRESENT,
2178,0a0c2bd6-9d51-441b-83d0-68db4cd99256,0255ba23-f10c-4e55-a632-f39545ad53f2,CANCELLED,2026-01-25 15:19:41.214119+00:00,2026-02-01 07:22:13.366145+00:00,PENDING,Problème de disponibilité logistique.
2179,0a0c2bd6-9d51-441b-83d0-68db4cd99256,b108c01c-8d8b-44d9-b7b4-c8ff2f95bdfa,REGISTERED,2026-02-09 06:28:22.762988+00:00,,ABSENT,
2180,0a0c2bd6-9d51-441b-83d0-68db4cd99256,fbbaaa64-8cee-4669-9d6e-59242b284466,REGISTERED,2026-01-08 06:41:37.686177+00:00,,PRESENT,
2181,0a0c2bd6-9d51-441b-83d0-68db4cd99256,23ce8810-f0b8-4d2e-8e2b-68771418b437,REGISTERED,2026-01-10 04:19:17.992791+00:00,,PRESENT,
2182,0a0c2bd6-9d51-441b-83d0-68db4cd99256,d7187d09-a013-49c8-a1b3-d822b39752f7,REGISTERED,2026-02-07 10:05:46.301798+00:00,,PRESENT,
2183,0a0c2bd6-9d51-441b-83d0-68db4cd99256,45f2fe70-a2a2-4fcc-b0f2-29306540418a,CANCELLED,2026-01-26 07:04:11.959771+00:00,2026-02-10 14:46:44.380700+00:00,PENDING,Inscription faite par erreur.
2184,0a0c2bd6-9d51-441b-83d0-68db4cd99256,7f1597a7-81b9-4a2c-9123-eee64ca91f04,REGISTERED,2026-01-09 18:55:50.513642+00:00,,PRESENT,
2185,0a0c2bd6-9d51-441b-83d0-68db4cd99256,02d451b1-b91e-4dde-aaba-83945a6ff820,CANCELLED,2026-01-31 01:33:17.173404+00:00,2026-02-17 13:44:46.929029+00:00,PENDING,Participation remplacée par un collègue.
2186,0a0c2bd6-9d51-441b-83d0-68db4cd99256,1a7b75b9-6dfb-43ac-8df5-e9d9c7ef26d8,REGISTERED,2026-02-17 07:54:35.940463+00:00,,ABSENT,
2187,0a0c2bd6-9d51-441b-83d0-68db4cd99256,514d1d62-3100-4b79-9ace-199ed15abd30,REGISTERED,2026-01-09 23:41:49.328887+00:00,,PRESENT,
2188,0a0c2bd6-9d51-441b-83d0-68db4cd99256,dea563e5-75d4-4009-859c-5370f9952466,REGISTERED,2026-01-12 12:25:23.773123+00:00,,PRESENT,
2189,0a0c2bd6-9d51-441b-83d0-68db4cd99256,9d09832f-ff19-4c77-9c05-12881b06c117,CANCELLED,2026-01-15 03:35:54.002932+00:00,2026-02-04 18:07:21.029587+00:00,PENDING,Changement de priorité métier.
2190,0a0c2bd6-9d51-441b-83d0-68db4cd99256,8f774f8b-da2a-4c78-929b-0896a8c710b9,REGISTERED,2026-01-08 05:44:10.606913+00:00,,PRESENT,
2191,0a0c2bd6-9d51-441b-83d0-68db4cd99256,91859730-a2c4-46b6-855a-a89620a317df,REGISTERED,2026-02-13 08:51:05.786978+00:00,,PRESENT,
2192,0a0c2bd6-9d51-441b-83d0-68db4cd99256,608ced08-9e47-4568-b2c6-81b0a7fdf075,REGISTERED,2026-01-29 08:46:32.130518+00:00,,PRESENT,
2193,0a0c2bd6-9d51-441b-83d0-68db4cd99256,67ef2ce8-8158-4061-b39f-1648161b988a,REGISTERED,2026-01-16 15:34:18.706991+00:00,,ABSENT,
2194,0a0c2bd6-9d51-441b-83d0-68db4cd99256,d0f286e9-aeb3-4658-8f6c-b7a7d6120051,REGISTERED,2026-01-06 23:45:05.621524+00:00,,PRESENT,
2195,0a0c2bd6-9d51-441b-83d0-68db4cd99256,c96c33b2-deb4-4624-905a-4bb4eba9b66b,REGISTERED,2026-02-11 09:34:58.735795+00:00,,PRESENT,
2196,0a0c2bd6-9d51-441b-83d0-68db4cd99256,e0b41b2a-0c7b-41b4-b605-9004a85a2f65,CANCELLED,2026-02-09 18:39:02.052443+00:00,2026-02-12 03:10:57.095568+00:00,PENDING,Absence validée par le manager.
2197,0a0c2bd6-9d51-441b-83d0-68db4cd99256,b78c727b-e0cf-4632-95c8-6d754d1b626c,REGISTERED,2026-01-29 02:03:02.817832+00:00,,PRESENT,
2198,0a0c2bd6-9d51-441b-83d0-68db4cd99256,21e93a46-e401-457d-ad44-d22012a753d7,REGISTERED,2026-01-15 23:42:36.383740+00:00,,PRESENT,
2199,0a0c2bd6-9d51-441b-83d0-68db4cd99256,aa4e1ebb-5f2c-431e-b14c-49099924347c,CANCELLED,2026-01-15 00:34:08.612169+00:00,2026-01-20 19:34:33.962277+00:00,PENDING,Session finalement non pertinente pour le profil.
2200,0a0c2bd6-9d51-441b-83d0-68db4cd99256,1edf11bf-caeb-49fc-8f55-69e63e815dae,REGISTERED,2026-01-17 02:58:52.905573+00:00,,PRESENT,
2201,0a0c2bd6-9d51-441b-83d0-68db4cd99256,8d96e8da-9993-495a-a0c2-848796ac710e,REGISTERED,2026-02-03 23:09:29.921032+00:00,,ABSENT,
2202,0a0c2bd6-9d51-441b-83d0-68db4cd99256,9246a4a8-fa4c-48db-84c1-bcec80300b95,REGISTERED,2026-02-02 11:50:38.834243+00:00,,PRESENT,
2203,0a0c2bd6-9d51-441b-83d0-68db4cd99256,65f45148-d34d-4ca8-b231-ff27af7e1083,REGISTERED,2026-01-23 19:35:09.541679+00:00,,PRESENT,
2204,0a0c2bd6-9d51-441b-83d0-68db4cd99256,53bc19ae-6115-4448-91c2-079f930260b9,REGISTERED,2026-02-06 00:47:25.837389+00:00,,PRESENT,
2205,0a0c2bd6-9d51-441b-83d0-68db4cd99256,1c17e3b7-1ace-4929-8a17-4b637e56b0b6,REGISTERED,2026-01-19 07:56:50.914126+00:00,,PRESENT,
2206,0a0c2bd6-9d51-441b-83d0-68db4cd99256,d39a524e-7c94-4fbb-ae92-88b5fbdeaeb8,REGISTERED,2026-01-26 21:01:00.742661+00:00,,PRESENT,
2207,0a0c2bd6-9d51-441b-83d0-68db4cd99256,f19708c8-85b2-4faa-825b-a2fefaac0687,CANCELLED,2026-01-15 16:47:16.522709+00:00,2026-02-07 19:53:46.375727+00:00,PENDING,Besoin de suivre une autre session en priorité.
2208,0a0c2bd6-9d51-441b-83d0-68db4cd99256,1ee0455f-7a11-42b3-883e-1a778adfa225,CANCELLED,2026-02-05 03:01:36.830028+00:00,2026-02-14 18:33:15.804139+00:00,PENDING,Problème de disponibilité logistique.
2209,0a0c2bd6-9d51-441b-83d0-68db4cd99256,8006d300-c0ae-4a0d-ba53-074804f86119,CANCELLED,2026-01-31 23:23:15.730291+00:00,2026-02-02 18:21:17.388006+00:00,PENDING,Conflit d’horaire avec une réunion prioritaire.
2210,0a0c2bd6-9d51-441b-83d0-68db4cd99256,170d2f68-2e8a-4567-81c1-cd4a0016ee2d,REGISTERED,2026-01-18 20:26:27.381235+00:00,,PRESENT,
2211,0a0c2bd6-9d51-441b-83d0-68db4cd99256,2a5fc018-eeb8-406f-83fc-1862252f93b0,REGISTERED,2026-02-05 05:34:52.454602+00:00,,PRESENT,
2212,0a0c2bd6-9d51-441b-83d0-68db4cd99256,109b05da-c32d-498a-baf2-dece7d8c5d21,REGISTERED,2026-01-02 11:43:50.657591+00:00,,PRESENT,
2213,0a0c2bd6-9d51-441b-83d0-68db4cd99256,9670db24-9fbd-4eae-8798-eee73b7f38b0,REGISTERED,2026-02-12 07:39:35.082946+00:00,,PRESENT,
2214,0a0c2bd6-9d51-441b-83d0-68db4cd99256,ae923cee-de34-4666-b2f5-d8b68dd987f9,REGISTERED,2026-01-19 05:45:00.331246+00:00,,PRESENT,
2215,0a0c2bd6-9d51-441b-83d0-68db4cd99256,efe3f27d-9b61-4dcc-bdee-66d1ff6634b6,REGISTERED,2026-02-16 01:12:15.099125+00:00,,PRESENT,
2216,0a0c2bd6-9d51-441b-83d0-68db4cd99256,03d3af4e-4ead-4742-b182-a0cc364ee704,REGISTERED,2026-02-11 22:03:42.486097+00:00,,PRESENT,
2217,0a0c2bd6-9d51-441b-83d0-68db4cd99256,99ce0eb9-db3b-4ba1-9d7e-a6e10271bb8c,REGISTERED,2026-02-01 01:50:31.912750+00:00,,PRESENT,
2218,0a0c2bd6-9d51-441b-83d0-68db4cd99256,16aecb05-9ec8-4d03-8476-a54437617f6a,REGISTERED,2026-01-25 09:28:03.195395+00:00,,PRESENT,
2219,0a0c2bd6-9d51-441b-83d0-68db4cd99256,16027d3d-1f20-426f-a1bf-3b8acac085b6,REGISTERED,2026-01-26 17:45:04.043036+00:00,,PRESENT,
2220,0a0c2bd6-9d51-441b-83d0-68db4cd99256,93c2ea2c-f36b-43fb-8081-333512ad6dfe,REGISTERED,2026-02-15 05:54:13.034147+00:00,,PRESENT,
2221,0a0c2bd6-9d51-441b-83d0-68db4cd99256,edc57913-68cf-4b04-a356-052f6ffdbcff,REGISTERED,2026-02-15 03:04:16.180336+00:00,,PRESENT,
2222,0a0c2bd6-9d51-441b-83d0-68db4cd99256,14d940d1-b6b9-46db-ad09-0f473052b4b5,REGISTERED,2026-02-08 21:21:01.673372+00:00,,PRESENT,
2223,0a0c2bd6-9d51-441b-83d0-68db4cd99256,a04f5eda-a557-4705-92b5-88cc55ea6558,CANCELLED,2026-02-02 04:13:45.768595+00:00,2026-03-01 00:11:13.820190+00:00,PENDING,Indisponibilité personnelle signalée.
2224,0a0c2bd6-9d51-441b-83d0-68db4cd99256,9dd603d9-070f-421c-9578-652d098d33ae,REGISTERED,2026-02-13 07:10:58.168047+00:00,,PRESENT,
2225,0a0c2bd6-9d51-441b-83d0-68db4cd99256,8195d324-ed95-44b5-a354-9232cab4e1c0,REGISTERED,2026-01-08 03:11:44.867620+00:00,,PRESENT,
2226,0a0c2bd6-9d51-441b-83d0-68db4cd99256,9dfc227f-7a2c-4af9-81e9-aaf98bdb8fda,REGISTERED,2026-02-12 04:07:20.721013+00:00,,PRESENT,
2227,0a0c2bd6-9d51-441b-83d0-68db4cd99256,540abdf1-304b-4ae8-be52-92cdac07dce3,REGISTERED,2026-01-18 09:00:20.643171+00:00,,PRESENT,
2228,0a0c2bd6-9d51-441b-83d0-68db4cd99256,ed50a04f-41be-4ee7-89ae-aed7531faa34,REGISTERED,2026-01-14 12:31:00.816760+00:00,,ABSENT,
2229,0a0c2bd6-9d51-441b-83d0-68db4cd99256,00f7fbed-d7cd-4b53-9344-aa42ba92c94d,REGISTERED,2026-02-02 12:22:15.839911+00:00,,PRESENT,
2230,0a0c2bd6-9d51-441b-83d0-68db4cd99256,7b168703-cc4f-43e5-9775-7d74b4db3f7f,REGISTERED,2026-02-04 01:26:11.284915+00:00,,PRESENT,
2231,0a0c2bd6-9d51-441b-83d0-68db4cd99256,c3b0f176-69f0-4028-872a-0091128bf3a7,REGISTERED,2026-01-09 14:21:22.600581+00:00,,PRESENT,
2232,0a0c2bd6-9d51-441b-83d0-68db4cd99256,b3d93062-a120-4b9f-8188-3421e21ae870,REGISTERED,2026-01-16 17:26:14.857457+00:00,,PRESENT,
2233,0a0c2bd6-9d51-441b-83d0-68db4cd99256,85d69c98-5b99-4368-9470-a023a0faaa39,REGISTERED,2026-02-16 19:35:06.641078+00:00,,ABSENT,
2234,0a0c2bd6-9d51-441b-83d0-68db4cd99256,c2c17b8a-e8e3-4734-8a5d-558dcb795104,REGISTERED,2026-01-29 08:40:32.777489+00:00,,PRESENT,
2235,0a0c2bd6-9d51-441b-83d0-68db4cd99256,e9bcf6db-9a70-402b-96e0-5fad1e21ca31,REGISTERED,2026-01-19 09:41:44.109388+00:00,,PRESENT,
2236,0a0c2bd6-9d51-441b-83d0-68db4cd99256,f97a0b32-2873-4e32-aeb0-26f42cfbc29d,CANCELLED,2026-02-02 07:37:53.847888+00:00,2026-02-10 04:55:59.874890+00:00,PENDING,Erreur de choix de créneau.
2237,0a0c2bd6-9d51-441b-83d0-68db4cd99256,85e3ccdc-ad7f-4b05-b057-8593c1f4a450,REGISTERED,2026-01-21 01:32:01.482885+00:00,,PRESENT,
2238,0a0c2bd6-9d51-441b-83d0-68db4cd99256,4d294b5a-0c54-442e-997e-8a8190b5f36e,REGISTERED,2026-01-07 01:09:04.149494+00:00,,ABSENT,
2239,0a0c2bd6-9d51-441b-83d0-68db4cd99256,a912e90c-b716-4a56-8005-1c9111759dfd,REGISTERED,2026-01-08 23:27:16.807059+00:00,,PRESENT,
2240,0a0c2bd6-9d51-441b-83d0-68db4cd99256,aea65023-ce55-417a-a93c-d43c8afc615f,CANCELLED,2026-01-23 05:46:26.008871+00:00,2026-01-31 12:52:35.462557+00:00,PENDING,Invitation déclinée après réévaluation.
2241,0a0c2bd6-9d51-441b-83d0-68db4cd99256,1601dd67-4724-4d1d-a0bc-461e96081aed,REGISTERED,2026-01-02 17:12:13.122980+00:00,,PRESENT,
2242,0a0c2bd6-9d51-441b-83d0-68db4cd99256,966251e0-21da-4b33-8c4f-5acafc653771,REGISTERED,2026-01-30 01:57:57.115551+00:00,,PRESENT,
2243,0a0c2bd6-9d51-441b-83d0-68db4cd99256,d6fe6795-80b6-44d5-81a2-ba29873a9947,REGISTERED,2026-01-31 05:31:51.299790+00:00,,ABSENT,
2244,0a0c2bd6-9d51-441b-83d0-68db4cd99256,c316d911-6157-4923-83d0-94e475c6acc5,REGISTERED,2026-01-26 19:08:06.558125+00:00,,PRESENT,
2245,0a0c2bd6-9d51-441b-83d0-68db4cd99256,3929fc4e-362b-4007-861c-0f8355b34314,CANCELLED,2026-01-22 22:14:33.808154+00:00,2026-02-28 08:44:41.264627+00:00,PENDING,Participation remplacée par un collègue.
2246,0a0c2bd6-9d51-441b-83d0-68db4cd99256,c4aac5db-f0a1-41f7-ad7b-af5bdfaee13f,CANCELLED,2026-01-03 10:51:12.302824+00:00,2026-02-04 18:49:58.674778+00:00,PENDING,Session finalement non pertinente pour le profil.
2247,0a0c2bd6-9d51-441b-83d0-68db4cd99256,cf29d572-baa2-4d38-804f-fd6f6cf8a890,REGISTERED,2026-01-11 16:13:29.998999+00:00,,PRESENT,
2248,0a0c2bd6-9d51-441b-83d0-68db4cd99256,9d9f828f-6d17-4846-b840-5c49524aebe1,REGISTERED,2026-02-16 15:02:19.942060+00:00,,ABSENT,
2249,0a0c2bd6-9d51-441b-83d0-68db4cd99256,f2aba7e0-43cb-45a1-8ed2-80e2b36e4be9,REGISTERED,2026-01-15 16:13:18.425110+00:00,,PRESENT,
2250,0a0c2bd6-9d51-441b-83d0-68db4cd99256,c848b20c-f059-4930-95e5-93f28ae465c9,REGISTERED,2026-02-11 08:48:54.120178+00:00,,PRESENT,
2251,0a0c2bd6-9d51-441b-83d0-68db4cd99256,c413e723-b297-4c8d-b0ed-efcc688a626c,CANCELLED,2026-01-14 00:47:34.103357+00:00,2026-01-22 11:56:28.276893+00:00,PENDING,Changement de priorité métier.
2252,0a0c2bd6-9d51-441b-83d0-68db4cd99256,60d3d345-0e8d-47d9-8016-5a0a66060125,REGISTERED,2026-01-12 10:18:44.474565+00:00,,PRESENT,
2253,0a0c2bd6-9d51-441b-83d0-68db4cd99256,27e57f44-3711-4937-96be-d80bcf09b05d,REGISTERED,2026-01-06 19:15:38.672886+00:00,,PRESENT,
2254,0a0c2bd6-9d51-441b-83d0-68db4cd99256,7a896dbe-f0e6-49e6-be1b-41feb6e585a7,REGISTERED,2026-01-03 14:47:30.664702+00:00,,PRESENT,
2255,0a0c2bd6-9d51-441b-83d0-68db4cd99256,d00211fe-b443-439e-afb4-0eaa14b471eb,REGISTERED,2026-01-22 03:58:05.456656+00:00,,PRESENT,
2256,0a0c2bd6-9d51-441b-83d0-68db4cd99256,5a279486-f19e-477b-ada8-50c908151f96,REGISTERED,2026-02-04 02:36:48.516500+00:00,,PRESENT,
2257,0a0c2bd6-9d51-441b-83d0-68db4cd99256,11938edb-7027-491c-9527-eaf7738ea9cd,REGISTERED,2026-01-26 22:58:59.096996+00:00,,PRESENT,
2258,0a0c2bd6-9d51-441b-83d0-68db4cd99256,fe585dc9-87c1-4767-acfc-0cb180014620,REGISTERED,2026-02-11 06:24:34.134192+00:00,,ABSENT,
2259,0a0c2bd6-9d51-441b-83d0-68db4cd99256,79813442-5e34-470e-ae19-fde9bd8d21e8,REGISTERED,2026-01-06 05:15:14.964913+00:00,,PRESENT,
2260,0a0c2bd6-9d51-441b-83d0-68db4cd99256,83181837-ca9a-4a93-95ef-82c0c1624078,REGISTERED,2026-02-04 13:28:37.891456+00:00,,PRESENT,
2261,0a0c2bd6-9d51-441b-83d0-68db4cd99256,26d51b07-49a9-4201-b13c-709dbf828241,CANCELLED,2026-01-31 07:41:10.724266+00:00,2026-02-27 01:16:46.943336+00:00,PENDING,Problème de disponibilité logistique.
2262,0a0c2bd6-9d51-441b-83d0-68db4cd99256,8109e1d3-64d6-452e-8d2d-8f0129c10b07,REGISTERED,2026-02-02 06:42:06.097710+00:00,,PRESENT,
2263,0a0c2bd6-9d51-441b-83d0-68db4cd99256,539b3526-9e3d-45bd-baef-ec9d16abc2eb,REGISTERED,2026-01-02 01:51:46.277941+00:00,,PRESENT,
2264,0a0c2bd6-9d51-441b-83d0-68db4cd99256,66254aec-711c-4731-ad1b-12358695cff5,REGISTERED,2026-01-21 12:12:36.216613+00:00,,PRESENT,
2265,0a0c2bd6-9d51-441b-83d0-68db4cd99256,52f2e173-d75b-4075-99c9-bd30847845ad,REGISTERED,2026-02-09 02:30:43.414564+00:00,,ABSENT,
2266,0a0c2bd6-9d51-441b-83d0-68db4cd99256,099e1b0f-acb5-4a7d-829c-134345792106,REGISTERED,2026-02-12 06:32:58.521434+00:00,,PRESENT,
2267,0a0c2bd6-9d51-441b-83d0-68db4cd99256,3890de82-3395-42e3-86ff-099140dc8353,REGISTERED,2026-02-06 07:22:33.398456+00:00,,ABSENT,
2268,0a0c2bd6-9d51-441b-83d0-68db4cd99256,3b146662-5da3-44f9-a3a2-be2e8ab5f602,REGISTERED,2026-02-13 06:01:24.407150+00:00,,ABSENT,
2269,0a0c2bd6-9d51-441b-83d0-68db4cd99256,5c093bcb-a8f8-495e-9e59-fe544f16ea0b,CANCELLED,2026-01-22 01:17:37.885871+00:00,2026-02-06 00:06:58.220404+00:00,PENDING,Besoin de suivre une autre session en priorité.
2270,0a0c2bd6-9d51-441b-83d0-68db4cd99256,41bbe326-5123-4001-a1ca-3c7de3d60835,CANCELLED,2026-01-19 12:16:28.890144+00:00,2026-01-30 15:54:16.238899+00:00,PENDING,Modification de l’agenda projet.
2271,0a0c2bd6-9d51-441b-83d0-68db4cd99256,8a85cbcb-c372-4854-9d56-ead45338499f,REGISTERED,2026-01-04 16:20:29.680182+00:00,,PRESENT,
2272,0a0c2bd6-9d51-441b-83d0-68db4cd99256,f0e0881e-5be2-4c7e-9a12-6c8d41853e5b,CANCELLED,2026-02-01 23:26:06.134578+00:00,2026-02-28 19:10:21.619370+00:00,PENDING,Inscription faite par erreur.
2273,0a0c2bd6-9d51-441b-83d0-68db4cd99256,ee1c4d3b-ec68-41f3-b7f1-58779c7a6bd9,REGISTERED,2026-02-15 04:08:55.278855+00:00,,PRESENT,
2274,0a0c2bd6-9d51-441b-83d0-68db4cd99256,3153eaad-facb-4e77-bf73-9a19018c032d,REGISTERED,2026-01-07 07:45:26.583794+00:00,,ABSENT,
2275,0a0c2bd6-9d51-441b-83d0-68db4cd99256,74164678-a923-474f-9942-ef98874b21a7,REGISTERED,2026-01-23 17:32:19.508468+00:00,,PRESENT,
2276,0a0c2bd6-9d51-441b-83d0-68db4cd99256,29e789b9-43d6-4d77-bba5-a8fe5bbec079,REGISTERED,2026-02-17 08:07:03.413713+00:00,,PRESENT,
2277,0a0c2bd6-9d51-441b-83d0-68db4cd99256,7d15ce84-8e27-4d49-b5db-e0a53ce987cd,REGISTERED,2026-01-10 17:35:57.000779+00:00,,PRESENT,
2278,0a0c2bd6-9d51-441b-83d0-68db4cd99256,cb6d8e05-1472-47ff-b732-cb920eb596dd,REGISTERED,2026-02-12 11:18:57.173964+00:00,,PRESENT,
2279,0a0c2bd6-9d51-441b-83d0-68db4cd99256,b85064cb-2497-4073-9f57-26339c4d0da4,REGISTERED,2026-02-16 23:04:54.284031+00:00,,PRESENT,
2280,0a0c2bd6-9d51-441b-83d0-68db4cd99256,2924ebf4-7416-4911-9fb8-c3bd86f39111,REGISTERED,2026-02-04 23:31:16.278522+00:00,,PRESENT,
2281,0a0c2bd6-9d51-441b-83d0-68db4cd99256,5147885c-e8a5-473d-88c2-92f1ac8aaab2,REGISTERED,2026-01-14 01:13:36.814383+00:00,,PRESENT,
2282,0a0c2bd6-9d51-441b-83d0-68db4cd99256,d1b2491c-d6e0-4961-a163-1cd855b2b145,CANCELLED,2026-02-13 16:31:22.492413+00:00,2026-02-16 16:28:51.020986+00:00,PENDING,Modification de l’agenda projet.
2283,0a0c2bd6-9d51-441b-83d0-68db4cd99256,9500eed0-ba6a-4e02-904a-16af00d46e3e,REGISTERED,2026-01-29 02:30:25.660451+00:00,,PRESENT,
2284,0a0c2bd6-9d51-441b-83d0-68db4cd99256,777ef2bc-d3d2-4678-96a6-dd1a0255d70d,REGISTERED,2026-02-07 10:51:12.643411+00:00,,PRESENT,
2285,0a0c2bd6-9d51-441b-83d0-68db4cd99256,fd4de66f-9089-4132-b386-bcc0aed023a5,CANCELLED,2026-01-27 12:45:17.082411+00:00,2026-02-01 18:53:33.985707+00:00,PENDING,Erreur de choix de créneau.
2286,0a0c2bd6-9d51-441b-83d0-68db4cd99256,ab9a105c-5f0d-4478-9b04-9f0953d430cb,REGISTERED,2026-02-03 11:19:57.569442+00:00,,ABSENT,
2287,0a0c2bd6-9d51-441b-83d0-68db4cd99256,7120f862-693b-4518-8e4c-e2bfe7963695,REGISTERED,2026-01-13 10:26:48.361210+00:00,,PRESENT,
2288,0a0c2bd6-9d51-441b-83d0-68db4cd99256,dbb62cac-e512-454a-a2dd-cd278e6b0b3e,REGISTERED,2026-01-22 07:53:12.106124+00:00,,PRESENT,
2289,0a0c2bd6-9d51-441b-83d0-68db4cd99256,99c5d90c-a8d4-4f31-8abd-cc6d6cbad26b,REGISTERED,2026-02-05 22:42:47.254759+00:00,,ABSENT,
2290,0a0c2bd6-9d51-441b-83d0-68db4cd99256,622dbe54-2ae7-45b3-9c3e-e10174715762,REGISTERED,2026-01-07 17:53:21.232711+00:00,,PRESENT,
2291,0a0c2bd6-9d51-441b-83d0-68db4cd99256,2283e00e-d82e-4663-8d50-14ece1f3a41c,REGISTERED,2026-01-30 07:16:31.635104+00:00,,PRESENT,
2292,0a0c2bd6-9d51-441b-83d0-68db4cd99256,4b525688-1acd-4981-b213-0ea3aa8ecb43,REGISTERED,2026-01-14 19:35:28.116853+00:00,,ABSENT,
2293,0a0c2bd6-9d51-441b-83d0-68db4cd99256,d2143c02-7643-4dad-9edd-73d7e485eec7,REGISTERED,2026-02-10 15:57:45.467891+00:00,,ABSENT,
2294,0a0c2bd6-9d51-441b-83d0-68db4cd99256,fdaa0ab3-4f74-427f-8610-07c992b50bf5,REGISTERED,2026-01-15 02:02:23.931342+00:00,,PRESENT,
2295,0a0c2bd6-9d51-441b-83d0-68db4cd99256,1d623cd5-7c52-4925-a204-0c46c3869a1d,REGISTERED,2026-02-15 17:18:36.986107+00:00,,PRESENT,
2296,0a0c2bd6-9d51-441b-83d0-68db4cd99256,18aee4d1-ff77-49a2-bce1-9d47c65368ae,REGISTERED,2026-02-06 22:29:06.255860+00:00,,PRESENT,
2297,0a0c2bd6-9d51-441b-83d0-68db4cd99256,d420025c-f809-4d32-9066-98749e88aeb9,REGISTERED,2026-01-06 14:44:10.745929+00:00,,PRESENT,
2298,0a0c2bd6-9d51-441b-83d0-68db4cd99256,ef1f441d-713b-4320-8698-2eecbf112a71,CANCELLED,2026-01-15 05:46:40.403171+00:00,2026-02-28 21:33:06.630341+00:00,PENDING,Charge de travail incompatible avec l’événement.
2299,0a0c2bd6-9d51-441b-83d0-68db4cd99256,67b9e613-4792-4b7e-88f0-54df3f761ed0,REGISTERED,2026-01-04 22:34:23.362982+00:00,,PRESENT,
2300,0a0c2bd6-9d51-441b-83d0-68db4cd99256,d038d3e8-db0f-4824-9216-4de208fd6652,REGISTERED,2026-02-11 03:07:02.264023+00:00,,PRESENT,
2301,0a0c2bd6-9d51-441b-83d0-68db4cd99256,29f74c43-1a2b-4d01-b448-078c38c9e28a,REGISTERED,2026-02-11 03:48:36.350887+00:00,,PRESENT,
2302,0a0c2bd6-9d51-441b-83d0-68db4cd99256,3dded13e-5120-43d0-a063-fb98185a8252,REGISTERED,2026-02-16 15:37:24.453172+00:00,,PRESENT,
2303,0a0c2bd6-9d51-441b-83d0-68db4cd99256,91e9323a-e856-492f-b6b6-379bc6570add,REGISTERED,2026-02-02 07:20:02.537169+00:00,,PRESENT,
2304,0a0c2bd6-9d51-441b-83d0-68db4cd99256,50e23573-ed49-4a5a-a274-62ac3d92fa00,REGISTERED,2026-02-12 06:57:59.330853+00:00,,PRESENT,
2305,0a0c2bd6-9d51-441b-83d0-68db4cd99256,6898b9c8-16d4-46c4-a56c-4ce1865def90,REGISTERED,2026-01-25 08:31:17.227129+00:00,,ABSENT,
2306,0a0c2bd6-9d51-441b-83d0-68db4cd99256,83591bb5-b0a5-432a-9670-a236e11cbb0b,REGISTERED,2026-02-04 10:16:19.792387+00:00,,PRESENT,
2307,0a0c2bd6-9d51-441b-83d0-68db4cd99256,869f5770-ffbd-42b1-9908-f61f8fbbc8ea,CANCELLED,2026-01-18 03:59:00.849580+00:00,2026-02-19 18:30:09.837149+00:00,PENDING,Changement de priorité métier.
2308,fab5e8cc-b39d-44b4-8092-146637312d1f,3a08652a-01d6-4fac-9ce5-fcbee3269ae4,REGISTERED,2026-04-16 10:14:13.491713+00:00,,PENDING,
2309,fab5e8cc-b39d-44b4-8092-146637312d1f,c95d510a-3346-4f36-be97-770bde6ccec1,REGISTERED,2026-04-09 20:48:56.163002+00:00,,PENDING,
2310,fab5e8cc-b39d-44b4-8092-146637312d1f,bc4f2415-4186-4d74-ba12-52a4a7b18bc6,REGISTERED,2026-04-04 20:41:17.824391+00:00,,PENDING,
2311,fab5e8cc-b39d-44b4-8092-146637312d1f,4c166401-3fd9-47c6-993a-883bd0d2ca29,REGISTERED,2026-04-26 16:12:49.450266+00:00,,PENDING,
2312,fab5e8cc-b39d-44b4-8092-146637312d1f,2976ce73-94df-4e12-ac34-fb596591b7c2,REGISTERED,2026-04-06 22:39:16.000394+00:00,,PENDING,
2313,fab5e8cc-b39d-44b4-8092-146637312d1f,5bba076a-bfef-4cf9-be7b-eaf7160e722e,REGISTERED,2026-04-25 17:16:19.533126+00:00,,PENDING,
2314,fab5e8cc-b39d-44b4-8092-146637312d1f,f594c6ae-fae0-4ba8-8668-199181bbdd68,REGISTERED,2026-03-29 03:03:10.535354+00:00,,PENDING,
2315,fab5e8cc-b39d-44b4-8092-146637312d1f,8a85cbcb-c372-4854-9d56-ead45338499f,REGISTERED,2026-03-25 04:48:49.128363+00:00,,PENDING,
2316,fab5e8cc-b39d-44b4-8092-146637312d1f,1601dd67-4724-4d1d-a0bc-461e96081aed,REGISTERED,2026-04-11 08:25:44.525499+00:00,,PENDING,
2317,fab5e8cc-b39d-44b4-8092-146637312d1f,c413e723-b297-4c8d-b0ed-efcc688a626c,REGISTERED,2026-03-31 23:27:09.831917+00:00,,PENDING,
2318,40d54d79-34d4-4d11-86bb-c5d5bda886db,d0f286e9-aeb3-4658-8f6c-b7a7d6120051,REGISTERED,2026-02-01 15:59:00.033382+00:00,,PENDING,
2319,40d54d79-34d4-4d11-86bb-c5d5bda886db,c95d510a-3346-4f36-be97-770bde6ccec1,REGISTERED,2026-03-26 01:54:06.337404+00:00,,PENDING,
2320,87bad3c8-3954-4cc1-9e75-c83bb740ea24,0255ba23-f10c-4e55-a632-f39545ad53f2,REGISTERED,2026-03-12 15:55:17.835254+00:00,,PENDING,
2321,87bad3c8-3954-4cc1-9e75-c83bb740ea24,770a3736-dd6c-443d-92ff-d84e014a53e9,REGISTERED,2026-02-07 14:32:44.969466+00:00,,PENDING,
2322,87bad3c8-3954-4cc1-9e75-c83bb740ea24,912a90c4-9c49-4b06-b8aa-4363306047bd,REGISTERED,2026-02-13 12:31:36.784962+00:00,,PENDING,
2323,87bad3c8-3954-4cc1-9e75-c83bb740ea24,53234d32-ce6e-4a41-989f-d1958715bab4,CANCELLED,2026-04-26 08:45:42.066820+00:00,2026-04-28 14:37:12.694585+00:00,PENDING,Contrainte de planning de dernière minute.
2324,87bad3c8-3954-4cc1-9e75-c83bb740ea24,cba90a11-1840-4896-baf9-ad4c1723a01f,CANCELLED,2026-03-20 13:21:52.154283+00:00,2026-04-22 07:06:44.317178+00:00,PENDING,Indisponibilité personnelle signalée.
2325,87bad3c8-3954-4cc1-9e75-c83bb740ea24,ed50a04f-41be-4ee7-89ae-aed7531faa34,CANCELLED,2026-04-20 05:42:03.778976+00:00,2026-04-27 11:20:11.824102+00:00,PENDING,Déplacement professionnel confirmé.
2326,87bad3c8-3954-4cc1-9e75-c83bb740ea24,a0cca5a6-1adb-48cd-8eb4-3ddd051a194a,REGISTERED,2026-03-27 13:19:55.610103+00:00,,PENDING,
2327,87bad3c8-3954-4cc1-9e75-c83bb740ea24,722ee721-cbc4-48ea-afc1-2addf9bc9ffe,REGISTERED,2026-03-30 06:38:22.501563+00:00,,PENDING,
2328,87bad3c8-3954-4cc1-9e75-c83bb740ea24,2b2c1a3c-9712-41b8-86c7-afa44d9e0665,REGISTERED,2026-02-09 17:41:41.901678+00:00,,PENDING,
2329,87bad3c8-3954-4cc1-9e75-c83bb740ea24,04d1e3f4-5420-4b71-a3a5-85f2ed790744,REGISTERED,2026-02-09 19:07:00.370056+00:00,,PENDING,
2330,87bad3c8-3954-4cc1-9e75-c83bb740ea24,99c5d90c-a8d4-4f31-8abd-cc6d6cbad26b,REGISTERED,2026-03-08 09:55:35.952064+00:00,,PENDING,
2331,87bad3c8-3954-4cc1-9e75-c83bb740ea24,18913824-a75f-44b9-a1c5-cec90c6cd419,REGISTERED,2026-04-14 19:51:05.908648+00:00,,PENDING,
2332,87bad3c8-3954-4cc1-9e75-c83bb740ea24,da7d8ca8-db94-48b0-87a9-6c6a4d12c1cb,REGISTERED,2026-04-04 04:18:54.963264+00:00,,PENDING,
2333,87bad3c8-3954-4cc1-9e75-c83bb740ea24,5a0d457e-b130-4a86-8cf9-1ff778d42d02,REGISTERED,2026-03-10 22:11:03.796558+00:00,,PENDING,
2334,87bad3c8-3954-4cc1-9e75-c83bb740ea24,0deea514-779a-4aa2-b500-353e426c4bb8,REGISTERED,2026-02-05 10:40:52.728467+00:00,,PENDING,
2335,87bad3c8-3954-4cc1-9e75-c83bb740ea24,e1146103-3e33-4ed7-9a4c-3426f5922da9,REGISTERED,2026-01-19 19:14:34.436304+00:00,,PENDING,
2336,87bad3c8-3954-4cc1-9e75-c83bb740ea24,c0f17624-388d-4a76-833d-00a5d20ecc26,REGISTERED,2026-01-28 02:15:07.865400+00:00,,PENDING,
2337,87bad3c8-3954-4cc1-9e75-c83bb740ea24,2c6db120-61ac-4444-868a-bb75396aaae3,REGISTERED,2026-04-17 05:34:10.042826+00:00,,PENDING,
2338,87bad3c8-3954-4cc1-9e75-c83bb740ea24,519b9a11-2a24-4779-b6be-e9dbde661345,REGISTERED,2026-04-24 06:08:58.835441+00:00,,PENDING,
2339,87bad3c8-3954-4cc1-9e75-c83bb740ea24,33a01618-4870-40e7-82ee-dd8ab9825756,REGISTERED,2026-01-26 17:43:37.937198+00:00,,PENDING,
2340,87bad3c8-3954-4cc1-9e75-c83bb740ea24,7d15ce84-8e27-4d49-b5db-e0a53ce987cd,REGISTERED,2026-04-01 14:32:47.639070+00:00,,PENDING,
2341,87bad3c8-3954-4cc1-9e75-c83bb740ea24,77eda781-2f0d-483f-8875-14af3485c071,REGISTERED,2026-02-01 14:40:11.230858+00:00,,PENDING,
2342,87bad3c8-3954-4cc1-9e75-c83bb740ea24,32b25946-4e38-41dc-be6e-68aa7a85c5b4,REGISTERED,2026-01-20 22:20:17.186416+00:00,,PENDING,
2343,87bad3c8-3954-4cc1-9e75-c83bb740ea24,876555c2-25f1-4f17-a598-ae5ea4457ee0,REGISTERED,2026-01-18 20:50:21.867858+00:00,,PENDING,
2344,87bad3c8-3954-4cc1-9e75-c83bb740ea24,5cfa3cf8-4522-4c4c-8087-ae79149ab327,REGISTERED,2026-01-18 12:34:10.564234+00:00,,PENDING,
2345,87bad3c8-3954-4cc1-9e75-c83bb740ea24,692a8a6c-d41c-400a-a1eb-e5c04cf9e6df,REGISTERED,2026-03-02 11:16:42.848570+00:00,,PENDING,
2346,87bad3c8-3954-4cc1-9e75-c83bb740ea24,888502a0-6058-4702-88b8-adb03b807926,REGISTERED,2026-04-13 06:16:26.182023+00:00,,PENDING,
2347,87bad3c8-3954-4cc1-9e75-c83bb740ea24,9a1159ca-5027-4cc5-acce-0e458cb282f9,REGISTERED,2026-01-30 01:13:13.870260+00:00,,PENDING,
2348,87bad3c8-3954-4cc1-9e75-c83bb740ea24,18461a76-23dd-484e-ac0a-37f832c9ef57,REGISTERED,2026-03-28 10:20:13.705562+00:00,,PENDING,
2349,87bad3c8-3954-4cc1-9e75-c83bb740ea24,293234f8-6b59-4c8c-b69f-e7044d6e9add,REGISTERED,2026-01-26 19:29:29.759859+00:00,,PENDING,
2350,87bad3c8-3954-4cc1-9e75-c83bb740ea24,85e3ccdc-ad7f-4b05-b057-8593c1f4a450,REGISTERED,2026-01-18 06:46:14.327160+00:00,,PENDING,
2351,87bad3c8-3954-4cc1-9e75-c83bb740ea24,ebe1cbd3-513d-4852-b31c-67c8b1dbeca9,REGISTERED,2026-03-05 05:34:17.600706+00:00,,PENDING,
2352,87bad3c8-3954-4cc1-9e75-c83bb740ea24,b4b6c65f-6664-4d76-b394-e61f1c8f8ec1,REGISTERED,2026-04-16 03:48:41.379449+00:00,,PENDING,
2353,87bad3c8-3954-4cc1-9e75-c83bb740ea24,066a8584-2f31-4a5b-81a3-bfcffb97ceb0,REGISTERED,2026-03-23 03:29:44.207110+00:00,,PENDING,
2354,87bad3c8-3954-4cc1-9e75-c83bb740ea24,635c1a21-2ab2-422e-9d93-0fd35cde7fad,REGISTERED,2026-04-02 22:57:37.045928+00:00,,PENDING,
2355,87bad3c8-3954-4cc1-9e75-c83bb740ea24,3ed1a5be-d9c3-4c39-9e85-87c9b144f119,REGISTERED,2026-01-18 06:34:01.102193+00:00,,PENDING,
2356,87bad3c8-3954-4cc1-9e75-c83bb740ea24,97fc9842-4aa8-4e8a-984d-00e4ebae786f,REGISTERED,2026-03-05 12:39:33.152361+00:00,,PENDING,
2357,87bad3c8-3954-4cc1-9e75-c83bb740ea24,4b1a88ac-4167-4eac-a0d2-4e293ef8f000,REGISTERED,2026-03-17 21:00:18.526601+00:00,,PENDING,
2358,87bad3c8-3954-4cc1-9e75-c83bb740ea24,4169b80d-0f44-4692-a9e4-5a0ff1391e96,REGISTERED,2026-04-15 05:52:54.274670+00:00,,PENDING,
2359,87bad3c8-3954-4cc1-9e75-c83bb740ea24,8fe78534-8626-4ccb-8a11-1abeb3417110,REGISTERED,2026-02-21 16:24:07.145725+00:00,,PENDING,
2360,87bad3c8-3954-4cc1-9e75-c83bb740ea24,1a7b75b9-6dfb-43ac-8df5-e9d9c7ef26d8,REGISTERED,2026-04-19 09:47:14.257252+00:00,,PENDING,
2361,87bad3c8-3954-4cc1-9e75-c83bb740ea24,db865006-8f7f-49f3-a2b6-c29e656c8004,REGISTERED,2026-03-19 09:35:19.408630+00:00,,PENDING,
2362,87bad3c8-3954-4cc1-9e75-c83bb740ea24,f4ff8b53-48fb-46e8-9ea0-bc7c51ea9fee,REGISTERED,2026-02-24 07:08:02.465076+00:00,,PENDING,
2363,87bad3c8-3954-4cc1-9e75-c83bb740ea24,0642ecad-a158-4e54-85b7-a07bbaf1092f,REGISTERED,2026-02-15 05:05:49.944487+00:00,,PENDING,
2364,87bad3c8-3954-4cc1-9e75-c83bb740ea24,d0f4fbc4-456a-46ec-83cb-fa4972235dcc,REGISTERED,2026-04-29 00:10:04.558578+00:00,,PENDING,
2365,87bad3c8-3954-4cc1-9e75-c83bb740ea24,de4286de-b923-4053-93ef-12d2821eb39f,REGISTERED,2026-01-22 19:54:57.589297+00:00,,PENDING,
2366,87bad3c8-3954-4cc1-9e75-c83bb740ea24,514d1d62-3100-4b79-9ace-199ed15abd30,REGISTERED,2026-03-08 16:09:38.634008+00:00,,PENDING,
2367,87bad3c8-3954-4cc1-9e75-c83bb740ea24,d0f286e9-aeb3-4658-8f6c-b7a7d6120051,REGISTERED,2026-02-21 08:27:54.653671+00:00,,PENDING,
2368,87bad3c8-3954-4cc1-9e75-c83bb740ea24,f5f28e61-f4ca-473a-8c02-7e708513646c,REGISTERED,2026-02-04 19:27:54.345261+00:00,,PENDING,
2369,87bad3c8-3954-4cc1-9e75-c83bb740ea24,50e23573-ed49-4a5a-a274-62ac3d92fa00,REGISTERED,2026-03-01 04:12:56.609547+00:00,,PENDING,
2370,87bad3c8-3954-4cc1-9e75-c83bb740ea24,bbeb5b7f-c80b-4db1-ba90-903c1a075cf7,REGISTERED,2026-02-06 12:13:33.649285+00:00,,PENDING,
2371,87bad3c8-3954-4cc1-9e75-c83bb740ea24,95678daf-22ef-4265-aecc-265d306f786c,REGISTERED,2026-01-14 23:48:02.018174+00:00,,PENDING,
2372,412f7996-b4f2-44ec-be37-0aa199ec8998,8f1b219c-c56a-41c1-88e4-b541304785b8,REGISTERED,2026-02-26 05:51:05.186537+00:00,,PRESENT,
2373,412f7996-b4f2-44ec-be37-0aa199ec8998,da6180bb-789f-4ba7-887c-08f5033ce3bd,REGISTERED,2026-03-02 15:59:14.960782+00:00,,PRESENT,
2374,412f7996-b4f2-44ec-be37-0aa199ec8998,cb6d8e05-1472-47ff-b732-cb920eb596dd,REGISTERED,2026-02-14 07:51:35.087961+00:00,,PRESENT,
2375,412f7996-b4f2-44ec-be37-0aa199ec8998,c3b0f176-69f0-4028-872a-0091128bf3a7,REGISTERED,2026-03-03 17:53:06.880064+00:00,,ABSENT,
2376,412f7996-b4f2-44ec-be37-0aa199ec8998,ea40f618-7f28-4677-9945-8b26e9dad431,REGISTERED,2026-02-10 11:57:45.050012+00:00,,PRESENT,
2377,412f7996-b4f2-44ec-be37-0aa199ec8998,746f9a16-167c-4335-ad48-53bd33464aae,CANCELLED,2026-02-27 18:40:17.160807+00:00,2026-03-03 01:29:04.033320+00:00,PENDING,Participation remplacée par un collègue.
2378,412f7996-b4f2-44ec-be37-0aa199ec8998,6bd3493e-fd88-4531-b028-16a597e8c121,REGISTERED,2026-02-14 04:42:37.626942+00:00,,PRESENT,
2379,412f7996-b4f2-44ec-be37-0aa199ec8998,85d69c98-5b99-4368-9470-a023a0faaa39,REGISTERED,2026-02-14 14:48:12.965564+00:00,,ABSENT,
2380,412f7996-b4f2-44ec-be37-0aa199ec8998,18aee4d1-ff77-49a2-bce1-9d47c65368ae,REGISTERED,2026-02-24 11:30:42.643988+00:00,,PRESENT,
2381,412f7996-b4f2-44ec-be37-0aa199ec8998,50b973db-8479-47e1-8c19-f51f4998a03c,REGISTERED,2026-02-09 14:31:19.984242+00:00,,PRESENT,
2382,412f7996-b4f2-44ec-be37-0aa199ec8998,465f2a51-6e74-4cea-b466-c62c29193b73,REGISTERED,2026-02-14 22:03:09.498799+00:00,,PRESENT,
2383,412f7996-b4f2-44ec-be37-0aa199ec8998,91859730-a2c4-46b6-855a-a89620a317df,REGISTERED,2026-03-01 01:50:44.331135+00:00,,PRESENT,
2384,412f7996-b4f2-44ec-be37-0aa199ec8998,0198bc4b-8443-4754-8317-49b56f81ecea,REGISTERED,2026-02-10 18:32:23.912489+00:00,,PRESENT,
2385,412f7996-b4f2-44ec-be37-0aa199ec8998,e0b41b2a-0c7b-41b4-b605-9004a85a2f65,REGISTERED,2026-02-14 01:27:53.683077+00:00,,PRESENT,
2386,412f7996-b4f2-44ec-be37-0aa199ec8998,4126b992-e218-4090-8952-12b50eedb60c,REGISTERED,2026-01-30 12:52:25.724354+00:00,,PRESENT,
2387,5c16972b-3360-4fab-9157-7a2fe4be1ed7,4b6514c1-383f-4056-9a6e-81fe0599fec3,REGISTERED,2026-02-04 08:27:00.893404+00:00,,PRESENT,
2388,5c16972b-3360-4fab-9157-7a2fe4be1ed7,5ab7c5af-6bf1-4ff5-93a6-4bcc1ea926d5,REGISTERED,2026-01-31 18:25:41.721197+00:00,,PRESENT,
2389,5c16972b-3360-4fab-9157-7a2fe4be1ed7,b5fe5b9a-eaee-4b14-8a4b-ade6055198b0,REGISTERED,2026-01-16 12:24:44.028194+00:00,,PRESENT,
2390,5c16972b-3360-4fab-9157-7a2fe4be1ed7,9164ed25-60b7-490a-8cd1-097fbea158ab,REGISTERED,2026-02-15 05:49:50.994113+00:00,,ABSENT,
2391,5c16972b-3360-4fab-9157-7a2fe4be1ed7,4cc0e55c-8eeb-4f90-96d2-dedd8a565e1b,REGISTERED,2026-02-03 19:04:41.650095+00:00,,PRESENT,
2392,5c16972b-3360-4fab-9157-7a2fe4be1ed7,9dd603d9-070f-421c-9578-652d098d33ae,REGISTERED,2026-02-13 18:40:07.632204+00:00,,PRESENT,
2393,5c16972b-3360-4fab-9157-7a2fe4be1ed7,e6cbc23c-448f-475b-9d8d-a739cbc80407,REGISTERED,2026-01-24 18:56:55.211698+00:00,,PRESENT,
2394,5c16972b-3360-4fab-9157-7a2fe4be1ed7,066a8584-2f31-4a5b-81a3-bfcffb97ceb0,REGISTERED,2026-01-15 10:33:15.799610+00:00,,PRESENT,
2395,5c16972b-3360-4fab-9157-7a2fe4be1ed7,f5fabd31-c937-4924-a2a4-7cd151d87d06,REGISTERED,2026-02-04 04:07:48.218639+00:00,,ABSENT,
2396,5c16972b-3360-4fab-9157-7a2fe4be1ed7,f50ff8d2-296b-430d-bc2e-7a3ba13a75b7,REGISTERED,2026-02-08 00:57:54.754597+00:00,,PRESENT,
2397,5c16972b-3360-4fab-9157-7a2fe4be1ed7,08dc70fc-64c7-4fb3-ab1f-76c43226fdbf,REGISTERED,2026-02-18 19:07:03.607187+00:00,,PRESENT,
2398,5c16972b-3360-4fab-9157-7a2fe4be1ed7,6bd3493e-fd88-4531-b028-16a597e8c121,REGISTERED,2026-02-10 14:58:49.795620+00:00,,PRESENT,
2399,5c16972b-3360-4fab-9157-7a2fe4be1ed7,4f401a8b-a036-4ae4-ac18-f69336a55209,REGISTERED,2026-01-30 07:52:26.920331+00:00,,PRESENT,
2400,5c16972b-3360-4fab-9157-7a2fe4be1ed7,67ef2ce8-8158-4061-b39f-1648161b988a,REGISTERED,2026-01-31 09:51:53.424623+00:00,,PRESENT,
2401,5c16972b-3360-4fab-9157-7a2fe4be1ed7,f85deb38-8a7f-46fd-aa7f-0c9d18401a70,REGISTERED,2026-02-03 11:52:35.209559+00:00,,PRESENT,
2402,5c16972b-3360-4fab-9157-7a2fe4be1ed7,2924ebf4-7416-4911-9fb8-c3bd86f39111,REGISTERED,2026-02-05 01:16:48.938455+00:00,,PRESENT,
2403,5c16972b-3360-4fab-9157-7a2fe4be1ed7,8954a352-4311-4f3c-a1bf-25bad61c44c0,REGISTERED,2026-02-16 18:39:44.946788+00:00,,PRESENT,
2404,5c16972b-3360-4fab-9157-7a2fe4be1ed7,d432410f-620e-49df-9646-346e8457b3bf,REGISTERED,2026-01-27 01:05:25.755980+00:00,,PRESENT,
2405,5c16972b-3360-4fab-9157-7a2fe4be1ed7,53bc19ae-6115-4448-91c2-079f930260b9,REGISTERED,2026-01-23 08:20:02.665962+00:00,,PRESENT,
2406,5c16972b-3360-4fab-9157-7a2fe4be1ed7,bc4f2415-4186-4d74-ba12-52a4a7b18bc6,REGISTERED,2026-01-27 14:59:12.494989+00:00,,PRESENT,
2407,5c16972b-3360-4fab-9157-7a2fe4be1ed7,767f6a60-4ed4-4d62-b89e-454933720617,REGISTERED,2026-01-31 06:09:35.262475+00:00,,PRESENT,
2408,5c16972b-3360-4fab-9157-7a2fe4be1ed7,ab9a105c-5f0d-4478-9b04-9f0953d430cb,REGISTERED,2026-02-17 21:47:24.064459+00:00,,PRESENT,
2409,5c16972b-3360-4fab-9157-7a2fe4be1ed7,29f74c43-1a2b-4d01-b448-078c38c9e28a,REGISTERED,2026-01-27 16:38:50.646972+00:00,,ABSENT,
2410,5c16972b-3360-4fab-9157-7a2fe4be1ed7,f5ccc467-2763-4435-88f8-0c697c5bc756,REGISTERED,2026-01-28 11:31:16.040546+00:00,,ABSENT,
2411,5c16972b-3360-4fab-9157-7a2fe4be1ed7,dc305b07-816b-4ee2-869d-98231db9d646,REGISTERED,2026-02-18 05:46:39.065852+00:00,,PRESENT,
2412,5c16972b-3360-4fab-9157-7a2fe4be1ed7,b3d93062-a120-4b9f-8188-3421e21ae870,REGISTERED,2026-02-15 19:27:32.672333+00:00,,PRESENT,
2413,5c16972b-3360-4fab-9157-7a2fe4be1ed7,41bbe326-5123-4001-a1ca-3c7de3d60835,REGISTERED,2026-01-24 17:15:29.474418+00:00,,PRESENT,
2414,5c16972b-3360-4fab-9157-7a2fe4be1ed7,da6180bb-789f-4ba7-887c-08f5033ce3bd,REGISTERED,2026-02-03 21:18:40.567138+00:00,,PRESENT,
2415,5c16972b-3360-4fab-9157-7a2fe4be1ed7,6e55651b-8ed1-4671-be45-9df63f4dbdb6,REGISTERED,2026-02-14 04:10:44.026757+00:00,,PRESENT,
2416,5c16972b-3360-4fab-9157-7a2fe4be1ed7,d55887a6-ba09-4137-817b-136eca0eb8fe,CANCELLED,2026-02-09 03:44:54.566787+00:00,2026-02-09 23:15:44.144918+00:00,PENDING,Participation remplacée par un collègue.
2417,5c16972b-3360-4fab-9157-7a2fe4be1ed7,9a6ea003-a666-4c29-8ae5-e7fa86361a43,REGISTERED,2026-02-14 16:52:14.767149+00:00,,PRESENT,
2418,5c16972b-3360-4fab-9157-7a2fe4be1ed7,5360fd07-6411-454a-8bc8-066a979f5e68,REGISTERED,2026-02-10 12:34:14.376874+00:00,,PRESENT,
2419,5c16972b-3360-4fab-9157-7a2fe4be1ed7,1b030e36-9144-4f9e-b30f-599f3b124204,REGISTERED,2026-01-22 23:03:42.088158+00:00,,PRESENT,
2420,5c16972b-3360-4fab-9157-7a2fe4be1ed7,3215d909-b0ac-4c4e-a139-afd4230fe685,REGISTERED,2026-02-08 08:05:00.265806+00:00,,PRESENT,
2421,5c16972b-3360-4fab-9157-7a2fe4be1ed7,59566cb1-e2b4-4f2a-80be-6b9dcc4429c7,REGISTERED,2026-01-23 00:19:19.977337+00:00,,PRESENT,
2422,5c16972b-3360-4fab-9157-7a2fe4be1ed7,99ce0eb9-db3b-4ba1-9d7e-a6e10271bb8c,REGISTERED,2026-02-06 19:05:37.518412+00:00,,PRESENT,
2423,5c16972b-3360-4fab-9157-7a2fe4be1ed7,9f553eb2-43ed-4c97-9e01-f1efa2b58866,REGISTERED,2026-02-05 11:20:39.462695+00:00,,PRESENT,
2424,5c16972b-3360-4fab-9157-7a2fe4be1ed7,edc57913-68cf-4b04-a356-052f6ffdbcff,REGISTERED,2026-02-17 15:19:56.804021+00:00,,PRESENT,
2425,5c16972b-3360-4fab-9157-7a2fe4be1ed7,13b60d08-4e39-4999-9cce-26b8ce8619c7,REGISTERED,2026-02-12 05:21:03.553631+00:00,,PRESENT,
2426,5c16972b-3360-4fab-9157-7a2fe4be1ed7,8f21075b-8c2d-4291-98de-3f070ea2a227,CANCELLED,2026-01-21 14:27:15.771451+00:00,2026-02-12 02:13:35.868105+00:00,PENDING,Problème de disponibilité logistique.
2427,5c16972b-3360-4fab-9157-7a2fe4be1ed7,a7019b71-bdec-45fd-aa1f-46c39d0046c3,REGISTERED,2026-02-07 09:54:34.555317+00:00,,PRESENT,
2428,5c16972b-3360-4fab-9157-7a2fe4be1ed7,ce27506a-6bbb-4843-9346-2fd118966745,REGISTERED,2026-02-04 15:58:51.190237+00:00,,PRESENT,
2429,5c16972b-3360-4fab-9157-7a2fe4be1ed7,b55fd364-1df7-46e9-8a10-21de5cd5b1f3,REGISTERED,2026-02-13 12:53:37.925984+00:00,,PRESENT,
2430,5c16972b-3360-4fab-9157-7a2fe4be1ed7,cb9bfc83-d69e-4da2-b15e-b524df16c0e3,REGISTERED,2026-01-26 14:48:02.591255+00:00,,PRESENT,
2431,5c16972b-3360-4fab-9157-7a2fe4be1ed7,20272eee-ae06-4fca-93c0-854b118bb324,REGISTERED,2026-02-13 20:39:12.384900+00:00,,PRESENT,
2432,5c16972b-3360-4fab-9157-7a2fe4be1ed7,7f5ff8e9-537d-4aa6-b713-4dfdab32e67a,REGISTERED,2026-02-16 09:10:25.244328+00:00,,PRESENT,
2433,5c16972b-3360-4fab-9157-7a2fe4be1ed7,9500eed0-ba6a-4e02-904a-16af00d46e3e,REGISTERED,2026-02-16 23:17:20.936544+00:00,,PRESENT,
2434,5c16972b-3360-4fab-9157-7a2fe4be1ed7,91859730-a2c4-46b6-855a-a89620a317df,REGISTERED,2026-01-29 16:08:34.836678+00:00,,PRESENT,
2435,5c16972b-3360-4fab-9157-7a2fe4be1ed7,acbfcf92-50ae-44fd-b9a5-7c398170cfd5,REGISTERED,2026-01-28 20:48:59.959666+00:00,,PRESENT,
2436,5c16972b-3360-4fab-9157-7a2fe4be1ed7,7d24e8ab-d927-443c-a1e1-04b73211032b,REGISTERED,2026-02-07 17:08:39.197484+00:00,,PRESENT,
2437,5c16972b-3360-4fab-9157-7a2fe4be1ed7,c31aaa51-862f-454c-afdf-06d1d6ea07fa,REGISTERED,2026-02-17 16:48:08.735921+00:00,,ABSENT,
2438,5c16972b-3360-4fab-9157-7a2fe4be1ed7,85480232-8d0c-45e2-bb3b-62ccdcf67029,REGISTERED,2026-02-15 17:12:39.520127+00:00,,PRESENT,
2439,5c16972b-3360-4fab-9157-7a2fe4be1ed7,635c1a21-2ab2-422e-9d93-0fd35cde7fad,REGISTERED,2026-02-01 23:21:40.829270+00:00,,PRESENT,
2440,5c16972b-3360-4fab-9157-7a2fe4be1ed7,96166042-3372-46a1-969f-c215f392ece8,REGISTERED,2026-01-27 18:28:29.135520+00:00,,PRESENT,
2441,5c16972b-3360-4fab-9157-7a2fe4be1ed7,113c738a-c462-4ce1-8d84-bd0ba9a11de9,REGISTERED,2026-02-17 10:35:15.047820+00:00,,PRESENT,
2442,5c16972b-3360-4fab-9157-7a2fe4be1ed7,bc82679b-60ac-4cb8-a2c8-90cf85491d9f,CANCELLED,2026-01-24 05:38:47.162761+00:00,2026-02-20 12:43:56.159008+00:00,PENDING,Contrainte de planning de dernière minute.
2443,5c16972b-3360-4fab-9157-7a2fe4be1ed7,f2a1a80b-ee11-4d4d-934b-4728eb24d690,CANCELLED,2026-01-28 07:35:07.781249+00:00,2026-03-04 23:22:01.130209+00:00,PENDING,Erreur de choix de créneau.
2444,5c16972b-3360-4fab-9157-7a2fe4be1ed7,e707ec8d-700c-4a76-b105-331db986cdd6,REGISTERED,2026-02-13 04:52:43.679887+00:00,,ABSENT,
2445,5c16972b-3360-4fab-9157-7a2fe4be1ed7,b85064cb-2497-4073-9f57-26339c4d0da4,REGISTERED,2026-02-15 11:46:00.009531+00:00,,PRESENT,
2446,5c16972b-3360-4fab-9157-7a2fe4be1ed7,b47acf12-a3eb-4e7e-b774-7fd911ef71bd,REGISTERED,2026-01-30 22:07:11.199574+00:00,,PRESENT,
2447,5c16972b-3360-4fab-9157-7a2fe4be1ed7,274ae9a0-e988-401e-abd7-6ebe2287f737,CANCELLED,2026-02-11 01:15:00.020219+00:00,2026-02-19 04:05:28.012861+00:00,PENDING,Session finalement non pertinente pour le profil.
2448,5c16972b-3360-4fab-9157-7a2fe4be1ed7,53b3c1c0-71b8-4dde-9428-828a7583ed49,REGISTERED,2026-01-21 21:11:19.192596+00:00,,ABSENT,
2449,5c16972b-3360-4fab-9157-7a2fe4be1ed7,3cb20e66-1f63-4917-96a0-d76276f9e1ec,REGISTERED,2026-02-07 08:22:19.629722+00:00,,ABSENT,
2450,5c16972b-3360-4fab-9157-7a2fe4be1ed7,5147885c-e8a5-473d-88c2-92f1ac8aaab2,REGISTERED,2026-01-17 12:01:20.306174+00:00,,PRESENT,
2451,5c16972b-3360-4fab-9157-7a2fe4be1ed7,9a1159ca-5027-4cc5-acce-0e458cb282f9,REGISTERED,2026-02-05 10:26:59.985794+00:00,,PRESENT,
2452,5c16972b-3360-4fab-9157-7a2fe4be1ed7,d4bea928-8cc6-40c1-ad6c-85ba2f32c3ca,REGISTERED,2026-01-25 13:58:48.889793+00:00,,PRESENT,
2453,5c16972b-3360-4fab-9157-7a2fe4be1ed7,8f0f60eb-864b-4f40-8a52-83b880ef9342,REGISTERED,2026-01-15 21:44:34.714854+00:00,,PRESENT,
2454,5c16972b-3360-4fab-9157-7a2fe4be1ed7,c0278ba1-ce60-47e3-9f28-8dd3d2d45b37,REGISTERED,2026-02-08 23:42:47.225895+00:00,,PRESENT,
2455,5c16972b-3360-4fab-9157-7a2fe4be1ed7,b6421516-65a2-4794-a3cf-e6d057cb9c36,CANCELLED,2026-01-20 02:18:37.547490+00:00,2026-03-09 15:08:52.940228+00:00,PENDING,Modification de l’agenda projet.
2456,5c16972b-3360-4fab-9157-7a2fe4be1ed7,c95d510a-3346-4f36-be97-770bde6ccec1,REGISTERED,2026-02-17 14:58:15.213302+00:00,,PRESENT,
2457,5c16972b-3360-4fab-9157-7a2fe4be1ed7,3ed1a5be-d9c3-4c39-9e85-87c9b144f119,REGISTERED,2026-02-18 12:52:49.121940+00:00,,PRESENT,
2458,5c16972b-3360-4fab-9157-7a2fe4be1ed7,41417e3e-4fd4-4942-a396-ba652bde8364,REGISTERED,2026-01-20 21:44:11.777340+00:00,,ABSENT,
2459,5c16972b-3360-4fab-9157-7a2fe4be1ed7,d3db882a-0f69-4757-86d7-7684ed050599,REGISTERED,2026-02-01 18:09:28.274141+00:00,,ABSENT,
2460,5c16972b-3360-4fab-9157-7a2fe4be1ed7,01803a15-0ee4-4416-9a44-f065aa0b82f0,REGISTERED,2026-01-29 08:31:50.763552+00:00,,PRESENT,
2461,5c16972b-3360-4fab-9157-7a2fe4be1ed7,9ac7d884-9c16-4fa3-b896-884afda9c096,REGISTERED,2026-02-08 04:42:40.239527+00:00,,PRESENT,
2462,5c16972b-3360-4fab-9157-7a2fe4be1ed7,f26d448f-05f1-49b5-915f-c47667f8a942,CANCELLED,2026-01-25 01:52:18.833384+00:00,2026-02-05 23:42:10.188168+00:00,PENDING,Invitation déclinée après réévaluation.
2463,5c16972b-3360-4fab-9157-7a2fe4be1ed7,fcde4003-2759-47b7-b54d-25da4c86740a,REGISTERED,2026-01-28 16:53:06.590943+00:00,,PRESENT,
2464,5c16972b-3360-4fab-9157-7a2fe4be1ed7,00a63ee3-b72e-4d31-b5f3-e2c9113709fa,REGISTERED,2026-01-27 18:11:48.574331+00:00,,PRESENT,
2465,5c16972b-3360-4fab-9157-7a2fe4be1ed7,61175dd3-69f9-4b64-8fa2-09b08ee9b450,REGISTERED,2026-01-19 03:35:31.575847+00:00,,PRESENT,
2466,5c16972b-3360-4fab-9157-7a2fe4be1ed7,d045ce18-decd-4a51-b04a-c4a0b10839a7,REGISTERED,2026-01-22 21:09:08.784098+00:00,,PRESENT,
2467,5c16972b-3360-4fab-9157-7a2fe4be1ed7,67a9bdfe-c1f6-4192-8df9-d2341b9bf61f,REGISTERED,2026-02-11 15:49:35.421187+00:00,,PRESENT,
2468,5c16972b-3360-4fab-9157-7a2fe4be1ed7,9246a4a8-fa4c-48db-84c1-bcec80300b95,REGISTERED,2026-01-25 21:11:20.820986+00:00,,ABSENT,
2469,5c16972b-3360-4fab-9157-7a2fe4be1ed7,e85bf3a0-343f-43c6-9d3c-0139253eb5fe,REGISTERED,2026-02-04 00:34:33.941724+00:00,,ABSENT,
2470,5c16972b-3360-4fab-9157-7a2fe4be1ed7,0b8e3edc-e13f-433c-bcda-bf4510acface,REGISTERED,2026-01-14 09:49:24.731201+00:00,,PRESENT,
2471,5c16972b-3360-4fab-9157-7a2fe4be1ed7,cb6d8e05-1472-47ff-b732-cb920eb596dd,REGISTERED,2026-01-18 03:08:59.541090+00:00,,PRESENT,
2472,5c16972b-3360-4fab-9157-7a2fe4be1ed7,c024ae2f-747f-4e78-b09d-430b0eca3860,REGISTERED,2026-01-31 11:27:35.799757+00:00,,PRESENT,
2473,5c16972b-3360-4fab-9157-7a2fe4be1ed7,fd139f69-a02f-403a-a413-19b49a716926,REGISTERED,2026-02-06 19:18:11.594817+00:00,,PRESENT,
2474,5c16972b-3360-4fab-9157-7a2fe4be1ed7,2b2c1a3c-9712-41b8-86c7-afa44d9e0665,REGISTERED,2026-02-19 02:49:43.178922+00:00,,ABSENT,
2475,5c16972b-3360-4fab-9157-7a2fe4be1ed7,7b5a28c5-3946-4a3b-ad59-fc33a2e44d00,REGISTERED,2026-02-10 05:15:28.322895+00:00,,PRESENT,
2476,5c16972b-3360-4fab-9157-7a2fe4be1ed7,ad077160-525d-4c40-8102-623ecef44a68,CANCELLED,2026-02-19 08:03:02.991700+00:00,2026-02-27 07:12:03.780823+00:00,PENDING,Charge de travail incompatible avec l’événement.
2477,5c16972b-3360-4fab-9157-7a2fe4be1ed7,449ac75e-578d-423f-8bc4-b4c90d6ac229,REGISTERED,2026-01-20 21:13:21.485529+00:00,,PRESENT,
2478,5c16972b-3360-4fab-9157-7a2fe4be1ed7,63f2b289-92ce-4991-81bd-1f30b50191dd,REGISTERED,2026-01-20 21:08:19.293070+00:00,,PRESENT,
2479,1c24f06e-b5da-458b-933f-db2afaf7a97e,28719ef7-aaa2-49fe-b12a-4c8df12ddbbe,REGISTERED,2026-02-18 13:01:02.711071+00:00,,PENDING,
2480,1c24f06e-b5da-458b-933f-db2afaf7a97e,a7019b71-bdec-45fd-aa1f-46c39d0046c3,REGISTERED,2026-02-14 07:41:10.416986+00:00,,PENDING,
2481,1c24f06e-b5da-458b-933f-db2afaf7a97e,99be4c11-8624-4a8a-a33e-833f5dd5a1e5,REGISTERED,2026-03-15 10:58:34.736401+00:00,,PENDING,
2482,1c24f06e-b5da-458b-933f-db2afaf7a97e,c024ae2f-747f-4e78-b09d-430b0eca3860,REGISTERED,2026-02-28 07:08:50.664441+00:00,,PENDING,
2483,1c24f06e-b5da-458b-933f-db2afaf7a97e,4d667ed7-ec6b-4add-aae1-3807ff1a161c,REGISTERED,2026-04-07 12:07:09.961172+00:00,,PENDING,
2484,1c24f06e-b5da-458b-933f-db2afaf7a97e,a166e45a-4673-4033-bd08-6264c00ab024,REGISTERED,2026-03-17 18:06:48.702747+00:00,,PENDING,
2485,1c24f06e-b5da-458b-933f-db2afaf7a97e,e63e4f83-e0ba-4644-a46a-7413de243920,REGISTERED,2026-02-11 14:41:11.334615+00:00,,PENDING,
2486,1c24f06e-b5da-458b-933f-db2afaf7a97e,aa4e1ebb-5f2c-431e-b14c-49099924347c,REGISTERED,2026-02-15 09:50:30.272947+00:00,,PENDING,
2487,1c24f06e-b5da-458b-933f-db2afaf7a97e,13d27dae-abb6-45aa-8a42-aabcca05524a,REGISTERED,2026-02-10 03:41:11.880217+00:00,,PENDING,
2488,1c24f06e-b5da-458b-933f-db2afaf7a97e,6a1ea467-ea53-40e2-9b4e-81c03e3120f5,REGISTERED,2026-04-22 07:06:54.711740+00:00,,PENDING,
2489,1c24f06e-b5da-458b-933f-db2afaf7a97e,fcde4003-2759-47b7-b54d-25da4c86740a,REGISTERED,2026-04-02 15:13:51.537313+00:00,,PENDING,
2490,1c24f06e-b5da-458b-933f-db2afaf7a97e,d432410f-620e-49df-9646-346e8457b3bf,REGISTERED,2026-02-26 19:24:43.624187+00:00,,PENDING,
2491,1c24f06e-b5da-458b-933f-db2afaf7a97e,45f2fe70-a2a2-4fcc-b0f2-29306540418a,REGISTERED,2026-03-07 03:01:05.243758+00:00,,PENDING,
2492,1c24f06e-b5da-458b-933f-db2afaf7a97e,77912841-0831-4559-9152-00fd23a9a51c,REGISTERED,2026-04-24 04:27:11.691038+00:00,,PENDING,
2493,1c24f06e-b5da-458b-933f-db2afaf7a97e,8a674818-0a1b-475b-a8c9-cbe1e87d7943,REGISTERED,2026-02-13 20:43:38.124278+00:00,,PENDING,
2494,1c24f06e-b5da-458b-933f-db2afaf7a97e,85d69c98-5b99-4368-9470-a023a0faaa39,REGISTERED,2026-04-27 17:54:27.276418+00:00,,PENDING,
2495,1c24f06e-b5da-458b-933f-db2afaf7a97e,1bdd1aba-8056-4ec1-b09d-02acb85a9eab,REGISTERED,2026-04-18 12:58:14.896151+00:00,,PENDING,
2496,1c24f06e-b5da-458b-933f-db2afaf7a97e,284ef197-5fe6-404b-92da-1fd69387091d,REGISTERED,2026-04-14 16:15:35.789113+00:00,,PENDING,
2497,1c24f06e-b5da-458b-933f-db2afaf7a97e,1c17e3b7-1ace-4929-8a17-4b637e56b0b6,REGISTERED,2026-04-26 12:29:55.488002+00:00,,PENDING,
2498,1c24f06e-b5da-458b-933f-db2afaf7a97e,ca7c15d4-b63c-43b9-a154-a9f6ec9bd46d,REGISTERED,2026-03-03 11:40:39.582674+00:00,,PENDING,
2499,1c24f06e-b5da-458b-933f-db2afaf7a97e,767e0eaf-7303-4417-832c-a8e02100fe09,REGISTERED,2026-04-14 16:05:18.803241+00:00,,PENDING,
2500,1c24f06e-b5da-458b-933f-db2afaf7a97e,0d89d375-2da9-4e6e-bf17-55801c583b8e,CANCELLED,2026-03-01 16:59:32.487277+00:00,2026-03-26 17:13:03.807143+00:00,PENDING,Participation remplacée par un collègue.
2501,1c24f06e-b5da-458b-933f-db2afaf7a97e,f2a1a80b-ee11-4d4d-934b-4728eb24d690,REGISTERED,2026-03-20 16:36:09.458379+00:00,,PENDING,
2502,1c24f06e-b5da-458b-933f-db2afaf7a97e,ea6a2151-71d0-4a29-bdab-6b249f5466e9,REGISTERED,2026-03-29 20:31:23.004123+00:00,,PENDING,
2503,1c24f06e-b5da-458b-933f-db2afaf7a97e,a04f5eda-a557-4705-92b5-88cc55ea6558,REGISTERED,2026-04-25 07:07:17.160749+00:00,,PENDING,
2504,1c24f06e-b5da-458b-933f-db2afaf7a97e,a3befb78-1e74-4bd2-88bc-ea49d60ed7d7,CANCELLED,2026-03-08 07:03:14.441983+00:00,2026-04-07 12:57:31.305271+00:00,PENDING,Changement de priorité métier.
2505,1c24f06e-b5da-458b-933f-db2afaf7a97e,85b757d0-f583-4082-88db-1422127834d3,REGISTERED,2026-03-18 21:16:53.074682+00:00,,PENDING,
2506,1c24f06e-b5da-458b-933f-db2afaf7a97e,9c80f797-b35a-496e-a518-bd9b32ba13b9,REGISTERED,2026-04-24 23:33:40.989516+00:00,,PENDING,
2507,1c24f06e-b5da-458b-933f-db2afaf7a97e,830b26e2-0a20-44ba-bebb-2eb0e55eb5eb,REGISTERED,2026-04-22 17:11:42.671628+00:00,,PENDING,
2508,1c24f06e-b5da-458b-933f-db2afaf7a97e,e7809835-b2eb-469d-af70-252267401dcd,REGISTERED,2026-03-31 08:18:20.172428+00:00,,PENDING,
2509,1c24f06e-b5da-458b-933f-db2afaf7a97e,21e93a46-e401-457d-ad44-d22012a753d7,REGISTERED,2026-02-20 15:03:04.643712+00:00,,PENDING,
2510,1c24f06e-b5da-458b-933f-db2afaf7a97e,9fd6253e-a662-4cde-bf57-754afdda3595,REGISTERED,2026-04-05 08:02:52.408813+00:00,,PENDING,
2511,1c24f06e-b5da-458b-933f-db2afaf7a97e,5a279486-f19e-477b-ada8-50c908151f96,REGISTERED,2026-02-11 18:08:29.519371+00:00,,PENDING,
2512,1c24f06e-b5da-458b-933f-db2afaf7a97e,4104f49c-666e-4c48-8185-e1ef630c83c1,REGISTERED,2026-02-13 10:15:12.598708+00:00,,PENDING,
2513,1c24f06e-b5da-458b-933f-db2afaf7a97e,542134d1-b226-400c-8d7c-4e24b1a088a6,REGISTERED,2026-04-19 21:34:30.204757+00:00,,PENDING,
2514,1c24f06e-b5da-458b-933f-db2afaf7a97e,66254aec-711c-4731-ad1b-12358695cff5,REGISTERED,2026-04-20 21:11:17.782412+00:00,,PENDING,
2515,1c24f06e-b5da-458b-933f-db2afaf7a97e,c95d510a-3346-4f36-be97-770bde6ccec1,CANCELLED,2026-04-26 14:36:02.779769+00:00,2026-04-28 15:05:51.623518+00:00,PENDING,Session finalement non pertinente pour le profil.
2516,1c24f06e-b5da-458b-933f-db2afaf7a97e,d7f518f6-8981-4973-9c42-b49423f7f23e,REGISTERED,2026-03-28 11:58:27.860666+00:00,,PENDING,
2517,1c24f06e-b5da-458b-933f-db2afaf7a97e,3cb20e66-1f63-4917-96a0-d76276f9e1ec,REGISTERED,2026-04-23 17:17:49.945072+00:00,,PENDING,
2518,1c24f06e-b5da-458b-933f-db2afaf7a97e,cabfbbfa-d76d-4f74-a0ec-910dd89f4794,CANCELLED,2026-04-15 18:07:19.689835+00:00,2026-04-18 03:19:36.393181+00:00,PENDING,Modification de l’agenda projet.
2519,1c24f06e-b5da-458b-933f-db2afaf7a97e,b84486da-21ec-4b82-bf29-a0ba711862f5,REGISTERED,2026-04-30 09:02:52.006101+00:00,,PENDING,
2520,1c24f06e-b5da-458b-933f-db2afaf7a97e,3784474d-e825-475d-9698-3cd025b65f95,REGISTERED,2026-04-16 05:52:43.621003+00:00,,PENDING,
2521,1c24f06e-b5da-458b-933f-db2afaf7a97e,2d2ef5e3-a9fa-454f-9d27-96ad5903a226,REGISTERED,2026-03-20 03:21:09.605578+00:00,,PENDING,
2522,13aab5c0-95c5-438f-ac95-241953e30fa2,2a5fc018-eeb8-406f-83fc-1862252f93b0,REGISTERED,2026-04-03 12:22:42.469522+00:00,,PENDING,
2523,13aab5c0-95c5-438f-ac95-241953e30fa2,b78c727b-e0cf-4632-95c8-6d754d1b626c,CANCELLED,2026-04-04 17:00:52.123294+00:00,2026-04-12 14:00:27.250599+00:00,PENDING,Invitation déclinée après réévaluation.
2524,13aab5c0-95c5-438f-ac95-241953e30fa2,702b5919-6fb5-46fa-8a5a-e0c7f8f37c74,REGISTERED,2026-04-09 15:49:27.493118+00:00,,PENDING,
2525,13aab5c0-95c5-438f-ac95-241953e30fa2,96f88851-c0d4-41cf-be20-b08886bc6e6c,REGISTERED,2026-04-29 00:21:57.783352+00:00,,PENDING,
2526,13aab5c0-95c5-438f-ac95-241953e30fa2,542706cb-ff1a-4d9a-9b3d-621e4e7fe4bb,REGISTERED,2026-04-29 13:51:31.514848+00:00,,PENDING,
2527,13aab5c0-95c5-438f-ac95-241953e30fa2,79456f8d-6ac6-4880-873b-04763ea7326d,CANCELLED,2026-04-16 15:22:24.946065+00:00,2026-04-21 18:42:04.739945+00:00,PENDING,Modification de l’agenda projet.
2528,13aab5c0-95c5-438f-ac95-241953e30fa2,76cbf7c4-1a28-4125-bb2c-8e192a892807,REGISTERED,2026-04-15 12:31:25.530523+00:00,,PENDING,
2529,13aab5c0-95c5-438f-ac95-241953e30fa2,8d156397-31ce-4b22-917d-ddbd85670e15,REGISTERED,2026-04-23 20:03:21.183468+00:00,,PENDING,
2530,13aab5c0-95c5-438f-ac95-241953e30fa2,432c2cf9-dd95-45fd-9867-4bb233d84a2f,REGISTERED,2026-04-26 23:43:04.062373+00:00,,PENDING,
2531,13aab5c0-95c5-438f-ac95-241953e30fa2,c58f7dbd-9a6d-4c3f-bed8-75f484e20259,REGISTERED,2026-04-13 03:49:13.002843+00:00,,PENDING,
2532,13aab5c0-95c5-438f-ac95-241953e30fa2,e51471b8-8541-4d90-8b64-727da5b9cb07,REGISTERED,2026-04-17 07:19:23.117309+00:00,,PENDING,
2533,13aab5c0-95c5-438f-ac95-241953e30fa2,eb004ec6-6884-44b6-8aae-0caf60444601,REGISTERED,2026-04-28 12:35:01.522835+00:00,,PENDING,
2534,13aab5c0-95c5-438f-ac95-241953e30fa2,ee85ed55-5fb4-47a4-8a52-97b44ea7f18e,REGISTERED,2026-04-21 12:17:59.129565+00:00,,PENDING,
2535,13aab5c0-95c5-438f-ac95-241953e30fa2,f5856cb1-16f0-45c5-83c8-8332602c0554,REGISTERED,2026-04-04 04:08:32.572914+00:00,,PENDING,
2536,13aab5c0-95c5-438f-ac95-241953e30fa2,44e180ab-f87f-4906-959a-d4208112dfeb,CANCELLED,2026-04-26 05:18:07.996484+00:00,2026-04-27 21:42:49.896069+00:00,PENDING,Contrainte de planning de dernière minute.
2537,13aab5c0-95c5-438f-ac95-241953e30fa2,9d9f828f-6d17-4846-b840-5c49524aebe1,REGISTERED,2026-04-10 01:38:10.869121+00:00,,PENDING,
2538,13aab5c0-95c5-438f-ac95-241953e30fa2,63c7f6a6-1fb9-467e-a32c-b7f7fbd263d6,CANCELLED,2026-04-17 17:55:58.672490+00:00,2026-04-30 07:39:33.106512+00:00,PENDING,Session finalement non pertinente pour le profil.
2539,13aab5c0-95c5-438f-ac95-241953e30fa2,36a7aa14-d53e-4d7a-9df0-346370185c99,REGISTERED,2026-04-24 08:14:37.244260+00:00,,PENDING,
2540,13aab5c0-95c5-438f-ac95-241953e30fa2,82acf793-5875-4b86-a2c7-7bfc77ca1687,REGISTERED,2026-04-05 22:42:58.628859+00:00,,PENDING,
2541,13aab5c0-95c5-438f-ac95-241953e30fa2,79ecd19f-9a6a-4019-aeab-38a61af2036b,REGISTERED,2026-04-17 15:32:44.433671+00:00,,PENDING,
2542,13aab5c0-95c5-438f-ac95-241953e30fa2,8953121f-1a21-4cf5-9842-a8bab20d555c,CANCELLED,2026-04-06 16:16:48.783754+00:00,2026-04-15 19:38:02.434566+00:00,PENDING,Inscription faite par erreur.
2543,13aab5c0-95c5-438f-ac95-241953e30fa2,02af81eb-661b-43df-96f9-ae3e16e670eb,REGISTERED,2026-04-07 13:39:28.084862+00:00,,PENDING,
2544,13aab5c0-95c5-438f-ac95-241953e30fa2,ef6c19c9-41fb-4663-b095-fd6f807954ec,REGISTERED,2026-04-04 22:00:28.848164+00:00,,PENDING,
2545,13aab5c0-95c5-438f-ac95-241953e30fa2,39a22ca0-e67b-4e63-8b37-6aea793fe5ea,REGISTERED,2026-04-26 09:32:20.449697+00:00,,PENDING,
2546,13aab5c0-95c5-438f-ac95-241953e30fa2,4597622b-a50f-4a08-82d3-b202eb23c08b,REGISTERED,2026-04-05 06:32:37.473996+00:00,,PENDING,
2547,13aab5c0-95c5-438f-ac95-241953e30fa2,b03521e4-0ebe-4648-ac5a-5daa0bee8b89,REGISTERED,2026-04-04 06:07:09.001648+00:00,,PENDING,
2548,13aab5c0-95c5-438f-ac95-241953e30fa2,e8dda1ab-4e22-4b44-b642-16d429b530e6,REGISTERED,2026-04-10 12:46:20.090378+00:00,,PENDING,
2549,13aab5c0-95c5-438f-ac95-241953e30fa2,7f5ff8e9-537d-4aa6-b713-4dfdab32e67a,REGISTERED,2026-04-22 02:46:00.503022+00:00,,PENDING,
2550,13aab5c0-95c5-438f-ac95-241953e30fa2,3f6cb692-1581-4462-b260-3cad29f36489,REGISTERED,2026-04-12 09:27:47.544583+00:00,,PENDING,
2551,13aab5c0-95c5-438f-ac95-241953e30fa2,a40aa065-08ee-47e0-9fe4-04100a58e6f1,CANCELLED,2026-04-25 17:23:17.913097+00:00,2026-04-30 07:49:38.309086+00:00,PENDING,Contrainte de planning de dernière minute.
2552,13aab5c0-95c5-438f-ac95-241953e30fa2,ebabeeab-3d61-4de8-9cc1-9896c30de71c,REGISTERED,2026-04-15 03:47:22.695683+00:00,,PENDING,
2553,13aab5c0-95c5-438f-ac95-241953e30fa2,a6d83b47-4658-4d4e-833d-7ef6e7cf2e94,REGISTERED,2026-04-03 22:15:12.378568+00:00,,PENDING,
2554,13aab5c0-95c5-438f-ac95-241953e30fa2,a76c196d-d55a-489a-9e41-2892f1411a8b,REGISTERED,2026-04-21 01:41:47.328551+00:00,,PENDING,
2555,13aab5c0-95c5-438f-ac95-241953e30fa2,d39a524e-7c94-4fbb-ae92-88b5fbdeaeb8,REGISTERED,2026-04-16 08:48:40.352535+00:00,,PENDING,
2556,13aab5c0-95c5-438f-ac95-241953e30fa2,2620e675-d3ba-4ca5-85bf-2dd08f05bca7,REGISTERED,2026-04-16 15:33:01.009493+00:00,,PENDING,
2557,13aab5c0-95c5-438f-ac95-241953e30fa2,320bb62b-bc55-479e-a685-a27deaf87f3a,REGISTERED,2026-04-07 08:43:07.378504+00:00,,PENDING,
2558,13aab5c0-95c5-438f-ac95-241953e30fa2,da6180bb-789f-4ba7-887c-08f5033ce3bd,REGISTERED,2026-04-15 08:18:20.528143+00:00,,PENDING,
2559,13aab5c0-95c5-438f-ac95-241953e30fa2,c590c49a-6aa2-4b9e-b7ef-8de08d64a34f,REGISTERED,2026-04-06 13:36:33.134207+00:00,,PENDING,
2560,13aab5c0-95c5-438f-ac95-241953e30fa2,28ac5ef3-c8dc-4aa9-97a4-4bd90a55268b,CANCELLED,2026-04-16 02:43:08.349875+00:00,2026-04-23 16:38:37.279332+00:00,PENDING,Contrainte de planning de dernière minute.
2561,13aab5c0-95c5-438f-ac95-241953e30fa2,6a808ecc-aa5f-46f7-9473-e17d132330cd,REGISTERED,2026-04-20 17:36:21.339157+00:00,,PENDING,
2562,13aab5c0-95c5-438f-ac95-241953e30fa2,6c72c3eb-81e1-402e-8b91-1b315094e27e,REGISTERED,2026-04-09 17:02:04.344667+00:00,,PENDING,
2563,13aab5c0-95c5-438f-ac95-241953e30fa2,039ce623-075d-4c69-9235-d786fde3bf5a,REGISTERED,2026-04-25 04:02:23.244663+00:00,,PENDING,
2564,13aab5c0-95c5-438f-ac95-241953e30fa2,71c79692-c503-4f92-9e3b-427e5c06bcf3,REGISTERED,2026-04-11 16:11:04.236480+00:00,,PENDING,
2565,13aab5c0-95c5-438f-ac95-241953e30fa2,553aa3f4-b0d4-4902-96eb-9580f1ab5102,REGISTERED,2026-04-05 20:57:47.264235+00:00,,PENDING,
2566,13aab5c0-95c5-438f-ac95-241953e30fa2,27450660-9126-425f-8a4c-ee13055c3619,CANCELLED,2026-04-11 18:26:54.017794+00:00,2026-04-24 05:50:48.777683+00:00,PENDING,Changement de priorité métier.
2567,13aab5c0-95c5-438f-ac95-241953e30fa2,04ebe506-cbfc-450e-9f9f-21e8320c892b,REGISTERED,2026-04-18 07:31:56.513779+00:00,,PENDING,
2568,13aab5c0-95c5-438f-ac95-241953e30fa2,622dbe54-2ae7-45b3-9c3e-e10174715762,CANCELLED,2026-04-24 17:47:30.855281+00:00,2026-04-24 21:56:24.966080+00:00,PENDING,Indisponibilité personnelle signalée.
2569,13aab5c0-95c5-438f-ac95-241953e30fa2,76d0d2a2-4118-4160-aa2f-d3e4e8396d50,REGISTERED,2026-04-09 05:09:37.557290+00:00,,PENDING,
2570,13aab5c0-95c5-438f-ac95-241953e30fa2,1b521727-2b9c-4bae-a8f2-c0b975bf998b,REGISTERED,2026-04-09 03:14:26.458308+00:00,,PENDING,
2571,460a53ca-0cc1-4ea5-a0dc-bb0fbe8d3f7f,1601dd67-4724-4d1d-a0bc-461e96081aed,REGISTERED,2026-01-24 18:59:05.842461+00:00,,PENDING,
2572,460a53ca-0cc1-4ea5-a0dc-bb0fbe8d3f7f,66254aec-711c-4731-ad1b-12358695cff5,REGISTERED,2026-04-25 03:46:14.904315+00:00,,PENDING,
2573,460a53ca-0cc1-4ea5-a0dc-bb0fbe8d3f7f,7891d958-2cae-4067-b4bf-4df236fff02f,REGISTERED,2026-03-01 23:01:55.342819+00:00,,PENDING,
2574,460a53ca-0cc1-4ea5-a0dc-bb0fbe8d3f7f,1d564304-c607-4b67-b00b-0c3c6644f9c6,REGISTERED,2026-02-26 03:27:55.198253+00:00,,PENDING,
2575,460a53ca-0cc1-4ea5-a0dc-bb0fbe8d3f7f,374bb2b1-7239-47b4-a7f3-42a9312229af,REGISTERED,2026-01-17 08:25:42.476060+00:00,,PENDING,
2576,460a53ca-0cc1-4ea5-a0dc-bb0fbe8d3f7f,da7d8ca8-db94-48b0-87a9-6c6a4d12c1cb,REGISTERED,2026-04-16 13:55:18.782965+00:00,,PENDING,
2577,460a53ca-0cc1-4ea5-a0dc-bb0fbe8d3f7f,4c066895-d413-435c-a54a-7085ccebb310,REGISTERED,2026-03-07 18:30:50.886792+00:00,,PENDING,
2578,460a53ca-0cc1-4ea5-a0dc-bb0fbe8d3f7f,2c6db120-61ac-4444-868a-bb75396aaae3,REGISTERED,2026-03-31 03:40:33.247688+00:00,,PENDING,
2579,460a53ca-0cc1-4ea5-a0dc-bb0fbe8d3f7f,5783b7bc-8de7-40b5-b1e8-896921098bd2,REGISTERED,2026-02-15 08:45:25.521950+00:00,,PENDING,
2580,460a53ca-0cc1-4ea5-a0dc-bb0fbe8d3f7f,06cf8ad7-4bdc-42e8-94e2-b0abe12a020b,REGISTERED,2026-01-29 19:03:46.269151+00:00,,PENDING,
2581,460a53ca-0cc1-4ea5-a0dc-bb0fbe8d3f7f,5c093bcb-a8f8-495e-9e59-fe544f16ea0b,REGISTERED,2026-02-07 19:46:18.002551+00:00,,PENDING,
2582,460a53ca-0cc1-4ea5-a0dc-bb0fbe8d3f7f,f2a1a80b-ee11-4d4d-934b-4728eb24d690,REGISTERED,2026-02-01 12:36:41.492890+00:00,,PENDING,
2583,460a53ca-0cc1-4ea5-a0dc-bb0fbe8d3f7f,18461a76-23dd-484e-ac0a-37f832c9ef57,REGISTERED,2026-03-01 23:49:32.580876+00:00,,PENDING,
2584,460a53ca-0cc1-4ea5-a0dc-bb0fbe8d3f7f,03d3af4e-4ead-4742-b182-a0cc364ee704,REGISTERED,2026-04-24 11:44:00.600836+00:00,,PENDING,
2585,460a53ca-0cc1-4ea5-a0dc-bb0fbe8d3f7f,a8d3e377-0e26-45b7-bd86-63aae9be7dbb,REGISTERED,2026-04-15 16:41:03.640903+00:00,,PENDING,
2586,460a53ca-0cc1-4ea5-a0dc-bb0fbe8d3f7f,97fc9842-4aa8-4e8a-984d-00e4ebae786f,REGISTERED,2026-03-01 19:48:38.403400+00:00,,PENDING,
2587,460a53ca-0cc1-4ea5-a0dc-bb0fbe8d3f7f,399ddb4e-8253-4685-9236-d599b6eef665,REGISTERED,2026-03-02 04:29:00.769312+00:00,,PENDING,
2588,460a53ca-0cc1-4ea5-a0dc-bb0fbe8d3f7f,d453c27e-c5d4-48c9-a7d2-c69d9e32bc85,CANCELLED,2026-01-23 15:32:43.888834+00:00,2026-03-27 10:41:43.902874+00:00,PENDING,Contrainte de planning de dernière minute.
2589,460a53ca-0cc1-4ea5-a0dc-bb0fbe8d3f7f,78af47a7-ad8d-4faf-a4eb-52cb18a6a2cd,CANCELLED,2026-02-09 11:15:46.214120+00:00,2026-04-11 14:25:06.319786+00:00,PENDING,Contrainte de planning de dernière minute.
2590,460a53ca-0cc1-4ea5-a0dc-bb0fbe8d3f7f,722ee721-cbc4-48ea-afc1-2addf9bc9ffe,REGISTERED,2026-03-02 22:40:21.688159+00:00,,PENDING,
2591,460a53ca-0cc1-4ea5-a0dc-bb0fbe8d3f7f,0cadd3b8-6e5a-4928-af7f-885b82902a53,REGISTERED,2026-01-24 22:48:23.509310+00:00,,PENDING,
2592,460a53ca-0cc1-4ea5-a0dc-bb0fbe8d3f7f,7b168703-cc4f-43e5-9775-7d74b4db3f7f,REGISTERED,2026-01-15 13:55:46.518440+00:00,,PENDING,
2593,460a53ca-0cc1-4ea5-a0dc-bb0fbe8d3f7f,8953121f-1a21-4cf5-9842-a8bab20d555c,REGISTERED,2026-02-22 10:39:32.166510+00:00,,PENDING,
2594,460a53ca-0cc1-4ea5-a0dc-bb0fbe8d3f7f,4fd46ebc-f590-48ab-9c20-b28ac7350ca8,CANCELLED,2026-04-07 20:17:56.903493+00:00,2026-04-12 03:42:13.739045+00:00,PENDING,Participation remplacée par un collègue.
2595,460a53ca-0cc1-4ea5-a0dc-bb0fbe8d3f7f,0adcb60f-0603-40e1-a5ed-5a689f27bfe2,REGISTERED,2026-03-19 03:48:28.940656+00:00,,PENDING,
2596,460a53ca-0cc1-4ea5-a0dc-bb0fbe8d3f7f,b9c5c31c-70c5-4d31-b5fa-06019974af0a,CANCELLED,2026-04-02 22:31:16.400075+00:00,2026-04-06 16:31:23.489617+00:00,PENDING,Inscription faite par erreur.
2597,460a53ca-0cc1-4ea5-a0dc-bb0fbe8d3f7f,1c9ec459-2c6a-47a7-b3cb-6090d55196b1,REGISTERED,2026-03-10 17:22:49.548711+00:00,,PENDING,
2598,460a53ca-0cc1-4ea5-a0dc-bb0fbe8d3f7f,d00211fe-b443-439e-afb4-0eaa14b471eb,REGISTERED,2026-01-22 08:56:30.153259+00:00,,PENDING,
2599,460a53ca-0cc1-4ea5-a0dc-bb0fbe8d3f7f,233d2989-90d7-4cf0-9bea-58a5e4bac3d2,REGISTERED,2026-02-12 07:25:53.223859+00:00,,PENDING,
2600,460a53ca-0cc1-4ea5-a0dc-bb0fbe8d3f7f,16db286d-1b67-49c2-b2c8-9d4d0fa29db6,REGISTERED,2026-02-05 22:27:59.163743+00:00,,PENDING,
2601,460a53ca-0cc1-4ea5-a0dc-bb0fbe8d3f7f,7c86415e-73e1-4452-b345-730bd15fcbcf,REGISTERED,2026-04-06 09:16:48.616002+00:00,,PENDING,
2602,460a53ca-0cc1-4ea5-a0dc-bb0fbe8d3f7f,11938edb-7027-491c-9527-eaf7738ea9cd,REGISTERED,2026-02-03 01:09:53.122660+00:00,,PENDING,
2603,460a53ca-0cc1-4ea5-a0dc-bb0fbe8d3f7f,8f30d88b-449d-4b4a-8d70-907a78ca75cb,CANCELLED,2026-03-15 13:07:32.699766+00:00,2026-03-23 14:50:48.952598+00:00,PENDING,Problème de disponibilité logistique.
2604,460a53ca-0cc1-4ea5-a0dc-bb0fbe8d3f7f,bcd22804-cb9b-430b-879b-fbdade368183,REGISTERED,2026-03-25 07:17:12.896223+00:00,,PENDING,
2605,460a53ca-0cc1-4ea5-a0dc-bb0fbe8d3f7f,83d4670d-ba55-4ec7-9348-24a2b2c1d40f,REGISTERED,2026-04-05 17:37:27.014524+00:00,,PENDING,
2606,460a53ca-0cc1-4ea5-a0dc-bb0fbe8d3f7f,cda07ab2-acb0-42ea-8b8d-d21f330bf70c,REGISTERED,2026-02-28 07:31:15.051828+00:00,,PENDING,
2607,460a53ca-0cc1-4ea5-a0dc-bb0fbe8d3f7f,fca54b39-ad76-4871-81f2-5f93bcf119a2,REGISTERED,2026-02-05 02:52:01.907780+00:00,,PENDING,
2608,460a53ca-0cc1-4ea5-a0dc-bb0fbe8d3f7f,4738d738-cc35-4349-9f89-e96e0a7c3f71,REGISTERED,2026-04-05 03:08:16.594340+00:00,,PENDING,
2609,460a53ca-0cc1-4ea5-a0dc-bb0fbe8d3f7f,de3055d4-4360-4203-a8f8-a1dab9fcf241,REGISTERED,2026-03-05 11:04:49.764347+00:00,,PENDING,
2610,460a53ca-0cc1-4ea5-a0dc-bb0fbe8d3f7f,a591d7b9-6744-40ef-b79a-1c739115b99c,REGISTERED,2026-03-14 14:33:27.756401+00:00,,PENDING,
2611,460a53ca-0cc1-4ea5-a0dc-bb0fbe8d3f7f,00f7fbed-d7cd-4b53-9344-aa42ba92c94d,REGISTERED,2026-04-27 06:03:01.079987+00:00,,PENDING,
2612,460a53ca-0cc1-4ea5-a0dc-bb0fbe8d3f7f,41a6c95e-1a40-4fc5-a34d-45dacb2f816f,REGISTERED,2026-01-26 01:14:26.982373+00:00,,PENDING,
2613,460a53ca-0cc1-4ea5-a0dc-bb0fbe8d3f7f,04bb8b7a-cd4c-4a01-91d4-4704fda80686,REGISTERED,2026-02-01 06:44:27.214117+00:00,,PENDING,
2614,460a53ca-0cc1-4ea5-a0dc-bb0fbe8d3f7f,99ce0eb9-db3b-4ba1-9d7e-a6e10271bb8c,REGISTERED,2026-03-27 16:25:11.766481+00:00,,PENDING,
2615,460a53ca-0cc1-4ea5-a0dc-bb0fbe8d3f7f,0198bc4b-8443-4754-8317-49b56f81ecea,REGISTERED,2026-03-25 00:07:06.651330+00:00,,PENDING,
2616,460a53ca-0cc1-4ea5-a0dc-bb0fbe8d3f7f,8f481282-4da5-453a-8238-b0915c33bf1d,REGISTERED,2026-03-06 22:06:44.367212+00:00,,PENDING,
2617,460a53ca-0cc1-4ea5-a0dc-bb0fbe8d3f7f,7120f862-693b-4518-8e4c-e2bfe7963695,REGISTERED,2026-04-04 17:20:50.131115+00:00,,PENDING,
2618,460a53ca-0cc1-4ea5-a0dc-bb0fbe8d3f7f,e3327257-45ae-4912-b4c2-08f9cb4d8536,REGISTERED,2026-02-17 05:03:15.026010+00:00,,PENDING,
2619,460a53ca-0cc1-4ea5-a0dc-bb0fbe8d3f7f,3ed1a5be-d9c3-4c39-9e85-87c9b144f119,REGISTERED,2026-02-18 19:55:27.599082+00:00,,PENDING,
2620,460a53ca-0cc1-4ea5-a0dc-bb0fbe8d3f7f,b945f48a-ccc4-43f6-928b-e2c1f46146b6,REGISTERED,2026-04-09 03:19:08.414582+00:00,,PENDING,
2621,460a53ca-0cc1-4ea5-a0dc-bb0fbe8d3f7f,9ac7d884-9c16-4fa3-b896-884afda9c096,REGISTERED,2026-04-06 21:53:27.917021+00:00,,PENDING,
2622,460a53ca-0cc1-4ea5-a0dc-bb0fbe8d3f7f,ac16955a-100a-49c4-9550-f3e3c118b812,REGISTERED,2026-03-27 01:13:05.135944+00:00,,PENDING,
2623,460a53ca-0cc1-4ea5-a0dc-bb0fbe8d3f7f,6ee92483-e78b-46ce-baa0-0aac70b7049e,REGISTERED,2026-04-16 19:56:56.994534+00:00,,PENDING,
2624,460a53ca-0cc1-4ea5-a0dc-bb0fbe8d3f7f,26d51b07-49a9-4201-b13c-709dbf828241,REGISTERED,2026-04-04 17:47:09.177477+00:00,,PENDING,
2625,460a53ca-0cc1-4ea5-a0dc-bb0fbe8d3f7f,d46bbc33-a6b9-4170-bdd9-62088f76392b,REGISTERED,2026-03-21 11:59:07.111045+00:00,,PENDING,
2626,460a53ca-0cc1-4ea5-a0dc-bb0fbe8d3f7f,a40aa065-08ee-47e0-9fe4-04100a58e6f1,REGISTERED,2026-03-20 01:17:50.930660+00:00,,PENDING,
2627,460a53ca-0cc1-4ea5-a0dc-bb0fbe8d3f7f,d3a11e22-80f0-4ba2-bbb9-8e0549c5deb0,REGISTERED,2026-01-29 10:53:06.513650+00:00,,PENDING,
2628,460a53ca-0cc1-4ea5-a0dc-bb0fbe8d3f7f,e24ef779-8a19-45dc-82da-af12648144c1,REGISTERED,2026-03-14 01:29:29.605610+00:00,,PENDING,
2629,460a53ca-0cc1-4ea5-a0dc-bb0fbe8d3f7f,c98070f7-ea93-464b-9719-8e5817cb346a,REGISTERED,2026-03-13 20:15:32.449593+00:00,,PENDING,
2630,460a53ca-0cc1-4ea5-a0dc-bb0fbe8d3f7f,9ae48ba1-0867-4c64-a244-f1510ff241c4,REGISTERED,2026-03-04 02:48:00.658353+00:00,,PENDING,
2631,460a53ca-0cc1-4ea5-a0dc-bb0fbe8d3f7f,b129122c-5e22-4eac-ada4-bdeab206bf97,REGISTERED,2026-02-06 03:12:54.808405+00:00,,PENDING,
2632,460a53ca-0cc1-4ea5-a0dc-bb0fbe8d3f7f,e6b32c11-c369-4ced-9813-924c8e864732,REGISTERED,2026-04-12 13:04:30.933962+00:00,,PENDING,
2633,460a53ca-0cc1-4ea5-a0dc-bb0fbe8d3f7f,77ebff33-67f5-4c17-8bff-846fc504a43d,REGISTERED,2026-03-08 09:32:05.374848+00:00,,PENDING,
2634,460a53ca-0cc1-4ea5-a0dc-bb0fbe8d3f7f,bc157ecf-7954-494e-a055-311a276bf358,REGISTERED,2026-04-04 21:46:37.899851+00:00,,PENDING,
2635,460a53ca-0cc1-4ea5-a0dc-bb0fbe8d3f7f,a04f5eda-a557-4705-92b5-88cc55ea6558,REGISTERED,2026-03-27 12:35:35.564511+00:00,,PENDING,
2636,460a53ca-0cc1-4ea5-a0dc-bb0fbe8d3f7f,b5470472-a376-405f-b34f-b7e3e01322d5,CANCELLED,2026-02-27 00:14:37.188142+00:00,2026-04-15 02:23:14.097436+00:00,PENDING,Changement de priorité métier.
2637,460a53ca-0cc1-4ea5-a0dc-bb0fbe8d3f7f,a5e91f29-76ad-47df-8a3c-43ad203ed9c3,REGISTERED,2026-04-03 13:16:20.622927+00:00,,PENDING,
2638,460a53ca-0cc1-4ea5-a0dc-bb0fbe8d3f7f,23f999be-8f3a-4135-a109-48825f2b5ce3,CANCELLED,2026-04-29 11:17:43.099694+00:00,2026-04-29 22:30:33.429099+00:00,PENDING,Contrainte de planning de dernière minute.
2639,460a53ca-0cc1-4ea5-a0dc-bb0fbe8d3f7f,e707ec8d-700c-4a76-b105-331db986cdd6,REGISTERED,2026-02-12 16:16:44.892946+00:00,,PENDING,
2640,460a53ca-0cc1-4ea5-a0dc-bb0fbe8d3f7f,912a90c4-9c49-4b06-b8aa-4363306047bd,REGISTERED,2026-02-09 06:48:57.943515+00:00,,PENDING,
2641,460a53ca-0cc1-4ea5-a0dc-bb0fbe8d3f7f,8f774f8b-da2a-4c78-929b-0896a8c710b9,REGISTERED,2026-03-13 21:43:08.280324+00:00,,PENDING,
2642,460a53ca-0cc1-4ea5-a0dc-bb0fbe8d3f7f,767f6a60-4ed4-4d62-b89e-454933720617,REGISTERED,2026-03-26 09:51:47.490865+00:00,,PENDING,
2643,460a53ca-0cc1-4ea5-a0dc-bb0fbe8d3f7f,f32fdb6b-d074-4fe9-9c58-dafa738bada1,REGISTERED,2026-04-07 23:11:23.407926+00:00,,PENDING,
2644,460a53ca-0cc1-4ea5-a0dc-bb0fbe8d3f7f,966251e0-21da-4b33-8c4f-5acafc653771,REGISTERED,2026-04-25 23:00:38.714108+00:00,,PENDING,
2645,460a53ca-0cc1-4ea5-a0dc-bb0fbe8d3f7f,0aa6c832-d272-493b-af96-e53a16a8ba84,REGISTERED,2026-01-29 15:23:13.205327+00:00,,PENDING,
2646,460a53ca-0cc1-4ea5-a0dc-bb0fbe8d3f7f,f19708c8-85b2-4faa-825b-a2fefaac0687,REGISTERED,2026-04-23 07:54:15.874921+00:00,,PENDING,
2647,460a53ca-0cc1-4ea5-a0dc-bb0fbe8d3f7f,16027d3d-1f20-426f-a1bf-3b8acac085b6,REGISTERED,2026-04-10 12:23:24.776795+00:00,,PENDING,
2648,460a53ca-0cc1-4ea5-a0dc-bb0fbe8d3f7f,830b26e2-0a20-44ba-bebb-2eb0e55eb5eb,REGISTERED,2026-03-25 23:35:49.014994+00:00,,PENDING,
2649,460a53ca-0cc1-4ea5-a0dc-bb0fbe8d3f7f,24142aac-d1c8-42ac-a86d-f1049fd901a2,REGISTERED,2026-03-25 01:39:03.827596+00:00,,PENDING,
2650,460a53ca-0cc1-4ea5-a0dc-bb0fbe8d3f7f,915de5a6-4e56-45a3-9ec0-f304a3b83653,REGISTERED,2026-02-14 01:35:14.546893+00:00,,PENDING,
2651,460a53ca-0cc1-4ea5-a0dc-bb0fbe8d3f7f,5c5fb113-5843-4b29-8933-b0d016b33d25,REGISTERED,2026-04-12 16:58:44.215006+00:00,,PENDING,
2652,460a53ca-0cc1-4ea5-a0dc-bb0fbe8d3f7f,92149006-a894-4f05-ab5d-36650644eb93,REGISTERED,2026-04-08 17:03:06.429769+00:00,,PENDING,
2653,460a53ca-0cc1-4ea5-a0dc-bb0fbe8d3f7f,566b3448-8c23-4e51-898b-60f56bfe4ff0,REGISTERED,2026-03-08 05:21:19.565176+00:00,,PENDING,
2654,460a53ca-0cc1-4ea5-a0dc-bb0fbe8d3f7f,08dc70fc-64c7-4fb3-ab1f-76c43226fdbf,REGISTERED,2026-02-17 02:12:41.867220+00:00,,PENDING,
2655,460a53ca-0cc1-4ea5-a0dc-bb0fbe8d3f7f,7d15ce84-8e27-4d49-b5db-e0a53ce987cd,REGISTERED,2026-01-29 21:05:20.585115+00:00,,PENDING,
2656,460a53ca-0cc1-4ea5-a0dc-bb0fbe8d3f7f,5f776928-4b7a-41f4-a20d-06c3a6b003bf,REGISTERED,2026-04-14 13:31:47.507615+00:00,,PENDING,
2657,460a53ca-0cc1-4ea5-a0dc-bb0fbe8d3f7f,b1b3abf0-bf40-43df-bd09-1bd861e99e17,CANCELLED,2026-04-03 13:28:22.949411+00:00,2026-04-08 06:14:07.074404+00:00,PENDING,Participation remplacée par un collègue.
2658,460a53ca-0cc1-4ea5-a0dc-bb0fbe8d3f7f,c3b0f176-69f0-4028-872a-0091128bf3a7,REGISTERED,2026-02-07 00:05:24.941914+00:00,,PENDING,
2659,460a53ca-0cc1-4ea5-a0dc-bb0fbe8d3f7f,9a1159ca-5027-4cc5-acce-0e458cb282f9,REGISTERED,2026-02-21 00:28:34.378897+00:00,,PENDING,
2660,460a53ca-0cc1-4ea5-a0dc-bb0fbe8d3f7f,6bd3493e-fd88-4531-b028-16a597e8c121,REGISTERED,2026-01-18 00:36:41.286213+00:00,,PENDING,
2661,460a53ca-0cc1-4ea5-a0dc-bb0fbe8d3f7f,4a9e86b6-080d-430e-bcb2-e2ee310d6672,REGISTERED,2026-02-03 09:12:35.318752+00:00,,PENDING,
2662,460a53ca-0cc1-4ea5-a0dc-bb0fbe8d3f7f,14d940d1-b6b9-46db-ad09-0f473052b4b5,REGISTERED,2026-03-11 02:34:52.201246+00:00,,PENDING,
2663,460a53ca-0cc1-4ea5-a0dc-bb0fbe8d3f7f,04d1e3f4-5420-4b71-a3a5-85f2ed790744,REGISTERED,2026-02-20 17:36:23.764006+00:00,,PENDING,
2664,460a53ca-0cc1-4ea5-a0dc-bb0fbe8d3f7f,f5856cb1-16f0-45c5-83c8-8332602c0554,REGISTERED,2026-03-28 15:12:44.327328+00:00,,PENDING,
2665,460a53ca-0cc1-4ea5-a0dc-bb0fbe8d3f7f,544f4247-a6c8-459e-997a-f558b28f1006,CANCELLED,2026-01-18 07:42:47.056655+00:00,2026-01-30 16:07:29.849639+00:00,PENDING,Indisponibilité personnelle signalée.
2666,460a53ca-0cc1-4ea5-a0dc-bb0fbe8d3f7f,3ce5d8ff-3af6-4183-83e3-d0fad13a6ef1,REGISTERED,2026-02-07 09:25:04.786503+00:00,,PENDING,
2667,460a53ca-0cc1-4ea5-a0dc-bb0fbe8d3f7f,5974ae31-04b8-4503-9dea-54b6eb4c5696,CANCELLED,2026-04-07 09:42:34.601823+00:00,2026-04-07 20:30:20.673823+00:00,PENDING,Absence validée par le manager.
2668,460a53ca-0cc1-4ea5-a0dc-bb0fbe8d3f7f,07f0e359-3ca2-4c08-b113-4b4f9ace8bfe,REGISTERED,2026-02-23 15:17:43.762847+00:00,,PENDING,
2669,460a53ca-0cc1-4ea5-a0dc-bb0fbe8d3f7f,96c2c320-89b7-409d-a93a-aee004fcc338,REGISTERED,2026-04-11 06:51:26.799925+00:00,,PENDING,
2670,460a53ca-0cc1-4ea5-a0dc-bb0fbe8d3f7f,f0113aec-0313-48b0-883d-51e4f32687a4,CANCELLED,2026-02-20 18:16:52.025694+00:00,2026-03-24 04:24:55.309706+00:00,PENDING,Participation remplacée par un collègue.
2671,460a53ca-0cc1-4ea5-a0dc-bb0fbe8d3f7f,2976ce73-94df-4e12-ac34-fb596591b7c2,REGISTERED,2026-04-27 10:49:50.843096+00:00,,PENDING,
2672,7b51d503-97c3-49d2-aa7f-15da3dd03790,10d5d40f-127e-4b4f-b286-d0a7efa50bd5,REGISTERED,2026-04-10 03:52:35.662139+00:00,,PENDING,
2673,7b51d503-97c3-49d2-aa7f-15da3dd03790,18aee4d1-ff77-49a2-bce1-9d47c65368ae,REGISTERED,2026-04-23 09:29:14.961758+00:00,,PENDING,
2674,7b51d503-97c3-49d2-aa7f-15da3dd03790,8d96e8da-9993-495a-a0c2-848796ac710e,REGISTERED,2026-04-17 09:52:29.106598+00:00,,PENDING,
2675,7b51d503-97c3-49d2-aa7f-15da3dd03790,11e4bafe-f46f-4714-ae79-46782f98afcc,REGISTERED,2026-04-16 11:16:56.752313+00:00,,PENDING,
2676,7b51d503-97c3-49d2-aa7f-15da3dd03790,9630d3c5-3a6f-4cba-bd6b-09ef4505332e,CANCELLED,2026-03-10 08:08:09.368858+00:00,2026-04-24 11:04:50.169015+00:00,PENDING,Changement de priorité métier.
2677,7b51d503-97c3-49d2-aa7f-15da3dd03790,9ac7d884-9c16-4fa3-b896-884afda9c096,REGISTERED,2026-04-28 10:57:51.633298+00:00,,PENDING,
2678,7b51d503-97c3-49d2-aa7f-15da3dd03790,f2adb223-abf2-4dde-8eb2-d0e031d07e62,REGISTERED,2026-04-07 05:06:58.468870+00:00,,PENDING,
2679,7b51d503-97c3-49d2-aa7f-15da3dd03790,62f0f942-5b08-4351-9bfb-920a9b2364ec,REGISTERED,2026-02-28 14:49:27.467423+00:00,,PENDING,
2680,7b51d503-97c3-49d2-aa7f-15da3dd03790,23ce8810-f0b8-4d2e-8e2b-68771418b437,REGISTERED,2026-02-27 13:52:01.120073+00:00,,PENDING,
2681,7b51d503-97c3-49d2-aa7f-15da3dd03790,d2143c02-7643-4dad-9edd-73d7e485eec7,REGISTERED,2026-02-23 20:15:03.343750+00:00,,PENDING,
2682,7b51d503-97c3-49d2-aa7f-15da3dd03790,ada33a22-047d-41f7-9001-c78a46d52ecc,REGISTERED,2026-04-12 03:08:20.391959+00:00,,PENDING,
2683,398002bd-8c25-4c79-968f-16352ab2d018,18aee4d1-ff77-49a2-bce1-9d47c65368ae,CANCELLED,2026-04-12 07:34:45.621728+00:00,2026-04-23 15:56:32.267689+00:00,PENDING,Erreur de choix de créneau.
2684,398002bd-8c25-4c79-968f-16352ab2d018,c3cebde2-04c5-4bd6-8742-5138c5699944,REGISTERED,2026-04-15 11:37:40.145854+00:00,,PENDING,
2685,398002bd-8c25-4c79-968f-16352ab2d018,9ac7d884-9c16-4fa3-b896-884afda9c096,REGISTERED,2026-03-14 06:54:51.437346+00:00,,PENDING,
2686,398002bd-8c25-4c79-968f-16352ab2d018,8062edae-a09d-450b-b9e9-61d162542cc6,REGISTERED,2026-04-16 18:00:07.254973+00:00,,PENDING,
2687,398002bd-8c25-4c79-968f-16352ab2d018,82015a98-3b01-41dc-9cac-7c689d1a99b7,REGISTERED,2026-03-25 22:13:02.854806+00:00,,PENDING,
2688,398002bd-8c25-4c79-968f-16352ab2d018,4284538a-2eb5-4ac7-9e74-d9148261af39,REGISTERED,2026-04-04 14:24:17.952921+00:00,,PENDING,
2689,fb22207e-f609-46d4-a2bc-b40059b5ac6c,d7f518f6-8981-4973-9c42-b49423f7f23e,REGISTERED,2026-04-12 13:16:29.917232+00:00,,PENDING,
2690,fb22207e-f609-46d4-a2bc-b40059b5ac6c,9fd6253e-a662-4cde-bf57-754afdda3595,REGISTERED,2026-04-16 15:18:59.814099+00:00,,PENDING,
2691,9bde9d91-ca5a-4267-9ab0-6937934ec32a,43381f31-2dca-40f6-af9f-f06934befcd2,REGISTERED,2026-02-01 13:21:00.475003+00:00,,ABSENT,
2692,9bde9d91-ca5a-4267-9ab0-6937934ec32a,ac70585c-869a-4f1d-97f0-bd11808c3625,REGISTERED,2026-02-20 02:00:46.896928+00:00,,PRESENT,
2693,9bde9d91-ca5a-4267-9ab0-6937934ec32a,efe3f27d-9b61-4dcc-bdee-66d1ff6634b6,REGISTERED,2026-02-21 23:03:23.597601+00:00,,ABSENT,
2694,9bde9d91-ca5a-4267-9ab0-6937934ec32a,d55887a6-ba09-4137-817b-136eca0eb8fe,REGISTERED,2026-02-12 21:35:57.764848+00:00,,ABSENT,
2695,9bde9d91-ca5a-4267-9ab0-6937934ec32a,6ee92483-e78b-46ce-baa0-0aac70b7049e,REGISTERED,2026-02-21 17:06:13.083968+00:00,,ABSENT,
2696,9bde9d91-ca5a-4267-9ab0-6937934ec32a,17f812f6-c3b4-4bc7-a54b-f1133fe132f8,REGISTERED,2026-02-13 11:47:15.232171+00:00,,ABSENT,
2697,9bde9d91-ca5a-4267-9ab0-6937934ec32a,1f9f1987-7506-4d70-81a9-f58c2de19219,REGISTERED,2026-02-13 08:56:59.125948+00:00,,PRESENT,
2698,9bde9d91-ca5a-4267-9ab0-6937934ec32a,40bd5505-6dbf-49ae-817e-6ca216a5630f,REGISTERED,2026-02-23 13:14:55.421296+00:00,,PRESENT,
2699,9bde9d91-ca5a-4267-9ab0-6937934ec32a,9246a4a8-fa4c-48db-84c1-bcec80300b95,REGISTERED,2026-01-31 01:49:36.915566+00:00,,PRESENT,
2700,9bde9d91-ca5a-4267-9ab0-6937934ec32a,67b9e613-4792-4b7e-88f0-54df3f761ed0,CANCELLED,2026-02-15 01:01:00.600078+00:00,2026-02-15 04:58:04.282201+00:00,PENDING,Contrainte de planning de dernière minute.
2701,9bde9d91-ca5a-4267-9ab0-6937934ec32a,b312e220-ae63-4cad-98df-940d573360df,REGISTERED,2026-01-23 02:33:18.144950+00:00,,PRESENT,
2702,9bde9d91-ca5a-4267-9ab0-6937934ec32a,d04fc3d7-1126-4cb3-9932-981657c916cf,REGISTERED,2026-01-29 17:38:56.057984+00:00,,ABSENT,
2703,9bde9d91-ca5a-4267-9ab0-6937934ec32a,d5d7156b-757a-4b4f-9950-c3a38b7b858d,REGISTERED,2026-02-15 07:25:20.761929+00:00,,PRESENT,
2704,9bde9d91-ca5a-4267-9ab0-6937934ec32a,67218b7a-eda7-4eed-b37b-939fba1ef9ce,REGISTERED,2026-01-29 16:38:41.519492+00:00,,PRESENT,
2705,9bde9d91-ca5a-4267-9ab0-6937934ec32a,11a37724-d4a2-4571-9734-d56b460e4a73,REGISTERED,2026-01-31 08:56:42.371695+00:00,,ABSENT,
2706,9bde9d91-ca5a-4267-9ab0-6937934ec32a,d420025c-f809-4d32-9066-98749e88aeb9,REGISTERED,2026-02-19 08:30:16.321022+00:00,,PRESENT,
2707,9bde9d91-ca5a-4267-9ab0-6937934ec32a,b441076d-638e-411c-acb3-a82826ad41d8,REGISTERED,2026-01-25 01:53:25.203026+00:00,,PRESENT,
2708,9bde9d91-ca5a-4267-9ab0-6937934ec32a,1bf756ca-dbef-4935-bac3-a3b692010a75,REGISTERED,2026-02-20 17:33:59.670043+00:00,,PRESENT,
2709,5d83012d-37d4-43c1-9864-3b1d57609d13,aaf51b3f-54ec-45c3-8487-c08aaa05d8c7,REGISTERED,2026-04-19 18:54:38.756120+00:00,,PENDING,
2710,5d83012d-37d4-43c1-9864-3b1d57609d13,2529ad7b-3e69-4b87-9e44-0259ec755de2,REGISTERED,2026-04-27 00:43:29.390188+00:00,,PENDING,
2711,5d83012d-37d4-43c1-9864-3b1d57609d13,6d282e57-ae58-47d1-b0b0-71588701cd4b,REGISTERED,2026-05-01 04:04:16.215200+00:00,,PENDING,
2712,5d83012d-37d4-43c1-9864-3b1d57609d13,debfdb17-41a8-47ec-a914-677fa4a8b9d1,REGISTERED,2026-04-24 18:50:48.177123+00:00,,PENDING,
2713,5d83012d-37d4-43c1-9864-3b1d57609d13,e0b47f14-ef2d-49fc-b298-7e81497f4563,REGISTERED,2026-04-25 16:46:42.889157+00:00,,PENDING,
2714,5d83012d-37d4-43c1-9864-3b1d57609d13,82262980-bc3c-49fb-a210-28daa74d1ba3,REGISTERED,2026-04-27 04:14:41.703271+00:00,,PENDING,
2715,5d83012d-37d4-43c1-9864-3b1d57609d13,de793784-3e9c-4a5b-a50b-5e1a0437bd90,REGISTERED,2026-04-28 05:05:54.436135+00:00,,PENDING,
2716,5d83012d-37d4-43c1-9864-3b1d57609d13,f1ea7bc8-4511-4946-992a-69c581e26bef,CANCELLED,2026-04-28 13:46:18.688523+00:00,2026-04-30 00:46:16.020361+00:00,PENDING,Contrainte de planning de dernière minute.
2717,5d83012d-37d4-43c1-9864-3b1d57609d13,d07b17dc-7457-4ac7-81fc-f5ba88f492bc,REGISTERED,2026-04-27 16:08:57.170789+00:00,,PENDING,
2718,5d83012d-37d4-43c1-9864-3b1d57609d13,cdceb895-35d8-4e18-b3c1-c6e0cb902595,REGISTERED,2026-04-26 06:39:01.573735+00:00,,PENDING,
2719,5d83012d-37d4-43c1-9864-3b1d57609d13,ea94002e-07bf-4277-9b9a-4f657eaa8125,REGISTERED,2026-04-19 23:59:51.332144+00:00,,PENDING,
2720,9a3ef2e7-3fe8-4d9c-bc32-39c8d47f2aa3,2c6db120-61ac-4444-868a-bb75396aaae3,REGISTERED,2026-04-20 09:00:55.845574+00:00,,PENDING,
2721,9a3ef2e7-3fe8-4d9c-bc32-39c8d47f2aa3,61a0e073-e937-4bac-ada2-d1c10bf8a9ed,REGISTERED,2026-05-01 07:41:42.354583+00:00,,PENDING,
2722,9a3ef2e7-3fe8-4d9c-bc32-39c8d47f2aa3,3ed1a5be-d9c3-4c39-9e85-87c9b144f119,REGISTERED,2026-04-25 00:06:15.012957+00:00,,PENDING,
2723,9a3ef2e7-3fe8-4d9c-bc32-39c8d47f2aa3,81b81c2a-9798-487a-8560-c1caab2911c0,CANCELLED,2026-04-23 07:03:56.302193+00:00,2026-04-25 13:35:51.732154+00:00,PENDING,Déplacement professionnel confirmé.
2724,9a3ef2e7-3fe8-4d9c-bc32-39c8d47f2aa3,33a01618-4870-40e7-82ee-dd8ab9825756,CANCELLED,2026-04-22 16:04:46.482921+00:00,2026-04-27 05:58:41.126475+00:00,PENDING,Erreur de choix de créneau.
2725,9a3ef2e7-3fe8-4d9c-bc32-39c8d47f2aa3,8fe78534-8626-4ccb-8a11-1abeb3417110,REGISTERED,2026-04-18 13:07:15.740515+00:00,,PENDING,
2726,9a3ef2e7-3fe8-4d9c-bc32-39c8d47f2aa3,9a1159ca-5027-4cc5-acce-0e458cb282f9,REGISTERED,2026-04-30 17:45:06.992947+00:00,,PENDING,
2727,9a3ef2e7-3fe8-4d9c-bc32-39c8d47f2aa3,14d940d1-b6b9-46db-ad09-0f473052b4b5,REGISTERED,2026-04-18 15:39:29.124709+00:00,,PENDING,
2728,9a3ef2e7-3fe8-4d9c-bc32-39c8d47f2aa3,38adb4ef-c093-482a-8067-65d85424ebf8,CANCELLED,2026-04-20 06:09:23.531611+00:00,2026-04-28 06:09:01.403230+00:00,PENDING,Invitation déclinée après réévaluation.
2729,9a3ef2e7-3fe8-4d9c-bc32-39c8d47f2aa3,db865006-8f7f-49f3-a2b6-c29e656c8004,REGISTERED,2026-04-30 22:20:27.638563+00:00,,PENDING,
2730,9a3ef2e7-3fe8-4d9c-bc32-39c8d47f2aa3,ebe1cbd3-513d-4852-b31c-67c8b1dbeca9,REGISTERED,2026-04-22 04:06:07.794906+00:00,,PENDING,
2731,9a3ef2e7-3fe8-4d9c-bc32-39c8d47f2aa3,f2aba7e0-43cb-45a1-8ed2-80e2b36e4be9,REGISTERED,2026-04-20 18:22:47.259027+00:00,,PENDING,
2732,9a3ef2e7-3fe8-4d9c-bc32-39c8d47f2aa3,f4ff8b53-48fb-46e8-9ea0-bc7c51ea9fee,REGISTERED,2026-04-30 23:49:47.678963+00:00,,PENDING,
2733,9a3ef2e7-3fe8-4d9c-bc32-39c8d47f2aa3,33611d4a-b72d-4868-8862-37dc6da35c82,CANCELLED,2026-04-22 12:21:52.090808+00:00,2026-04-23 00:26:54.368183+00:00,PENDING,Conflit d’horaire avec une réunion prioritaire.
2734,9a3ef2e7-3fe8-4d9c-bc32-39c8d47f2aa3,53234d32-ce6e-4a41-989f-d1958715bab4,REGISTERED,2026-04-22 00:45:47.753699+00:00,,PENDING,
2735,9a3ef2e7-3fe8-4d9c-bc32-39c8d47f2aa3,98096adb-c347-4b91-b157-13d91467faa7,REGISTERED,2026-04-28 20:25:58.033525+00:00,,PENDING,
2736,21602c92-78f5-4c77-8ec5-73ff07100b2c,76c67646-085b-4496-a704-025ae0fbf520,REGISTERED,2026-03-19 16:03:46.695299+00:00,,PENDING,
2737,21602c92-78f5-4c77-8ec5-73ff07100b2c,0737a7a1-e7e6-43a8-ade5-027ff9fba167,REGISTERED,2026-03-14 20:40:30.867478+00:00,,PENDING,
2738,21602c92-78f5-4c77-8ec5-73ff07100b2c,238a56d0-1293-48e8-a2dc-dd39a1ea5a94,CANCELLED,2026-03-16 08:23:27.579939+00:00,2026-03-31 13:05:48.071480+00:00,PENDING,Inscription faite par erreur.
2739,21602c92-78f5-4c77-8ec5-73ff07100b2c,f6a73420-1583-40dd-969e-dd8538e24dff,REGISTERED,2026-04-20 01:29:50.850642+00:00,,PENDING,
2740,21602c92-78f5-4c77-8ec5-73ff07100b2c,d7a3f62a-7276-4b1a-9abc-2110c1979b89,REGISTERED,2026-04-27 22:55:47.005319+00:00,,PENDING,
2741,21602c92-78f5-4c77-8ec5-73ff07100b2c,3dded13e-5120-43d0-a063-fb98185a8252,REGISTERED,2026-04-07 02:45:06.306574+00:00,,PENDING,
2742,21602c92-78f5-4c77-8ec5-73ff07100b2c,79813442-5e34-470e-ae19-fde9bd8d21e8,REGISTERED,2026-04-09 15:35:58.465332+00:00,,PENDING,
2743,21602c92-78f5-4c77-8ec5-73ff07100b2c,fea147a7-2981-47cc-8b65-ea434394a5f1,REGISTERED,2026-03-23 08:22:53.103768+00:00,,PENDING,
2744,21602c92-78f5-4c77-8ec5-73ff07100b2c,67ef2ce8-8158-4061-b39f-1648161b988a,REGISTERED,2026-03-26 00:34:11.055724+00:00,,PENDING,
2745,21602c92-78f5-4c77-8ec5-73ff07100b2c,3153eaad-facb-4e77-bf73-9a19018c032d,CANCELLED,2026-03-19 05:58:39.900764+00:00,2026-04-21 19:28:20.196340+00:00,PENDING,Contrainte de planning de dernière minute.
2746,21602c92-78f5-4c77-8ec5-73ff07100b2c,465f2a51-6e74-4cea-b466-c62c29193b73,REGISTERED,2026-04-21 05:31:27.736956+00:00,,PENDING,
2747,21602c92-78f5-4c77-8ec5-73ff07100b2c,76a9bda7-4fee-4da7-a23d-97f4c3bfc3a1,REGISTERED,2026-03-26 21:25:55.869429+00:00,,PENDING,
2748,21602c92-78f5-4c77-8ec5-73ff07100b2c,2237a47b-d19c-43f7-b1bb-db7310cd2750,REGISTERED,2026-03-21 08:03:28.059982+00:00,,PENDING,
2749,21602c92-78f5-4c77-8ec5-73ff07100b2c,da4776f2-e6b8-4c43-abd8-a693f8b71f5f,REGISTERED,2026-03-29 00:04:55.125353+00:00,,PENDING,
2750,21602c92-78f5-4c77-8ec5-73ff07100b2c,0b259536-155f-4e39-9154-32d25e0d2eca,REGISTERED,2026-03-21 16:45:18.832498+00:00,,PENDING,
2751,21602c92-78f5-4c77-8ec5-73ff07100b2c,d1d788a6-dd4c-4608-94bc-b1fd10c2a24e,REGISTERED,2026-03-17 20:09:44.695658+00:00,,PENDING,
2752,21602c92-78f5-4c77-8ec5-73ff07100b2c,dac9ce9c-3e17-44ed-ac45-a48a89ca4b8d,REGISTERED,2026-03-18 11:45:10.272233+00:00,,PENDING,
2753,21602c92-78f5-4c77-8ec5-73ff07100b2c,317b3030-2453-480a-be7a-493d61b447f0,REGISTERED,2026-04-13 13:57:57.417532+00:00,,PENDING,
2754,21602c92-78f5-4c77-8ec5-73ff07100b2c,5dc41219-d217-4f8f-a4d3-a9ec3b263384,REGISTERED,2026-04-03 06:40:11.751485+00:00,,PENDING,
2755,21602c92-78f5-4c77-8ec5-73ff07100b2c,7dcdee17-8895-4c49-8c8b-2fe06574a692,CANCELLED,2026-04-29 00:13:28.674197+00:00,2026-04-29 05:54:52.573413+00:00,PENDING,Problème de disponibilité logistique.
2756,21602c92-78f5-4c77-8ec5-73ff07100b2c,586058b9-99bc-4600-9f37-87111fcaf37e,REGISTERED,2026-03-21 10:02:12.738761+00:00,,PENDING,
2757,21602c92-78f5-4c77-8ec5-73ff07100b2c,8954a352-4311-4f3c-a1bf-25bad61c44c0,CANCELLED,2026-04-26 20:44:28.960835+00:00,2026-04-30 01:17:32.934767+00:00,PENDING,Charge de travail incompatible avec l’événement.
2758,21602c92-78f5-4c77-8ec5-73ff07100b2c,20ce269e-2582-410c-94a7-4694b2562699,REGISTERED,2026-03-27 18:58:11.021528+00:00,,PENDING,
2759,21602c92-78f5-4c77-8ec5-73ff07100b2c,cba14f0b-756c-46b4-82ed-29b71212aeae,REGISTERED,2026-03-30 06:54:29.054371+00:00,,PENDING,
2760,21602c92-78f5-4c77-8ec5-73ff07100b2c,47711962-da22-4bdd-bbff-0bab2bfb0355,CANCELLED,2026-04-26 19:59:17.057862+00:00,2026-04-29 18:48:49.845465+00:00,PENDING,Indisponibilité personnelle signalée.
2761,21602c92-78f5-4c77-8ec5-73ff07100b2c,bc70bf9e-59c4-4c98-a89c-92f271b748cc,REGISTERED,2026-04-17 23:37:30.041981+00:00,,PENDING,
2762,21602c92-78f5-4c77-8ec5-73ff07100b2c,1a5ca586-55ef-4c1b-9c5f-2f5b56931420,REGISTERED,2026-04-28 11:25:43.518307+00:00,,PENDING,
2763,21602c92-78f5-4c77-8ec5-73ff07100b2c,09c9c2e9-4239-482d-891d-56063049a724,REGISTERED,2026-04-04 03:22:05.028066+00:00,,PENDING,
2764,21602c92-78f5-4c77-8ec5-73ff07100b2c,d2b19326-abcc-4c08-ac49-a94f14bc8481,REGISTERED,2026-04-09 01:00:05.947989+00:00,,PENDING,
2765,21602c92-78f5-4c77-8ec5-73ff07100b2c,d55047e0-37be-40fb-a90b-d53653e77f3c,REGISTERED,2026-04-16 08:21:20.407845+00:00,,PENDING,
2766,21602c92-78f5-4c77-8ec5-73ff07100b2c,d35f769d-d320-4357-a8ad-0db3cd7e1bcf,REGISTERED,2026-04-03 00:30:08.673938+00:00,,PENDING,
2767,cd2dfac3-7fe1-4edc-9241-30a280b5a20d,eacc44aa-5528-442f-bf03-d93b3123467d,REGISTERED,2026-04-06 03:14:34.363970+00:00,,PENDING,
2768,cd2dfac3-7fe1-4edc-9241-30a280b5a20d,1815820e-1287-4637-b9f1-9bd95f95ca22,REGISTERED,2026-04-12 06:29:02.756947+00:00,,PENDING,
2769,cd2dfac3-7fe1-4edc-9241-30a280b5a20d,bfe891b4-9403-4989-a44e-4cc7c30638a2,REGISTERED,2026-05-01 03:04:35.186984+00:00,,PENDING,
2770,cd2dfac3-7fe1-4edc-9241-30a280b5a20d,99deadaf-8a75-4075-aeaa-bf9ec069cd7a,REGISTERED,2026-04-26 02:47:35.984608+00:00,,PENDING,
2771,cd2dfac3-7fe1-4edc-9241-30a280b5a20d,5b4a4141-7738-4083-ae9c-db997fb64b4a,REGISTERED,2026-04-03 21:40:23.556665+00:00,,PENDING,
2772,cd2dfac3-7fe1-4edc-9241-30a280b5a20d,23f999be-8f3a-4135-a109-48825f2b5ce3,REGISTERED,2026-04-23 11:00:50.968629+00:00,,PENDING,
2773,cd2dfac3-7fe1-4edc-9241-30a280b5a20d,c4aac5db-f0a1-41f7-ad7b-af5bdfaee13f,REGISTERED,2026-04-10 12:03:40.677335+00:00,,PENDING,
2774,cd2dfac3-7fe1-4edc-9241-30a280b5a20d,09d2cf11-ac8c-461a-94a4-50153a860768,REGISTERED,2026-04-14 09:25:19.855053+00:00,,PENDING,
2775,cd2dfac3-7fe1-4edc-9241-30a280b5a20d,7b5a28c5-3946-4a3b-ad59-fc33a2e44d00,REGISTERED,2026-04-19 22:25:55.745119+00:00,,PENDING,
2776,cd2dfac3-7fe1-4edc-9241-30a280b5a20d,fafdca7b-2cc4-4de9-ae3c-7a78fdef7d92,REGISTERED,2026-04-07 21:47:28.964129+00:00,,PENDING,
2777,cd2dfac3-7fe1-4edc-9241-30a280b5a20d,ddf3e419-1b94-4594-a39d-89115b54e666,REGISTERED,2026-04-01 22:26:20.255850+00:00,,PENDING,
2778,cd2dfac3-7fe1-4edc-9241-30a280b5a20d,b13534c3-1d41-4edb-ad71-f6f58ff36484,CANCELLED,2026-04-08 12:19:27.013918+00:00,2026-04-20 22:05:10.966438+00:00,PENDING,Contrainte de planning de dernière minute.
2779,cd2dfac3-7fe1-4edc-9241-30a280b5a20d,fd139f69-a02f-403a-a413-19b49a716926,REGISTERED,2026-04-16 13:53:01.778973+00:00,,PENDING,
2780,cd2dfac3-7fe1-4edc-9241-30a280b5a20d,8109e1d3-64d6-452e-8d2d-8f0129c10b07,REGISTERED,2026-04-01 13:36:19.242568+00:00,,PENDING,
2781,cd2dfac3-7fe1-4edc-9241-30a280b5a20d,acbfcf92-50ae-44fd-b9a5-7c398170cfd5,REGISTERED,2026-04-21 15:05:14.614613+00:00,,PENDING,
2782,cd2dfac3-7fe1-4edc-9241-30a280b5a20d,c79bf178-2ad7-46c5-a8bc-69d76f5a35b2,REGISTERED,2026-04-17 11:12:08.533477+00:00,,PENDING,
2783,cd2dfac3-7fe1-4edc-9241-30a280b5a20d,985eaa3f-7b48-432c-980e-612cac39b2d6,REGISTERED,2026-04-25 15:16:06.323334+00:00,,PENDING,
2784,cd2dfac3-7fe1-4edc-9241-30a280b5a20d,6f1c92a2-1730-457e-af80-22ceee52065e,REGISTERED,2026-04-18 08:02:23.908276+00:00,,PENDING,
2785,cd2dfac3-7fe1-4edc-9241-30a280b5a20d,f594c6ae-fae0-4ba8-8668-199181bbdd68,REGISTERED,2026-04-22 02:42:08.495977+00:00,,PENDING,
2786,cd2dfac3-7fe1-4edc-9241-30a280b5a20d,38e6fcf7-6529-4aa2-8994-a3bd7449055c,REGISTERED,2026-04-11 14:20:09.890548+00:00,,PENDING,
2787,cd2dfac3-7fe1-4edc-9241-30a280b5a20d,d7187d09-a013-49c8-a1b3-d822b39752f7,REGISTERED,2026-03-26 05:58:17.898715+00:00,,PENDING,
2788,cd2dfac3-7fe1-4edc-9241-30a280b5a20d,3828eac9-779d-4dee-8a85-97444f82ce68,REGISTERED,2026-03-31 23:46:27.500749+00:00,,PENDING,
2789,cd2dfac3-7fe1-4edc-9241-30a280b5a20d,8f0f60eb-864b-4f40-8a52-83b880ef9342,REGISTERED,2026-04-03 20:02:32.278357+00:00,,PENDING,
2790,cd2dfac3-7fe1-4edc-9241-30a280b5a20d,4311ce77-f8c2-4006-914c-00bf45307cde,REGISTERED,2026-04-28 19:02:12.796618+00:00,,PENDING,
2791,cd2dfac3-7fe1-4edc-9241-30a280b5a20d,b55fd364-1df7-46e9-8a10-21de5cd5b1f3,REGISTERED,2026-04-23 21:59:54.526972+00:00,,PENDING,
2792,cd2dfac3-7fe1-4edc-9241-30a280b5a20d,c4f2d79f-23af-4742-9bde-78ffe22cfce6,REGISTERED,2026-04-18 02:23:29.300853+00:00,,PENDING,
2793,cd2dfac3-7fe1-4edc-9241-30a280b5a20d,80773d69-c298-4c18-89cd-2c5d7b1186c9,REGISTERED,2026-03-28 03:21:53.731510+00:00,,PENDING,
2794,cd2dfac3-7fe1-4edc-9241-30a280b5a20d,cd45e040-a67a-4dcd-9015-7d07e78b78d0,REGISTERED,2026-05-01 03:06:59.047316+00:00,,PENDING,
2795,cd2dfac3-7fe1-4edc-9241-30a280b5a20d,405aedd0-cb27-4b4c-a93e-b03ba37f2948,REGISTERED,2026-04-10 11:16:32.170365+00:00,,PENDING,
2796,cd2dfac3-7fe1-4edc-9241-30a280b5a20d,4fd7b80e-d72e-42b6-8127-2b77a2ab3795,REGISTERED,2026-03-28 04:15:29.109388+00:00,,PENDING,
2797,cd2dfac3-7fe1-4edc-9241-30a280b5a20d,9500eed0-ba6a-4e02-904a-16af00d46e3e,REGISTERED,2026-03-30 15:41:40.390855+00:00,,PENDING,
2798,cd2dfac3-7fe1-4edc-9241-30a280b5a20d,5bfb3b47-b622-4dea-bcef-0b3827189ab1,REGISTERED,2026-04-27 07:29:33.640833+00:00,,PENDING,
2799,cd2dfac3-7fe1-4edc-9241-30a280b5a20d,182f7f8c-7ece-40b1-9940-ad0854333381,REGISTERED,2026-04-26 01:07:17.321510+00:00,,PENDING,
2800,cd2dfac3-7fe1-4edc-9241-30a280b5a20d,7f1597a7-81b9-4a2c-9123-eee64ca91f04,REGISTERED,2026-04-10 21:46:24.754406+00:00,,PENDING,
2801,cd2dfac3-7fe1-4edc-9241-30a280b5a20d,a4a42f9d-a91e-4fe8-9b5b-917d60ef0495,CANCELLED,2026-03-31 14:09:59.940109+00:00,2026-04-25 15:47:51.094746+00:00,PENDING,Modification de l’agenda projet.
2802,cd2dfac3-7fe1-4edc-9241-30a280b5a20d,921f32d9-32ea-4d21-8db4-7b339d13a5b6,REGISTERED,2026-03-28 19:32:34.798080+00:00,,PENDING,
2803,cd2dfac3-7fe1-4edc-9241-30a280b5a20d,b85064cb-2497-4073-9f57-26339c4d0da4,REGISTERED,2026-04-12 01:18:12.820824+00:00,,PENDING,
2804,b5a07b22-e8b4-4066-9f47-dfab0796c1c3,63c7f6a6-1fb9-467e-a32c-b7f7fbd263d6,REGISTERED,2026-03-21 05:41:44.565990+00:00,,PRESENT,
2805,b5a07b22-e8b4-4066-9f47-dfab0796c1c3,4c9ed491-fd91-409f-a4ce-61dddd56f08f,REGISTERED,2026-01-19 18:02:26.657708+00:00,,PRESENT,
2806,b5a07b22-e8b4-4066-9f47-dfab0796c1c3,7f5ff8e9-537d-4aa6-b713-4dfdab32e67a,REGISTERED,2026-02-08 15:29:58.167014+00:00,,PRESENT,
2807,b5a07b22-e8b4-4066-9f47-dfab0796c1c3,44e180ab-f87f-4906-959a-d4208112dfeb,REGISTERED,2026-03-03 19:38:15.939477+00:00,,PRESENT,
2808,b5a07b22-e8b4-4066-9f47-dfab0796c1c3,ef6c19c9-41fb-4663-b095-fd6f807954ec,REGISTERED,2026-03-20 13:19:07.583816+00:00,,ABSENT,
2809,b5a07b22-e8b4-4066-9f47-dfab0796c1c3,a6d83b47-4658-4d4e-833d-7ef6e7cf2e94,REGISTERED,2026-02-04 15:26:16.604673+00:00,,PRESENT,
2810,b5a07b22-e8b4-4066-9f47-dfab0796c1c3,f88e79f6-5cdb-401c-9b0a-0035434d7b18,REGISTERED,2026-03-26 14:05:52.108465+00:00,,PRESENT,
2811,b5a07b22-e8b4-4066-9f47-dfab0796c1c3,ebabeeab-3d61-4de8-9cc1-9896c30de71c,REGISTERED,2026-01-23 05:08:05.955635+00:00,,ABSENT,
2812,b5a07b22-e8b4-4066-9f47-dfab0796c1c3,8e9296c5-bcd9-48b9-a595-2c11e6d596ef,REGISTERED,2026-01-22 02:04:58.697673+00:00,,PRESENT,
2813,b5a07b22-e8b4-4066-9f47-dfab0796c1c3,76cbf7c4-1a28-4125-bb2c-8e192a892807,REGISTERED,2026-01-19 19:44:10.206692+00:00,,PRESENT,
2814,b5a07b22-e8b4-4066-9f47-dfab0796c1c3,036311af-4d37-429f-bcee-1957beb2bdf5,REGISTERED,2026-03-25 14:15:22.325877+00:00,,PRESENT,
2815,b5a07b22-e8b4-4066-9f47-dfab0796c1c3,27450660-9126-425f-8a4c-ee13055c3619,CANCELLED,2026-02-19 15:03:25.547223+00:00,2026-04-18 15:18:49.395627+00:00,PENDING,Charge de travail incompatible avec l’événement.
2816,b5a07b22-e8b4-4066-9f47-dfab0796c1c3,2b1a62e7-f4c9-4a41-b2af-ca2285e01546,REGISTERED,2026-03-21 22:36:31.381908+00:00,,ABSENT,
2817,b5a07b22-e8b4-4066-9f47-dfab0796c1c3,8953121f-1a21-4cf5-9842-a8bab20d555c,REGISTERED,2026-02-23 13:14:47.086944+00:00,,PRESENT,
2818,b5a07b22-e8b4-4066-9f47-dfab0796c1c3,83591bb5-b0a5-432a-9670-a236e11cbb0b,REGISTERED,2026-02-19 04:25:09.151677+00:00,,PRESENT,
2819,b5a07b22-e8b4-4066-9f47-dfab0796c1c3,2a5fc018-eeb8-406f-83fc-1862252f93b0,REGISTERED,2026-01-30 23:11:34.184731+00:00,,PRESENT,
2820,b5a07b22-e8b4-4066-9f47-dfab0796c1c3,e8dda1ab-4e22-4b44-b642-16d429b530e6,REGISTERED,2026-02-05 16:12:19.476964+00:00,,PRESENT,
2821,b5a07b22-e8b4-4066-9f47-dfab0796c1c3,71c79692-c503-4f92-9e3b-427e5c06bcf3,REGISTERED,2026-03-10 00:20:23.753669+00:00,,PRESENT,
2822,b5a07b22-e8b4-4066-9f47-dfab0796c1c3,2620e675-d3ba-4ca5-85bf-2dd08f05bca7,REGISTERED,2026-03-03 05:27:41.309972+00:00,,PRESENT,
2823,b5a07b22-e8b4-4066-9f47-dfab0796c1c3,8de3a1bf-0867-4629-9291-42a74caf9008,REGISTERED,2026-02-19 09:02:18.327421+00:00,,PRESENT,
2824,b5a07b22-e8b4-4066-9f47-dfab0796c1c3,eb004ec6-6884-44b6-8aae-0caf60444601,REGISTERED,2026-03-28 03:49:35.423841+00:00,,PRESENT,
2825,b5a07b22-e8b4-4066-9f47-dfab0796c1c3,39a22ca0-e67b-4e63-8b37-6aea793fe5ea,REGISTERED,2026-01-19 14:31:10.231976+00:00,,PRESENT,
2826,b5a07b22-e8b4-4066-9f47-dfab0796c1c3,79456f8d-6ac6-4880-873b-04763ea7326d,REGISTERED,2026-03-19 16:25:27.145245+00:00,,PRESENT,
2827,b5a07b22-e8b4-4066-9f47-dfab0796c1c3,c58f7dbd-9a6d-4c3f-bed8-75f484e20259,CANCELLED,2026-02-28 14:29:52.386105+00:00,2026-03-11 16:26:32.534984+00:00,PENDING,Session finalement non pertinente pour le profil.
2828,b5a07b22-e8b4-4066-9f47-dfab0796c1c3,432c2cf9-dd95-45fd-9867-4bb233d84a2f,REGISTERED,2026-03-30 17:11:52.259658+00:00,,PRESENT,
2829,b5a07b22-e8b4-4066-9f47-dfab0796c1c3,04ebe506-cbfc-450e-9f9f-21e8320c892b,CANCELLED,2026-01-20 01:58:10.698501+00:00,2026-02-27 21:39:54.012126+00:00,PENDING,Invitation déclinée après réévaluation.
2830,b5a07b22-e8b4-4066-9f47-dfab0796c1c3,e51471b8-8541-4d90-8b64-727da5b9cb07,REGISTERED,2026-03-17 21:21:18.593603+00:00,,PRESENT,
2831,b5a07b22-e8b4-4066-9f47-dfab0796c1c3,4597622b-a50f-4a08-82d3-b202eb23c08b,REGISTERED,2026-03-23 08:23:38.615086+00:00,,PRESENT,
2832,b5a07b22-e8b4-4066-9f47-dfab0796c1c3,320bb62b-bc55-479e-a685-a27deaf87f3a,REGISTERED,2026-02-04 18:01:15.089662+00:00,,PRESENT,
2833,b5a07b22-e8b4-4066-9f47-dfab0796c1c3,36a7aa14-d53e-4d7a-9df0-346370185c99,REGISTERED,2026-02-11 08:33:56.754369+00:00,,PRESENT,
2834,b5a07b22-e8b4-4066-9f47-dfab0796c1c3,b03521e4-0ebe-4648-ac5a-5daa0bee8b89,REGISTERED,2026-03-06 18:15:19.976760+00:00,,PRESENT,
2835,b5a07b22-e8b4-4066-9f47-dfab0796c1c3,96f88851-c0d4-41cf-be20-b08886bc6e6c,REGISTERED,2026-02-10 05:20:19.022867+00:00,,ABSENT,
2836,b5a07b22-e8b4-4066-9f47-dfab0796c1c3,1b521727-2b9c-4bae-a8f2-c0b975bf998b,REGISTERED,2026-03-04 06:59:49.030993+00:00,,PRESENT,
2837,b5a07b22-e8b4-4066-9f47-dfab0796c1c3,d39a524e-7c94-4fbb-ae92-88b5fbdeaeb8,REGISTERED,2026-03-06 22:01:03.563962+00:00,,PRESENT,
2838,b5a07b22-e8b4-4066-9f47-dfab0796c1c3,a76c196d-d55a-489a-9e41-2892f1411a8b,REGISTERED,2026-03-16 10:46:28.576605+00:00,,PRESENT,
2839,b5a07b22-e8b4-4066-9f47-dfab0796c1c3,a7450ed8-f67b-4a15-a99a-a9fa649b6fd6,REGISTERED,2026-03-23 19:28:30.144476+00:00,,PRESENT,
2840,b5a07b22-e8b4-4066-9f47-dfab0796c1c3,9f62bec9-e71d-4e58-8eb0-f51c0c93bd4e,CANCELLED,2026-03-20 22:08:43.675948+00:00,2026-03-28 17:12:57.535643+00:00,PENDING,Changement de priorité métier.
2841,b5a07b22-e8b4-4066-9f47-dfab0796c1c3,0280d734-a9d4-4fa0-ab8b-772dff7f7954,REGISTERED,2026-03-24 23:14:02.635526+00:00,,PRESENT,
2842,b5a07b22-e8b4-4066-9f47-dfab0796c1c3,542706cb-ff1a-4d9a-9b3d-621e4e7fe4bb,REGISTERED,2026-03-25 10:00:43.202168+00:00,,PRESENT,
2843,b5a07b22-e8b4-4066-9f47-dfab0796c1c3,b78c727b-e0cf-4632-95c8-6d754d1b626c,REGISTERED,2026-03-31 18:15:32.810685+00:00,,PRESENT,
2844,b5a07b22-e8b4-4066-9f47-dfab0796c1c3,e24ef779-8a19-45dc-82da-af12648144c1,CANCELLED,2026-02-15 16:37:25.667796+00:00,2026-02-18 13:15:20.267779+00:00,PENDING,Conflit d’horaire avec une réunion prioritaire.
2845,b5a07b22-e8b4-4066-9f47-dfab0796c1c3,de60686f-1075-42f6-8d70-c65c29ff1620,REGISTERED,2026-03-09 00:18:25.414259+00:00,,PRESENT,
2846,b5a07b22-e8b4-4066-9f47-dfab0796c1c3,c590c49a-6aa2-4b9e-b7ef-8de08d64a34f,REGISTERED,2026-01-18 09:17:44.500744+00:00,,PRESENT,
2847,b5a07b22-e8b4-4066-9f47-dfab0796c1c3,ee85ed55-5fb4-47a4-8a52-97b44ea7f18e,CANCELLED,2026-02-07 15:19:53.011195+00:00,2026-03-22 21:23:07.175802+00:00,PENDING,Modification de l’agenda projet.
2848,b5a07b22-e8b4-4066-9f47-dfab0796c1c3,76d0d2a2-4118-4160-aa2f-d3e4e8396d50,REGISTERED,2026-03-11 03:36:12.562637+00:00,,PRESENT,
2849,b5a07b22-e8b4-4066-9f47-dfab0796c1c3,d8f6a1f6-2bba-4d6b-8516-7202830f5ffb,REGISTERED,2026-03-27 20:18:40.531168+00:00,,PRESENT,
2850,b5a07b22-e8b4-4066-9f47-dfab0796c1c3,553aa3f4-b0d4-4902-96eb-9580f1ab5102,CANCELLED,2026-02-24 12:26:04.051533+00:00,2026-04-01 13:33:49.397911+00:00,PENDING,Indisponibilité personnelle signalée.
2851,b5a07b22-e8b4-4066-9f47-dfab0796c1c3,79ecd19f-9a6a-4019-aeab-38a61af2036b,REGISTERED,2026-03-02 01:19:02.626689+00:00,,PRESENT,
2852,b5a07b22-e8b4-4066-9f47-dfab0796c1c3,039ce623-075d-4c69-9235-d786fde3bf5a,REGISTERED,2026-04-03 19:56:50.103420+00:00,,PRESENT,
2853,b5a07b22-e8b4-4066-9f47-dfab0796c1c3,da6180bb-789f-4ba7-887c-08f5033ce3bd,REGISTERED,2026-02-03 00:28:39.598136+00:00,,ABSENT,
2854,b5a07b22-e8b4-4066-9f47-dfab0796c1c3,5671894a-5a48-444a-8a73-5462d0f8e451,CANCELLED,2026-02-14 02:36:53.549225+00:00,2026-02-28 10:51:08.462494+00:00,PENDING,Participation remplacée par un collègue.
2855,b5a07b22-e8b4-4066-9f47-dfab0796c1c3,6c72c3eb-81e1-402e-8b91-1b315094e27e,REGISTERED,2026-03-07 07:02:41.354742+00:00,,PRESENT,
2856,b5a07b22-e8b4-4066-9f47-dfab0796c1c3,82acf793-5875-4b86-a2c7-7bfc77ca1687,REGISTERED,2026-03-31 13:01:07.121282+00:00,,PRESENT,
2857,b5a07b22-e8b4-4066-9f47-dfab0796c1c3,622dbe54-2ae7-45b3-9c3e-e10174715762,REGISTERED,2026-01-28 14:39:34.142925+00:00,,PRESENT,
2858,b5a07b22-e8b4-4066-9f47-dfab0796c1c3,9d9f828f-6d17-4846-b840-5c49524aebe1,REGISTERED,2026-02-11 01:24:17.783761+00:00,,PRESENT,
2859,b5a07b22-e8b4-4066-9f47-dfab0796c1c3,28ac5ef3-c8dc-4aa9-97a4-4bd90a55268b,REGISTERED,2026-01-30 19:20:31.022357+00:00,,PRESENT,
2860,a779c006-7510-4048-94bc-ffdc9259f64a,c024ae2f-747f-4e78-b09d-430b0eca3860,REGISTERED,2026-03-05 01:12:33.279250+00:00,,PRESENT,
2861,a779c006-7510-4048-94bc-ffdc9259f64a,a04f5eda-a557-4705-92b5-88cc55ea6558,REGISTERED,2026-01-25 09:36:04.930452+00:00,,PRESENT,
2862,a779c006-7510-4048-94bc-ffdc9259f64a,85d69c98-5b99-4368-9470-a023a0faaa39,REGISTERED,2026-01-25 13:01:51.228501+00:00,,PRESENT,
2863,a779c006-7510-4048-94bc-ffdc9259f64a,e7809835-b2eb-469d-af70-252267401dcd,REGISTERED,2026-01-09 09:32:14.069875+00:00,,PRESENT,
2864,a779c006-7510-4048-94bc-ffdc9259f64a,cabfbbfa-d76d-4f74-a0ec-910dd89f4794,REGISTERED,2026-02-24 09:53:12.564301+00:00,,PRESENT,
2865,a779c006-7510-4048-94bc-ffdc9259f64a,542134d1-b226-400c-8d7c-4e24b1a088a6,REGISTERED,2026-01-29 09:03:51.539184+00:00,,PRESENT,
2866,a779c006-7510-4048-94bc-ffdc9259f64a,4d667ed7-ec6b-4add-aae1-3807ff1a161c,REGISTERED,2026-02-19 14:02:23.378464+00:00,,PRESENT,
2867,a779c006-7510-4048-94bc-ffdc9259f64a,f2a1a80b-ee11-4d4d-934b-4728eb24d690,CANCELLED,2026-01-15 15:33:28.483236+00:00,2026-01-22 21:29:10.215302+00:00,PENDING,Erreur de choix de créneau.
2868,a779c006-7510-4048-94bc-ffdc9259f64a,4104f49c-666e-4c48-8185-e1ef630c83c1,REGISTERED,2026-01-11 10:08:05.701125+00:00,,PRESENT,
2869,a779c006-7510-4048-94bc-ffdc9259f64a,45f2fe70-a2a2-4fcc-b0f2-29306540418a,CANCELLED,2026-02-21 23:18:04.920798+00:00,2026-03-05 07:56:14.266334+00:00,PENDING,Indisponibilité personnelle signalée.
2870,a779c006-7510-4048-94bc-ffdc9259f64a,e63e4f83-e0ba-4644-a46a-7413de243920,REGISTERED,2026-02-12 17:54:26.063723+00:00,,PRESENT,
2871,a779c006-7510-4048-94bc-ffdc9259f64a,21e93a46-e401-457d-ad44-d22012a753d7,REGISTERED,2026-02-13 19:28:15.609534+00:00,,PRESENT,
2872,a779c006-7510-4048-94bc-ffdc9259f64a,3cb20e66-1f63-4917-96a0-d76276f9e1ec,REGISTERED,2026-01-31 00:00:51.726535+00:00,,PRESENT,
2873,a779c006-7510-4048-94bc-ffdc9259f64a,aa4e1ebb-5f2c-431e-b14c-49099924347c,CANCELLED,2026-03-04 19:57:13.283342+00:00,2026-03-08 04:48:13.877624+00:00,PENDING,Charge de travail incompatible avec l’événement.
2874,a779c006-7510-4048-94bc-ffdc9259f64a,6a1ea467-ea53-40e2-9b4e-81c03e3120f5,CANCELLED,2026-01-20 02:36:05.592844+00:00,2026-03-03 07:46:24.794642+00:00,PENDING,Inscription faite par erreur.
2875,a779c006-7510-4048-94bc-ffdc9259f64a,0d89d375-2da9-4e6e-bf17-55801c583b8e,REGISTERED,2026-01-11 05:14:55.870707+00:00,,PRESENT,
2876,a779c006-7510-4048-94bc-ffdc9259f64a,7b168703-cc4f-43e5-9775-7d74b4db3f7f,REGISTERED,2026-02-18 06:44:59.468983+00:00,,PRESENT,
2877,a779c006-7510-4048-94bc-ffdc9259f64a,2d2ef5e3-a9fa-454f-9d27-96ad5903a226,REGISTERED,2026-02-15 02:19:07.320695+00:00,,PRESENT,
2878,a779c006-7510-4048-94bc-ffdc9259f64a,a3befb78-1e74-4bd2-88bc-ea49d60ed7d7,REGISTERED,2026-01-23 11:01:42.347917+00:00,,ABSENT,
2879,a779c006-7510-4048-94bc-ffdc9259f64a,fcde4003-2759-47b7-b54d-25da4c86740a,CANCELLED,2026-03-01 13:17:07.154544+00:00,2026-03-03 19:38:22.085993+00:00,PENDING,Absence validée par le manager.
2880,a779c006-7510-4048-94bc-ffdc9259f64a,9fd6253e-a662-4cde-bf57-754afdda3595,REGISTERED,2026-01-10 15:50:39.800474+00:00,,ABSENT,
2881,a779c006-7510-4048-94bc-ffdc9259f64a,85b757d0-f583-4082-88db-1422127834d3,REGISTERED,2026-02-10 00:31:10.082066+00:00,,PRESENT,
2882,a779c006-7510-4048-94bc-ffdc9259f64a,a166e45a-4673-4033-bd08-6264c00ab024,CANCELLED,2026-02-22 01:07:16.447582+00:00,2026-03-07 17:01:55.018415+00:00,PENDING,Charge de travail incompatible avec l’événement.
2883,a779c006-7510-4048-94bc-ffdc9259f64a,03eeb36f-1602-4d94-af8d-fa5e5db432b8,REGISTERED,2026-01-12 23:48:36.007894+00:00,,PRESENT,
2884,a779c006-7510-4048-94bc-ffdc9259f64a,830b26e2-0a20-44ba-bebb-2eb0e55eb5eb,REGISTERED,2026-02-12 10:03:54.717467+00:00,,ABSENT,
2885,a779c006-7510-4048-94bc-ffdc9259f64a,57ba55cf-425f-48e2-9ed7-0fc2e1c80530,REGISTERED,2026-01-12 12:59:48.731698+00:00,,PRESENT,
2886,a779c006-7510-4048-94bc-ffdc9259f64a,77912841-0831-4559-9152-00fd23a9a51c,REGISTERED,2026-02-01 21:54:37.847228+00:00,,PRESENT,
2887,a779c006-7510-4048-94bc-ffdc9259f64a,1c17e3b7-1ace-4929-8a17-4b637e56b0b6,REGISTERED,2026-01-30 08:20:56.076975+00:00,,PRESENT,
2888,a779c006-7510-4048-94bc-ffdc9259f64a,523b8c7a-c2fe-456d-b96a-d35efdae8e10,REGISTERED,2026-01-13 15:53:24.425404+00:00,,PRESENT,
2889,a779c006-7510-4048-94bc-ffdc9259f64a,28719ef7-aaa2-49fe-b12a-4c8df12ddbbe,REGISTERED,2026-02-04 15:48:47.310838+00:00,,PRESENT,
2890,a779c006-7510-4048-94bc-ffdc9259f64a,767e0eaf-7303-4417-832c-a8e02100fe09,REGISTERED,2026-02-24 23:44:31.806592+00:00,,PRESENT,
2891,a779c006-7510-4048-94bc-ffdc9259f64a,13d27dae-abb6-45aa-8a42-aabcca05524a,REGISTERED,2026-01-13 05:57:23.823448+00:00,,PRESENT,
2892,a779c006-7510-4048-94bc-ffdc9259f64a,1bdd1aba-8056-4ec1-b09d-02acb85a9eab,REGISTERED,2026-02-13 18:41:52.237966+00:00,,PRESENT,
2893,a779c006-7510-4048-94bc-ffdc9259f64a,c95d510a-3346-4f36-be97-770bde6ccec1,REGISTERED,2026-01-19 06:52:18.642182+00:00,,ABSENT,
2894,a779c006-7510-4048-94bc-ffdc9259f64a,b84486da-21ec-4b82-bf29-a0ba711862f5,REGISTERED,2026-03-01 22:38:59.932439+00:00,,PRESENT,
2895,a779c006-7510-4048-94bc-ffdc9259f64a,8a674818-0a1b-475b-a8c9-cbe1e87d7943,REGISTERED,2026-02-15 03:16:42.884430+00:00,,PRESENT,
2896,a779c006-7510-4048-94bc-ffdc9259f64a,66254aec-711c-4731-ad1b-12358695cff5,CANCELLED,2026-03-04 03:22:23.921992+00:00,2026-03-06 03:12:59.927318+00:00,PENDING,Changement de priorité métier.
2897,a779c006-7510-4048-94bc-ffdc9259f64a,5a279486-f19e-477b-ada8-50c908151f96,REGISTERED,2026-02-18 02:03:45.770878+00:00,,PRESENT,
2898,a779c006-7510-4048-94bc-ffdc9259f64a,ca7c15d4-b63c-43b9-a154-a9f6ec9bd46d,REGISTERED,2026-02-16 21:41:52.583884+00:00,,PRESENT,
2899,a779c006-7510-4048-94bc-ffdc9259f64a,99be4c11-8624-4a8a-a33e-833f5dd5a1e5,REGISTERED,2026-03-02 19:10:23.417617+00:00,,ABSENT,
2900,a779c006-7510-4048-94bc-ffdc9259f64a,a7019b71-bdec-45fd-aa1f-46c39d0046c3,REGISTERED,2026-01-13 18:00:33.379310+00:00,,PRESENT,
2901,a779c006-7510-4048-94bc-ffdc9259f64a,9c80f797-b35a-496e-a518-bd9b32ba13b9,REGISTERED,2026-02-06 06:09:51.048796+00:00,,PRESENT,
2902,6d8bbf09-ddbd-4486-ace8-331d5488c2f8,6ff3f4c3-324c-4f23-9667-106f6600724b,REGISTERED,2026-04-15 16:30:57.777950+00:00,,PENDING,
2903,6d8bbf09-ddbd-4486-ace8-331d5488c2f8,181e7e03-af2a-43ee-9324-840d14c267d3,REGISTERED,2026-04-12 05:30:31.625156+00:00,,PENDING,
2904,02fd0fd1-c21e-4014-806f-5d8955a3edad,ea12320a-4a0d-419c-bf03-96d78e585918,REGISTERED,2026-04-23 15:15:09.992728+00:00,,PENDING,
2905,02fd0fd1-c21e-4014-806f-5d8955a3edad,cba14f0b-756c-46b4-82ed-29b71212aeae,REGISTERED,2026-04-25 11:52:02.653511+00:00,,PENDING,
2906,02fd0fd1-c21e-4014-806f-5d8955a3edad,96c2c320-89b7-409d-a93a-aee004fcc338,REGISTERED,2026-04-23 17:45:57.045947+00:00,,PENDING,
2907,02fd0fd1-c21e-4014-806f-5d8955a3edad,d0420627-79ac-4ec0-b46a-b70a49edb1d8,REGISTERED,2026-04-28 05:36:27.790785+00:00,,PENDING,
2908,02fd0fd1-c21e-4014-806f-5d8955a3edad,4c324c73-2dc1-425d-8e1b-f3224f6128ec,REGISTERED,2026-04-23 02:16:53.958727+00:00,,PENDING,
2909,02fd0fd1-c21e-4014-806f-5d8955a3edad,78af47a7-ad8d-4faf-a4eb-52cb18a6a2cd,REGISTERED,2026-04-05 13:15:02.336109+00:00,,PENDING,
2910,02fd0fd1-c21e-4014-806f-5d8955a3edad,4b525688-1acd-4981-b213-0ea3aa8ecb43,CANCELLED,2026-04-27 11:41:17.410365+00:00,2026-05-01 01:21:08.706823+00:00,PENDING,Contrainte de planning de dernière minute.
2911,02fd0fd1-c21e-4014-806f-5d8955a3edad,57b45e22-215a-4f53-8bf0-2a6895527cf0,REGISTERED,2026-04-16 11:14:08.547881+00:00,,PENDING,
2912,02fd0fd1-c21e-4014-806f-5d8955a3edad,b6421516-65a2-4794-a3cf-e6d057cb9c36,REGISTERED,2026-04-24 01:26:20.944931+00:00,,PENDING,
2913,02fd0fd1-c21e-4014-806f-5d8955a3edad,dadc6b32-cbe4-4de4-a808-13de29ec16d0,REGISTERED,2026-04-18 10:35:36.035679+00:00,,PENDING,
2914,02fd0fd1-c21e-4014-806f-5d8955a3edad,d7a3f62a-7276-4b1a-9abc-2110c1979b89,REGISTERED,2026-04-11 17:37:34.281871+00:00,,PENDING,
2915,02fd0fd1-c21e-4014-806f-5d8955a3edad,76c67646-085b-4496-a704-025ae0fbf520,REGISTERED,2026-04-20 11:42:53.548982+00:00,,PENDING,
2916,02fd0fd1-c21e-4014-806f-5d8955a3edad,13b60d08-4e39-4999-9cce-26b8ce8619c7,REGISTERED,2026-04-19 21:30:31.218821+00:00,,PENDING,
2917,02fd0fd1-c21e-4014-806f-5d8955a3edad,6a02ace1-ef25-49eb-9361-c0c9a567599d,REGISTERED,2026-04-17 05:41:36.547666+00:00,,PENDING,
2918,02fd0fd1-c21e-4014-806f-5d8955a3edad,f50ff8d2-296b-430d-bc2e-7a3ba13a75b7,REGISTERED,2026-05-01 08:40:44.995080+00:00,,PENDING,
2919,02fd0fd1-c21e-4014-806f-5d8955a3edad,7dcdee17-8895-4c49-8c8b-2fe06574a692,REGISTERED,2026-04-14 23:04:54.758567+00:00,,PENDING,
2920,02fd0fd1-c21e-4014-806f-5d8955a3edad,f0e0881e-5be2-4c7e-9a12-6c8d41853e5b,REGISTERED,2026-04-05 20:48:44.123310+00:00,,PENDING,
2921,02fd0fd1-c21e-4014-806f-5d8955a3edad,074ac71d-aafc-47a0-9056-0c48ad4084ce,REGISTERED,2026-04-16 00:52:13.873576+00:00,,PENDING,
2922,02fd0fd1-c21e-4014-806f-5d8955a3edad,465f2a51-6e74-4cea-b466-c62c29193b73,REGISTERED,2026-04-29 09:49:19.201251+00:00,,PENDING,
2923,02fd0fd1-c21e-4014-806f-5d8955a3edad,3dded13e-5120-43d0-a063-fb98185a8252,CANCELLED,2026-04-12 22:20:09.553318+00:00,2026-04-20 05:02:05.742832+00:00,PENDING,Déplacement professionnel confirmé.
2924,02fd0fd1-c21e-4014-806f-5d8955a3edad,6ff3f4c3-324c-4f23-9667-106f6600724b,REGISTERED,2026-04-30 02:54:13.980587+00:00,,PENDING,
2925,02fd0fd1-c21e-4014-806f-5d8955a3edad,5e61724f-7287-442f-963a-0d5dd803249c,REGISTERED,2026-04-16 11:29:29.551737+00:00,,PENDING,
2926,02fd0fd1-c21e-4014-806f-5d8955a3edad,1a5ca586-55ef-4c1b-9c5f-2f5b56931420,REGISTERED,2026-04-17 04:07:34.524795+00:00,,PENDING,
2927,02fd0fd1-c21e-4014-806f-5d8955a3edad,a3ff7146-5c5d-4b32-aa8d-e1dc67bae50e,REGISTERED,2026-04-25 20:35:37.848252+00:00,,PENDING,
2928,02fd0fd1-c21e-4014-806f-5d8955a3edad,d55047e0-37be-40fb-a90b-d53653e77f3c,REGISTERED,2026-04-10 12:52:55.966645+00:00,,PENDING,
2929,02fd0fd1-c21e-4014-806f-5d8955a3edad,a5e91f29-76ad-47df-8a3c-43ad203ed9c3,REGISTERED,2026-04-06 02:57:04.403845+00:00,,PENDING,
2930,02fd0fd1-c21e-4014-806f-5d8955a3edad,fd4de66f-9089-4132-b386-bcc0aed023a5,REGISTERED,2026-04-04 11:57:24.137878+00:00,,PENDING,
2931,02fd0fd1-c21e-4014-806f-5d8955a3edad,ae62feb9-2fe5-4f14-9abc-6d3de60551e9,REGISTERED,2026-04-03 14:34:40.626209+00:00,,PENDING,
2932,02fd0fd1-c21e-4014-806f-5d8955a3edad,5dc41219-d217-4f8f-a4d3-a9ec3b263384,REGISTERED,2026-04-30 10:53:12.020240+00:00,,PENDING,
2933,02fd0fd1-c21e-4014-806f-5d8955a3edad,3153eaad-facb-4e77-bf73-9a19018c032d,REGISTERED,2026-04-24 11:32:49.208717+00:00,,PENDING,
2934,02fd0fd1-c21e-4014-806f-5d8955a3edad,b3d93062-a120-4b9f-8188-3421e21ae870,REGISTERED,2026-04-08 06:34:02.079493+00:00,,PENDING,
2935,02fd0fd1-c21e-4014-806f-5d8955a3edad,166df1e8-caee-4766-9016-af436f3aba44,REGISTERED,2026-04-12 21:43:33.973011+00:00,,PENDING,
2936,02fd0fd1-c21e-4014-806f-5d8955a3edad,cb6d8e05-1472-47ff-b732-cb920eb596dd,REGISTERED,2026-04-29 17:58:32.416346+00:00,,PENDING,
2937,02fd0fd1-c21e-4014-806f-5d8955a3edad,a8d3e377-0e26-45b7-bd86-63aae9be7dbb,REGISTERED,2026-04-11 08:42:19.548200+00:00,,PENDING,
2938,02fd0fd1-c21e-4014-806f-5d8955a3edad,09c9c2e9-4239-482d-891d-56063049a724,REGISTERED,2026-04-14 04:09:19.603330+00:00,,PENDING,
2939,02fd0fd1-c21e-4014-806f-5d8955a3edad,e1a6a44d-3130-4403-b5cb-3639929a10a0,REGISTERED,2026-04-03 22:26:17.280332+00:00,,PENDING,
2940,02fd0fd1-c21e-4014-806f-5d8955a3edad,592aac8f-3efc-40e6-8749-bea31258b4be,REGISTERED,2026-04-25 04:30:15.484549+00:00,,PENDING,
2941,02fd0fd1-c21e-4014-806f-5d8955a3edad,2d1d0a12-4b10-45f0-b7dc-0403ac89b5a1,REGISTERED,2026-04-18 20:40:20.060641+00:00,,PENDING,
2942,91d84e8b-66e1-469a-b5e8-ddf49c43965f,9fd6253e-a662-4cde-bf57-754afdda3595,REGISTERED,2026-02-11 07:51:09.519995+00:00,,PENDING,
2943,91d84e8b-66e1-469a-b5e8-ddf49c43965f,a591d7b9-6744-40ef-b79a-1c739115b99c,REGISTERED,2026-01-30 05:29:53.169455+00:00,,PENDING,
2944,91d84e8b-66e1-469a-b5e8-ddf49c43965f,f3ee8d81-bce1-4705-a1dd-180f42249038,REGISTERED,2026-02-05 01:23:33.460583+00:00,,PENDING,
2945,91d84e8b-66e1-469a-b5e8-ddf49c43965f,5783b7bc-8de7-40b5-b1e8-896921098bd2,REGISTERED,2026-02-11 04:49:58.884423+00:00,,PENDING,
2946,91d84e8b-66e1-469a-b5e8-ddf49c43965f,1f386289-521a-489e-a60a-2c215d2f95e7,REGISTERED,2026-03-11 22:46:48.616878+00:00,,PENDING,
2947,91d84e8b-66e1-469a-b5e8-ddf49c43965f,f5ccc467-2763-4435-88f8-0c697c5bc756,REGISTERED,2026-02-03 08:36:45.882211+00:00,,PENDING,
2948,91d84e8b-66e1-469a-b5e8-ddf49c43965f,a6d83b47-4658-4d4e-833d-7ef6e7cf2e94,CANCELLED,2026-02-12 22:37:58.047165+00:00,2026-04-03 18:39:25.517221+00:00,PENDING,Charge de travail incompatible avec l’événement.
2949,91d84e8b-66e1-469a-b5e8-ddf49c43965f,67a9bdfe-c1f6-4192-8df9-d2341b9bf61f,REGISTERED,2026-03-12 09:35:40.404736+00:00,,PENDING,
2950,91d84e8b-66e1-469a-b5e8-ddf49c43965f,bcd22804-cb9b-430b-879b-fbdade368183,REGISTERED,2026-04-19 05:03:52.090368+00:00,,PENDING,
2951,91d84e8b-66e1-469a-b5e8-ddf49c43965f,35b84825-f888-46e4-90d7-f9a8cd6a7762,REGISTERED,2026-02-21 12:19:02.346815+00:00,,PENDING,
2952,91d84e8b-66e1-469a-b5e8-ddf49c43965f,b6421516-65a2-4794-a3cf-e6d057cb9c36,REGISTERED,2026-04-01 02:41:49.161974+00:00,,PENDING,
2953,91d84e8b-66e1-469a-b5e8-ddf49c43965f,a89515f9-4488-4475-881f-f37f70224a3f,REGISTERED,2026-04-05 16:42:06.085795+00:00,,PENDING,
2954,91d84e8b-66e1-469a-b5e8-ddf49c43965f,28ed3041-bf44-4e82-90cd-dbc09eec2534,REGISTERED,2026-02-18 17:31:56.214422+00:00,,PENDING,
2955,91d84e8b-66e1-469a-b5e8-ddf49c43965f,368b0c1f-2b18-45ae-8c55-7445a2e631bc,REGISTERED,2026-02-08 08:50:22.086204+00:00,,PENDING,
2956,91d84e8b-66e1-469a-b5e8-ddf49c43965f,7271cad9-975d-443d-9dc6-13dc2769c77d,REGISTERED,2026-03-08 06:46:31.606355+00:00,,PENDING,
2957,91d84e8b-66e1-469a-b5e8-ddf49c43965f,9a1159ca-5027-4cc5-acce-0e458cb282f9,REGISTERED,2026-03-20 12:14:30.247696+00:00,,PENDING,
2958,91d84e8b-66e1-469a-b5e8-ddf49c43965f,ea31e60e-7c45-4d0d-a72a-9b1bff423649,REGISTERED,2026-03-11 04:45:32.236196+00:00,,PENDING,
2959,91d84e8b-66e1-469a-b5e8-ddf49c43965f,e4f84c7d-fddd-4aec-b66c-9e63b0300989,REGISTERED,2026-04-08 06:46:20.067163+00:00,,PENDING,
2960,91d84e8b-66e1-469a-b5e8-ddf49c43965f,cb9bfc83-d69e-4da2-b15e-b524df16c0e3,REGISTERED,2026-03-27 05:57:56.191558+00:00,,PENDING,
2961,91d84e8b-66e1-469a-b5e8-ddf49c43965f,7bf1e94f-695d-4afe-9fb2-f60aff59abb9,REGISTERED,2026-03-02 17:24:19.149747+00:00,,PENDING,
2962,91d84e8b-66e1-469a-b5e8-ddf49c43965f,5e61724f-7287-442f-963a-0d5dd803249c,REGISTERED,2026-02-03 05:31:53.196359+00:00,,PENDING,
2963,91d84e8b-66e1-469a-b5e8-ddf49c43965f,c4f2d79f-23af-4742-9bde-78ffe22cfce6,REGISTERED,2026-02-11 18:21:19.792382+00:00,,PENDING,
2964,91d84e8b-66e1-469a-b5e8-ddf49c43965f,33611d4a-b72d-4868-8862-37dc6da35c82,REGISTERED,2026-02-03 18:26:09.882150+00:00,,PENDING,
2965,91d84e8b-66e1-469a-b5e8-ddf49c43965f,ad0019b6-763f-4495-9027-62286284764a,REGISTERED,2026-04-14 15:22:07.074531+00:00,,PENDING,
2966,91d84e8b-66e1-469a-b5e8-ddf49c43965f,9670db24-9fbd-4eae-8798-eee73b7f38b0,REGISTERED,2026-02-09 22:28:00.612554+00:00,,PENDING,
2967,91d84e8b-66e1-469a-b5e8-ddf49c43965f,5ab7c5af-6bf1-4ff5-93a6-4bcc1ea926d5,CANCELLED,2026-02-15 13:09:49.758937+00:00,2026-03-10 17:50:58.783588+00:00,PENDING,Problème de disponibilité logistique.
2968,91d84e8b-66e1-469a-b5e8-ddf49c43965f,32093958-cbbd-4c22-a8c5-3659bb18aae5,REGISTERED,2026-03-01 20:42:28.759588+00:00,,PENDING,
2969,91d84e8b-66e1-469a-b5e8-ddf49c43965f,8954a352-4311-4f3c-a1bf-25bad61c44c0,REGISTERED,2026-04-01 01:20:32.235045+00:00,,PENDING,
2970,91d84e8b-66e1-469a-b5e8-ddf49c43965f,ad184e40-aa0e-44d2-bd36-24c1cc63cd67,REGISTERED,2026-04-23 02:44:19.539671+00:00,,PENDING,
2971,91d84e8b-66e1-469a-b5e8-ddf49c43965f,7ff2c490-b386-436c-86c2-79a11610b881,REGISTERED,2026-03-27 15:55:21.262731+00:00,,PENDING,
2972,91d84e8b-66e1-469a-b5e8-ddf49c43965f,18aee4d1-ff77-49a2-bce1-9d47c65368ae,REGISTERED,2026-04-21 23:16:31.530786+00:00,,PENDING,
2973,91d84e8b-66e1-469a-b5e8-ddf49c43965f,20ce269e-2582-410c-94a7-4694b2562699,REGISTERED,2026-03-01 11:37:56.362758+00:00,,PENDING,
2974,91d84e8b-66e1-469a-b5e8-ddf49c43965f,bb262322-0e8b-4c64-957d-3ecaf2e87b49,CANCELLED,2026-02-15 02:31:05.255366+00:00,2026-04-22 07:02:29.444584+00:00,PENDING,Besoin de suivre une autre session en priorité.
2975,91d84e8b-66e1-469a-b5e8-ddf49c43965f,66254aec-711c-4731-ad1b-12358695cff5,REGISTERED,2026-04-19 05:19:00.809419+00:00,,PENDING,
2976,91d84e8b-66e1-469a-b5e8-ddf49c43965f,6e55651b-8ed1-4671-be45-9df63f4dbdb6,REGISTERED,2026-04-13 01:56:12.330287+00:00,,PENDING,
2977,91d84e8b-66e1-469a-b5e8-ddf49c43965f,d25b06d5-af6c-43d4-9ba8-d64bdd39a1a4,REGISTERED,2026-02-10 08:00:37.591251+00:00,,PENDING,
2978,91d84e8b-66e1-469a-b5e8-ddf49c43965f,68188865-471e-41c4-ab21-d803009fe1ae,REGISTERED,2026-02-02 05:12:19.675349+00:00,,PENDING,
2979,91d84e8b-66e1-469a-b5e8-ddf49c43965f,a839e782-c52a-420c-a7e1-e03328578e0d,CANCELLED,2026-03-12 18:27:12.617861+00:00,2026-04-13 02:27:26.602608+00:00,PENDING,Problème de disponibilité logistique.
2980,91d84e8b-66e1-469a-b5e8-ddf49c43965f,4b6514c1-383f-4056-9a6e-81fe0599fec3,CANCELLED,2026-02-22 05:49:36.820095+00:00,2026-03-01 08:17:56.719138+00:00,PENDING,Invitation déclinée après réévaluation.
2981,91d84e8b-66e1-469a-b5e8-ddf49c43965f,29e789b9-43d6-4d77-bba5-a8fe5bbec079,REGISTERED,2026-04-12 13:50:57.746655+00:00,,PENDING,
2982,91d84e8b-66e1-469a-b5e8-ddf49c43965f,a1c5d618-8d96-458c-8e77-e2adbc9f6c23,REGISTERED,2026-02-04 13:15:16.967293+00:00,,PENDING,
2983,91d84e8b-66e1-469a-b5e8-ddf49c43965f,aea65023-ce55-417a-a93c-d43c8afc615f,CANCELLED,2026-04-06 19:20:44.899115+00:00,2026-04-07 21:28:24.493641+00:00,PENDING,Charge de travail incompatible avec l’événement.
2984,91d84e8b-66e1-469a-b5e8-ddf49c43965f,0d3b9abd-2bf6-47a0-b674-e66bfbd1c058,REGISTERED,2026-04-22 02:40:11.358017+00:00,,PENDING,
2985,91d84e8b-66e1-469a-b5e8-ddf49c43965f,d2b19326-abcc-4c08-ac49-a94f14bc8481,REGISTERED,2026-02-09 18:19:22.950503+00:00,,PENDING,
2986,91d84e8b-66e1-469a-b5e8-ddf49c43965f,39a22ca0-e67b-4e63-8b37-6aea793fe5ea,REGISTERED,2026-03-16 16:21:07.985598+00:00,,PENDING,
2987,91d84e8b-66e1-469a-b5e8-ddf49c43965f,6ed2246c-0899-4390-bcd4-1c784aa4dcbf,REGISTERED,2026-03-30 12:43:54.091299+00:00,,PENDING,
2988,91d84e8b-66e1-469a-b5e8-ddf49c43965f,ea1a0264-de52-481b-a0f7-f867deda082c,REGISTERED,2026-02-23 05:23:26.595455+00:00,,PENDING,
2989,14a8728b-a1a8-4ec8-91b1-bc3de87341f1,05ebad91-5c0a-406d-b835-141c19b231e0,REGISTERED,2026-04-30 21:54:11.489097+00:00,,PENDING,
2990,14a8728b-a1a8-4ec8-91b1-bc3de87341f1,f13df37c-d98f-46b6-94f2-685c946a87c1,REGISTERED,2026-04-28 06:52:18.663009+00:00,,PENDING,
2991,14a8728b-a1a8-4ec8-91b1-bc3de87341f1,b6a8879c-3ed7-476d-8f1c-47f8f344f70d,REGISTERED,2026-04-30 07:41:45.320106+00:00,,PENDING,
2992,14a8728b-a1a8-4ec8-91b1-bc3de87341f1,f8d7dc0b-5a3b-44ee-98f3-b79e6f774b1e,REGISTERED,2026-05-01 00:40:45.117314+00:00,,PENDING,
2993,14a8728b-a1a8-4ec8-91b1-bc3de87341f1,e684e654-4778-457f-88f4-600f7b349c6a,REGISTERED,2026-04-30 03:37:27.687659+00:00,,PENDING,
2994,14a8728b-a1a8-4ec8-91b1-bc3de87341f1,8f774f8b-da2a-4c78-929b-0896a8c710b9,REGISTERED,2026-04-28 11:33:42.163236+00:00,,PENDING,
2995,14a8728b-a1a8-4ec8-91b1-bc3de87341f1,eaaf4ff9-389b-4404-8570-7d2997f37220,REGISTERED,2026-04-28 17:04:19.440097+00:00,,PENDING,
2996,14a8728b-a1a8-4ec8-91b1-bc3de87341f1,278dc842-25a6-4a12-919b-ae5cb5106a96,REGISTERED,2026-04-29 01:20:39.437727+00:00,,PENDING,
2997,14a8728b-a1a8-4ec8-91b1-bc3de87341f1,c3f44d1a-e988-4b73-a7f1-9fe2fbfeaaca,REGISTERED,2026-04-28 16:24:28.981782+00:00,,PENDING,
2998,a9fa85b7-b670-4801-9455-5a31e1324072,16f1ef83-2744-47e3-a8fa-a79542e39c6e,REGISTERED,2026-03-25 00:13:14.609865+00:00,,PENDING,
2999,a9fa85b7-b670-4801-9455-5a31e1324072,dd9df6aa-658b-4a83-a5f1-25bf41aa21bd,CANCELLED,2026-03-30 06:29:29.121230+00:00,2026-03-31 00:58:55.592579+00:00,PENDING,Erreur de choix de créneau.
3000,a9fa85b7-b670-4801-9455-5a31e1324072,26d51b07-49a9-4201-b13c-709dbf828241,REGISTERED,2026-04-04 23:15:33.970901+00:00,,PENDING,
3001,a9fa85b7-b670-4801-9455-5a31e1324072,b5470472-a376-405f-b34f-b7e3e01322d5,REGISTERED,2026-03-30 22:48:00.691816+00:00,,PENDING,
3002,a9fa85b7-b670-4801-9455-5a31e1324072,bebe014f-7c1c-4d4c-93b4-536cb5e45af9,REGISTERED,2026-03-27 02:56:37.941689+00:00,,PENDING,
3003,a9fa85b7-b670-4801-9455-5a31e1324072,c347dd6b-20d6-49f1-b00c-10e9d401a28a,REGISTERED,2026-04-03 13:27:03.808780+00:00,,PENDING,
3004,a9fa85b7-b670-4801-9455-5a31e1324072,8d88e517-90c5-4bdc-ab37-50e7d4be7387,REGISTERED,2026-04-30 01:29:10.585316+00:00,,PENDING,
3005,a9fa85b7-b670-4801-9455-5a31e1324072,ebc876d8-1628-4ff4-afd4-eea254a75a3c,REGISTERED,2026-04-21 11:17:51.231166+00:00,,PENDING,
3006,a9fa85b7-b670-4801-9455-5a31e1324072,d4bea928-8cc6-40c1-ad6c-85ba2f32c3ca,REGISTERED,2026-04-16 03:53:03.032939+00:00,,PENDING,
3007,a9fa85b7-b670-4801-9455-5a31e1324072,f85deb38-8a7f-46fd-aa7f-0c9d18401a70,REGISTERED,2026-03-28 20:43:50.240258+00:00,,PENDING,
3008,a9fa85b7-b670-4801-9455-5a31e1324072,495bd104-33c7-4b5a-9072-a2d144130630,REGISTERED,2026-03-30 19:36:49.524503+00:00,,PENDING,
3009,a9fa85b7-b670-4801-9455-5a31e1324072,4aebd320-ccf1-472f-a813-521405bb8292,REGISTERED,2026-04-27 13:15:43.185214+00:00,,PENDING,
3010,a9fa85b7-b670-4801-9455-5a31e1324072,7fe85746-fe19-422b-8bf2-d167d79a2d1a,REGISTERED,2026-04-24 09:19:21.201112+00:00,,PENDING,
3011,a9fa85b7-b670-4801-9455-5a31e1324072,2fbcc1cb-3f24-49ae-8318-d9d8b3352464,REGISTERED,2026-04-18 08:58:54.550351+00:00,,PENDING,
3012,a9fa85b7-b670-4801-9455-5a31e1324072,78c254c8-e08c-423c-b031-4de7e4eb1f25,REGISTERED,2026-04-23 19:40:37.243335+00:00,,PENDING,
3013,a9fa85b7-b670-4801-9455-5a31e1324072,01803a15-0ee4-4416-9a44-f065aa0b82f0,REGISTERED,2026-04-25 12:35:19.156925+00:00,,PENDING,
3014,a9fa85b7-b670-4801-9455-5a31e1324072,53691fc5-65db-4948-a53d-05eb7c9cbafd,REGISTERED,2026-04-03 13:58:30.299948+00:00,,PENDING,
3015,a9fa85b7-b670-4801-9455-5a31e1324072,b028e6d5-941b-4894-816c-80a8024ffabd,REGISTERED,2026-04-19 19:18:18.338642+00:00,,PENDING,
3016,a9fa85b7-b670-4801-9455-5a31e1324072,de28480c-d0d0-4780-9b2f-53c70c8b5ed5,REGISTERED,2026-04-05 04:54:55.362841+00:00,,PENDING,
3017,a9fa85b7-b670-4801-9455-5a31e1324072,a839e782-c52a-420c-a7e1-e03328578e0d,CANCELLED,2026-04-14 08:11:30.338378+00:00,2026-04-16 20:29:17.905975+00:00,PENDING,Invitation déclinée après réévaluation.
3018,a9fa85b7-b670-4801-9455-5a31e1324072,c6c4c07d-3b41-4f86-8ba6-5dee77d99dd6,REGISTERED,2026-04-14 11:46:10.552469+00:00,,PENDING,
3019,a9fa85b7-b670-4801-9455-5a31e1324072,c316d911-6157-4923-83d0-94e475c6acc5,REGISTERED,2026-04-22 23:06:51.139141+00:00,,PENDING,
3020,31a7a6c8-5cc2-46b5-adfe-573cfd00515c,f4cd3bad-4dac-4e03-9295-0b1a528ef4eb,REGISTERED,2026-03-16 05:33:30.987583+00:00,,PENDING,
3021,31a7a6c8-5cc2-46b5-adfe-573cfd00515c,50773668-ccfb-4603-bfcb-0f0535410c84,REGISTERED,2026-02-26 01:29:11.504732+00:00,,PENDING,
3022,31a7a6c8-5cc2-46b5-adfe-573cfd00515c,767e0eaf-7303-4417-832c-a8e02100fe09,REGISTERED,2026-04-10 16:12:29.676424+00:00,,PENDING,
3023,31a7a6c8-5cc2-46b5-adfe-573cfd00515c,79456f8d-6ac6-4880-873b-04763ea7326d,REGISTERED,2026-02-23 00:33:27.807871+00:00,,PENDING,
3024,31a7a6c8-5cc2-46b5-adfe-573cfd00515c,e63e4f83-e0ba-4644-a46a-7413de243920,REGISTERED,2026-04-09 21:59:42.328632+00:00,,PENDING,
3025,31a7a6c8-5cc2-46b5-adfe-573cfd00515c,5fe4475c-7b8d-4cab-b303-1f34d174a1a2,REGISTERED,2026-03-30 05:17:53.498799+00:00,,PENDING,
3026,31a7a6c8-5cc2-46b5-adfe-573cfd00515c,293234f8-6b59-4c8c-b69f-e7044d6e9add,REGISTERED,2026-04-18 02:14:40.314540+00:00,,PENDING,
3027,31a7a6c8-5cc2-46b5-adfe-573cfd00515c,91f76ca7-ada9-4b5b-87c9-c7b966228ec6,CANCELLED,2026-04-21 03:13:01.084091+00:00,2026-04-23 07:02:51.431427+00:00,PENDING,Problème de disponibilité logistique.
3028,31a7a6c8-5cc2-46b5-adfe-573cfd00515c,5553c5bf-a6be-43ce-99ca-71a0dd00c526,CANCELLED,2026-02-09 04:34:30.856816+00:00,2026-03-10 11:55:09.024939+00:00,PENDING,Charge de travail incompatible avec l’événement.
3029,31a7a6c8-5cc2-46b5-adfe-573cfd00515c,af533c93-0a75-475d-b87d-b1decc84048b,REGISTERED,2026-03-18 13:28:55.105795+00:00,,PENDING,
3030,31a7a6c8-5cc2-46b5-adfe-573cfd00515c,cdceb895-35d8-4e18-b3c1-c6e0cb902595,REGISTERED,2026-03-24 22:00:10.074927+00:00,,PENDING,
3031,31a7a6c8-5cc2-46b5-adfe-573cfd00515c,ee1c4d3b-ec68-41f3-b7f1-58779c7a6bd9,CANCELLED,2026-03-09 13:10:33.786517+00:00,2026-04-23 22:04:14.773301+00:00,PENDING,Charge de travail incompatible avec l’événement.
3032,31a7a6c8-5cc2-46b5-adfe-573cfd00515c,67a9bdfe-c1f6-4192-8df9-d2341b9bf61f,REGISTERED,2026-03-11 21:48:20.580516+00:00,,PENDING,
3033,31a7a6c8-5cc2-46b5-adfe-573cfd00515c,53234d32-ce6e-4a41-989f-d1958715bab4,REGISTERED,2026-04-10 07:18:05.799487+00:00,,PENDING,
3034,31a7a6c8-5cc2-46b5-adfe-573cfd00515c,11e4bafe-f46f-4714-ae79-46782f98afcc,REGISTERED,2026-04-21 00:19:31.017082+00:00,,PENDING,
3035,31a7a6c8-5cc2-46b5-adfe-573cfd00515c,8954a352-4311-4f3c-a1bf-25bad61c44c0,REGISTERED,2026-01-22 10:33:18.554322+00:00,,PENDING,
3036,31a7a6c8-5cc2-46b5-adfe-573cfd00515c,14982b70-3b85-4fff-9449-0f42ce2dd336,REGISTERED,2026-04-05 14:24:17.946702+00:00,,PENDING,
3037,31a7a6c8-5cc2-46b5-adfe-573cfd00515c,786ba2a2-fd55-4c3c-82a9-6ab4566b3717,REGISTERED,2026-01-07 10:52:31.741727+00:00,,PENDING,
3038,31a7a6c8-5cc2-46b5-adfe-573cfd00515c,c30e3c38-9098-40b2-9aed-839d9ad0eeb8,REGISTERED,2026-04-13 15:56:51.903948+00:00,,PENDING,
3039,31a7a6c8-5cc2-46b5-adfe-573cfd00515c,67218b7a-eda7-4eed-b37b-939fba1ef9ce,REGISTERED,2026-02-25 16:47:49.271626+00:00,,PENDING,
3040,31a7a6c8-5cc2-46b5-adfe-573cfd00515c,182f7f8c-7ece-40b1-9940-ad0854333381,REGISTERED,2026-01-10 00:00:57.916585+00:00,,PENDING,
3041,31a7a6c8-5cc2-46b5-adfe-573cfd00515c,ef6c19c9-41fb-4663-b095-fd6f807954ec,REGISTERED,2026-01-14 15:58:32.879422+00:00,,PENDING,
3042,31a7a6c8-5cc2-46b5-adfe-573cfd00515c,7a896dbe-f0e6-49e6-be1b-41feb6e585a7,REGISTERED,2026-04-18 00:51:47.759972+00:00,,PENDING,
3043,31a7a6c8-5cc2-46b5-adfe-573cfd00515c,d8442010-86d2-470e-89d9-f9e4e6c5e0df,REGISTERED,2026-04-16 09:32:35.891210+00:00,,PENDING,
3044,31a7a6c8-5cc2-46b5-adfe-573cfd00515c,ce737a66-340f-45b5-b53a-c9066f05836b,CANCELLED,2026-01-15 04:13:55.746311+00:00,2026-01-21 02:40:29.503043+00:00,PENDING,Problème de disponibilité logistique.
3045,31a7a6c8-5cc2-46b5-adfe-573cfd00515c,f5856cb1-16f0-45c5-83c8-8332602c0554,REGISTERED,2026-02-06 06:59:35.706413+00:00,,PENDING,
3046,31a7a6c8-5cc2-46b5-adfe-573cfd00515c,5d703c5b-8047-4ae3-8d64-bd4389210efb,REGISTERED,2026-04-18 13:14:59.032627+00:00,,PENDING,
3047,31a7a6c8-5cc2-46b5-adfe-573cfd00515c,07e91d9a-58ac-4123-b88a-e84d593d3c95,REGISTERED,2026-02-14 06:17:07.467837+00:00,,PENDING,
3048,31a7a6c8-5cc2-46b5-adfe-573cfd00515c,036311af-4d37-429f-bcee-1957beb2bdf5,REGISTERED,2026-01-22 06:24:27.651653+00:00,,PENDING,
3049,31a7a6c8-5cc2-46b5-adfe-573cfd00515c,3dd95e2a-5330-4b89-abcd-aecc3361f37d,REGISTERED,2026-02-25 08:25:25.208634+00:00,,PENDING,
3050,31a7a6c8-5cc2-46b5-adfe-573cfd00515c,2cd12ab6-9690-4f95-a135-d3dc346ec176,REGISTERED,2026-01-24 17:38:58.459841+00:00,,PENDING,
3051,31a7a6c8-5cc2-46b5-adfe-573cfd00515c,fdaa0ab3-4f74-427f-8610-07c992b50bf5,REGISTERED,2026-02-19 14:16:20.440228+00:00,,PENDING,
3052,31a7a6c8-5cc2-46b5-adfe-573cfd00515c,a7450ed8-f67b-4a15-a99a-a9fa649b6fd6,REGISTERED,2026-03-10 05:21:26.541815+00:00,,PENDING,
3053,31a7a6c8-5cc2-46b5-adfe-573cfd00515c,e0b41b2a-0c7b-41b4-b605-9004a85a2f65,REGISTERED,2026-02-08 15:24:56.837839+00:00,,PENDING,
3054,31a7a6c8-5cc2-46b5-adfe-573cfd00515c,ce27506a-6bbb-4843-9346-2fd118966745,REGISTERED,2026-01-09 06:50:55.984831+00:00,,PENDING,
3055,31a7a6c8-5cc2-46b5-adfe-573cfd00515c,acbfcf92-50ae-44fd-b9a5-7c398170cfd5,REGISTERED,2026-04-23 10:45:25.746106+00:00,,PENDING,
3056,b1709fee-0a7a-466a-8dbb-4a76734039a3,de4286de-b923-4053-93ef-12d2821eb39f,REGISTERED,2026-04-05 20:58:27.571884+00:00,,PENDING,
3057,b1709fee-0a7a-466a-8dbb-4a76734039a3,e63e4f83-e0ba-4644-a46a-7413de243920,REGISTERED,2026-03-20 21:08:30.768872+00:00,,PENDING,
3058,b1709fee-0a7a-466a-8dbb-4a76734039a3,11e4bafe-f46f-4714-ae79-46782f98afcc,REGISTERED,2026-02-04 14:18:10.447974+00:00,,PENDING,
3059,b1709fee-0a7a-466a-8dbb-4a76734039a3,82acf793-5875-4b86-a2c7-7bfc77ca1687,REGISTERED,2026-02-05 15:27:43.349630+00:00,,PENDING,
3060,b1709fee-0a7a-466a-8dbb-4a76734039a3,d432410f-620e-49df-9646-346e8457b3bf,REGISTERED,2026-04-29 22:50:01.462343+00:00,,PENDING,
3061,b1709fee-0a7a-466a-8dbb-4a76734039a3,dfc8f475-9202-4a52-9002-24f557cc4c64,REGISTERED,2026-04-01 04:26:33.053927+00:00,,PENDING,
3062,b1709fee-0a7a-466a-8dbb-4a76734039a3,49a32bab-cd26-41b3-bd72-44b130c4f30f,CANCELLED,2026-02-17 21:37:11.501397+00:00,2026-03-05 21:40:29.034676+00:00,PENDING,Besoin de suivre une autre session en priorité.
3063,b1709fee-0a7a-466a-8dbb-4a76734039a3,aaf51b3f-54ec-45c3-8487-c08aaa05d8c7,REGISTERED,2026-04-07 06:19:59.572171+00:00,,PENDING,
3064,b1709fee-0a7a-466a-8dbb-4a76734039a3,f94cae4d-1651-4cf9-829f-4b10982ab3a1,REGISTERED,2026-04-19 14:48:55.968122+00:00,,PENDING,
3065,b1709fee-0a7a-466a-8dbb-4a76734039a3,7f5ff8e9-537d-4aa6-b713-4dfdab32e67a,REGISTERED,2026-04-17 12:06:15.822906+00:00,,PENDING,
3066,b1709fee-0a7a-466a-8dbb-4a76734039a3,c7d4b081-bb87-4340-9a1f-0649f6113b13,REGISTERED,2026-02-01 09:30:37.224681+00:00,,PENDING,
3067,b1709fee-0a7a-466a-8dbb-4a76734039a3,d0254122-89ed-45f1-9608-36032344bddd,REGISTERED,2026-04-01 04:00:09.140790+00:00,,PENDING,
3068,b1709fee-0a7a-466a-8dbb-4a76734039a3,c1e9f1c5-3a1d-407e-9767-7cb7c9089296,REGISTERED,2026-01-19 00:25:59.716054+00:00,,PENDING,
3069,b1709fee-0a7a-466a-8dbb-4a76734039a3,77912841-0831-4559-9152-00fd23a9a51c,REGISTERED,2026-02-10 15:53:08.500791+00:00,,PENDING,
3070,b1709fee-0a7a-466a-8dbb-4a76734039a3,40bd5505-6dbf-49ae-817e-6ca216a5630f,REGISTERED,2026-04-28 03:40:30.729694+00:00,,PENDING,
3071,b1709fee-0a7a-466a-8dbb-4a76734039a3,8d973db4-761f-47fc-a137-ab4ad30532c7,REGISTERED,2026-02-05 09:49:10.508601+00:00,,PENDING,
3072,b1709fee-0a7a-466a-8dbb-4a76734039a3,db513ac4-80bc-4d09-864b-24fb5dee1da4,REGISTERED,2026-04-24 06:32:00.508968+00:00,,PENDING,
3073,b1709fee-0a7a-466a-8dbb-4a76734039a3,f2a1a80b-ee11-4d4d-934b-4728eb24d690,REGISTERED,2026-03-08 12:00:50.779370+00:00,,PENDING,
3074,b1709fee-0a7a-466a-8dbb-4a76734039a3,e6693802-b58f-4be6-8509-975c7975dc5b,REGISTERED,2026-02-18 10:03:08.318365+00:00,,PENDING,
3075,b1709fee-0a7a-466a-8dbb-4a76734039a3,0deea514-779a-4aa2-b500-353e426c4bb8,REGISTERED,2026-03-17 10:49:59.389036+00:00,,PENDING,
3076,b1709fee-0a7a-466a-8dbb-4a76734039a3,ea36f8c9-4d00-4fba-b63b-acf0a7b24913,REGISTERED,2026-03-29 20:12:54.223066+00:00,,PENDING,
3077,b1709fee-0a7a-466a-8dbb-4a76734039a3,c3cebde2-04c5-4bd6-8742-5138c5699944,REGISTERED,2026-02-06 02:55:52.738215+00:00,,PENDING,
3078,b1709fee-0a7a-466a-8dbb-4a76734039a3,e3327257-45ae-4912-b4c2-08f9cb4d8536,REGISTERED,2026-03-12 20:32:13.627001+00:00,,PENDING,
3079,b1709fee-0a7a-466a-8dbb-4a76734039a3,fe585dc9-87c1-4767-acfc-0cb180014620,REGISTERED,2026-04-29 14:03:22.110365+00:00,,PENDING,
3080,b1709fee-0a7a-466a-8dbb-4a76734039a3,767e0eaf-7303-4417-832c-a8e02100fe09,REGISTERED,2026-04-14 14:05:30.538447+00:00,,PENDING,
3081,b1709fee-0a7a-466a-8dbb-4a76734039a3,f653f156-dd8f-4bb2-977b-79810e01781b,REGISTERED,2026-04-08 08:47:56.668224+00:00,,PENDING,
3082,b1709fee-0a7a-466a-8dbb-4a76734039a3,c0651ad3-8066-41be-bcae-d7c1a16aa7f5,CANCELLED,2026-04-21 08:51:33.794161+00:00,2026-04-28 10:41:58.918418+00:00,PENDING,Inscription faite par erreur.
3083,b1709fee-0a7a-466a-8dbb-4a76734039a3,d04fc3d7-1126-4cb3-9932-981657c916cf,REGISTERED,2026-04-18 05:26:25.896373+00:00,,PENDING,
3084,b1709fee-0a7a-466a-8dbb-4a76734039a3,c45d7879-b91c-47e2-9f80-fe17082b34a9,REGISTERED,2026-04-26 02:25:33.073580+00:00,,PENDING,
3085,b1709fee-0a7a-466a-8dbb-4a76734039a3,ce83a092-82c8-459d-a3f0-992a16e68c2c,REGISTERED,2026-03-24 19:01:07.806626+00:00,,PENDING,
3086,b1709fee-0a7a-466a-8dbb-4a76734039a3,8006d300-c0ae-4a0d-ba53-074804f86119,REGISTERED,2026-01-30 17:54:12.967538+00:00,,PENDING,
3087,b1709fee-0a7a-466a-8dbb-4a76734039a3,e6cbc23c-448f-475b-9d8d-a739cbc80407,REGISTERED,2026-01-25 10:00:22.162169+00:00,,PENDING,
3088,b1709fee-0a7a-466a-8dbb-4a76734039a3,8f30d88b-449d-4b4a-8d70-907a78ca75cb,CANCELLED,2026-03-21 19:10:47.679099+00:00,2026-03-29 21:29:31.959684+00:00,PENDING,Conflit d’horaire avec une réunion prioritaire.
3089,b1709fee-0a7a-466a-8dbb-4a76734039a3,da7d8ca8-db94-48b0-87a9-6c6a4d12c1cb,REGISTERED,2026-02-14 06:45:21.853898+00:00,,PENDING,
3090,b1709fee-0a7a-466a-8dbb-4a76734039a3,33f7c853-3ff8-4418-bdb9-d83a6f30531c,REGISTERED,2026-02-23 14:46:34.565811+00:00,,PENDING,
3091,b1709fee-0a7a-466a-8dbb-4a76734039a3,746f9a16-167c-4335-ad48-53bd33464aae,REGISTERED,2026-03-12 11:42:03.802154+00:00,,PENDING,
3092,b1709fee-0a7a-466a-8dbb-4a76734039a3,7ff2c490-b386-436c-86c2-79a11610b881,REGISTERED,2026-01-26 03:02:33.662283+00:00,,PENDING,
3093,b1709fee-0a7a-466a-8dbb-4a76734039a3,d46a3b65-b3c2-4019-9b15-047e249159c1,REGISTERED,2026-04-30 21:54:24.626746+00:00,,PENDING,
3094,b1709fee-0a7a-466a-8dbb-4a76734039a3,c13abe7d-3c09-4714-9eb5-f4811cd6ae6b,REGISTERED,2026-02-02 06:11:27.907625+00:00,,PENDING,
3095,b1709fee-0a7a-466a-8dbb-4a76734039a3,181e7e03-af2a-43ee-9324-840d14c267d3,REGISTERED,2026-03-11 18:33:03.563211+00:00,,PENDING,
3096,92996b96-1f0b-4fc5-93c1-29c049d8b841,75c4fd88-9e44-46ab-b324-a068f16ab956,REGISTERED,2026-02-09 12:42:06.049244+00:00,,PENDING,
3097,92996b96-1f0b-4fc5-93c1-29c049d8b841,b899ea61-699a-400a-98b6-1966f23e209b,REGISTERED,2026-02-11 10:17:03.869551+00:00,,PENDING,
3098,92996b96-1f0b-4fc5-93c1-29c049d8b841,0ad2e8b9-a1e4-439b-82a6-7043befa8527,REGISTERED,2026-04-14 11:53:08.338074+00:00,,PENDING,
3099,92996b96-1f0b-4fc5-93c1-29c049d8b841,af533c93-0a75-475d-b87d-b1decc84048b,REGISTERED,2026-02-09 06:28:12.886555+00:00,,PENDING,
3100,92996b96-1f0b-4fc5-93c1-29c049d8b841,7120f862-693b-4518-8e4c-e2bfe7963695,REGISTERED,2026-02-27 06:04:01.391662+00:00,,PENDING,
3101,92996b96-1f0b-4fc5-93c1-29c049d8b841,dafc105e-50d6-45fc-881b-f8c7648a1d01,REGISTERED,2026-02-18 18:53:38.555126+00:00,,PENDING,
3102,92996b96-1f0b-4fc5-93c1-29c049d8b841,04bb8b7a-cd4c-4a01-91d4-4704fda80686,CANCELLED,2026-01-19 05:00:51.161716+00:00,2026-03-15 03:41:06.762522+00:00,PENDING,Inscription faite par erreur.
3103,92996b96-1f0b-4fc5-93c1-29c049d8b841,256b281f-27a3-4756-9132-21f4a6f1d868,REGISTERED,2026-01-30 14:29:01.520296+00:00,,PENDING,
3104,92996b96-1f0b-4fc5-93c1-29c049d8b841,3fe14d18-0cfa-492c-9c98-5c09e18406f4,REGISTERED,2026-01-26 18:07:32.378033+00:00,,PENDING,
3105,92996b96-1f0b-4fc5-93c1-29c049d8b841,50773668-ccfb-4603-bfcb-0f0535410c84,REGISTERED,2026-03-07 00:48:50.240893+00:00,,PENDING,
3106,92996b96-1f0b-4fc5-93c1-29c049d8b841,b945f48a-ccc4-43f6-928b-e2c1f46146b6,REGISTERED,2026-02-28 09:18:42.951968+00:00,,PENDING,
3107,92996b96-1f0b-4fc5-93c1-29c049d8b841,bec21b43-0b9a-4b14-aec4-4493b6192e37,REGISTERED,2026-04-20 23:09:00.998365+00:00,,PENDING,
3108,92996b96-1f0b-4fc5-93c1-29c049d8b841,278dc842-25a6-4a12-919b-ae5cb5106a96,REGISTERED,2026-04-06 14:47:38.541394+00:00,,PENDING,
3109,92996b96-1f0b-4fc5-93c1-29c049d8b841,368b0c1f-2b18-45ae-8c55-7445a2e631bc,REGISTERED,2026-04-15 03:18:43.586943+00:00,,PENDING,
3110,92996b96-1f0b-4fc5-93c1-29c049d8b841,216e3c28-a95a-4cd1-b163-01b319c3d109,REGISTERED,2026-03-25 21:49:55.824504+00:00,,PENDING,
3111,92996b96-1f0b-4fc5-93c1-29c049d8b841,eaaf4ff9-389b-4404-8570-7d2997f37220,REGISTERED,2026-03-27 04:11:19.262405+00:00,,PENDING,
3112,92996b96-1f0b-4fc5-93c1-29c049d8b841,07e91d9a-58ac-4123-b88a-e84d593d3c95,REGISTERED,2026-03-01 14:08:01.171722+00:00,,PENDING,
3113,92996b96-1f0b-4fc5-93c1-29c049d8b841,2e981684-37c3-4d1b-b874-e32a851cd0af,REGISTERED,2026-02-16 02:55:43.607167+00:00,,PENDING,
3114,92996b96-1f0b-4fc5-93c1-29c049d8b841,136f0269-75a4-4b80-bd35-7c42da9c9843,REGISTERED,2026-04-28 08:42:09.578655+00:00,,PENDING,
3115,92996b96-1f0b-4fc5-93c1-29c049d8b841,5b666a1b-6391-46d4-8c0c-b2e34ab3fb1b,CANCELLED,2026-04-28 14:50:29.327315+00:00,2026-04-30 11:25:36.779153+00:00,PENDING,Participation remplacée par un collègue.
3116,92996b96-1f0b-4fc5-93c1-29c049d8b841,9d77bbdb-a7c6-48dc-8333-69d2a53bae58,REGISTERED,2026-02-16 20:17:30.076257+00:00,,PENDING,
3117,92996b96-1f0b-4fc5-93c1-29c049d8b841,dbb62cac-e512-454a-a2dd-cd278e6b0b3e,REGISTERED,2026-01-09 08:53:53.401034+00:00,,PENDING,
3118,92996b96-1f0b-4fc5-93c1-29c049d8b841,4c166401-3fd9-47c6-993a-883bd0d2ca29,REGISTERED,2026-02-26 21:32:06.701825+00:00,,PENDING,
3119,92996b96-1f0b-4fc5-93c1-29c049d8b841,d3a11e22-80f0-4ba2-bbb9-8e0549c5deb0,REGISTERED,2026-04-12 10:16:55.306739+00:00,,PENDING,
3120,92996b96-1f0b-4fc5-93c1-29c049d8b841,c7d4b081-bb87-4340-9a1f-0649f6113b13,REGISTERED,2026-03-14 02:51:23.063517+00:00,,PENDING,
3121,92996b96-1f0b-4fc5-93c1-29c049d8b841,91e9323a-e856-492f-b6b6-379bc6570add,REGISTERED,2026-01-09 19:37:47.099971+00:00,,PENDING,
3122,92996b96-1f0b-4fc5-93c1-29c049d8b841,e684e654-4778-457f-88f4-600f7b349c6a,CANCELLED,2026-02-13 23:07:42.026215+00:00,2026-04-26 02:47:36.724156+00:00,PENDING,Charge de travail incompatible avec l’événement.
3123,92996b96-1f0b-4fc5-93c1-29c049d8b841,b1873d56-50de-46f2-a6c2-a907abb54442,REGISTERED,2026-03-24 08:39:48.874960+00:00,,PENDING,
3124,92996b96-1f0b-4fc5-93c1-29c049d8b841,9d09832f-ff19-4c77-9c05-12881b06c117,REGISTERED,2026-03-22 01:19:10.430452+00:00,,PENDING,
3125,92996b96-1f0b-4fc5-93c1-29c049d8b841,473aea92-b352-4816-84a6-998d6674e016,REGISTERED,2026-02-19 07:51:14.093833+00:00,,PENDING,
3126,92996b96-1f0b-4fc5-93c1-29c049d8b841,b6a8879c-3ed7-476d-8f1c-47f8f344f70d,REGISTERED,2026-03-25 21:29:51.670184+00:00,,PENDING,
3127,92996b96-1f0b-4fc5-93c1-29c049d8b841,aea65023-ce55-417a-a93c-d43c8afc615f,REGISTERED,2026-03-18 19:21:06.877060+00:00,,PENDING,
3128,92996b96-1f0b-4fc5-93c1-29c049d8b841,0d3b9abd-2bf6-47a0-b674-e66bfbd1c058,REGISTERED,2026-01-25 09:56:59.687437+00:00,,PENDING,
3129,92996b96-1f0b-4fc5-93c1-29c049d8b841,05ebad91-5c0a-406d-b835-141c19b231e0,REGISTERED,2026-02-13 18:52:31.321136+00:00,,PENDING,
3130,92996b96-1f0b-4fc5-93c1-29c049d8b841,16ce6d70-5405-478a-a25a-cc332ef4b47c,REGISTERED,2026-02-25 04:28:30.845359+00:00,,PENDING,
3131,92996b96-1f0b-4fc5-93c1-29c049d8b841,0aa6c832-d272-493b-af96-e53a16a8ba84,REGISTERED,2026-03-21 11:18:03.415090+00:00,,PENDING,
3132,92996b96-1f0b-4fc5-93c1-29c049d8b841,8f774f8b-da2a-4c78-929b-0896a8c710b9,REGISTERED,2026-03-11 03:35:18.237129+00:00,,PENDING,
3133,92996b96-1f0b-4fc5-93c1-29c049d8b841,f11017f7-2d00-4f17-9c8e-53b9e06a8ca4,REGISTERED,2026-04-04 13:47:53.609176+00:00,,PENDING,
3134,92996b96-1f0b-4fc5-93c1-29c049d8b841,921a0f6a-b2e3-4312-947d-dbb1a59b7f17,REGISTERED,2026-03-09 08:18:54.646709+00:00,,PENDING,
3135,92996b96-1f0b-4fc5-93c1-29c049d8b841,2924ebf4-7416-4911-9fb8-c3bd86f39111,REGISTERED,2026-04-19 10:00:23.223368+00:00,,PENDING,
3136,92996b96-1f0b-4fc5-93c1-29c049d8b841,15422187-1dc9-46d5-8bf2-867217ee9f44,REGISTERED,2026-02-19 16:36:45.971391+00:00,,PENDING,
3137,f770a84d-ce63-418e-802d-0968d4ae5ba3,6487383a-0fb9-4616-a52e-d9a0ba69cc53,CANCELLED,2026-04-29 00:33:11.011618+00:00,2026-04-30 05:49:59.160157+00:00,PENDING,Session finalement non pertinente pour le profil.
3138,f770a84d-ce63-418e-802d-0968d4ae5ba3,05c492af-d761-4387-82ef-5279befcf02d,REGISTERED,2026-04-23 23:01:29.749069+00:00,,PENDING,
3139,f770a84d-ce63-418e-802d-0968d4ae5ba3,09c9c2e9-4239-482d-891d-56063049a724,REGISTERED,2026-04-05 17:15:21.630375+00:00,,PENDING,
3140,f770a84d-ce63-418e-802d-0968d4ae5ba3,622dbe54-2ae7-45b3-9c3e-e10174715762,REGISTERED,2026-04-09 20:41:22.452063+00:00,,PENDING,
3141,f770a84d-ce63-418e-802d-0968d4ae5ba3,fc076384-0f92-412b-9cd2-b54ac7597f75,REGISTERED,2026-04-25 06:09:45.625326+00:00,,PENDING,
3142,f770a84d-ce63-418e-802d-0968d4ae5ba3,385f81d4-6aef-41cb-a04f-f1dc4b4c392c,REGISTERED,2026-04-19 07:18:48.754465+00:00,,PENDING,
3143,f770a84d-ce63-418e-802d-0968d4ae5ba3,cb17d7d1-9663-46f6-8a78-677490248001,REGISTERED,2026-04-28 19:16:00.613257+00:00,,PENDING,
3144,f770a84d-ce63-418e-802d-0968d4ae5ba3,7120f862-693b-4518-8e4c-e2bfe7963695,REGISTERED,2026-04-11 22:56:31.522714+00:00,,PENDING,
3145,f770a84d-ce63-418e-802d-0968d4ae5ba3,b84486da-21ec-4b82-bf29-a0ba711862f5,REGISTERED,2026-04-05 19:02:12.630860+00:00,,PENDING,
3146,f770a84d-ce63-418e-802d-0968d4ae5ba3,52f2e173-d75b-4075-99c9-bd30847845ad,REGISTERED,2026-04-16 23:25:52.645706+00:00,,PENDING,
3147,f770a84d-ce63-418e-802d-0968d4ae5ba3,a166e45a-4673-4033-bd08-6264c00ab024,REGISTERED,2026-04-08 18:14:39.643757+00:00,,PENDING,
3148,f770a84d-ce63-418e-802d-0968d4ae5ba3,692a8a6c-d41c-400a-a1eb-e5c04cf9e6df,REGISTERED,2026-04-07 22:57:06.107381+00:00,,PENDING,
3149,f770a84d-ce63-418e-802d-0968d4ae5ba3,b945f48a-ccc4-43f6-928b-e2c1f46146b6,REGISTERED,2026-04-06 08:08:45.435895+00:00,,PENDING,
3150,f770a84d-ce63-418e-802d-0968d4ae5ba3,caca8e6f-6250-4097-921b-cd1598cb3532,REGISTERED,2026-04-20 19:19:34.567181+00:00,,PENDING,
3151,f770a84d-ce63-418e-802d-0968d4ae5ba3,3a08652a-01d6-4fac-9ce5-fcbee3269ae4,REGISTERED,2026-04-27 13:12:33.815006+00:00,,PENDING,
3152,f770a84d-ce63-418e-802d-0968d4ae5ba3,f6441207-59b2-4d0d-8e38-22e2061a049e,REGISTERED,2026-04-21 21:36:38.950928+00:00,,PENDING,
3153,f770a84d-ce63-418e-802d-0968d4ae5ba3,b108c01c-8d8b-44d9-b7b4-c8ff2f95bdfa,REGISTERED,2026-04-16 15:04:01.529985+00:00,,PENDING,
3154,f770a84d-ce63-418e-802d-0968d4ae5ba3,e5ccee59-74ad-4614-9ebb-e2b31cd8f624,REGISTERED,2026-04-29 04:11:14.331951+00:00,,PENDING,
3155,f770a84d-ce63-418e-802d-0968d4ae5ba3,01803a15-0ee4-4416-9a44-f065aa0b82f0,REGISTERED,2026-04-22 13:40:28.116920+00:00,,PENDING,
3156,f770a84d-ce63-418e-802d-0968d4ae5ba3,320540a7-1daa-4726-b502-7fecc0270091,REGISTERED,2026-04-06 15:13:13.934537+00:00,,PENDING,
3157,f770a84d-ce63-418e-802d-0968d4ae5ba3,cdceb895-35d8-4e18-b3c1-c6e0cb902595,REGISTERED,2026-04-16 08:46:07.464185+00:00,,PENDING,
3158,f770a84d-ce63-418e-802d-0968d4ae5ba3,b55fd364-1df7-46e9-8a10-21de5cd5b1f3,REGISTERED,2026-04-19 09:03:09.613667+00:00,,PENDING,
3159,f770a84d-ce63-418e-802d-0968d4ae5ba3,915de5a6-4e56-45a3-9ec0-f304a3b83653,REGISTERED,2026-04-05 04:37:07.251426+00:00,,PENDING,
3160,f770a84d-ce63-418e-802d-0968d4ae5ba3,e1b1a83d-dc8c-4bf1-a264-f6eea0333568,REGISTERED,2026-04-16 02:22:33.049743+00:00,,PENDING,
3161,f770a84d-ce63-418e-802d-0968d4ae5ba3,b4b6c65f-6664-4d76-b394-e61f1c8f8ec1,REGISTERED,2026-04-27 20:06:23.872325+00:00,,PENDING,
3162,f770a84d-ce63-418e-802d-0968d4ae5ba3,68694506-5179-4288-8fa1-878fbaa48615,CANCELLED,2026-04-28 09:43:50.336351+00:00,2026-05-01 07:19:49.341631+00:00,PENDING,Modification de l’agenda projet.
3163,f770a84d-ce63-418e-802d-0968d4ae5ba3,c0f17624-388d-4a76-833d-00a5d20ecc26,REGISTERED,2026-04-16 11:54:34.440819+00:00,,PENDING,
3164,f770a84d-ce63-418e-802d-0968d4ae5ba3,5974ae31-04b8-4503-9dea-54b6eb4c5696,CANCELLED,2026-04-11 14:45:05.803589+00:00,2026-04-17 05:34:32.298232+00:00,PENDING,Session finalement non pertinente pour le profil.
3165,f770a84d-ce63-418e-802d-0968d4ae5ba3,5c093bcb-a8f8-495e-9e59-fe544f16ea0b,REGISTERED,2026-04-27 19:32:17.686158+00:00,,PENDING,
3166,f770a84d-ce63-418e-802d-0968d4ae5ba3,fe585dc9-87c1-4767-acfc-0cb180014620,REGISTERED,2026-04-01 23:46:24.716914+00:00,,PENDING,
3167,f770a84d-ce63-418e-802d-0968d4ae5ba3,4d667ed7-ec6b-4add-aae1-3807ff1a161c,REGISTERED,2026-04-24 15:30:35.224293+00:00,,PENDING,
3168,f770a84d-ce63-418e-802d-0968d4ae5ba3,9630d3c5-3a6f-4cba-bd6b-09ef4505332e,REGISTERED,2026-04-27 12:11:03.659036+00:00,,PENDING,
3169,f770a84d-ce63-418e-802d-0968d4ae5ba3,5c5fb113-5843-4b29-8933-b0d016b33d25,REGISTERED,2026-04-18 12:10:42.222731+00:00,,PENDING,
3170,f770a84d-ce63-418e-802d-0968d4ae5ba3,fd980494-269c-489f-be6e-0159fbcec461,REGISTERED,2026-04-21 15:15:05.223578+00:00,,PENDING,
3171,f770a84d-ce63-418e-802d-0968d4ae5ba3,16027d3d-1f20-426f-a1bf-3b8acac085b6,REGISTERED,2026-04-07 08:48:46.007535+00:00,,PENDING,
3172,f770a84d-ce63-418e-802d-0968d4ae5ba3,45c10be6-7fac-4883-8cee-b772caa3f8de,REGISTERED,2026-04-16 13:19:45.257163+00:00,,PENDING,
3173,f770a84d-ce63-418e-802d-0968d4ae5ba3,bbeb5b7f-c80b-4db1-ba90-903c1a075cf7,REGISTERED,2026-04-01 09:41:23.379169+00:00,,PENDING,
3174,f770a84d-ce63-418e-802d-0968d4ae5ba3,569ecf53-8fa2-437c-b040-27ed48d0b96f,REGISTERED,2026-04-07 08:13:38.627188+00:00,,PENDING,
3175,f770a84d-ce63-418e-802d-0968d4ae5ba3,76a9bda7-4fee-4da7-a23d-97f4c3bfc3a1,REGISTERED,2026-04-04 16:06:50.466224+00:00,,PENDING,
3176,f770a84d-ce63-418e-802d-0968d4ae5ba3,36188e90-d5be-40a4-9643-81566debb269,REGISTERED,2026-04-17 15:25:18.902019+00:00,,PENDING,
3177,f770a84d-ce63-418e-802d-0968d4ae5ba3,4126b992-e218-4090-8952-12b50eedb60c,REGISTERED,2026-04-06 03:58:05.918569+00:00,,PENDING,
3178,f770a84d-ce63-418e-802d-0968d4ae5ba3,f2d45b59-75cd-44be-b428-acaecb458fb7,REGISTERED,2026-04-06 23:34:23.512458+00:00,,PENDING,
3179,f770a84d-ce63-418e-802d-0968d4ae5ba3,e3327257-45ae-4912-b4c2-08f9cb4d8536,REGISTERED,2026-04-07 23:17:44.426228+00:00,,PENDING,
3180,f770a84d-ce63-418e-802d-0968d4ae5ba3,9e386737-237f-4416-ad22-3e4e59f3de3a,REGISTERED,2026-04-10 12:37:18.155244+00:00,,PENDING,
3181,f770a84d-ce63-418e-802d-0968d4ae5ba3,d37584ec-a50a-4b61-84db-4ad4f2629fd7,REGISTERED,2026-04-27 15:28:13.160373+00:00,,PENDING,
3182,f770a84d-ce63-418e-802d-0968d4ae5ba3,0280d734-a9d4-4fa0-ab8b-772dff7f7954,REGISTERED,2026-04-05 08:49:54.513443+00:00,,PENDING,
3183,f770a84d-ce63-418e-802d-0968d4ae5ba3,fbabdc2f-0b0f-4905-8305-434bbbdaeebf,REGISTERED,2026-04-01 06:14:32.692175+00:00,,PENDING,
3184,d89732cc-ed82-48f8-a079-b96683b0e660,18aee4d1-ff77-49a2-bce1-9d47c65368ae,REGISTERED,2026-04-30 23:21:01.758526+00:00,,PENDING,
3185,d89732cc-ed82-48f8-a079-b96683b0e660,db51b55f-fef8-478b-b35a-f2511f4012c2,CANCELLED,2026-04-28 12:17:37.321004+00:00,2026-04-30 15:06:13.433827+00:00,PENDING,Inscription faite par erreur.
3186,d89732cc-ed82-48f8-a079-b96683b0e660,adf357bf-a6ea-435e-84dc-d92ef2f7cde4,REGISTERED,2026-04-30 01:53:02.036290+00:00,,PENDING,
3187,d89732cc-ed82-48f8-a079-b96683b0e660,9630d3c5-3a6f-4cba-bd6b-09ef4505332e,REGISTERED,2026-04-28 13:16:36.866846+00:00,,PENDING,
3188,d89732cc-ed82-48f8-a079-b96683b0e660,23ce8810-f0b8-4d2e-8e2b-68771418b437,REGISTERED,2026-04-29 01:16:45.206306+00:00,,PENDING,
3189,d89732cc-ed82-48f8-a079-b96683b0e660,3ce5d8ff-3af6-4183-83e3-d0fad13a6ef1,REGISTERED,2026-04-29 23:01:48.866620+00:00,,PENDING,
3190,d89732cc-ed82-48f8-a079-b96683b0e660,b9c5c31c-70c5-4d31-b5fa-06019974af0a,REGISTERED,2026-04-29 08:52:50.415294+00:00,,PENDING,
3191,d89732cc-ed82-48f8-a079-b96683b0e660,4284538a-2eb5-4ac7-9e74-d9148261af39,REGISTERED,2026-04-30 14:46:03.151557+00:00,,PENDING,
3192,d89732cc-ed82-48f8-a079-b96683b0e660,8062edae-a09d-450b-b9e9-61d162542cc6,REGISTERED,2026-04-29 01:15:34.079334+00:00,,PENDING,
3193,d89732cc-ed82-48f8-a079-b96683b0e660,124d31c9-67e3-4463-a3dc-e5d31d3560a1,CANCELLED,2026-04-29 09:56:06.702168+00:00,2026-05-01 00:20:25.921792+00:00,PENDING,Indisponibilité personnelle signalée.
3194,d89732cc-ed82-48f8-a079-b96683b0e660,10d5d40f-127e-4b4f-b286-d0a7efa50bd5,REGISTERED,2026-04-30 01:09:22.882674+00:00,,PENDING,
3195,d89732cc-ed82-48f8-a079-b96683b0e660,85fcc4be-726c-4bcd-9bc6-c969daa3cd3e,REGISTERED,2026-04-29 11:43:39.902241+00:00,,PENDING,
3196,d89732cc-ed82-48f8-a079-b96683b0e660,d46bbc33-a6b9-4170-bdd9-62088f76392b,REGISTERED,2026-04-29 16:21:21.698375+00:00,,PENDING,
3197,d89732cc-ed82-48f8-a079-b96683b0e660,50b973db-8479-47e1-8c19-f51f4998a03c,REGISTERED,2026-04-30 06:08:36.080544+00:00,,PENDING,
3198,d89732cc-ed82-48f8-a079-b96683b0e660,fe585dc9-87c1-4767-acfc-0cb180014620,REGISTERED,2026-04-29 09:02:46.885567+00:00,,PENDING,
3199,d89732cc-ed82-48f8-a079-b96683b0e660,c3cebde2-04c5-4bd6-8742-5138c5699944,REGISTERED,2026-04-28 12:38:24.617543+00:00,,PENDING,
3200,ac26fd8d-c517-4688-bef2-c5c201e2ff96,7c907411-53e7-4a2f-9fb2-368bef893ae6,REGISTERED,2026-03-26 09:58:27.546887+00:00,,PRESENT,
3201,ac26fd8d-c517-4688-bef2-c5c201e2ff96,d2b19326-abcc-4c08-ac49-a94f14bc8481,REGISTERED,2026-03-14 16:26:34.774785+00:00,,PRESENT,
3202,ac26fd8d-c517-4688-bef2-c5c201e2ff96,9ac7d884-9c16-4fa3-b896-884afda9c096,REGISTERED,2026-02-22 13:29:37.589131+00:00,,PRESENT,
3203,ac26fd8d-c517-4688-bef2-c5c201e2ff96,fa28ce57-bb38-4d8a-a0f3-a2d5cd14c061,REGISTERED,2026-03-08 16:01:56.641975+00:00,,PRESENT,
3204,ac26fd8d-c517-4688-bef2-c5c201e2ff96,a8d3e377-0e26-45b7-bd86-63aae9be7dbb,REGISTERED,2026-03-30 10:32:14.423143+00:00,,PRESENT,
3205,ac26fd8d-c517-4688-bef2-c5c201e2ff96,d17fb9bc-4d75-4c84-a425-1d1973803d5a,REGISTERED,2026-03-13 02:33:34.839906+00:00,,PRESENT,
3206,ac26fd8d-c517-4688-bef2-c5c201e2ff96,8a3bbec3-4136-45f6-b098-bbb2be370926,REGISTERED,2026-02-10 16:12:31.343787+00:00,,PRESENT,
3207,ac26fd8d-c517-4688-bef2-c5c201e2ff96,c413e723-b297-4c8d-b0ed-efcc688a626c,REGISTERED,2026-03-12 02:41:22.469184+00:00,,PRESENT,
3208,ac26fd8d-c517-4688-bef2-c5c201e2ff96,85fcc4be-726c-4bcd-9bc6-c969daa3cd3e,CANCELLED,2026-03-20 13:20:03.210154+00:00,2026-03-20 23:54:02.075151+00:00,PENDING,Changement de priorité métier.
3209,ac26fd8d-c517-4688-bef2-c5c201e2ff96,f6be51eb-5ff8-4a8e-a90d-11214c8c8539,REGISTERED,2026-03-10 00:04:36.598393+00:00,,PRESENT,
3210,ac26fd8d-c517-4688-bef2-c5c201e2ff96,5268065e-db45-4ebe-8c7d-af94ecc0d672,CANCELLED,2026-03-24 18:02:02.440869+00:00,2026-04-22 04:35:17.484728+00:00,PENDING,Erreur de choix de créneau.
3211,ac26fd8d-c517-4688-bef2-c5c201e2ff96,c96c33b2-deb4-4624-905a-4bb4eba9b66b,REGISTERED,2026-02-08 12:11:35.172436+00:00,,PRESENT,
3212,ac26fd8d-c517-4688-bef2-c5c201e2ff96,6c72c3eb-81e1-402e-8b91-1b315094e27e,CANCELLED,2026-03-25 16:13:24.156682+00:00,2026-04-16 04:59:27.754151+00:00,PENDING,Invitation déclinée après réévaluation.
3213,ac26fd8d-c517-4688-bef2-c5c201e2ff96,eaa9cc85-b28c-4878-9ca7-f4d797d0e0d9,REGISTERED,2026-03-05 01:39:01.068213+00:00,,PRESENT,
3214,ac26fd8d-c517-4688-bef2-c5c201e2ff96,84e69d57-36b1-481d-a823-b2bb1e0eff7b,REGISTERED,2026-03-07 10:04:37.210558+00:00,,PRESENT,
3215,ac26fd8d-c517-4688-bef2-c5c201e2ff96,5360fd07-6411-454a-8bc8-066a979f5e68,CANCELLED,2026-03-20 04:59:18.156464+00:00,2026-03-23 08:22:26.753896+00:00,PENDING,Problème de disponibilité logistique.
3216,ac26fd8d-c517-4688-bef2-c5c201e2ff96,830b26e2-0a20-44ba-bebb-2eb0e55eb5eb,CANCELLED,2026-03-08 00:00:31.896723+00:00,2026-04-21 07:00:56.241840+00:00,PENDING,Modification de l’agenda projet.
3217,ac26fd8d-c517-4688-bef2-c5c201e2ff96,4c324c73-2dc1-425d-8e1b-f3224f6128ec,REGISTERED,2026-03-29 14:47:38.739130+00:00,,PRESENT,
3218,ac26fd8d-c517-4688-bef2-c5c201e2ff96,ea94002e-07bf-4277-9b9a-4f657eaa8125,CANCELLED,2026-02-05 14:19:17.734376+00:00,2026-03-17 13:31:43.127552+00:00,PENDING,Session finalement non pertinente pour le profil.
3219,36730804-e754-45b2-adb5-e819ea14a7eb,6898b9c8-16d4-46c4-a56c-4ce1865def90,REGISTERED,2026-02-11 22:36:23.025262+00:00,,PENDING,
3220,36730804-e754-45b2-adb5-e819ea14a7eb,48ecf4f9-3692-43b7-ae68-8199908358ec,CANCELLED,2026-03-29 07:28:39.005030+00:00,2026-04-09 23:13:38.938479+00:00,PENDING,Erreur de choix de créneau.
3221,36730804-e754-45b2-adb5-e819ea14a7eb,f0e0881e-5be2-4c7e-9a12-6c8d41853e5b,REGISTERED,2026-03-04 13:02:36.223753+00:00,,PENDING,
3222,36730804-e754-45b2-adb5-e819ea14a7eb,966251e0-21da-4b33-8c4f-5acafc653771,REGISTERED,2026-03-10 02:53:57.632400+00:00,,PENDING,
3223,36730804-e754-45b2-adb5-e819ea14a7eb,85480232-8d0c-45e2-bb3b-62ccdcf67029,REGISTERED,2026-03-11 21:56:19.318739+00:00,,PENDING,
3224,36730804-e754-45b2-adb5-e819ea14a7eb,38adb4ef-c093-482a-8067-65d85424ebf8,REGISTERED,2026-03-27 00:42:43.434175+00:00,,PENDING,
3225,36730804-e754-45b2-adb5-e819ea14a7eb,5bba076a-bfef-4cf9-be7b-eaf7160e722e,REGISTERED,2026-01-27 01:37:49.541864+00:00,,PENDING,
3226,36730804-e754-45b2-adb5-e819ea14a7eb,5b666a1b-6391-46d4-8c0c-b2e34ab3fb1b,REGISTERED,2026-03-23 11:15:26.383818+00:00,,PENDING,
3227,7107a2b6-2374-4d39-8142-66f4bc5c0e94,ee1c4d3b-ec68-41f3-b7f1-58779c7a6bd9,REGISTERED,2026-04-28 11:15:01.728914+00:00,,PENDING,
3228,7107a2b6-2374-4d39-8142-66f4bc5c0e94,a591d7b9-6744-40ef-b79a-1c739115b99c,REGISTERED,2026-04-27 03:14:02.623394+00:00,,PENDING,
3229,7107a2b6-2374-4d39-8142-66f4bc5c0e94,2529ad7b-3e69-4b87-9e44-0259ec755de2,REGISTERED,2026-04-28 06:50:21.044837+00:00,,PENDING,
3230,7107a2b6-2374-4d39-8142-66f4bc5c0e94,8316ff5f-cf64-4d38-95c5-ca2d545ce3d2,REGISTERED,2026-04-26 05:14:32.965355+00:00,,PENDING,
3231,7107a2b6-2374-4d39-8142-66f4bc5c0e94,0a7c3f39-db01-4c8d-b560-eb1abdfe5054,REGISTERED,2026-04-27 16:24:46.237644+00:00,,PENDING,
3232,7107a2b6-2374-4d39-8142-66f4bc5c0e94,60d3d345-0e8d-47d9-8016-5a0a66060125,REGISTERED,2026-04-28 08:03:43.101504+00:00,,PENDING,
3233,7107a2b6-2374-4d39-8142-66f4bc5c0e94,eb004ec6-6884-44b6-8aae-0caf60444601,REGISTERED,2026-04-29 10:32:28.455035+00:00,,PENDING,
3234,7107a2b6-2374-4d39-8142-66f4bc5c0e94,d39a524e-7c94-4fbb-ae92-88b5fbdeaeb8,REGISTERED,2026-04-30 03:13:00.542144+00:00,,PENDING,
3235,7107a2b6-2374-4d39-8142-66f4bc5c0e94,5147885c-e8a5-473d-88c2-92f1ac8aaab2,REGISTERED,2026-04-29 15:50:43.838102+00:00,,PENDING,
3236,7107a2b6-2374-4d39-8142-66f4bc5c0e94,dc77d7ee-0010-4612-9a40-e655be92d3eb,CANCELLED,2026-04-26 13:56:46.264217+00:00,2026-04-28 16:27:09.398434+00:00,PENDING,Contrainte de planning de dernière minute.
3237,7107a2b6-2374-4d39-8142-66f4bc5c0e94,13d27dae-abb6-45aa-8a42-aabcca05524a,REGISTERED,2026-04-29 00:11:45.177571+00:00,,PENDING,
3238,7107a2b6-2374-4d39-8142-66f4bc5c0e94,e63e4f83-e0ba-4644-a46a-7413de243920,CANCELLED,2026-04-26 18:30:23.192403+00:00,2026-04-28 07:34:58.123235+00:00,PENDING,Invitation déclinée après réévaluation.
3239,7107a2b6-2374-4d39-8142-66f4bc5c0e94,b03521e4-0ebe-4648-ac5a-5daa0bee8b89,REGISTERED,2026-04-29 02:54:39.399637+00:00,,PENDING,
3240,7107a2b6-2374-4d39-8142-66f4bc5c0e94,770a3736-dd6c-443d-92ff-d84e014a53e9,REGISTERED,2026-04-28 19:42:27.914284+00:00,,PENDING,
3241,7107a2b6-2374-4d39-8142-66f4bc5c0e94,9dfc227f-7a2c-4af9-81e9-aaf98bdb8fda,CANCELLED,2026-04-29 05:22:05.685464+00:00,2026-04-30 04:29:34.207527+00:00,PENDING,Changement de priorité métier.
3242,7107a2b6-2374-4d39-8142-66f4bc5c0e94,ad0019b6-763f-4495-9027-62286284764a,REGISTERED,2026-04-30 22:11:46.223157+00:00,,PENDING,
3243,7107a2b6-2374-4d39-8142-66f4bc5c0e94,7dddaa8e-deb1-42ed-88bb-dc5a16514cdc,CANCELLED,2026-04-28 06:10:56.598322+00:00,2026-05-01 09:09:31.088308+00:00,PENDING,Invitation déclinée après réévaluation.
3244,7107a2b6-2374-4d39-8142-66f4bc5c0e94,a839e782-c52a-420c-a7e1-e03328578e0d,REGISTERED,2026-04-29 10:55:07.240406+00:00,,PENDING,
3245,7107a2b6-2374-4d39-8142-66f4bc5c0e94,cabfbbfa-d76d-4f74-a0ec-910dd89f4794,REGISTERED,2026-04-26 07:00:09.815206+00:00,,PENDING,
3246,7107a2b6-2374-4d39-8142-66f4bc5c0e94,63c7f6a6-1fb9-467e-a32c-b7f7fbd263d6,REGISTERED,2026-04-29 09:14:56.278239+00:00,,PENDING,
3247,7107a2b6-2374-4d39-8142-66f4bc5c0e94,869f5770-ffbd-42b1-9908-f61f8fbbc8ea,REGISTERED,2026-05-01 02:11:27.885376+00:00,,PENDING,
3248,7107a2b6-2374-4d39-8142-66f4bc5c0e94,f3ee8d81-bce1-4705-a1dd-180f42249038,CANCELLED,2026-04-29 18:12:04.785049+00:00,2026-04-30 02:35:36.850788+00:00,PENDING,Problème de disponibilité logistique.
3249,7107a2b6-2374-4d39-8142-66f4bc5c0e94,dfc8f475-9202-4a52-9002-24f557cc4c64,REGISTERED,2026-04-29 12:17:23.815451+00:00,,PENDING,
3250,7107a2b6-2374-4d39-8142-66f4bc5c0e94,e9d2ff70-2c2b-4bd5-ba0f-ea608ddccc9a,REGISTERED,2026-04-27 19:41:05.315678+00:00,,PENDING,
3251,7107a2b6-2374-4d39-8142-66f4bc5c0e94,2d1d0a12-4b10-45f0-b7dc-0403ac89b5a1,REGISTERED,2026-04-27 09:58:02.262776+00:00,,PENDING,
3252,7107a2b6-2374-4d39-8142-66f4bc5c0e94,38f613ea-5861-4cc9-b537-b6b20e606666,REGISTERED,2026-04-29 07:10:09.394478+00:00,,PENDING,
3253,7107a2b6-2374-4d39-8142-66f4bc5c0e94,c7e688a0-9d9d-4d3f-9e2e-62a547733a58,REGISTERED,2026-04-29 08:32:11.501580+00:00,,PENDING,
3254,7107a2b6-2374-4d39-8142-66f4bc5c0e94,4c166401-3fd9-47c6-993a-883bd0d2ca29,REGISTERED,2026-05-01 08:59:11.350925+00:00,,PENDING,
3255,7107a2b6-2374-4d39-8142-66f4bc5c0e94,4b3f668a-c5f0-43d5-ab24-83157512c528,CANCELLED,2026-04-30 19:43:14.969929+00:00,2026-04-30 21:04:04.736621+00:00,PENDING,Modification de l’agenda projet.
3256,7107a2b6-2374-4d39-8142-66f4bc5c0e94,f5f28e61-f4ca-473a-8c02-7e708513646c,REGISTERED,2026-04-30 20:32:50.199295+00:00,,PENDING,
3257,7107a2b6-2374-4d39-8142-66f4bc5c0e94,5dc41219-d217-4f8f-a4d3-a9ec3b263384,REGISTERED,2026-04-29 22:44:26.541039+00:00,,PENDING,
3258,7107a2b6-2374-4d39-8142-66f4bc5c0e94,61a0e073-e937-4bac-ada2-d1c10bf8a9ed,CANCELLED,2026-04-29 09:26:03.904202+00:00,2026-04-30 07:44:02.104784+00:00,PENDING,Contrainte de planning de dernière minute.
3259,7107a2b6-2374-4d39-8142-66f4bc5c0e94,4c9ed491-fd91-409f-a4ce-61dddd56f08f,REGISTERED,2026-04-26 17:51:25.343266+00:00,,PENDING,
3260,7107a2b6-2374-4d39-8142-66f4bc5c0e94,03d3af4e-4ead-4742-b182-a0cc364ee704,REGISTERED,2026-04-29 12:34:38.982105+00:00,,PENDING,
3261,7107a2b6-2374-4d39-8142-66f4bc5c0e94,921f32d9-32ea-4d21-8db4-7b339d13a5b6,REGISTERED,2026-04-28 04:20:46.286534+00:00,,PENDING,
3262,7107a2b6-2374-4d39-8142-66f4bc5c0e94,43961ba3-19dc-4b35-a7d8-f70fec307809,REGISTERED,2026-04-26 18:19:34.263172+00:00,,PENDING,
3263,7107a2b6-2374-4d39-8142-66f4bc5c0e94,32b25946-4e38-41dc-be6e-68aa7a85c5b4,REGISTERED,2026-04-28 07:55:14.675443+00:00,,PENDING,
3264,7107a2b6-2374-4d39-8142-66f4bc5c0e94,7b168703-cc4f-43e5-9775-7d74b4db3f7f,CANCELLED,2026-04-26 10:04:23.682474+00:00,2026-05-01 11:40:45.910717+00:00,PENDING,Problème de disponibilité logistique.
3265,7107a2b6-2374-4d39-8142-66f4bc5c0e94,88ca13bd-4e60-4303-800f-294b5b96f80d,REGISTERED,2026-04-30 13:13:33.296442+00:00,,PENDING,
3266,7107a2b6-2374-4d39-8142-66f4bc5c0e94,67218b7a-eda7-4eed-b37b-939fba1ef9ce,REGISTERED,2026-05-01 09:56:28.258863+00:00,,PENDING,
3267,7107a2b6-2374-4d39-8142-66f4bc5c0e94,e7db6264-dd86-411f-b6ac-0f14ca8fdeef,REGISTERED,2026-04-30 09:54:40.743078+00:00,,PENDING,
3268,ab26d383-f377-446d-ba9c-43a38f47967d,ea94002e-07bf-4277-9b9a-4f657eaa8125,REGISTERED,2026-01-12 05:05:04.266063+00:00,,PRESENT,
3269,ab26d383-f377-446d-ba9c-43a38f47967d,8195d324-ed95-44b5-a354-9232cab4e1c0,CANCELLED,2026-02-27 01:44:02.450005+00:00,2026-04-06 23:31:32.261020+00:00,PENDING,Erreur de choix de créneau.
3270,ab26d383-f377-446d-ba9c-43a38f47967d,6d282e57-ae58-47d1-b0b0-71588701cd4b,REGISTERED,2026-02-19 13:42:42.852007+00:00,,PRESENT,
3271,ab26d383-f377-446d-ba9c-43a38f47967d,b129122c-5e22-4eac-ada4-bdeab206bf97,REGISTERED,2026-01-04 00:39:51.239502+00:00,,PRESENT,
3272,ab26d383-f377-446d-ba9c-43a38f47967d,86c5b659-a2b1-435e-ad5f-6550a8be0606,CANCELLED,2026-03-02 21:22:07.074643+00:00,2026-04-15 06:29:36.800511+00:00,PENDING,Inscription faite par erreur.
3273,ab26d383-f377-446d-ba9c-43a38f47967d,f1ea7bc8-4511-4946-992a-69c581e26bef,REGISTERED,2026-01-31 07:06:27.600807+00:00,,PRESENT,
3274,95565a14-fd85-44c6-89f6-56877f9ef4e9,ab0db0d8-c159-4585-9035-caac34ef75a4,REGISTERED,2026-03-17 13:03:06.564875+00:00,,PENDING,
3275,95565a14-fd85-44c6-89f6-56877f9ef4e9,c5722e37-67de-4703-9c3e-8bfefb98abe1,REGISTERED,2026-04-20 17:29:02.058941+00:00,,PENDING,
3276,95565a14-fd85-44c6-89f6-56877f9ef4e9,5147885c-e8a5-473d-88c2-92f1ac8aaab2,REGISTERED,2026-03-12 14:26:01.337982+00:00,,PENDING,
3277,95565a14-fd85-44c6-89f6-56877f9ef4e9,9f86355d-2a5a-4db1-aef6-a2b4d7d51a28,REGISTERED,2026-02-19 11:18:46.386942+00:00,,PENDING,
3278,95565a14-fd85-44c6-89f6-56877f9ef4e9,44bd7edf-b40c-4e70-80b5-06cef76b4c8c,REGISTERED,2026-03-23 18:25:05.622368+00:00,,PENDING,
3279,95565a14-fd85-44c6-89f6-56877f9ef4e9,465719ec-e1f8-4d36-9993-f4ac5c2f5ce8,REGISTERED,2026-04-09 20:40:31.948066+00:00,,PENDING,
3280,95565a14-fd85-44c6-89f6-56877f9ef4e9,8e755df7-d353-4b98-b399-336164ee4a93,CANCELLED,2026-03-01 12:27:00.017765+00:00,2026-03-15 17:30:25.371859+00:00,PENDING,Modification de l’agenda projet.
3281,95565a14-fd85-44c6-89f6-56877f9ef4e9,5ab7c5af-6bf1-4ff5-93a6-4bcc1ea926d5,REGISTERED,2026-02-22 18:52:05.365538+00:00,,PENDING,
3282,95565a14-fd85-44c6-89f6-56877f9ef4e9,170d2f68-2e8a-4567-81c1-cd4a0016ee2d,REGISTERED,2026-03-21 00:34:52.332109+00:00,,PENDING,
3283,95565a14-fd85-44c6-89f6-56877f9ef4e9,7ff2c490-b386-436c-86c2-79a11610b881,REGISTERED,2026-04-25 15:52:45.022231+00:00,,PENDING,
3284,95565a14-fd85-44c6-89f6-56877f9ef4e9,d03f66d8-d99b-4671-a0db-107d9ed5e8e4,REGISTERED,2026-04-19 19:16:42.869260+00:00,,PENDING,
3285,95565a14-fd85-44c6-89f6-56877f9ef4e9,f6be51eb-5ff8-4a8e-a90d-11214c8c8539,REGISTERED,2026-04-30 22:38:39.586206+00:00,,PENDING,
3286,95565a14-fd85-44c6-89f6-56877f9ef4e9,3215d909-b0ac-4c4e-a139-afd4230fe685,REGISTERED,2026-04-08 12:59:42.033970+00:00,,PENDING,
3287,95565a14-fd85-44c6-89f6-56877f9ef4e9,ea31e60e-7c45-4d0d-a72a-9b1bff423649,CANCELLED,2026-04-01 16:57:38.493430+00:00,2026-04-15 11:35:51.004500+00:00,PENDING,Inscription faite par erreur.
3288,95565a14-fd85-44c6-89f6-56877f9ef4e9,cb9bfc83-d69e-4da2-b15e-b524df16c0e3,REGISTERED,2026-04-10 22:48:08.794860+00:00,,PENDING,
3289,95565a14-fd85-44c6-89f6-56877f9ef4e9,fc076384-0f92-412b-9cd2-b54ac7597f75,REGISTERED,2026-03-03 03:48:38.194927+00:00,,PENDING,
3290,95565a14-fd85-44c6-89f6-56877f9ef4e9,1601dd67-4724-4d1d-a0bc-461e96081aed,REGISTERED,2026-04-08 07:32:28.287935+00:00,,PENDING,
3291,95565a14-fd85-44c6-89f6-56877f9ef4e9,32093958-cbbd-4c22-a8c5-3659bb18aae5,REGISTERED,2026-03-20 21:19:46.048114+00:00,,PENDING,
3292,95565a14-fd85-44c6-89f6-56877f9ef4e9,db513ac4-80bc-4d09-864b-24fb5dee1da4,REGISTERED,2026-04-10 21:58:37.496060+00:00,,PENDING,
3293,95565a14-fd85-44c6-89f6-56877f9ef4e9,6151b758-ed55-4110-888e-d438d334a8e8,REGISTERED,2026-03-23 18:12:08.534049+00:00,,PENDING,
3294,82446da1-e8d8-4385-97ea-cdf6e9a410fd,03d3af4e-4ead-4742-b182-a0cc364ee704,REGISTERED,2026-04-24 23:58:48.246591+00:00,,PENDING,
3295,82446da1-e8d8-4385-97ea-cdf6e9a410fd,1b030e36-9144-4f9e-b30f-599f3b124204,REGISTERED,2026-04-05 17:25:58.060590+00:00,,PENDING,
3296,82446da1-e8d8-4385-97ea-cdf6e9a410fd,fea147a7-2981-47cc-8b65-ea434394a5f1,REGISTERED,2026-04-03 10:10:50.890955+00:00,,PENDING,
3297,82446da1-e8d8-4385-97ea-cdf6e9a410fd,d0461ae2-5c05-43f1-a230-208ef643b565,REGISTERED,2026-04-11 12:27:30.323095+00:00,,PENDING,
3298,82446da1-e8d8-4385-97ea-cdf6e9a410fd,57b45e22-215a-4f53-8bf0-2a6895527cf0,REGISTERED,2026-04-24 18:12:46.644055+00:00,,PENDING,
3299,82446da1-e8d8-4385-97ea-cdf6e9a410fd,2d1d0a12-4b10-45f0-b7dc-0403ac89b5a1,REGISTERED,2026-04-29 02:58:09.026222+00:00,,PENDING,
3300,82446da1-e8d8-4385-97ea-cdf6e9a410fd,9dfc227f-7a2c-4af9-81e9-aaf98bdb8fda,REGISTERED,2026-04-12 00:38:05.899895+00:00,,PENDING,
3301,82446da1-e8d8-4385-97ea-cdf6e9a410fd,3dded13e-5120-43d0-a063-fb98185a8252,REGISTERED,2026-04-20 17:03:54.877358+00:00,,PENDING,
3302,82446da1-e8d8-4385-97ea-cdf6e9a410fd,76c67646-085b-4496-a704-025ae0fbf520,REGISTERED,2026-05-01 10:58:44.620424+00:00,,PENDING,
3303,82446da1-e8d8-4385-97ea-cdf6e9a410fd,29f74c43-1a2b-4d01-b448-078c38c9e28a,REGISTERED,2026-04-06 10:57:19.706019+00:00,,PENDING,
3304,82446da1-e8d8-4385-97ea-cdf6e9a410fd,fd4de66f-9089-4132-b386-bcc0aed023a5,REGISTERED,2026-04-24 20:35:52.038913+00:00,,PENDING,
3305,82446da1-e8d8-4385-97ea-cdf6e9a410fd,a5e91f29-76ad-47df-8a3c-43ad203ed9c3,REGISTERED,2026-04-28 03:47:46.260550+00:00,,PENDING,
3306,82446da1-e8d8-4385-97ea-cdf6e9a410fd,d00211fe-b443-439e-afb4-0eaa14b471eb,REGISTERED,2026-04-11 23:25:18.868002+00:00,,PENDING,
3307,82446da1-e8d8-4385-97ea-cdf6e9a410fd,1a5ca586-55ef-4c1b-9c5f-2f5b56931420,REGISTERED,2026-04-16 11:05:57.796576+00:00,,PENDING,
3308,82446da1-e8d8-4385-97ea-cdf6e9a410fd,dac9ce9c-3e17-44ed-ac45-a48a89ca4b8d,CANCELLED,2026-04-20 10:48:22.353732+00:00,2026-04-30 14:54:27.225460+00:00,PENDING,Indisponibilité personnelle signalée.
3309,82446da1-e8d8-4385-97ea-cdf6e9a410fd,dc77d7ee-0010-4612-9a40-e655be92d3eb,REGISTERED,2026-04-03 15:05:26.439898+00:00,,PENDING,
3310,82446da1-e8d8-4385-97ea-cdf6e9a410fd,e1b1a83d-dc8c-4bf1-a264-f6eea0333568,REGISTERED,2026-04-18 17:04:59.162838+00:00,,PENDING,
3311,82446da1-e8d8-4385-97ea-cdf6e9a410fd,869f5770-ffbd-42b1-9908-f61f8fbbc8ea,REGISTERED,2026-04-04 23:21:03.178584+00:00,,PENDING,
3312,82446da1-e8d8-4385-97ea-cdf6e9a410fd,d1d788a6-dd4c-4608-94bc-b1fd10c2a24e,REGISTERED,2026-04-26 05:31:48.553213+00:00,,PENDING,
3313,82446da1-e8d8-4385-97ea-cdf6e9a410fd,8b802ae2-7e2f-4ae3-b9db-55586c1e446d,REGISTERED,2026-04-07 01:42:19.851873+00:00,,PENDING,
3314,82446da1-e8d8-4385-97ea-cdf6e9a410fd,074ac71d-aafc-47a0-9056-0c48ad4084ce,REGISTERED,2026-04-25 13:50:59.431711+00:00,,PENDING,
3315,7dd6c375-bc30-4b54-9918-bfaebbc54d99,284ef197-5fe6-404b-92da-1fd69387091d,REGISTERED,2026-02-18 09:17:35.211972+00:00,,PRESENT,
3316,7dd6c375-bc30-4b54-9918-bfaebbc54d99,9c80f797-b35a-496e-a518-bd9b32ba13b9,REGISTERED,2026-02-18 20:13:35.641216+00:00,,PRESENT,
3317,7dd6c375-bc30-4b54-9918-bfaebbc54d99,b84486da-21ec-4b82-bf29-a0ba711862f5,REGISTERED,2026-02-16 19:16:41.530763+00:00,,PRESENT,
3318,7dd6c375-bc30-4b54-9918-bfaebbc54d99,85b757d0-f583-4082-88db-1422127834d3,REGISTERED,2026-02-25 12:20:31.895479+00:00,,PRESENT,
3319,7dd6c375-bc30-4b54-9918-bfaebbc54d99,1c17e3b7-1ace-4929-8a17-4b637e56b0b6,REGISTERED,2026-03-09 14:15:09.396774+00:00,,PRESENT,
3320,7dd6c375-bc30-4b54-9918-bfaebbc54d99,aa4e1ebb-5f2c-431e-b14c-49099924347c,REGISTERED,2026-03-17 10:46:52.896938+00:00,,ABSENT,
3321,7dd6c375-bc30-4b54-9918-bfaebbc54d99,2d2ef5e3-a9fa-454f-9d27-96ad5903a226,CANCELLED,2026-03-14 21:36:39.936191+00:00,2026-03-17 19:29:48.538675+00:00,PENDING,Inscription faite par erreur.
3322,7dd6c375-bc30-4b54-9918-bfaebbc54d99,523b8c7a-c2fe-456d-b96a-d35efdae8e10,CANCELLED,2026-03-02 10:00:34.951152+00:00,2026-03-18 06:30:43.538972+00:00,PENDING,Session finalement non pertinente pour le profil.
3323,7dd6c375-bc30-4b54-9918-bfaebbc54d99,542134d1-b226-400c-8d7c-4e24b1a088a6,REGISTERED,2026-03-02 00:26:44.932122+00:00,,PRESENT,
3324,7dd6c375-bc30-4b54-9918-bfaebbc54d99,4d667ed7-ec6b-4add-aae1-3807ff1a161c,REGISTERED,2026-03-03 01:53:08.716852+00:00,,PRESENT,
3325,7dd6c375-bc30-4b54-9918-bfaebbc54d99,a166e45a-4673-4033-bd08-6264c00ab024,REGISTERED,2026-03-10 12:50:40.656667+00:00,,PRESENT,
3326,7dd6c375-bc30-4b54-9918-bfaebbc54d99,0d89d375-2da9-4e6e-bf17-55801c583b8e,REGISTERED,2026-02-19 07:39:41.315357+00:00,,PRESENT,
3327,7dd6c375-bc30-4b54-9918-bfaebbc54d99,c95d510a-3346-4f36-be97-770bde6ccec1,CANCELLED,2026-03-09 05:20:45.873749+00:00,2026-03-14 21:31:50.521803+00:00,PENDING,Session finalement non pertinente pour le profil.
3328,7dd6c375-bc30-4b54-9918-bfaebbc54d99,d7f518f6-8981-4973-9c42-b49423f7f23e,REGISTERED,2026-03-03 05:51:42.629315+00:00,,PRESENT,
3329,7dd6c375-bc30-4b54-9918-bfaebbc54d99,15faaccb-2bbf-40c2-8ccd-d84e51bfe1a3,REGISTERED,2026-02-17 22:26:21.236444+00:00,,PRESENT,
3330,7dd6c375-bc30-4b54-9918-bfaebbc54d99,1bdd1aba-8056-4ec1-b09d-02acb85a9eab,REGISTERED,2026-03-12 04:52:03.172119+00:00,,PRESENT,
3331,bb3030d5-512b-4717-9b63-cea116f7c837,d5d7156b-757a-4b4f-9950-c3a38b7b858d,REGISTERED,2026-03-29 00:07:14.977046+00:00,,PENDING,
3332,bb3030d5-512b-4717-9b63-cea116f7c837,efe3f27d-9b61-4dcc-bdee-66d1ff6634b6,REGISTERED,2026-04-17 03:20:44.497616+00:00,,PENDING,
3333,bb3030d5-512b-4717-9b63-cea116f7c837,67218b7a-eda7-4eed-b37b-939fba1ef9ce,REGISTERED,2026-03-15 06:45:37.995593+00:00,,PENDING,
3334,bb3030d5-512b-4717-9b63-cea116f7c837,d420025c-f809-4d32-9066-98749e88aeb9,REGISTERED,2026-04-12 11:38:35.655182+00:00,,PENDING,
3335,bb3030d5-512b-4717-9b63-cea116f7c837,1f9f1987-7506-4d70-81a9-f58c2de19219,REGISTERED,2026-03-14 16:07:32.519302+00:00,,PENDING,
3336,bb3030d5-512b-4717-9b63-cea116f7c837,40bd5505-6dbf-49ae-817e-6ca216a5630f,CANCELLED,2026-03-31 15:11:54.942847+00:00,2026-04-27 05:49:11.537960+00:00,PENDING,Changement de priorité métier.
3337,bb3030d5-512b-4717-9b63-cea116f7c837,17f812f6-c3b4-4bc7-a54b-f1133fe132f8,REGISTERED,2026-02-06 08:36:01.390642+00:00,,PENDING,
3338,bb3030d5-512b-4717-9b63-cea116f7c837,4939d78a-0c57-4ce5-bee3-d1fe244be125,REGISTERED,2026-04-12 01:35:15.696280+00:00,,PENDING,
3339,bb3030d5-512b-4717-9b63-cea116f7c837,9246a4a8-fa4c-48db-84c1-bcec80300b95,REGISTERED,2026-03-14 17:52:36.565766+00:00,,PENDING,
3340,bb3030d5-512b-4717-9b63-cea116f7c837,67b9e613-4792-4b7e-88f0-54df3f761ed0,REGISTERED,2026-01-19 05:27:24.236103+00:00,,PENDING,
3341,9dc86d47-c0e9-423f-87c6-a5afe9ee2d83,9f62bec9-e71d-4e58-8eb0-f51c0c93bd4e,REGISTERED,2026-03-30 20:15:58.966755+00:00,,PENDING,
3342,9dc86d47-c0e9-423f-87c6-a5afe9ee2d83,4abcf7de-7bd9-4a8b-8086-69d62985a420,REGISTERED,2026-04-10 23:39:25.343699+00:00,,PENDING,
3343,9dc86d47-c0e9-423f-87c6-a5afe9ee2d83,8953121f-1a21-4cf5-9842-a8bab20d555c,REGISTERED,2026-04-07 21:54:07.358187+00:00,,PENDING,
3344,9dc86d47-c0e9-423f-87c6-a5afe9ee2d83,38f134e4-e62f-4bb9-a0f5-99a23ed433c7,REGISTERED,2026-05-01 01:22:56.437778+00:00,,PENDING,
3345,9dc86d47-c0e9-423f-87c6-a5afe9ee2d83,44e180ab-f87f-4906-959a-d4208112dfeb,REGISTERED,2026-04-23 07:59:06.034410+00:00,,PENDING,
3346,9dc86d47-c0e9-423f-87c6-a5afe9ee2d83,320bb62b-bc55-479e-a685-a27deaf87f3a,REGISTERED,2026-04-25 02:04:32.344851+00:00,,PENDING,
3347,9dc86d47-c0e9-423f-87c6-a5afe9ee2d83,ee85ed55-5fb4-47a4-8a52-97b44ea7f18e,REGISTERED,2026-04-25 05:13:02.387756+00:00,,PENDING,
3348,9dc86d47-c0e9-423f-87c6-a5afe9ee2d83,1b521727-2b9c-4bae-a8f2-c0b975bf998b,REGISTERED,2026-04-19 07:30:55.338907+00:00,,PENDING,
3349,9dc86d47-c0e9-423f-87c6-a5afe9ee2d83,622dbe54-2ae7-45b3-9c3e-e10174715762,REGISTERED,2026-04-02 00:51:44.101500+00:00,,PENDING,
3350,9dc86d47-c0e9-423f-87c6-a5afe9ee2d83,76cbf7c4-1a28-4125-bb2c-8e192a892807,REGISTERED,2026-04-22 13:08:11.772551+00:00,,PENDING,
3351,9dc86d47-c0e9-423f-87c6-a5afe9ee2d83,7dddaa8e-deb1-42ed-88bb-dc5a16514cdc,REGISTERED,2026-04-13 15:51:00.840841+00:00,,PENDING,
3352,9dc86d47-c0e9-423f-87c6-a5afe9ee2d83,a76c196d-d55a-489a-9e41-2892f1411a8b,REGISTERED,2026-03-28 23:44:10.532242+00:00,,PENDING,
3353,9dc86d47-c0e9-423f-87c6-a5afe9ee2d83,da6180bb-789f-4ba7-887c-08f5033ce3bd,REGISTERED,2026-03-22 15:09:44.569893+00:00,,PENDING,
3354,9dc86d47-c0e9-423f-87c6-a5afe9ee2d83,2620e675-d3ba-4ca5-85bf-2dd08f05bca7,REGISTERED,2026-03-23 11:03:46.815309+00:00,,PENDING,
3355,9dc86d47-c0e9-423f-87c6-a5afe9ee2d83,63c7f6a6-1fb9-467e-a32c-b7f7fbd263d6,REGISTERED,2026-04-08 04:43:56.320194+00:00,,PENDING,
3356,9dc86d47-c0e9-423f-87c6-a5afe9ee2d83,542706cb-ff1a-4d9a-9b3d-621e4e7fe4bb,REGISTERED,2026-04-25 22:32:03.133022+00:00,,PENDING,
3357,9dc86d47-c0e9-423f-87c6-a5afe9ee2d83,e8dda1ab-4e22-4b44-b642-16d429b530e6,REGISTERED,2026-04-06 20:15:50.342984+00:00,,PENDING,
3358,9dc86d47-c0e9-423f-87c6-a5afe9ee2d83,036311af-4d37-429f-bcee-1957beb2bdf5,REGISTERED,2026-04-08 08:56:08.377283+00:00,,PENDING,
3359,9dc86d47-c0e9-423f-87c6-a5afe9ee2d83,a6d83b47-4658-4d4e-833d-7ef6e7cf2e94,REGISTERED,2026-03-25 09:58:12.756558+00:00,,PENDING,
3360,9dc86d47-c0e9-423f-87c6-a5afe9ee2d83,ef6c19c9-41fb-4663-b095-fd6f807954ec,REGISTERED,2026-04-26 23:07:21.018738+00:00,,PENDING,
3361,9dc86d47-c0e9-423f-87c6-a5afe9ee2d83,d37584ec-a50a-4b61-84db-4ad4f2629fd7,CANCELLED,2026-03-20 20:17:40.606014+00:00,2026-04-16 23:08:25.577198+00:00,PENDING,Inscription faite par erreur.
3362,9dc86d47-c0e9-423f-87c6-a5afe9ee2d83,27450660-9126-425f-8a4c-ee13055c3619,REGISTERED,2026-04-08 17:50:41.307031+00:00,,PENDING,
3363,9dc86d47-c0e9-423f-87c6-a5afe9ee2d83,83591bb5-b0a5-432a-9670-a236e11cbb0b,REGISTERED,2026-03-27 13:16:42.474391+00:00,,PENDING,
3364,9dc86d47-c0e9-423f-87c6-a5afe9ee2d83,c590c49a-6aa2-4b9e-b7ef-8de08d64a34f,REGISTERED,2026-04-17 01:32:42.452839+00:00,,PENDING,
3365,9dc86d47-c0e9-423f-87c6-a5afe9ee2d83,8d156397-31ce-4b22-917d-ddbd85670e15,REGISTERED,2026-03-21 02:46:15.589444+00:00,,PENDING,
3366,9dc86d47-c0e9-423f-87c6-a5afe9ee2d83,432c2cf9-dd95-45fd-9867-4bb233d84a2f,REGISTERED,2026-03-19 06:04:40.526957+00:00,,PENDING,
3367,9dc86d47-c0e9-423f-87c6-a5afe9ee2d83,6c72c3eb-81e1-402e-8b91-1b315094e27e,REGISTERED,2026-04-30 03:43:22.202533+00:00,,PENDING,
3368,9dc86d47-c0e9-423f-87c6-a5afe9ee2d83,82acf793-5875-4b86-a2c7-7bfc77ca1687,REGISTERED,2026-03-26 17:06:08.476285+00:00,,PENDING,
3369,9dc86d47-c0e9-423f-87c6-a5afe9ee2d83,3f6cb692-1581-4462-b260-3cad29f36489,CANCELLED,2026-04-04 02:41:23.037295+00:00,2026-04-20 08:05:30.928190+00:00,PENDING,Modification de l’agenda projet.
3370,9dc86d47-c0e9-423f-87c6-a5afe9ee2d83,4597622b-a50f-4a08-82d3-b202eb23c08b,REGISTERED,2026-04-24 21:28:33.297853+00:00,,PENDING,
3371,9dc86d47-c0e9-423f-87c6-a5afe9ee2d83,a7450ed8-f67b-4a15-a99a-a9fa649b6fd6,REGISTERED,2026-04-21 02:56:54.209958+00:00,,PENDING,
3372,9dc86d47-c0e9-423f-87c6-a5afe9ee2d83,039ce623-075d-4c69-9235-d786fde3bf5a,CANCELLED,2026-04-03 02:24:16.361367+00:00,2026-04-12 01:56:58.644509+00:00,PENDING,Inscription faite par erreur.
3373,9dc86d47-c0e9-423f-87c6-a5afe9ee2d83,c58f7dbd-9a6d-4c3f-bed8-75f484e20259,REGISTERED,2026-03-28 09:57:16.738626+00:00,,PENDING,
3374,9dc86d47-c0e9-423f-87c6-a5afe9ee2d83,2a5fc018-eeb8-406f-83fc-1862252f93b0,REGISTERED,2026-04-02 14:18:43.321495+00:00,,PENDING,
3375,9dc86d47-c0e9-423f-87c6-a5afe9ee2d83,d39a524e-7c94-4fbb-ae92-88b5fbdeaeb8,REGISTERED,2026-04-13 05:11:58.484865+00:00,,PENDING,
3376,9dc86d47-c0e9-423f-87c6-a5afe9ee2d83,6a808ecc-aa5f-46f7-9473-e17d132330cd,CANCELLED,2026-04-21 09:32:29.584215+00:00,2026-04-24 20:58:36.171124+00:00,PENDING,Modification de l’agenda projet.
3377,9dc86d47-c0e9-423f-87c6-a5afe9ee2d83,76d0d2a2-4118-4160-aa2f-d3e4e8396d50,CANCELLED,2026-04-07 10:06:54.172368+00:00,2026-04-12 04:46:16.663733+00:00,PENDING,Erreur de choix de créneau.
3378,9dc86d47-c0e9-423f-87c6-a5afe9ee2d83,8e9296c5-bcd9-48b9-a595-2c11e6d596ef,REGISTERED,2026-03-30 15:12:42.205366+00:00,,PENDING,
3379,9dc86d47-c0e9-423f-87c6-a5afe9ee2d83,b03521e4-0ebe-4648-ac5a-5daa0bee8b89,REGISTERED,2026-04-02 05:59:39.828192+00:00,,PENDING,
3380,9dc86d47-c0e9-423f-87c6-a5afe9ee2d83,ac16955a-100a-49c4-9550-f3e3c118b812,REGISTERED,2026-04-08 06:34:07.981005+00:00,,PENDING,
3381,9dc86d47-c0e9-423f-87c6-a5afe9ee2d83,7f5ff8e9-537d-4aa6-b713-4dfdab32e67a,REGISTERED,2026-03-20 01:43:45.239005+00:00,,PENDING,
3382,56b96c96-5d7b-4947-ad8d-2a21b22d4e3a,a89515f9-4488-4475-881f-f37f70224a3f,REGISTERED,2026-04-03 13:13:54.083887+00:00,,PENDING,
3383,56b96c96-5d7b-4947-ad8d-2a21b22d4e3a,b55fd364-1df7-46e9-8a10-21de5cd5b1f3,REGISTERED,2026-04-13 17:43:47.722118+00:00,,PENDING,
3384,56b96c96-5d7b-4947-ad8d-2a21b22d4e3a,33c2a0a3-edc7-43d3-8124-cd893c2c777a,REGISTERED,2026-03-26 00:40:28.480230+00:00,,PENDING,
3385,56b96c96-5d7b-4947-ad8d-2a21b22d4e3a,fd139f69-a02f-403a-a413-19b49a716926,REGISTERED,2026-04-11 06:06:51.819710+00:00,,PENDING,
3386,56b96c96-5d7b-4947-ad8d-2a21b22d4e3a,c413e723-b297-4c8d-b0ed-efcc688a626c,CANCELLED,2026-04-06 14:09:48.749975+00:00,2026-04-13 09:40:50.709083+00:00,PENDING,Besoin de suivre une autre session en priorité.
3387,56b96c96-5d7b-4947-ad8d-2a21b22d4e3a,608ced08-9e47-4568-b2c6-81b0a7fdf075,REGISTERED,2026-04-05 05:13:56.987140+00:00,,PENDING,
3388,56b96c96-5d7b-4947-ad8d-2a21b22d4e3a,7f1597a7-81b9-4a2c-9123-eee64ca91f04,REGISTERED,2026-04-20 23:12:23.346910+00:00,,PENDING,
3389,56b96c96-5d7b-4947-ad8d-2a21b22d4e3a,671eb403-5ad4-4085-bf1b-c397caf5df96,REGISTERED,2026-04-14 12:50:41.833911+00:00,,PENDING,
3390,56b96c96-5d7b-4947-ad8d-2a21b22d4e3a,88ca13bd-4e60-4303-800f-294b5b96f80d,CANCELLED,2026-03-27 04:04:55.775839+00:00,2026-03-28 22:12:21.482275+00:00,PENDING,Déplacement professionnel confirmé.
3391,56b96c96-5d7b-4947-ad8d-2a21b22d4e3a,109b05da-c32d-498a-baf2-dece7d8c5d21,REGISTERED,2026-03-23 12:17:49.565855+00:00,,PENDING,
3392,56b96c96-5d7b-4947-ad8d-2a21b22d4e3a,0b0392ac-a14f-455e-86b0-ae00fdfdf1f6,REGISTERED,2026-04-04 22:19:51.222530+00:00,,PENDING,
3393,56b96c96-5d7b-4947-ad8d-2a21b22d4e3a,544f4247-a6c8-459e-997a-f558b28f1006,REGISTERED,2026-04-11 03:45:07.211846+00:00,,PENDING,
3394,56b96c96-5d7b-4947-ad8d-2a21b22d4e3a,829eabd6-72af-4c4e-b91e-42647a56cf50,REGISTERED,2026-04-19 06:29:51.292851+00:00,,PENDING,
3395,56b96c96-5d7b-4947-ad8d-2a21b22d4e3a,b13534c3-1d41-4edb-ad71-f6f58ff36484,REGISTERED,2026-04-15 21:54:08.248592+00:00,,PENDING,
3396,18627693-c87d-43c7-a77d-6d6a422c5698,915de5a6-4e56-45a3-9ec0-f304a3b83653,REGISTERED,2026-04-18 02:31:35.263425+00:00,,PENDING,
3397,18627693-c87d-43c7-a77d-6d6a422c5698,4cc0e55c-8eeb-4f90-96d2-dedd8a565e1b,REGISTERED,2026-04-17 16:03:48.580047+00:00,,PENDING,
3398,18627693-c87d-43c7-a77d-6d6a422c5698,85fcc4be-726c-4bcd-9bc6-c969daa3cd3e,REGISTERED,2026-04-23 05:30:14.364219+00:00,,PENDING,
3399,18627693-c87d-43c7-a77d-6d6a422c5698,50b973db-8479-47e1-8c19-f51f4998a03c,REGISTERED,2026-04-17 00:17:42.723538+00:00,,PENDING,
3400,18627693-c87d-43c7-a77d-6d6a422c5698,9ac7d884-9c16-4fa3-b896-884afda9c096,REGISTERED,2026-04-17 18:56:20.603398+00:00,,PENDING,
3401,e5b2957d-2193-4632-b662-61e50c7da267,c98070f7-ea93-464b-9719-8e5817cb346a,REGISTERED,2026-04-23 01:17:11.399131+00:00,,PENDING,
3402,e5b2957d-2193-4632-b662-61e50c7da267,238a56d0-1293-48e8-a2dc-dd39a1ea5a94,REGISTERED,2026-03-16 20:09:08.306750+00:00,,PENDING,
3403,e5b2957d-2193-4632-b662-61e50c7da267,500e7caa-bf0e-48e3-baf1-303ab0dbca43,REGISTERED,2026-04-16 20:43:11.899318+00:00,,PENDING,
3404,e5b2957d-2193-4632-b662-61e50c7da267,4c066895-d413-435c-a54a-7085ccebb310,REGISTERED,2026-03-08 04:29:01.067048+00:00,,PENDING,
3405,e5b2957d-2193-4632-b662-61e50c7da267,62668eb7-8a70-4916-8f73-9d676777f177,REGISTERED,2026-04-25 23:52:23.389337+00:00,,PENDING,
3406,e5b2957d-2193-4632-b662-61e50c7da267,11f3834e-b75c-47de-8f68-181c73c2203d,REGISTERED,2026-03-08 16:27:55.384718+00:00,,PENDING,
3407,e5b2957d-2193-4632-b662-61e50c7da267,0e9ff6d0-1673-43bf-b1d0-6d9e99f229b3,REGISTERED,2026-04-01 03:58:32.549599+00:00,,PENDING,
3408,e5b2957d-2193-4632-b662-61e50c7da267,b6a8879c-3ed7-476d-8f1c-47f8f344f70d,CANCELLED,2026-04-16 06:40:12.763613+00:00,2026-04-22 06:32:50.504176+00:00,PENDING,Absence validée par le manager.
3409,e5b2957d-2193-4632-b662-61e50c7da267,de793784-3e9c-4a5b-a50b-5e1a0437bd90,REGISTERED,2026-03-26 12:06:18.609552+00:00,,PENDING,
3410,e5b2957d-2193-4632-b662-61e50c7da267,e3a19585-197c-4218-9d75-752360108ba0,REGISTERED,2026-03-09 19:11:11.286262+00:00,,PENDING,
3411,e5b2957d-2193-4632-b662-61e50c7da267,7d15ce84-8e27-4d49-b5db-e0a53ce987cd,REGISTERED,2026-03-05 09:15:11.715101+00:00,,PENDING,
3412,e5b2957d-2193-4632-b662-61e50c7da267,07f0e359-3ca2-4c08-b113-4b4f9ace8bfe,REGISTERED,2026-03-21 13:26:44.417774+00:00,,PENDING,
3413,e5b2957d-2193-4632-b662-61e50c7da267,a3444dae-ba25-43f7-a745-f3f89b273e2c,REGISTERED,2026-02-22 06:41:17.720851+00:00,,PENDING,
3414,e5b2957d-2193-4632-b662-61e50c7da267,8a85cbcb-c372-4854-9d56-ead45338499f,REGISTERED,2026-03-11 14:23:57.187425+00:00,,PENDING,
3415,e5b2957d-2193-4632-b662-61e50c7da267,97fc9842-4aa8-4e8a-984d-00e4ebae786f,REGISTERED,2026-02-23 15:03:50.138136+00:00,,PENDING,
3416,e5b2957d-2193-4632-b662-61e50c7da267,895f01a4-b0ea-4f55-add3-d7b281d0d86e,CANCELLED,2026-02-25 19:26:29.123681+00:00,2026-03-25 04:15:07.078677+00:00,PENDING,Indisponibilité personnelle signalée.
3417,e5b2957d-2193-4632-b662-61e50c7da267,921f32d9-32ea-4d21-8db4-7b339d13a5b6,CANCELLED,2026-03-28 03:27:09.245378+00:00,2026-04-07 14:20:12.253607+00:00,PENDING,Erreur de choix de créneau.
3418,e5b2957d-2193-4632-b662-61e50c7da267,5e61724f-7287-442f-963a-0d5dd803249c,REGISTERED,2026-04-03 21:51:31.495337+00:00,,PENDING,
3419,e5b2957d-2193-4632-b662-61e50c7da267,6c7cb4fb-9e6a-4fe0-b7fd-e2495b748576,REGISTERED,2026-03-15 06:05:47.759782+00:00,,PENDING,
3420,e5b2957d-2193-4632-b662-61e50c7da267,f5a200ca-45a2-445d-906e-548d24f00cd6,REGISTERED,2026-05-01 00:31:34.158792+00:00,,PENDING,
3421,e5b2957d-2193-4632-b662-61e50c7da267,3d995ed0-a816-4b0a-8bb4-eaf99e325783,CANCELLED,2026-03-21 22:16:28.821320+00:00,2026-04-06 06:29:18.561920+00:00,PENDING,Erreur de choix de créneau.
3422,e5b2957d-2193-4632-b662-61e50c7da267,3b4c8589-a29e-4f2a-9518-57ade939fcf8,REGISTERED,2026-04-20 09:09:59.960928+00:00,,PENDING,
3423,e5b2957d-2193-4632-b662-61e50c7da267,8f21075b-8c2d-4291-98de-3f070ea2a227,REGISTERED,2026-03-19 11:18:18.134344+00:00,,PENDING,
3424,e5b2957d-2193-4632-b662-61e50c7da267,e5ccee59-74ad-4614-9ebb-e2b31cd8f624,REGISTERED,2026-02-21 07:50:36.904665+00:00,,PENDING,
3425,e5b2957d-2193-4632-b662-61e50c7da267,2a2ff3aa-a839-4038-a81c-29bf4839823e,REGISTERED,2026-03-24 21:55:04.822204+00:00,,PENDING,
3426,e5b2957d-2193-4632-b662-61e50c7da267,28ed3041-bf44-4e82-90cd-dbc09eec2534,REGISTERED,2026-02-19 17:44:53.911172+00:00,,PENDING,
3427,e5b2957d-2193-4632-b662-61e50c7da267,b312e220-ae63-4cad-98df-940d573360df,REGISTERED,2026-03-21 13:57:52.876093+00:00,,PENDING,
3428,e5b2957d-2193-4632-b662-61e50c7da267,a912e90c-b716-4a56-8005-1c9111759dfd,REGISTERED,2026-04-08 07:51:13.781458+00:00,,PENDING,
3429,e5b2957d-2193-4632-b662-61e50c7da267,c0278ba1-ce60-47e3-9f28-8dd3d2d45b37,REGISTERED,2026-03-15 14:34:12.668770+00:00,,PENDING,
3430,e5b2957d-2193-4632-b662-61e50c7da267,7b168703-cc4f-43e5-9775-7d74b4db3f7f,REGISTERED,2026-02-20 10:22:36.242045+00:00,,PENDING,
3431,e5b2957d-2193-4632-b662-61e50c7da267,a1c5d618-8d96-458c-8e77-e2adbc9f6c23,REGISTERED,2026-03-12 18:48:01.214732+00:00,,PENDING,
3432,e5b2957d-2193-4632-b662-61e50c7da267,91e9323a-e856-492f-b6b6-379bc6570add,REGISTERED,2026-02-23 16:18:25.935026+00:00,,PENDING,
3433,e5b2957d-2193-4632-b662-61e50c7da267,6a02ace1-ef25-49eb-9361-c0c9a567599d,REGISTERED,2026-03-15 07:10:51.039029+00:00,,PENDING,
3434,e5b2957d-2193-4632-b662-61e50c7da267,5147885c-e8a5-473d-88c2-92f1ac8aaab2,REGISTERED,2026-03-18 23:35:21.247491+00:00,,PENDING,
3435,e5b2957d-2193-4632-b662-61e50c7da267,5f646712-930f-479c-89c6-657ca0f5634c,CANCELLED,2026-03-25 17:17:51.449072+00:00,2026-04-14 01:44:13.075673+00:00,PENDING,Modification de l’agenda projet.
3436,e5b2957d-2193-4632-b662-61e50c7da267,5553c5bf-a6be-43ce-99ca-71a0dd00c526,REGISTERED,2026-04-05 19:08:58.056725+00:00,,PENDING,
3437,e5b2957d-2193-4632-b662-61e50c7da267,8eb23e0d-e7bd-4642-b245-6338a02daf5d,REGISTERED,2026-04-28 12:49:07.946088+00:00,,PENDING,
3438,e5b2957d-2193-4632-b662-61e50c7da267,1601dd67-4724-4d1d-a0bc-461e96081aed,REGISTERED,2026-03-12 08:38:22.885695+00:00,,PENDING,
3439,e5b2957d-2193-4632-b662-61e50c7da267,0ad2e8b9-a1e4-439b-82a6-7043befa8527,REGISTERED,2026-04-12 13:07:23.739277+00:00,,PENDING,
3440,e5b2957d-2193-4632-b662-61e50c7da267,41417e3e-4fd4-4942-a396-ba652bde8364,REGISTERED,2026-04-10 20:41:40.376842+00:00,,PENDING,
3441,e5b2957d-2193-4632-b662-61e50c7da267,a0cca5a6-1adb-48cd-8eb4-3ddd051a194a,REGISTERED,2026-03-26 06:37:48.441645+00:00,,PENDING,
3442,e5b2957d-2193-4632-b662-61e50c7da267,d2143c02-7643-4dad-9edd-73d7e485eec7,REGISTERED,2026-02-25 19:08:43.074919+00:00,,PENDING,
3443,e5b2957d-2193-4632-b662-61e50c7da267,ed50a04f-41be-4ee7-89ae-aed7531faa34,REGISTERED,2026-03-16 15:51:51.611475+00:00,,PENDING,
3444,e5b2957d-2193-4632-b662-61e50c7da267,eacc44aa-5528-442f-bf03-d93b3123467d,REGISTERED,2026-04-29 11:36:03.380481+00:00,,PENDING,
3445,e5b2957d-2193-4632-b662-61e50c7da267,53234d32-ce6e-4a41-989f-d1958715bab4,REGISTERED,2026-04-25 08:13:52.508078+00:00,,PENDING,
3446,e5b2957d-2193-4632-b662-61e50c7da267,d07b17dc-7457-4ac7-81fc-f5ba88f492bc,REGISTERED,2026-04-10 10:34:20.659715+00:00,,PENDING,
3447,e5b2957d-2193-4632-b662-61e50c7da267,f5795f69-df1e-4f2e-83bf-13391fab37a3,REGISTERED,2026-03-30 13:36:10.885036+00:00,,PENDING,
3448,e5b2957d-2193-4632-b662-61e50c7da267,2a5fc018-eeb8-406f-83fc-1862252f93b0,REGISTERED,2026-02-26 20:54:47.047166+00:00,,PENDING,
3449,e5b2957d-2193-4632-b662-61e50c7da267,ae923cee-de34-4666-b2f5-d8b68dd987f9,REGISTERED,2026-04-30 22:57:26.865243+00:00,,PENDING,
3450,e5b2957d-2193-4632-b662-61e50c7da267,82682e93-7af6-4971-b751-acd09d094d2a,REGISTERED,2026-03-29 05:04:12.727413+00:00,,PENDING,
3451,e5b2957d-2193-4632-b662-61e50c7da267,efe3f27d-9b61-4dcc-bdee-66d1ff6634b6,REGISTERED,2026-03-18 21:54:53.783263+00:00,,PENDING,
3452,e5b2957d-2193-4632-b662-61e50c7da267,9c80f797-b35a-496e-a518-bd9b32ba13b9,REGISTERED,2026-04-23 03:02:49.717768+00:00,,PENDING,
3453,e5b2957d-2193-4632-b662-61e50c7da267,c2c17b8a-e8e3-4734-8a5d-558dcb795104,REGISTERED,2026-04-17 15:33:38.505013+00:00,,PENDING,
3454,4da316bb-8aa8-4bbb-ad10-3b47582b7c4c,96166042-3372-46a1-969f-c215f392ece8,REGISTERED,2026-04-29 20:19:20.441357+00:00,,PENDING,
3455,4da316bb-8aa8-4bbb-ad10-3b47582b7c4c,233d2989-90d7-4cf0-9bea-58a5e4bac3d2,REGISTERED,2026-04-24 10:44:53.214418+00:00,,PENDING,
3456,4da316bb-8aa8-4bbb-ad10-3b47582b7c4c,65f45148-d34d-4ca8-b231-ff27af7e1083,REGISTERED,2026-04-19 05:07:47.075213+00:00,,PENDING,
3457,4da316bb-8aa8-4bbb-ad10-3b47582b7c4c,41bbe326-5123-4001-a1ca-3c7de3d60835,REGISTERED,2026-04-16 09:50:20.688777+00:00,,PENDING,
3458,4da316bb-8aa8-4bbb-ad10-3b47582b7c4c,ff547326-c297-4923-8b93-97313a467f80,REGISTERED,2026-04-23 20:16:49.622201+00:00,,PENDING,
3459,4da316bb-8aa8-4bbb-ad10-3b47582b7c4c,1c000474-b3c9-4da0-aac9-d1ad3722caa2,REGISTERED,2026-04-30 22:42:55.799578+00:00,,PENDING,
3460,4da316bb-8aa8-4bbb-ad10-3b47582b7c4c,3ac1ba84-55fd-4197-b49a-908c9d1588e9,REGISTERED,2026-04-21 05:22:22.292203+00:00,,PENDING,
3461,4da316bb-8aa8-4bbb-ad10-3b47582b7c4c,f74bfc4f-83da-466c-9090-774178a81831,REGISTERED,2026-04-15 02:18:58.151662+00:00,,PENDING,
3462,4da316bb-8aa8-4bbb-ad10-3b47582b7c4c,e6b32c11-c369-4ced-9813-924c8e864732,REGISTERED,2026-04-30 11:02:02.991324+00:00,,PENDING,
3463,4da316bb-8aa8-4bbb-ad10-3b47582b7c4c,206f3caa-e4f4-4c32-9bbe-a77b272bce88,REGISTERED,2026-04-30 16:18:56.159098+00:00,,PENDING,
3464,4da316bb-8aa8-4bbb-ad10-3b47582b7c4c,2ef6e49e-2db4-4aba-9300-2be6b73234f7,REGISTERED,2026-04-30 13:15:42.168347+00:00,,PENDING,
3465,4da316bb-8aa8-4bbb-ad10-3b47582b7c4c,bc157ecf-7954-494e-a055-311a276bf358,REGISTERED,2026-04-19 11:00:42.896076+00:00,,PENDING,
3466,4da316bb-8aa8-4bbb-ad10-3b47582b7c4c,6531a0f2-47b9-4582-85c5-5d1479aedfd0,REGISTERED,2026-04-22 21:06:07.255937+00:00,,PENDING,
3467,4da316bb-8aa8-4bbb-ad10-3b47582b7c4c,3d995ed0-a816-4b0a-8bb4-eaf99e325783,REGISTERED,2026-04-19 20:44:58.446864+00:00,,PENDING,
3468,4da316bb-8aa8-4bbb-ad10-3b47582b7c4c,38cdd74c-b750-4e7c-89b5-9d66dac401b5,REGISTERED,2026-04-20 02:16:56.090994+00:00,,PENDING,
3469,4da316bb-8aa8-4bbb-ad10-3b47582b7c4c,66cca95d-9fc9-4eb7-9ec6-1a35ddebfc83,REGISTERED,2026-04-19 19:43:19.922130+00:00,,PENDING,
3470,4da316bb-8aa8-4bbb-ad10-3b47582b7c4c,14982b70-3b85-4fff-9449-0f42ce2dd336,REGISTERED,2026-04-23 12:09:17.227714+00:00,,PENDING,
3471,4da316bb-8aa8-4bbb-ad10-3b47582b7c4c,16db286d-1b67-49c2-b2c8-9d4d0fa29db6,REGISTERED,2026-04-28 02:52:27.245057+00:00,,PENDING,
3472,4da316bb-8aa8-4bbb-ad10-3b47582b7c4c,181e7e03-af2a-43ee-9324-840d14c267d3,REGISTERED,2026-04-22 18:06:14.261863+00:00,,PENDING,
3473,4da316bb-8aa8-4bbb-ad10-3b47582b7c4c,73c05dc0-70ad-4a8b-a6d0-3dfd6c54d1a1,REGISTERED,2026-04-29 18:58:25.864802+00:00,,PENDING,
3474,4da316bb-8aa8-4bbb-ad10-3b47582b7c4c,55831852-80ae-4ac9-b6c1-ecd2efaef1b7,REGISTERED,2026-04-24 12:18:39.052211+00:00,,PENDING,
3475,4da316bb-8aa8-4bbb-ad10-3b47582b7c4c,1c8aea5a-7709-44a0-898c-a882a974318f,REGISTERED,2026-04-23 08:07:42.410010+00:00,,PENDING,
3476,4da316bb-8aa8-4bbb-ad10-3b47582b7c4c,1092232c-ca39-4c9d-90f6-d303d67af0e4,REGISTERED,2026-04-25 15:38:34.955107+00:00,,PENDING,
3477,4da316bb-8aa8-4bbb-ad10-3b47582b7c4c,553f633d-4e8b-4e4b-a5c1-02de094d0933,REGISTERED,2026-04-27 15:25:04.675942+00:00,,PENDING,
3478,4da316bb-8aa8-4bbb-ad10-3b47582b7c4c,9164ed25-60b7-490a-8cd1-097fbea158ab,REGISTERED,2026-04-21 01:09:02.293084+00:00,,PENDING,
3479,aefd1606-13d7-47cc-8844-c225c32c5493,bb262322-0e8b-4c64-957d-3ecaf2e87b49,REGISTERED,2026-02-03 16:34:11.475021+00:00,,PENDING,
3480,aefd1606-13d7-47cc-8844-c225c32c5493,6487383a-0fb9-4616-a52e-d9a0ba69cc53,REGISTERED,2026-03-29 20:16:41.005413+00:00,,PENDING,
3481,359e99c9-a8e0-464c-a3e4-0cf90413eda0,23cf3644-a5e7-4b7a-848c-b3c4ffc0d526,REGISTERED,2026-02-23 10:03:16.450058+00:00,,PRESENT,
3482,359e99c9-a8e0-464c-a3e4-0cf90413eda0,9a6ea003-a666-4c29-8ae5-e7fa86361a43,REGISTERED,2026-03-23 11:50:32.500237+00:00,,PRESENT,
3483,359e99c9-a8e0-464c-a3e4-0cf90413eda0,a28bebfa-b4eb-4a1f-9fc2-0354999a2f57,REGISTERED,2026-03-16 00:52:49.052531+00:00,,PRESENT,
3484,359e99c9-a8e0-464c-a3e4-0cf90413eda0,549a7925-348b-43cd-a3b9-dd25c12212b3,CANCELLED,2026-03-17 06:55:46.790718+00:00,2026-03-18 03:18:20.289129+00:00,PENDING,Participation remplacée par un collègue.
3485,359e99c9-a8e0-464c-a3e4-0cf90413eda0,06fcdd2c-53a6-496a-9efa-7dd79a271da4,REGISTERED,2026-03-01 13:35:57.531603+00:00,,PRESENT,
3486,359e99c9-a8e0-464c-a3e4-0cf90413eda0,e6693802-b58f-4be6-8509-975c7975dc5b,REGISTERED,2026-03-28 12:12:12.316174+00:00,,ABSENT,
3487,359e99c9-a8e0-464c-a3e4-0cf90413eda0,f5fabd31-c937-4924-a2a4-7cd151d87d06,REGISTERED,2026-03-27 06:53:44.169238+00:00,,ABSENT,
3488,359e99c9-a8e0-464c-a3e4-0cf90413eda0,b8586f4e-0b8d-4c49-99b4-58e4ac4db671,REGISTERED,2026-02-27 19:54:48.013220+00:00,,PRESENT,
3489,359e99c9-a8e0-464c-a3e4-0cf90413eda0,510ae9dd-0fef-4647-ab59-c05d2f715afe,REGISTERED,2026-03-11 08:34:24.773864+00:00,,PRESENT,
3490,359e99c9-a8e0-464c-a3e4-0cf90413eda0,374bb2b1-7239-47b4-a7f3-42a9312229af,REGISTERED,2026-02-20 08:33:26.593939+00:00,,PRESENT,
3491,359e99c9-a8e0-464c-a3e4-0cf90413eda0,3e5fe20d-95f7-4fea-a0b1-f764d3af1ede,REGISTERED,2026-03-12 14:02:08.368439+00:00,,PRESENT,
3492,359e99c9-a8e0-464c-a3e4-0cf90413eda0,0b8e3edc-e13f-433c-bcda-bf4510acface,REGISTERED,2026-02-19 09:08:12.804276+00:00,,PRESENT,
3493,359e99c9-a8e0-464c-a3e4-0cf90413eda0,96fcb81f-46c4-4e0d-9431-72d62e53de35,REGISTERED,2026-03-06 12:59:29.681902+00:00,,PRESENT,
3494,359e99c9-a8e0-464c-a3e4-0cf90413eda0,2a2ff3aa-a839-4038-a81c-29bf4839823e,REGISTERED,2026-02-28 02:01:55.875570+00:00,,PRESENT,
3495,359e99c9-a8e0-464c-a3e4-0cf90413eda0,eb85b268-bb88-4119-939d-492d2322518f,REGISTERED,2026-03-03 16:10:46.858093+00:00,,PRESENT,
3496,359e99c9-a8e0-464c-a3e4-0cf90413eda0,f3525842-5ccf-4d32-b3c0-eb58cb4ae783,CANCELLED,2026-03-13 12:48:59.534526+00:00,2026-03-14 17:08:21.179700+00:00,PENDING,Session finalement non pertinente pour le profil.
3497,359e99c9-a8e0-464c-a3e4-0cf90413eda0,2a9d41e6-bbad-409a-9305-7d1453de3fff,REGISTERED,2026-03-31 09:59:54.378170+00:00,,ABSENT,
3498,359e99c9-a8e0-464c-a3e4-0cf90413eda0,d038d3e8-db0f-4824-9216-4de208fd6652,REGISTERED,2026-03-04 11:09:32.918876+00:00,,PRESENT,
3499,359e99c9-a8e0-464c-a3e4-0cf90413eda0,d17fb9bc-4d75-4c84-a425-1d1973803d5a,REGISTERED,2026-03-14 04:37:32.323387+00:00,,PRESENT,
3500,359e99c9-a8e0-464c-a3e4-0cf90413eda0,7b19046f-9ad2-4f03-b469-0a8c894bbccb,CANCELLED,2026-03-01 23:07:34.763790+00:00,2026-03-21 11:31:14.956476+00:00,PENDING,Invitation déclinée après réévaluation.
3501,359e99c9-a8e0-464c-a3e4-0cf90413eda0,5553c5bf-a6be-43ce-99ca-71a0dd00c526,CANCELLED,2026-03-27 13:13:34.552668+00:00,2026-03-30 15:35:48.414508+00:00,PENDING,Conflit d’horaire avec une réunion prioritaire.
3502,359e99c9-a8e0-464c-a3e4-0cf90413eda0,273af618-b029-48bf-9f93-07a654f545f4,REGISTERED,2026-03-21 12:11:01.704279+00:00,,ABSENT,
3503,359e99c9-a8e0-464c-a3e4-0cf90413eda0,e9bcf6db-9a70-402b-96e0-5fad1e21ca31,REGISTERED,2026-03-24 12:38:26.988548+00:00,,PRESENT,
3504,359e99c9-a8e0-464c-a3e4-0cf90413eda0,7497f43c-158d-489b-b70c-fe3b4c138821,REGISTERED,2026-03-06 16:23:59.126033+00:00,,PRESENT,
3505,359e99c9-a8e0-464c-a3e4-0cf90413eda0,c0651ad3-8066-41be-bcae-d7c1a16aa7f5,CANCELLED,2026-04-02 21:47:22.261939+00:00,2026-04-07 08:40:14.489068+00:00,PENDING,Changement de priorité métier.
3506,359e99c9-a8e0-464c-a3e4-0cf90413eda0,8eb23e0d-e7bd-4642-b245-6338a02daf5d,REGISTERED,2026-02-21 19:20:13.370240+00:00,,PRESENT,
3507,359e99c9-a8e0-464c-a3e4-0cf90413eda0,ee1c4d3b-ec68-41f3-b7f1-58779c7a6bd9,REGISTERED,2026-03-02 19:21:10.122860+00:00,,PRESENT,
3508,359e99c9-a8e0-464c-a3e4-0cf90413eda0,4f401a8b-a036-4ae4-ac18-f69336a55209,REGISTERED,2026-03-30 15:04:03.098432+00:00,,ABSENT,
3509,359e99c9-a8e0-464c-a3e4-0cf90413eda0,f93fc94f-b705-49f5-954a-4683273857f4,REGISTERED,2026-03-02 20:08:07.939109+00:00,,PRESENT,
3510,359e99c9-a8e0-464c-a3e4-0cf90413eda0,c1e9f1c5-3a1d-407e-9767-7cb7c9089296,REGISTERED,2026-03-25 15:04:14.861507+00:00,,PRESENT,
3511,359e99c9-a8e0-464c-a3e4-0cf90413eda0,7c02e81b-64f2-451d-bbab-b807fd72ef10,REGISTERED,2026-02-20 00:48:52.033900+00:00,,PRESENT,
3512,359e99c9-a8e0-464c-a3e4-0cf90413eda0,f6e7d21d-ffa2-40da-a777-6cd561fc7ca2,REGISTERED,2026-03-15 02:31:30.939380+00:00,,PRESENT,
3513,359e99c9-a8e0-464c-a3e4-0cf90413eda0,e035811f-10c5-4bfc-a7c0-7eae45940633,CANCELLED,2026-03-16 05:12:40.191047+00:00,2026-03-26 05:00:50.888058+00:00,PENDING,Contrainte de planning de dernière minute.
3514,359e99c9-a8e0-464c-a3e4-0cf90413eda0,e9259942-8396-473b-9057-48dcaca6a4b8,REGISTERED,2026-03-05 10:28:07.811006+00:00,,PRESENT,
3515,359e99c9-a8e0-464c-a3e4-0cf90413eda0,5e3a8bbe-4747-4f6c-a52f-e982db7f63be,REGISTERED,2026-03-06 05:43:45.046063+00:00,,ABSENT,
3516,359e99c9-a8e0-464c-a3e4-0cf90413eda0,94df617c-7422-4cee-8fff-551c271661f6,REGISTERED,2026-02-26 05:08:50.775843+00:00,,PRESENT,
3517,359e99c9-a8e0-464c-a3e4-0cf90413eda0,1488e2ee-e5fc-4fda-a6c5-2e6dbdbec50b,REGISTERED,2026-02-24 23:03:20.768956+00:00,,PRESENT,
3518,359e99c9-a8e0-464c-a3e4-0cf90413eda0,d46a3b65-b3c2-4019-9b15-047e249159c1,REGISTERED,2026-04-02 15:05:03.462243+00:00,,PRESENT,
3519,359e99c9-a8e0-464c-a3e4-0cf90413eda0,3f41bf71-321e-42aa-9bc9-08d233bda92b,CANCELLED,2026-02-25 12:08:57.512282+00:00,2026-03-05 14:01:15.110957+00:00,PENDING,Invitation déclinée après réévaluation.
3520,359e99c9-a8e0-464c-a3e4-0cf90413eda0,c8179126-6db5-4378-878a-06984c582910,CANCELLED,2026-03-05 08:36:15.298493+00:00,2026-03-16 12:04:09.896293+00:00,PENDING,Charge de travail incompatible avec l’événement.
3521,359e99c9-a8e0-464c-a3e4-0cf90413eda0,3f86e892-6ecb-4028-b135-17c98a50e599,REGISTERED,2026-04-04 03:25:35.096645+00:00,,PRESENT,
3522,359e99c9-a8e0-464c-a3e4-0cf90413eda0,ea40f618-7f28-4677-9945-8b26e9dad431,REGISTERED,2026-04-01 19:16:54.408851+00:00,,PRESENT,
3523,c098c88a-9127-40aa-9f8d-d2a1646ad1c1,77912841-0831-4559-9152-00fd23a9a51c,REGISTERED,2026-04-28 07:15:10.517348+00:00,,PENDING,
3524,c098c88a-9127-40aa-9f8d-d2a1646ad1c1,5a279486-f19e-477b-ada8-50c908151f96,REGISTERED,2026-03-26 10:19:49.386630+00:00,,PENDING,
3525,c098c88a-9127-40aa-9f8d-d2a1646ad1c1,c024ae2f-747f-4e78-b09d-430b0eca3860,REGISTERED,2026-04-10 08:58:12.086964+00:00,,PENDING,
3526,c098c88a-9127-40aa-9f8d-d2a1646ad1c1,1bdd1aba-8056-4ec1-b09d-02acb85a9eab,REGISTERED,2026-04-11 17:34:23.987258+00:00,,PENDING,
3527,c098c88a-9127-40aa-9f8d-d2a1646ad1c1,ea6a2151-71d0-4a29-bdab-6b249f5466e9,REGISTERED,2026-04-28 01:01:18.464271+00:00,,PENDING,
3528,c098c88a-9127-40aa-9f8d-d2a1646ad1c1,a166e45a-4673-4033-bd08-6264c00ab024,REGISTERED,2026-03-12 03:01:48.602814+00:00,,PENDING,
3529,c098c88a-9127-40aa-9f8d-d2a1646ad1c1,542134d1-b226-400c-8d7c-4e24b1a088a6,CANCELLED,2026-03-21 16:45:06.100132+00:00,2026-03-24 00:28:07.584659+00:00,PENDING,Modification de l’agenda projet.
3530,c098c88a-9127-40aa-9f8d-d2a1646ad1c1,45f2fe70-a2a2-4fcc-b0f2-29306540418a,REGISTERED,2026-03-13 03:14:22.623283+00:00,,PENDING,
3531,c098c88a-9127-40aa-9f8d-d2a1646ad1c1,3cb20e66-1f63-4917-96a0-d76276f9e1ec,REGISTERED,2026-04-18 05:02:20.000290+00:00,,PENDING,
3532,c098c88a-9127-40aa-9f8d-d2a1646ad1c1,03eeb36f-1602-4d94-af8d-fa5e5db432b8,REGISTERED,2026-04-23 18:01:15.859406+00:00,,PENDING,
3533,c098c88a-9127-40aa-9f8d-d2a1646ad1c1,a04f5eda-a557-4705-92b5-88cc55ea6558,REGISTERED,2026-04-03 17:29:20.916076+00:00,,PENDING,
3534,c098c88a-9127-40aa-9f8d-d2a1646ad1c1,d7f518f6-8981-4973-9c42-b49423f7f23e,REGISTERED,2026-03-13 04:59:51.843032+00:00,,PENDING,
3535,c098c88a-9127-40aa-9f8d-d2a1646ad1c1,fcde4003-2759-47b7-b54d-25da4c86740a,CANCELLED,2026-02-26 03:01:32.297325+00:00,2026-04-01 05:37:18.991822+00:00,PENDING,Invitation déclinée après réévaluation.
3536,8ce0f756-4250-4d96-823d-f23fffa653d8,40bd5505-6dbf-49ae-817e-6ca216a5630f,REGISTERED,2026-04-12 06:51:10.394717+00:00,,PENDING,
3537,8ce0f756-4250-4d96-823d-f23fffa653d8,b441076d-638e-411c-acb3-a82826ad41d8,REGISTERED,2026-04-09 00:00:57.042997+00:00,,PENDING,
3538,8ce0f756-4250-4d96-823d-f23fffa653d8,4939d78a-0c57-4ce5-bee3-d1fe244be125,REGISTERED,2026-03-25 01:25:30.274582+00:00,,PENDING,
3539,8ce0f756-4250-4d96-823d-f23fffa653d8,b312e220-ae63-4cad-98df-940d573360df,REGISTERED,2026-04-14 15:27:10.805148+00:00,,PENDING,
3540,8ce0f756-4250-4d96-823d-f23fffa653d8,d5d7156b-757a-4b4f-9950-c3a38b7b858d,CANCELLED,2026-03-28 06:50:58.375911+00:00,2026-04-16 10:11:37.835752+00:00,PENDING,Session finalement non pertinente pour le profil.
3541,8ce0f756-4250-4d96-823d-f23fffa653d8,efe3f27d-9b61-4dcc-bdee-66d1ff6634b6,REGISTERED,2026-04-23 22:57:11.733915+00:00,,PENDING,
3542,8ce0f756-4250-4d96-823d-f23fffa653d8,d04fc3d7-1126-4cb3-9932-981657c916cf,REGISTERED,2026-03-06 04:30:35.634593+00:00,,PENDING,
3543,8ce0f756-4250-4d96-823d-f23fffa653d8,06cf8ad7-4bdc-42e8-94e2-b0abe12a020b,REGISTERED,2026-04-02 22:14:26.420570+00:00,,PENDING,
3544,8ce0f756-4250-4d96-823d-f23fffa653d8,11a37724-d4a2-4571-9734-d56b460e4a73,REGISTERED,2026-03-05 16:12:32.265251+00:00,,PENDING,
3545,8ce0f756-4250-4d96-823d-f23fffa653d8,1bf756ca-dbef-4935-bac3-a3b692010a75,REGISTERED,2026-03-31 05:23:44.581796+00:00,,PENDING,
3546,8ce0f756-4250-4d96-823d-f23fffa653d8,9246a4a8-fa4c-48db-84c1-bcec80300b95,REGISTERED,2026-04-19 08:47:22.621763+00:00,,PENDING,
3547,43cfb2da-47ce-46b7-8734-310666884d11,6f1c92a2-1730-457e-af80-22ceee52065e,REGISTERED,2026-04-18 23:15:11.833660+00:00,,PENDING,
3548,43cfb2da-47ce-46b7-8734-310666884d11,f0e0881e-5be2-4c7e-9a12-6c8d41853e5b,CANCELLED,2026-04-29 03:05:43.880280+00:00,2026-04-29 14:51:05.505322+00:00,PENDING,Indisponibilité personnelle signalée.
3549,43cfb2da-47ce-46b7-8734-310666884d11,1d623cd5-7c52-4925-a204-0c46c3869a1d,REGISTERED,2026-04-23 16:42:54.040193+00:00,,PENDING,
3550,43cfb2da-47ce-46b7-8734-310666884d11,608ced08-9e47-4568-b2c6-81b0a7fdf075,REGISTERED,2026-04-25 16:47:13.554664+00:00,,PENDING,
3551,43cfb2da-47ce-46b7-8734-310666884d11,0642ecad-a158-4e54-85b7-a07bbaf1092f,REGISTERED,2026-04-30 16:08:20.591218+00:00,,PENDING,
3552,43cfb2da-47ce-46b7-8734-310666884d11,04bb8b7a-cd4c-4a01-91d4-4704fda80686,REGISTERED,2026-04-22 16:13:45.955883+00:00,,PENDING,
3553,69d10548-b1f8-40f4-b68c-9398dab1aaca,99be4c11-8624-4a8a-a33e-833f5dd5a1e5,REGISTERED,2026-04-17 15:07:15.457673+00:00,,PENDING,
3554,69d10548-b1f8-40f4-b68c-9398dab1aaca,2d2ef5e3-a9fa-454f-9d27-96ad5903a226,REGISTERED,2026-04-27 17:48:07.992348+00:00,,PENDING,
3555,69d10548-b1f8-40f4-b68c-9398dab1aaca,21e93a46-e401-457d-ad44-d22012a753d7,REGISTERED,2026-04-26 06:07:56.441027+00:00,,PENDING,
3556,69d10548-b1f8-40f4-b68c-9398dab1aaca,03eeb36f-1602-4d94-af8d-fa5e5db432b8,REGISTERED,2026-04-18 02:16:59.214756+00:00,,PENDING,
3557,8e14ff41-e0cb-4323-9272-959b4f468143,8de3a1bf-0867-4629-9291-42a74caf9008,REGISTERED,2026-04-04 21:21:13.987535+00:00,,PENDING,
3558,8e14ff41-e0cb-4323-9272-959b4f468143,96f88851-c0d4-41cf-be20-b08886bc6e6c,REGISTERED,2026-04-02 11:52:48.663721+00:00,,PENDING,
3559,8e14ff41-e0cb-4323-9272-959b4f468143,8953121f-1a21-4cf5-9842-a8bab20d555c,REGISTERED,2026-03-30 15:48:35.208025+00:00,,PENDING,
3560,8e14ff41-e0cb-4323-9272-959b4f468143,28ac5ef3-c8dc-4aa9-97a4-4bd90a55268b,REGISTERED,2026-03-17 09:02:26.072491+00:00,,PENDING,
3561,8e14ff41-e0cb-4323-9272-959b4f468143,83591bb5-b0a5-432a-9670-a236e11cbb0b,REGISTERED,2026-04-28 21:25:51.300404+00:00,,PENDING,
3562,8e14ff41-e0cb-4323-9272-959b4f468143,4abcf7de-7bd9-4a8b-8086-69d62985a420,REGISTERED,2026-03-27 20:11:38.572975+00:00,,PENDING,
3563,8e14ff41-e0cb-4323-9272-959b4f468143,a7450ed8-f67b-4a15-a99a-a9fa649b6fd6,REGISTERED,2026-04-07 15:29:03.171616+00:00,,PENDING,
3564,8e14ff41-e0cb-4323-9272-959b4f468143,d39a524e-7c94-4fbb-ae92-88b5fbdeaeb8,REGISTERED,2026-03-16 18:13:32.947371+00:00,,PENDING,
3565,8e14ff41-e0cb-4323-9272-959b4f468143,b78c727b-e0cf-4632-95c8-6d754d1b626c,REGISTERED,2026-04-30 17:43:47.600410+00:00,,PENDING,
3566,8e14ff41-e0cb-4323-9272-959b4f468143,1b521727-2b9c-4bae-a8f2-c0b975bf998b,REGISTERED,2026-04-13 22:17:40.566407+00:00,,PENDING,
3567,8e14ff41-e0cb-4323-9272-959b4f468143,7dddaa8e-deb1-42ed-88bb-dc5a16514cdc,REGISTERED,2026-04-06 06:08:03.178243+00:00,,PENDING,
3568,8e14ff41-e0cb-4323-9272-959b4f468143,4c9ed491-fd91-409f-a4ce-61dddd56f08f,REGISTERED,2026-04-04 01:54:00.829182+00:00,,PENDING,
3569,8e14ff41-e0cb-4323-9272-959b4f468143,38f134e4-e62f-4bb9-a0f5-99a23ed433c7,REGISTERED,2026-04-18 13:40:30.148515+00:00,,PENDING,
3570,8e14ff41-e0cb-4323-9272-959b4f468143,ae8476f4-9a83-4f9f-a68f-08866cdec032,REGISTERED,2026-04-05 13:33:08.745102+00:00,,PENDING,
3571,8e14ff41-e0cb-4323-9272-959b4f468143,2620e675-d3ba-4ca5-85bf-2dd08f05bca7,REGISTERED,2026-04-28 03:18:35.453378+00:00,,PENDING,
3572,8e14ff41-e0cb-4323-9272-959b4f468143,71c79692-c503-4f92-9e3b-427e5c06bcf3,REGISTERED,2026-03-22 18:02:49.211146+00:00,,PENDING,
3573,8e14ff41-e0cb-4323-9272-959b4f468143,f5856cb1-16f0-45c5-83c8-8332602c0554,REGISTERED,2026-04-26 16:57:55.106695+00:00,,PENDING,
3574,8e14ff41-e0cb-4323-9272-959b4f468143,de60686f-1075-42f6-8d70-c65c29ff1620,REGISTERED,2026-04-25 15:05:13.044271+00:00,,PENDING,
3575,8e14ff41-e0cb-4323-9272-959b4f468143,82acf793-5875-4b86-a2c7-7bfc77ca1687,REGISTERED,2026-03-11 06:00:36.788207+00:00,,PENDING,
3576,8e14ff41-e0cb-4323-9272-959b4f468143,e51471b8-8541-4d90-8b64-727da5b9cb07,REGISTERED,2026-04-09 09:26:20.081443+00:00,,PENDING,
3577,8e14ff41-e0cb-4323-9272-959b4f468143,320bb62b-bc55-479e-a685-a27deaf87f3a,REGISTERED,2026-04-11 03:39:12.243349+00:00,,PENDING,
3578,8e14ff41-e0cb-4323-9272-959b4f468143,9f62bec9-e71d-4e58-8eb0-f51c0c93bd4e,REGISTERED,2026-03-13 17:31:19.218686+00:00,,PENDING,
3579,8e14ff41-e0cb-4323-9272-959b4f468143,da6180bb-789f-4ba7-887c-08f5033ce3bd,REGISTERED,2026-03-21 20:31:28.669644+00:00,,PENDING,
3580,8e14ff41-e0cb-4323-9272-959b4f468143,27450660-9126-425f-8a4c-ee13055c3619,REGISTERED,2026-04-26 09:22:01.719879+00:00,,PENDING,
3581,8e14ff41-e0cb-4323-9272-959b4f468143,04ebe506-cbfc-450e-9f9f-21e8320c892b,REGISTERED,2026-03-21 07:53:00.797471+00:00,,PENDING,
3582,8e14ff41-e0cb-4323-9272-959b4f468143,a76c196d-d55a-489a-9e41-2892f1411a8b,REGISTERED,2026-04-26 13:57:47.788805+00:00,,PENDING,
3583,8e14ff41-e0cb-4323-9272-959b4f468143,d37584ec-a50a-4b61-84db-4ad4f2629fd7,REGISTERED,2026-03-31 11:39:04.009397+00:00,,PENDING,
3584,8e14ff41-e0cb-4323-9272-959b4f468143,c590c49a-6aa2-4b9e-b7ef-8de08d64a34f,REGISTERED,2026-03-18 08:30:32.343131+00:00,,PENDING,
3585,8e14ff41-e0cb-4323-9272-959b4f468143,ebabeeab-3d61-4de8-9cc1-9896c30de71c,REGISTERED,2026-03-15 00:56:08.188549+00:00,,PENDING,
3586,8e14ff41-e0cb-4323-9272-959b4f468143,702b5919-6fb5-46fa-8a5a-e0c7f8f37c74,REGISTERED,2026-04-24 17:23:03.309619+00:00,,PENDING,
3587,8e14ff41-e0cb-4323-9272-959b4f468143,9d9f828f-6d17-4846-b840-5c49524aebe1,REGISTERED,2026-03-25 12:24:43.028281+00:00,,PENDING,
3588,8e14ff41-e0cb-4323-9272-959b4f468143,0280d734-a9d4-4fa0-ab8b-772dff7f7954,REGISTERED,2026-03-13 20:38:16.732055+00:00,,PENDING,
3589,8e14ff41-e0cb-4323-9272-959b4f468143,432c2cf9-dd95-45fd-9867-4bb233d84a2f,REGISTERED,2026-03-13 12:34:17.244683+00:00,,PENDING,
3590,8e14ff41-e0cb-4323-9272-959b4f468143,d8f6a1f6-2bba-4d6b-8516-7202830f5ffb,REGISTERED,2026-03-17 21:24:47.296526+00:00,,PENDING,
3591,8e14ff41-e0cb-4323-9272-959b4f468143,ac16955a-100a-49c4-9550-f3e3c118b812,CANCELLED,2026-04-23 08:59:08.176887+00:00,2026-04-24 05:49:12.457934+00:00,PENDING,Session finalement non pertinente pour le profil.
3592,8e14ff41-e0cb-4323-9272-959b4f468143,2b1a62e7-f4c9-4a41-b2af-ca2285e01546,CANCELLED,2026-04-03 02:11:39.371617+00:00,2026-04-16 16:48:31.975366+00:00,PENDING,Invitation déclinée après réévaluation.
3593,8e14ff41-e0cb-4323-9272-959b4f468143,ee85ed55-5fb4-47a4-8a52-97b44ea7f18e,REGISTERED,2026-03-26 23:20:24.249686+00:00,,PENDING,
3594,8e14ff41-e0cb-4323-9272-959b4f468143,e8dda1ab-4e22-4b44-b642-16d429b530e6,REGISTERED,2026-04-28 08:23:57.153613+00:00,,PENDING,
3595,8e14ff41-e0cb-4323-9272-959b4f468143,6c72c3eb-81e1-402e-8b91-1b315094e27e,REGISTERED,2026-03-21 00:28:14.634840+00:00,,PENDING,
3596,39bfc35e-8bb4-403e-b418-4d800493599f,6e55651b-8ed1-4671-be45-9df63f4dbdb6,REGISTERED,2026-01-30 09:36:51.490922+00:00,,PRESENT,
3597,39bfc35e-8bb4-403e-b418-4d800493599f,aea65023-ce55-417a-a93c-d43c8afc615f,REGISTERED,2026-01-22 18:52:22.302716+00:00,,PRESENT,
3598,39bfc35e-8bb4-403e-b418-4d800493599f,b312e220-ae63-4cad-98df-940d573360df,REGISTERED,2026-01-19 23:55:14.577144+00:00,,PRESENT,
3599,39bfc35e-8bb4-403e-b418-4d800493599f,1c8aea5a-7709-44a0-898c-a882a974318f,REGISTERED,2026-02-08 05:59:01.443255+00:00,,ABSENT,
3600,39bfc35e-8bb4-403e-b418-4d800493599f,47711962-da22-4bdd-bbff-0bab2bfb0355,REGISTERED,2026-01-29 04:55:48.637267+00:00,,PRESENT,
3601,39bfc35e-8bb4-403e-b418-4d800493599f,50e23573-ed49-4a5a-a274-62ac3d92fa00,REGISTERED,2026-01-22 02:58:59.160336+00:00,,PRESENT,
3602,39bfc35e-8bb4-403e-b418-4d800493599f,07f0e359-3ca2-4c08-b113-4b4f9ace8bfe,REGISTERED,2026-02-12 19:42:47.133188+00:00,,PRESENT,
3603,39bfc35e-8bb4-403e-b418-4d800493599f,dfc8f475-9202-4a52-9002-24f557cc4c64,CANCELLED,2026-02-20 14:23:10.409881+00:00,2026-02-25 20:01:45.788107+00:00,PENDING,Participation remplacée par un collègue.
3604,39bfc35e-8bb4-403e-b418-4d800493599f,f0e0881e-5be2-4c7e-9a12-6c8d41853e5b,REGISTERED,2026-01-17 10:09:02.603732+00:00,,PRESENT,
3605,39bfc35e-8bb4-403e-b418-4d800493599f,5f646712-930f-479c-89c6-657ca0f5634c,REGISTERED,2026-01-12 03:38:33.902887+00:00,,PRESENT,
3606,39bfc35e-8bb4-403e-b418-4d800493599f,c30e3c38-9098-40b2-9aed-839d9ad0eeb8,REGISTERED,2026-01-22 18:25:15.371868+00:00,,PRESENT,
3607,39bfc35e-8bb4-403e-b418-4d800493599f,db51b55f-fef8-478b-b35a-f2511f4012c2,REGISTERED,2026-01-22 04:48:03.431666+00:00,,ABSENT,
3608,39bfc35e-8bb4-403e-b418-4d800493599f,8e755df7-d353-4b98-b399-336164ee4a93,REGISTERED,2026-02-17 23:30:09.300761+00:00,,ABSENT,
3609,39bfc35e-8bb4-403e-b418-4d800493599f,7fe85746-fe19-422b-8bf2-d167d79a2d1a,REGISTERED,2026-01-24 22:33:03.486606+00:00,,PRESENT,
3610,39bfc35e-8bb4-403e-b418-4d800493599f,04bb8b7a-cd4c-4a01-91d4-4704fda80686,REGISTERED,2026-02-13 17:01:58.268816+00:00,,PRESENT,
3611,39bfc35e-8bb4-403e-b418-4d800493599f,c33a2e16-11ad-42aa-86ff-912411bdea48,REGISTERED,2026-01-22 19:42:59.002753+00:00,,PRESENT,
3612,39bfc35e-8bb4-403e-b418-4d800493599f,c347dd6b-20d6-49f1-b00c-10e9d401a28a,REGISTERED,2026-02-09 21:56:04.435900+00:00,,PRESENT,
3613,39bfc35e-8bb4-403e-b418-4d800493599f,e398a652-95b8-4aab-9aa3-b991fef8f84c,REGISTERED,2026-01-22 01:30:07.877240+00:00,,ABSENT,
3614,39bfc35e-8bb4-403e-b418-4d800493599f,78af47a7-ad8d-4faf-a4eb-52cb18a6a2cd,REGISTERED,2026-02-05 12:16:12.491810+00:00,,PRESENT,
3615,39bfc35e-8bb4-403e-b418-4d800493599f,f3ee8d81-bce1-4705-a1dd-180f42249038,REGISTERED,2026-02-06 18:54:49.537702+00:00,,PRESENT,
3616,39bfc35e-8bb4-403e-b418-4d800493599f,170d2f68-2e8a-4567-81c1-cd4a0016ee2d,REGISTERED,2026-01-22 00:44:00.834193+00:00,,ABSENT,
3617,39bfc35e-8bb4-403e-b418-4d800493599f,a7019b71-bdec-45fd-aa1f-46c39d0046c3,REGISTERED,2026-03-01 06:39:43.913506+00:00,,PRESENT,
3618,39bfc35e-8bb4-403e-b418-4d800493599f,985eaa3f-7b48-432c-980e-612cac39b2d6,CANCELLED,2026-02-01 11:32:03.305353+00:00,2026-03-04 09:53:59.283915+00:00,PENDING,Indisponibilité personnelle signalée.
3619,39bfc35e-8bb4-403e-b418-4d800493599f,278dc842-25a6-4a12-919b-ae5cb5106a96,REGISTERED,2026-02-02 06:58:39.189579+00:00,,PRESENT,
3620,39bfc35e-8bb4-403e-b418-4d800493599f,17f812f6-c3b4-4bc7-a54b-f1133fe132f8,REGISTERED,2026-01-12 17:29:07.345064+00:00,,ABSENT,
3621,39bfc35e-8bb4-403e-b418-4d800493599f,5cfa3cf8-4522-4c4c-8087-ae79149ab327,REGISTERED,2026-01-12 17:16:26.688333+00:00,,PRESENT,
3622,8e83b2b3-f5d6-4e3f-b45f-832be490eea1,0b0392ac-a14f-455e-86b0-ae00fdfdf1f6,REGISTERED,2026-03-08 17:33:35.971973+00:00,,PENDING,
3623,8e83b2b3-f5d6-4e3f-b45f-832be490eea1,8e755df7-d353-4b98-b399-336164ee4a93,REGISTERED,2026-02-27 06:10:13.163607+00:00,,PENDING,
3624,8e83b2b3-f5d6-4e3f-b45f-832be490eea1,ed50a04f-41be-4ee7-89ae-aed7531faa34,REGISTERED,2026-04-10 19:13:47.416679+00:00,,PENDING,
3625,8e83b2b3-f5d6-4e3f-b45f-832be490eea1,a3444dae-ba25-43f7-a745-f3f89b273e2c,REGISTERED,2026-02-27 11:18:53.691760+00:00,,PENDING,
3626,8e83b2b3-f5d6-4e3f-b45f-832be490eea1,7497f43c-158d-489b-b70c-fe3b4c138821,REGISTERED,2026-04-11 16:18:49.512978+00:00,,PENDING,
3627,4d8782b0-3c2d-4296-bef5-7377fb833010,56e09b90-5896-4653-a6d0-833a2aaf2380,REGISTERED,2026-04-29 20:25:56.236683+00:00,,PENDING,
3628,4d8782b0-3c2d-4296-bef5-7377fb833010,95678daf-22ef-4265-aecc-265d306f786c,REGISTERED,2026-01-29 19:30:05.594019+00:00,,PENDING,
3629,3d511cb8-71cf-4f9c-9e3e-2243ccc0c3ba,2282676e-c8d8-45b4-8148-cb534f3e78bb,REGISTERED,2026-02-13 21:25:06.094906+00:00,,ABSENT,
3630,3d511cb8-71cf-4f9c-9e3e-2243ccc0c3ba,27450660-9126-425f-8a4c-ee13055c3619,REGISTERED,2026-03-07 08:22:08.690209+00:00,,ABSENT,
3631,3d511cb8-71cf-4f9c-9e3e-2243ccc0c3ba,b47acf12-a3eb-4e7e-b774-7fd911ef71bd,REGISTERED,2026-03-12 19:10:09.025021+00:00,,ABSENT,
3632,3d511cb8-71cf-4f9c-9e3e-2243ccc0c3ba,88ca13bd-4e60-4303-800f-294b5b96f80d,REGISTERED,2026-03-06 07:17:22.669552+00:00,,ABSENT,
3633,3d511cb8-71cf-4f9c-9e3e-2243ccc0c3ba,6c7cb4fb-9e6a-4fe0-b7fd-e2495b748576,REGISTERED,2026-03-08 23:12:08.341108+00:00,,PRESENT,
3634,3d511cb8-71cf-4f9c-9e3e-2243ccc0c3ba,fd337d25-a333-4d37-94b8-71f30778f874,REGISTERED,2026-03-13 10:27:21.983929+00:00,,PRESENT,
3635,3d511cb8-71cf-4f9c-9e3e-2243ccc0c3ba,a653f1b8-2202-491e-8b31-77d92d162949,REGISTERED,2026-03-04 22:53:59.973613+00:00,,PRESENT,
3636,3d511cb8-71cf-4f9c-9e3e-2243ccc0c3ba,78c254c8-e08c-423c-b031-4de7e4eb1f25,CANCELLED,2026-03-02 12:34:13.517695+00:00,2026-03-15 19:33:14.105009+00:00,PENDING,Inscription faite par erreur.
3637,3d511cb8-71cf-4f9c-9e3e-2243ccc0c3ba,066a8584-2f31-4a5b-81a3-bfcffb97ceb0,REGISTERED,2026-03-12 03:06:36.871629+00:00,,PRESENT,
3638,3d511cb8-71cf-4f9c-9e3e-2243ccc0c3ba,912a90c4-9c49-4b06-b8aa-4363306047bd,REGISTERED,2026-03-13 13:50:50.131680+00:00,,PRESENT,
3639,3d511cb8-71cf-4f9c-9e3e-2243ccc0c3ba,e1146103-3e33-4ed7-9a4c-3426f5922da9,REGISTERED,2026-03-02 13:48:13.742203+00:00,,PRESENT,
3640,3d511cb8-71cf-4f9c-9e3e-2243ccc0c3ba,869f5770-ffbd-42b1-9908-f61f8fbbc8ea,REGISTERED,2026-03-03 10:35:22.030470+00:00,,PRESENT,
3641,3d511cb8-71cf-4f9c-9e3e-2243ccc0c3ba,82adceda-344c-469a-a34d-6c5d0776f855,REGISTERED,2026-02-26 04:44:51.163125+00:00,,PRESENT,
3642,3d511cb8-71cf-4f9c-9e3e-2243ccc0c3ba,3fe14d18-0cfa-492c-9c98-5c09e18406f4,REGISTERED,2026-03-13 13:40:33.685407+00:00,,PRESENT,
3643,3d511cb8-71cf-4f9c-9e3e-2243ccc0c3ba,66254aec-711c-4731-ad1b-12358695cff5,REGISTERED,2026-02-14 17:00:08.558105+00:00,,PRESENT,
3644,3d511cb8-71cf-4f9c-9e3e-2243ccc0c3ba,12f5d09b-3a9f-46b1-98f3-f1fcb7df3201,CANCELLED,2026-03-13 10:23:27.335521+00:00,2026-03-22 08:18:50.732601+00:00,PENDING,Contrainte de planning de dernière minute.
3645,3d511cb8-71cf-4f9c-9e3e-2243ccc0c3ba,233d2989-90d7-4cf0-9bea-58a5e4bac3d2,CANCELLED,2026-02-15 00:41:13.690306+00:00,2026-03-08 00:20:58.925848+00:00,PENDING,Déplacement professionnel confirmé.
3646,3d511cb8-71cf-4f9c-9e3e-2243ccc0c3ba,83b7b362-55ff-44b1-870b-dd179a5fc394,REGISTERED,2026-02-13 10:49:23.822233+00:00,,PRESENT,
3647,3d511cb8-71cf-4f9c-9e3e-2243ccc0c3ba,5f776928-4b7a-41f4-a20d-06c3a6b003bf,REGISTERED,2026-02-17 20:41:27.790622+00:00,,PRESENT,
3648,3d511cb8-71cf-4f9c-9e3e-2243ccc0c3ba,50e23573-ed49-4a5a-a274-62ac3d92fa00,CANCELLED,2026-02-12 06:35:52.351364+00:00,2026-03-15 01:51:14.455328+00:00,PENDING,Inscription faite par erreur.
3649,3d511cb8-71cf-4f9c-9e3e-2243ccc0c3ba,efe3f27d-9b61-4dcc-bdee-66d1ff6634b6,REGISTERED,2026-02-21 12:38:10.717892+00:00,,PRESENT,
3650,5cebab24-3343-49c0-9993-b40c91def978,a7450ed8-f67b-4a15-a99a-a9fa649b6fd6,REGISTERED,2026-03-25 13:59:01.694659+00:00,,PENDING,
3651,5cebab24-3343-49c0-9993-b40c91def978,9164ed25-60b7-490a-8cd1-097fbea158ab,REGISTERED,2026-03-06 19:21:43.527369+00:00,,PENDING,
3652,5cebab24-3343-49c0-9993-b40c91def978,320540a7-1daa-4726-b502-7fecc0270091,REGISTERED,2026-02-11 22:54:40.600957+00:00,,PENDING,
3653,5cebab24-3343-49c0-9993-b40c91def978,bc157ecf-7954-494e-a055-311a276bf358,REGISTERED,2026-03-30 17:41:07.173771+00:00,,PENDING,
3654,5cebab24-3343-49c0-9993-b40c91def978,97fc9842-4aa8-4e8a-984d-00e4ebae786f,REGISTERED,2026-04-01 00:35:04.892960+00:00,,PENDING,
3655,5cebab24-3343-49c0-9993-b40c91def978,9dd603d9-070f-421c-9578-652d098d33ae,REGISTERED,2026-04-29 03:20:58.527772+00:00,,PENDING,
3656,5cebab24-3343-49c0-9993-b40c91def978,2a2ff3aa-a839-4038-a81c-29bf4839823e,REGISTERED,2026-04-11 06:12:21.204657+00:00,,PENDING,
3657,5cebab24-3343-49c0-9993-b40c91def978,5a279486-f19e-477b-ada8-50c908151f96,REGISTERED,2026-04-18 01:05:07.173306+00:00,,PENDING,
3658,5cebab24-3343-49c0-9993-b40c91def978,6bd3493e-fd88-4531-b028-16a597e8c121,REGISTERED,2026-02-21 21:43:18.789240+00:00,,PENDING,
3659,5cebab24-3343-49c0-9993-b40c91def978,a41333e5-1570-46d3-b7f0-bef8202da882,REGISTERED,2026-03-03 22:59:51.515738+00:00,,PENDING,
3660,5cebab24-3343-49c0-9993-b40c91def978,ce737a66-340f-45b5-b53a-c9066f05836b,REGISTERED,2026-02-17 05:38:38.477972+00:00,,PENDING,
3661,5cebab24-3343-49c0-9993-b40c91def978,6e55651b-8ed1-4671-be45-9df63f4dbdb6,REGISTERED,2026-03-27 13:03:09.179069+00:00,,PENDING,
3662,5cebab24-3343-49c0-9993-b40c91def978,a0cca5a6-1adb-48cd-8eb4-3ddd051a194a,REGISTERED,2026-04-08 09:23:56.267640+00:00,,PENDING,
3663,5cebab24-3343-49c0-9993-b40c91def978,e6cbc23c-448f-475b-9d8d-a739cbc80407,CANCELLED,2026-02-05 09:39:55.815968+00:00,2026-03-19 22:16:02.893610+00:00,PENDING,Inscription faite par erreur.
3664,5cebab24-3343-49c0-9993-b40c91def978,fc076384-0f92-412b-9cd2-b54ac7597f75,REGISTERED,2026-03-07 02:18:21.135509+00:00,,PENDING,
3665,5cebab24-3343-49c0-9993-b40c91def978,d55047e0-37be-40fb-a90b-d53653e77f3c,REGISTERED,2026-03-20 15:41:36.419807+00:00,,PENDING,
3666,5cebab24-3343-49c0-9993-b40c91def978,578da049-e513-4249-a1cf-ad5d43e8fb14,REGISTERED,2026-03-27 09:05:56.228900+00:00,,PENDING,
3667,5cebab24-3343-49c0-9993-b40c91def978,d46bbc33-a6b9-4170-bdd9-62088f76392b,REGISTERED,2026-02-25 22:29:02.870697+00:00,,PENDING,
3668,5cebab24-3343-49c0-9993-b40c91def978,0f5dcdfd-9397-4997-853c-278f6e224fe8,REGISTERED,2026-04-15 09:58:46.501686+00:00,,PENDING,
3669,5cebab24-3343-49c0-9993-b40c91def978,f8d7dc0b-5a3b-44ee-98f3-b79e6f774b1e,CANCELLED,2026-02-15 08:59:55.706552+00:00,2026-02-28 12:42:57.016330+00:00,PENDING,Changement de priorité métier.
3670,5cebab24-3343-49c0-9993-b40c91def978,9630d3c5-3a6f-4cba-bd6b-09ef4505332e,REGISTERED,2026-03-16 20:30:35.781677+00:00,,PENDING,
3671,5cebab24-3343-49c0-9993-b40c91def978,a7f7f5a9-460c-4634-86dd-96133ca51131,REGISTERED,2026-04-20 05:04:26.021221+00:00,,PENDING,
3672,5cebab24-3343-49c0-9993-b40c91def978,3b4c8589-a29e-4f2a-9518-57ade939fcf8,REGISTERED,2026-04-08 00:40:20.711994+00:00,,PENDING,
3673,5cebab24-3343-49c0-9993-b40c91def978,969f9cbb-d414-4484-aee9-fa12b5505b3e,REGISTERED,2026-04-16 17:14:43.317960+00:00,,PENDING,
3674,5cebab24-3343-49c0-9993-b40c91def978,adf357bf-a6ea-435e-84dc-d92ef2f7cde4,REGISTERED,2026-01-30 14:04:17.250657+00:00,,PENDING,
3675,5cebab24-3343-49c0-9993-b40c91def978,04ae859c-0c10-43f9-b75f-3eda713debdb,CANCELLED,2026-04-23 12:21:01.698139+00:00,2026-04-29 20:56:16.571826+00:00,PENDING,Indisponibilité personnelle signalée.
3676,5cebab24-3343-49c0-9993-b40c91def978,53b3c1c0-71b8-4dde-9428-828a7583ed49,REGISTERED,2026-03-01 07:26:42.537309+00:00,,PENDING,
3677,5cebab24-3343-49c0-9993-b40c91def978,c31a8997-aa4f-4fcd-af44-2a2e36479c4d,REGISTERED,2026-03-05 01:25:28.253249+00:00,,PENDING,
3678,5cebab24-3343-49c0-9993-b40c91def978,549a7925-348b-43cd-a3b9-dd25c12212b3,REGISTERED,2026-03-30 09:47:03.052506+00:00,,PENDING,
3679,5cebab24-3343-49c0-9993-b40c91def978,b5327700-4b72-4e84-bd67-c0134c3733c6,REGISTERED,2026-01-31 10:35:08.450022+00:00,,PENDING,
3680,5cebab24-3343-49c0-9993-b40c91def978,a3befb78-1e74-4bd2-88bc-ea49d60ed7d7,REGISTERED,2026-02-28 23:47:25.620121+00:00,,PENDING,
3681,5cebab24-3343-49c0-9993-b40c91def978,f2b06dee-e475-4ddf-9811-39467ec5c4b3,REGISTERED,2026-04-09 16:01:05.518023+00:00,,PENDING,
3682,5cebab24-3343-49c0-9993-b40c91def978,2b6d1065-0b7d-4434-8df1-5b0f01a68955,REGISTERED,2026-03-03 04:26:17.801736+00:00,,PENDING,
3683,5cebab24-3343-49c0-9993-b40c91def978,c31aaa51-862f-454c-afdf-06d1d6ea07fa,REGISTERED,2026-04-05 02:53:22.057942+00:00,,PENDING,
3684,5cebab24-3343-49c0-9993-b40c91def978,e398a652-95b8-4aab-9aa3-b991fef8f84c,REGISTERED,2026-04-17 05:20:28.025274+00:00,,PENDING,
3685,5cebab24-3343-49c0-9993-b40c91def978,c5722e37-67de-4703-9c3e-8bfefb98abe1,REGISTERED,2026-04-25 23:24:36.792763+00:00,,PENDING,
3686,5cebab24-3343-49c0-9993-b40c91def978,c1e9f1c5-3a1d-407e-9767-7cb7c9089296,REGISTERED,2026-02-19 21:25:59.995202+00:00,,PENDING,
3687,5cebab24-3343-49c0-9993-b40c91def978,b4b6c65f-6664-4d76-b394-e61f1c8f8ec1,REGISTERED,2026-01-31 04:30:49.142972+00:00,,PENDING,
3688,5cebab24-3343-49c0-9993-b40c91def978,b8b374dd-9fa4-4bbd-9bb0-e00bf90d665f,REGISTERED,2026-02-24 16:02:47.588523+00:00,,PENDING,
3689,5cebab24-3343-49c0-9993-b40c91def978,77eda781-2f0d-483f-8875-14af3485c071,REGISTERED,2026-03-04 04:01:26.464447+00:00,,PENDING,
3690,5cebab24-3343-49c0-9993-b40c91def978,540abdf1-304b-4ae8-be52-92cdac07dce3,REGISTERED,2026-04-27 13:18:52.123676+00:00,,PENDING,
3691,5cebab24-3343-49c0-9993-b40c91def978,55831852-80ae-4ac9-b6c1-ecd2efaef1b7,REGISTERED,2026-03-15 11:36:29.670224+00:00,,PENDING,
3692,5cebab24-3343-49c0-9993-b40c91def978,d8820e49-04ca-49fb-ae6e-24da3db841fb,REGISTERED,2026-04-07 11:46:46.266191+00:00,,PENDING,
3693,5cebab24-3343-49c0-9993-b40c91def978,238a56d0-1293-48e8-a2dc-dd39a1ea5a94,REGISTERED,2026-03-08 15:03:32.067543+00:00,,PENDING,
3694,5cebab24-3343-49c0-9993-b40c91def978,4bd7d747-9088-4441-a4ca-12c5a3c80cfb,REGISTERED,2026-03-25 04:30:07.136916+00:00,,PENDING,
3695,5cebab24-3343-49c0-9993-b40c91def978,4104f49c-666e-4c48-8185-e1ef630c83c1,REGISTERED,2026-02-06 06:22:34.809405+00:00,,PENDING,
3696,5cebab24-3343-49c0-9993-b40c91def978,5147885c-e8a5-473d-88c2-92f1ac8aaab2,REGISTERED,2026-02-22 16:34:14.489032+00:00,,PENDING,
3697,5cebab24-3343-49c0-9993-b40c91def978,11e4bafe-f46f-4714-ae79-46782f98afcc,REGISTERED,2026-04-28 11:36:37.386701+00:00,,PENDING,
3698,980787db-d4eb-4aa9-ab2e-45126ad1567a,40bd5505-6dbf-49ae-817e-6ca216a5630f,REGISTERED,2026-02-03 19:13:07.903851+00:00,,ABSENT,
3699,980787db-d4eb-4aa9-ab2e-45126ad1567a,ac70585c-869a-4f1d-97f0-bd11808c3625,REGISTERED,2026-02-22 13:52:14.472424+00:00,,PRESENT,
3700,980787db-d4eb-4aa9-ab2e-45126ad1567a,efe3f27d-9b61-4dcc-bdee-66d1ff6634b6,REGISTERED,2026-02-26 18:49:59.409942+00:00,,PRESENT,
3701,980787db-d4eb-4aa9-ab2e-45126ad1567a,d420025c-f809-4d32-9066-98749e88aeb9,REGISTERED,2026-02-17 09:41:29.508926+00:00,,PRESENT,
3702,980787db-d4eb-4aa9-ab2e-45126ad1567a,06cf8ad7-4bdc-42e8-94e2-b0abe12a020b,CANCELLED,2026-02-10 19:38:07.698530+00:00,2026-03-18 21:43:07.446010+00:00,PENDING,Charge de travail incompatible avec l’événement.
3703,980787db-d4eb-4aa9-ab2e-45126ad1567a,d04fc3d7-1126-4cb3-9932-981657c916cf,REGISTERED,2026-02-18 14:12:20.575445+00:00,,ABSENT,
3704,980787db-d4eb-4aa9-ab2e-45126ad1567a,a05fb95c-ba9f-4e27-a689-3cf5fc1b5a26,REGISTERED,2026-02-16 07:03:41.797356+00:00,,PRESENT,
3705,980787db-d4eb-4aa9-ab2e-45126ad1567a,67b9e613-4792-4b7e-88f0-54df3f761ed0,REGISTERED,2026-02-12 23:56:08.410364+00:00,,PRESENT,
3706,980787db-d4eb-4aa9-ab2e-45126ad1567a,9246a4a8-fa4c-48db-84c1-bcec80300b95,REGISTERED,2026-03-18 07:05:25.647729+00:00,,PRESENT,
3707,980787db-d4eb-4aa9-ab2e-45126ad1567a,6ee92483-e78b-46ce-baa0-0aac70b7049e,REGISTERED,2026-03-07 17:20:10.941935+00:00,,PRESENT,
3708,980787db-d4eb-4aa9-ab2e-45126ad1567a,17f812f6-c3b4-4bc7-a54b-f1133fe132f8,REGISTERED,2026-02-06 14:18:16.059989+00:00,,ABSENT,
3709,980787db-d4eb-4aa9-ab2e-45126ad1567a,b312e220-ae63-4cad-98df-940d573360df,REGISTERED,2026-02-25 11:46:51.695944+00:00,,PRESENT,
3710,980787db-d4eb-4aa9-ab2e-45126ad1567a,1f9f1987-7506-4d70-81a9-f58c2de19219,REGISTERED,2026-03-10 23:21:35.844323+00:00,,PRESENT,
3711,980787db-d4eb-4aa9-ab2e-45126ad1567a,d55887a6-ba09-4137-817b-136eca0eb8fe,REGISTERED,2026-02-25 19:11:24.884571+00:00,,PRESENT,
3712,980787db-d4eb-4aa9-ab2e-45126ad1567a,43381f31-2dca-40f6-af9f-f06934befcd2,REGISTERED,2026-02-04 02:08:27.685801+00:00,,PRESENT,
3713,980787db-d4eb-4aa9-ab2e-45126ad1567a,66c8ea56-9614-4fab-9460-4b1502ac89ba,REGISTERED,2026-03-17 02:25:23.851219+00:00,,PRESENT,
3714,980787db-d4eb-4aa9-ab2e-45126ad1567a,d5d7156b-757a-4b4f-9950-c3a38b7b858d,REGISTERED,2026-02-05 21:44:10.708083+00:00,,ABSENT,
3715,980787db-d4eb-4aa9-ab2e-45126ad1567a,11a37724-d4a2-4571-9734-d56b460e4a73,REGISTERED,2026-03-04 20:28:10.303945+00:00,,PRESENT,
3716,980787db-d4eb-4aa9-ab2e-45126ad1567a,b441076d-638e-411c-acb3-a82826ad41d8,CANCELLED,2026-01-31 20:48:31.768125+00:00,2026-02-25 00:08:59.588675+00:00,PENDING,Erreur de choix de créneau.
3717,d1b1ad5c-1b42-4e80-9790-51439b58c5b9,1bf756ca-dbef-4935-bac3-a3b692010a75,REGISTERED,2026-04-01 18:01:45.935432+00:00,,PENDING,
3718,d1b1ad5c-1b42-4e80-9790-51439b58c5b9,2976ce73-94df-4e12-ac34-fb596591b7c2,REGISTERED,2026-04-26 18:01:50.091252+00:00,,PENDING,
3719,d1b1ad5c-1b42-4e80-9790-51439b58c5b9,5bba076a-bfef-4cf9-be7b-eaf7160e722e,REGISTERED,2026-02-26 17:47:46.173933+00:00,,PENDING,
3720,d1b1ad5c-1b42-4e80-9790-51439b58c5b9,b9c5c31c-70c5-4d31-b5fa-06019974af0a,REGISTERED,2026-04-14 06:24:38.568962+00:00,,PENDING,
3721,d1b1ad5c-1b42-4e80-9790-51439b58c5b9,9670db24-9fbd-4eae-8798-eee73b7f38b0,REGISTERED,2026-04-14 14:11:40.941147+00:00,,PENDING,
3722,d1b1ad5c-1b42-4e80-9790-51439b58c5b9,e4f84c7d-fddd-4aec-b66c-9e63b0300989,REGISTERED,2026-03-04 15:32:25.088697+00:00,,PENDING,
3723,d1b1ad5c-1b42-4e80-9790-51439b58c5b9,43961ba3-19dc-4b35-a7d8-f70fec307809,REGISTERED,2026-02-28 04:14:32.984396+00:00,,PENDING,
3724,d1b1ad5c-1b42-4e80-9790-51439b58c5b9,8316ff5f-cf64-4d38-95c5-ca2d545ce3d2,REGISTERED,2026-03-10 16:06:04.774014+00:00,,PENDING,
3725,d1b1ad5c-1b42-4e80-9790-51439b58c5b9,8fe78534-8626-4ccb-8a11-1abeb3417110,REGISTERED,2026-04-26 14:37:38.905710+00:00,,PENDING,
3726,d1b1ad5c-1b42-4e80-9790-51439b58c5b9,0b3a5337-8158-4195-b718-c1f64fec5d76,REGISTERED,2026-03-26 06:30:02.775597+00:00,,PENDING,
3727,d1b1ad5c-1b42-4e80-9790-51439b58c5b9,5e61724f-7287-442f-963a-0d5dd803249c,CANCELLED,2026-03-17 07:16:01.410876+00:00,2026-04-18 10:10:33.674557+00:00,PENDING,Erreur de choix de créneau.
3728,d1b1ad5c-1b42-4e80-9790-51439b58c5b9,dfc8f475-9202-4a52-9002-24f557cc4c64,REGISTERED,2026-04-22 07:43:54.730053+00:00,,PENDING,
3729,d1b1ad5c-1b42-4e80-9790-51439b58c5b9,b85064cb-2497-4073-9f57-26339c4d0da4,REGISTERED,2026-04-25 20:10:40.825603+00:00,,PENDING,
3730,d1b1ad5c-1b42-4e80-9790-51439b58c5b9,63f2b289-92ce-4991-81bd-1f30b50191dd,REGISTERED,2026-03-26 17:11:53.506510+00:00,,PENDING,
3731,d1b1ad5c-1b42-4e80-9790-51439b58c5b9,8f21075b-8c2d-4291-98de-3f070ea2a227,REGISTERED,2026-04-05 20:42:31.383671+00:00,,PENDING,
3732,d1b1ad5c-1b42-4e80-9790-51439b58c5b9,65f45148-d34d-4ca8-b231-ff27af7e1083,REGISTERED,2026-03-15 06:23:01.445830+00:00,,PENDING,
3733,d1b1ad5c-1b42-4e80-9790-51439b58c5b9,76c67646-085b-4496-a704-025ae0fbf520,REGISTERED,2026-04-28 07:37:28.640788+00:00,,PENDING,
3734,d1b1ad5c-1b42-4e80-9790-51439b58c5b9,4169b80d-0f44-4692-a9e4-5a0ff1391e96,REGISTERED,2026-04-08 01:32:21.306548+00:00,,PENDING,
3735,d1b1ad5c-1b42-4e80-9790-51439b58c5b9,05ebad91-5c0a-406d-b835-141c19b231e0,REGISTERED,2026-03-10 22:21:56.668566+00:00,,PENDING,
3736,d1b1ad5c-1b42-4e80-9790-51439b58c5b9,adf357bf-a6ea-435e-84dc-d92ef2f7cde4,REGISTERED,2026-03-21 07:13:32.140888+00:00,,PENDING,
3737,d1b1ad5c-1b42-4e80-9790-51439b58c5b9,20ce269e-2582-410c-94a7-4694b2562699,REGISTERED,2026-03-01 23:55:09.374067+00:00,,PENDING,
3738,d1b1ad5c-1b42-4e80-9790-51439b58c5b9,066a8584-2f31-4a5b-81a3-bfcffb97ceb0,REGISTERED,2026-03-15 15:48:37.213106+00:00,,PENDING,
3739,d1b1ad5c-1b42-4e80-9790-51439b58c5b9,f3525842-5ccf-4d32-b3c0-eb58cb4ae783,REGISTERED,2026-04-11 05:08:33.229505+00:00,,PENDING,
3740,d1b1ad5c-1b42-4e80-9790-51439b58c5b9,ebe1cbd3-513d-4852-b31c-67c8b1dbeca9,REGISTERED,2026-04-03 18:13:02.984929+00:00,,PENDING,
3741,d1b1ad5c-1b42-4e80-9790-51439b58c5b9,bb262322-0e8b-4c64-957d-3ecaf2e87b49,REGISTERED,2026-03-03 04:20:58.963879+00:00,,PENDING,
3742,d1b1ad5c-1b42-4e80-9790-51439b58c5b9,99deadaf-8a75-4075-aeaa-bf9ec069cd7a,CANCELLED,2026-04-26 02:03:00.505014+00:00,2026-04-27 04:50:11.156609+00:00,PENDING,Participation remplacée par un collègue.
3743,d1b1ad5c-1b42-4e80-9790-51439b58c5b9,0198bc4b-8443-4754-8317-49b56f81ecea,REGISTERED,2026-04-21 13:13:10.352554+00:00,,PENDING,
3744,d1b1ad5c-1b42-4e80-9790-51439b58c5b9,0737a7a1-e7e6-43a8-ade5-027ff9fba167,REGISTERED,2026-03-23 02:49:37.131011+00:00,,PENDING,
3745,d1b1ad5c-1b42-4e80-9790-51439b58c5b9,f4ff8b53-48fb-46e8-9ea0-bc7c51ea9fee,REGISTERED,2026-04-30 14:44:32.457176+00:00,,PENDING,
3746,d1b1ad5c-1b42-4e80-9790-51439b58c5b9,510ae9dd-0fef-4647-ab59-c05d2f715afe,REGISTERED,2026-03-13 16:10:12.277491+00:00,,PENDING,
3747,d1b1ad5c-1b42-4e80-9790-51439b58c5b9,4126b992-e218-4090-8952-12b50eedb60c,REGISTERED,2026-03-29 22:18:42.881577+00:00,,PENDING,
3748,d1b1ad5c-1b42-4e80-9790-51439b58c5b9,9cca5d9d-2083-45f2-baf5-a904076fa298,REGISTERED,2026-04-10 11:03:20.435731+00:00,,PENDING,
3749,d1b1ad5c-1b42-4e80-9790-51439b58c5b9,d55047e0-37be-40fb-a90b-d53653e77f3c,REGISTERED,2026-03-23 22:48:30.208362+00:00,,PENDING,
3750,d1b1ad5c-1b42-4e80-9790-51439b58c5b9,256b281f-27a3-4756-9132-21f4a6f1d868,REGISTERED,2026-03-15 01:37:38.731555+00:00,,PENDING,
3751,d1b1ad5c-1b42-4e80-9790-51439b58c5b9,8f774f8b-da2a-4c78-929b-0896a8c710b9,REGISTERED,2026-04-13 14:53:12.766400+00:00,,PENDING,
3752,d1b1ad5c-1b42-4e80-9790-51439b58c5b9,c4aac5db-f0a1-41f7-ad7b-af5bdfaee13f,REGISTERED,2026-04-19 13:57:04.831774+00:00,,PENDING,
3753,d1b1ad5c-1b42-4e80-9790-51439b58c5b9,4bd7d747-9088-4441-a4ca-12c5a3c80cfb,CANCELLED,2026-03-02 19:56:48.906089+00:00,2026-03-28 21:45:23.246706+00:00,PENDING,Session finalement non pertinente pour le profil.
3754,d1b1ad5c-1b42-4e80-9790-51439b58c5b9,829eabd6-72af-4c4e-b91e-42647a56cf50,REGISTERED,2026-03-31 14:34:09.357655+00:00,,PENDING,
3755,d1b1ad5c-1b42-4e80-9790-51439b58c5b9,1601dd67-4724-4d1d-a0bc-461e96081aed,REGISTERED,2026-03-31 18:30:02.092323+00:00,,PENDING,
3756,d1b1ad5c-1b42-4e80-9790-51439b58c5b9,b55fd364-1df7-46e9-8a10-21de5cd5b1f3,REGISTERED,2026-03-27 00:20:59.789493+00:00,,PENDING,
3757,d1b1ad5c-1b42-4e80-9790-51439b58c5b9,7497f43c-158d-489b-b70c-fe3b4c138821,CANCELLED,2026-03-08 01:04:05.035037+00:00,2026-04-11 07:54:52.608654+00:00,PENDING,Participation remplacée par un collègue.
3758,d1b1ad5c-1b42-4e80-9790-51439b58c5b9,0deccb0f-28c2-4434-a9fc-b509e554f041,REGISTERED,2026-04-15 10:23:32.745694+00:00,,PENDING,
3759,d1b1ad5c-1b42-4e80-9790-51439b58c5b9,38adb4ef-c093-482a-8067-65d85424ebf8,REGISTERED,2026-03-20 09:44:45.475945+00:00,,PENDING,
3760,d1b1ad5c-1b42-4e80-9790-51439b58c5b9,9f86355d-2a5a-4db1-aef6-a2b4d7d51a28,CANCELLED,2026-04-10 08:25:28.558702+00:00,2026-04-23 08:25:22.199690+00:00,PENDING,Erreur de choix de créneau.
3761,d1b1ad5c-1b42-4e80-9790-51439b58c5b9,95678daf-22ef-4265-aecc-265d306f786c,REGISTERED,2026-04-02 09:16:58.645941+00:00,,PENDING,
3762,d1b1ad5c-1b42-4e80-9790-51439b58c5b9,dac9ce9c-3e17-44ed-ac45-a48a89ca4b8d,REGISTERED,2026-03-21 20:47:16.490745+00:00,,PENDING,
3763,d1b1ad5c-1b42-4e80-9790-51439b58c5b9,0cadd3b8-6e5a-4928-af7f-885b82902a53,REGISTERED,2026-03-25 14:53:13.619366+00:00,,PENDING,
3764,d1b1ad5c-1b42-4e80-9790-51439b58c5b9,40bd5505-6dbf-49ae-817e-6ca216a5630f,REGISTERED,2026-03-02 22:37:43.627373+00:00,,PENDING,
3765,d1b1ad5c-1b42-4e80-9790-51439b58c5b9,770e95a3-7660-43c7-813b-e5d70b9b2ee1,REGISTERED,2026-03-15 18:09:58.313756+00:00,,PENDING,
3766,d1b1ad5c-1b42-4e80-9790-51439b58c5b9,3cb20e66-1f63-4917-96a0-d76276f9e1ec,REGISTERED,2026-04-15 17:50:21.011227+00:00,,PENDING,
3767,d1b1ad5c-1b42-4e80-9790-51439b58c5b9,c31aaa51-862f-454c-afdf-06d1d6ea07fa,REGISTERED,2026-03-18 11:33:34.992590+00:00,,PENDING,
3768,d1b1ad5c-1b42-4e80-9790-51439b58c5b9,5179d5b9-4f1e-4e23-9bd1-90c1af18e263,REGISTERED,2026-04-10 17:33:30.325339+00:00,,PENDING,
3769,d1b1ad5c-1b42-4e80-9790-51439b58c5b9,6d282e57-ae58-47d1-b0b0-71588701cd4b,REGISTERED,2026-04-23 21:22:50.210657+00:00,,PENDING,
3770,d1b1ad5c-1b42-4e80-9790-51439b58c5b9,8e9296c5-bcd9-48b9-a595-2c11e6d596ef,REGISTERED,2026-02-27 07:57:42.563988+00:00,,PENDING,
3771,d1b1ad5c-1b42-4e80-9790-51439b58c5b9,ae62feb9-2fe5-4f14-9abc-6d3de60551e9,REGISTERED,2026-04-05 02:29:22.315199+00:00,,PENDING,
3772,d1b1ad5c-1b42-4e80-9790-51439b58c5b9,0b259536-155f-4e39-9154-32d25e0d2eca,REGISTERED,2026-03-31 11:27:15.735158+00:00,,PENDING,
3773,d1b1ad5c-1b42-4e80-9790-51439b58c5b9,83181837-ca9a-4a93-95ef-82c0c1624078,REGISTERED,2026-03-05 23:12:42.547309+00:00,,PENDING,
3774,d1b1ad5c-1b42-4e80-9790-51439b58c5b9,ef6c19c9-41fb-4663-b095-fd6f807954ec,REGISTERED,2026-04-29 04:26:08.557721+00:00,,PENDING,
3775,d1b1ad5c-1b42-4e80-9790-51439b58c5b9,5a279486-f19e-477b-ada8-50c908151f96,REGISTERED,2026-04-18 13:49:50.614261+00:00,,PENDING,
3776,d1b1ad5c-1b42-4e80-9790-51439b58c5b9,8953121f-1a21-4cf5-9842-a8bab20d555c,REGISTERED,2026-04-04 16:50:52.428142+00:00,,PENDING,
3777,d1b1ad5c-1b42-4e80-9790-51439b58c5b9,1ee0455f-7a11-42b3-883e-1a778adfa225,REGISTERED,2026-03-20 09:17:25.410930+00:00,,PENDING,
3778,d1b1ad5c-1b42-4e80-9790-51439b58c5b9,3ce5d8ff-3af6-4183-83e3-d0fad13a6ef1,REGISTERED,2026-05-01 07:13:01.791915+00:00,,PENDING,
3779,d1b1ad5c-1b42-4e80-9790-51439b58c5b9,13b60d08-4e39-4999-9cce-26b8ce8619c7,CANCELLED,2026-04-29 02:08:06.855880+00:00,2026-04-30 14:28:47.069706+00:00,PENDING,Indisponibilité personnelle signalée.
3780,d1b1ad5c-1b42-4e80-9790-51439b58c5b9,bfe891b4-9403-4989-a44e-4cc7c30638a2,REGISTERED,2026-04-01 18:19:23.515059+00:00,,PENDING,
3781,d1b1ad5c-1b42-4e80-9790-51439b58c5b9,1ba29722-dcc2-4239-905a-c56c23d4a6fb,CANCELLED,2026-04-25 19:57:01.848023+00:00,2026-04-27 02:42:04.482164+00:00,PENDING,Problème de disponibilité logistique.
3782,d1b1ad5c-1b42-4e80-9790-51439b58c5b9,830b26e2-0a20-44ba-bebb-2eb0e55eb5eb,REGISTERED,2026-04-01 12:06:50.858184+00:00,,PENDING,
3783,91a80198-e0f4-4f19-9330-1741c8f76098,14982b70-3b85-4fff-9449-0f42ce2dd336,REGISTERED,2026-03-16 02:54:21.060082+00:00,,PENDING,
3784,91a80198-e0f4-4f19-9330-1741c8f76098,8195d324-ed95-44b5-a354-9232cab4e1c0,REGISTERED,2026-03-23 09:09:23.171359+00:00,,PENDING,
3785,91a80198-e0f4-4f19-9330-1741c8f76098,83181837-ca9a-4a93-95ef-82c0c1624078,CANCELLED,2026-04-17 03:48:09.265153+00:00,2026-04-23 07:27:20.990698+00:00,PENDING,Changement de priorité métier.
3786,91a80198-e0f4-4f19-9330-1741c8f76098,8292224d-865d-414d-b46e-895c5152d1a0,REGISTERED,2026-02-26 07:13:00.734288+00:00,,PENDING,
3787,91a80198-e0f4-4f19-9330-1741c8f76098,16f1ef83-2744-47e3-a8fa-a79542e39c6e,REGISTERED,2026-02-21 21:14:33.367900+00:00,,PENDING,
3788,91a80198-e0f4-4f19-9330-1741c8f76098,c95d510a-3346-4f36-be97-770bde6ccec1,REGISTERED,2026-04-23 10:29:08.976633+00:00,,PENDING,
3789,91a80198-e0f4-4f19-9330-1741c8f76098,fafdca7b-2cc4-4de9-ae3c-7a78fdef7d92,REGISTERED,2026-04-23 17:51:18.600065+00:00,,PENDING,
3790,91a80198-e0f4-4f19-9330-1741c8f76098,4b6514c1-383f-4056-9a6e-81fe0599fec3,REGISTERED,2026-03-17 08:29:25.407323+00:00,,PENDING,
3791,91a80198-e0f4-4f19-9330-1741c8f76098,3c0142b7-95e6-4f7f-b870-c04bcbdf37c3,REGISTERED,2026-04-15 11:54:50.105339+00:00,,PENDING,
3792,ec82a583-604f-437f-a255-66b4a7459372,db0a6297-8193-47c9-a815-151141095ca6,REGISTERED,2026-02-18 23:52:59.053406+00:00,,PRESENT,
3793,ec82a583-604f-437f-a255-66b4a7459372,53bc19ae-6115-4448-91c2-079f930260b9,REGISTERED,2026-01-31 19:58:31.740147+00:00,,PRESENT,
3794,ec82a583-604f-437f-a255-66b4a7459372,00a63ee3-b72e-4d31-b5f3-e2c9113709fa,REGISTERED,2026-02-16 09:33:07.313099+00:00,,PRESENT,
3795,ec82a583-604f-437f-a255-66b4a7459372,de793784-3e9c-4a5b-a50b-5e1a0437bd90,REGISTERED,2026-01-19 17:38:47.341437+00:00,,PRESENT,
3796,ec82a583-604f-437f-a255-66b4a7459372,4bd7d747-9088-4441-a4ca-12c5a3c80cfb,REGISTERED,2026-01-31 15:01:10.991276+00:00,,PRESENT,
3797,ec82a583-604f-437f-a255-66b4a7459372,8447be2e-4776-47d8-b0e5-e6a88f3e7d22,REGISTERED,2026-01-19 12:56:36.649614+00:00,,PRESENT,
3798,ec82a583-604f-437f-a255-66b4a7459372,aaf51b3f-54ec-45c3-8487-c08aaa05d8c7,REGISTERED,2026-01-26 20:50:43.040640+00:00,,PRESENT,
3799,ec82a583-604f-437f-a255-66b4a7459372,b129122c-5e22-4eac-ada4-bdeab206bf97,REGISTERED,2026-02-07 19:35:26.047618+00:00,,PRESENT,
3800,ec82a583-604f-437f-a255-66b4a7459372,debfdb17-41a8-47ec-a914-677fa4a8b9d1,REGISTERED,2026-02-02 11:49:10.733683+00:00,,PRESENT,
3801,ec82a583-604f-437f-a255-66b4a7459372,e3327257-45ae-4912-b4c2-08f9cb4d8536,REGISTERED,2026-01-23 22:46:37.321943+00:00,,PRESENT,
3802,65872fb0-9a42-4fc7-8347-e40dbe37a721,e7809835-b2eb-469d-af70-252267401dcd,REGISTERED,2026-03-25 20:15:54.594430+00:00,,PENDING,
3803,65872fb0-9a42-4fc7-8347-e40dbe37a721,ea6a2151-71d0-4a29-bdab-6b249f5466e9,REGISTERED,2026-04-01 16:08:50.082310+00:00,,PENDING,
3804,65872fb0-9a42-4fc7-8347-e40dbe37a721,523b8c7a-c2fe-456d-b96a-d35efdae8e10,REGISTERED,2026-04-04 06:07:17.794658+00:00,,PENDING,
3805,65872fb0-9a42-4fc7-8347-e40dbe37a721,cabfbbfa-d76d-4f74-a0ec-910dd89f4794,REGISTERED,2026-04-11 18:53:31.472505+00:00,,PENDING,
3806,65872fb0-9a42-4fc7-8347-e40dbe37a721,85b757d0-f583-4082-88db-1422127834d3,REGISTERED,2026-02-04 13:16:56.024515+00:00,,PENDING,
3807,65872fb0-9a42-4fc7-8347-e40dbe37a721,c024ae2f-747f-4e78-b09d-430b0eca3860,REGISTERED,2026-03-23 05:22:45.730412+00:00,,PENDING,
3808,65872fb0-9a42-4fc7-8347-e40dbe37a721,9fd6253e-a662-4cde-bf57-754afdda3595,REGISTERED,2026-02-21 09:11:11.752996+00:00,,PENDING,
3809,65872fb0-9a42-4fc7-8347-e40dbe37a721,6a1ea467-ea53-40e2-9b4e-81c03e3120f5,REGISTERED,2026-04-16 07:55:24.957224+00:00,,PENDING,
3810,65872fb0-9a42-4fc7-8347-e40dbe37a721,21e93a46-e401-457d-ad44-d22012a753d7,REGISTERED,2026-04-28 16:30:16.998430+00:00,,PENDING,
3811,65872fb0-9a42-4fc7-8347-e40dbe37a721,8a674818-0a1b-475b-a8c9-cbe1e87d7943,REGISTERED,2026-02-12 19:58:17.725406+00:00,,PENDING,
3812,65872fb0-9a42-4fc7-8347-e40dbe37a721,a04f5eda-a557-4705-92b5-88cc55ea6558,REGISTERED,2026-02-02 10:42:19.868682+00:00,,PENDING,
3813,2bf86b0c-d22a-4f62-894f-818dcf351857,d5d7156b-757a-4b4f-9950-c3a38b7b858d,REGISTERED,2026-02-24 01:37:30.165032+00:00,,PRESENT,
3814,2bf86b0c-d22a-4f62-894f-818dcf351857,67b9e613-4792-4b7e-88f0-54df3f761ed0,REGISTERED,2026-02-16 04:16:34.555972+00:00,,PRESENT,
3815,2bf86b0c-d22a-4f62-894f-818dcf351857,d55887a6-ba09-4137-817b-136eca0eb8fe,REGISTERED,2026-02-27 14:54:09.941773+00:00,,PRESENT,
3816,2bf86b0c-d22a-4f62-894f-818dcf351857,d420025c-f809-4d32-9066-98749e88aeb9,REGISTERED,2026-01-21 15:53:19.714531+00:00,,PRESENT,
3817,2bf86b0c-d22a-4f62-894f-818dcf351857,56e09b90-5896-4653-a6d0-833a2aaf2380,REGISTERED,2026-02-06 07:04:28.079466+00:00,,PRESENT,
3818,2bf86b0c-d22a-4f62-894f-818dcf351857,b441076d-638e-411c-acb3-a82826ad41d8,REGISTERED,2026-02-12 16:10:01.251840+00:00,,PRESENT,
3819,2bf86b0c-d22a-4f62-894f-818dcf351857,67218b7a-eda7-4eed-b37b-939fba1ef9ce,REGISTERED,2026-01-31 23:39:21.092469+00:00,,PRESENT,
3820,2bf86b0c-d22a-4f62-894f-818dcf351857,43381f31-2dca-40f6-af9f-f06934befcd2,REGISTERED,2026-01-27 04:00:42.361108+00:00,,PRESENT,
3821,2bf86b0c-d22a-4f62-894f-818dcf351857,6ee92483-e78b-46ce-baa0-0aac70b7049e,REGISTERED,2026-01-09 19:55:26.033464+00:00,,PRESENT,
3822,2bf86b0c-d22a-4f62-894f-818dcf351857,11a37724-d4a2-4571-9734-d56b460e4a73,REGISTERED,2026-02-21 10:36:39.249890+00:00,,ABSENT,
3823,2bf86b0c-d22a-4f62-894f-818dcf351857,4939d78a-0c57-4ce5-bee3-d1fe244be125,REGISTERED,2026-01-23 00:11:02.647968+00:00,,PRESENT,
3824,2bf86b0c-d22a-4f62-894f-818dcf351857,06cf8ad7-4bdc-42e8-94e2-b0abe12a020b,REGISTERED,2026-02-23 03:05:12.583970+00:00,,PRESENT,
3825,2bf86b0c-d22a-4f62-894f-818dcf351857,40bd5505-6dbf-49ae-817e-6ca216a5630f,REGISTERED,2026-01-29 21:22:29.031421+00:00,,PRESENT,
3826,2bf86b0c-d22a-4f62-894f-818dcf351857,efe3f27d-9b61-4dcc-bdee-66d1ff6634b6,CANCELLED,2026-02-12 12:27:46.812379+00:00,2026-02-21 17:18:31.969698+00:00,PENDING,Modification de l’agenda projet.
3827,2bf86b0c-d22a-4f62-894f-818dcf351857,66c8ea56-9614-4fab-9460-4b1502ac89ba,REGISTERED,2026-01-26 16:11:18.221745+00:00,,PRESENT,
3828,2bf86b0c-d22a-4f62-894f-818dcf351857,1bf756ca-dbef-4935-bac3-a3b692010a75,REGISTERED,2026-01-10 21:42:30.740025+00:00,,PRESENT,
3829,2bf86b0c-d22a-4f62-894f-818dcf351857,b312e220-ae63-4cad-98df-940d573360df,REGISTERED,2026-02-05 17:04:33.477736+00:00,,PRESENT,
3830,2bf86b0c-d22a-4f62-894f-818dcf351857,a05fb95c-ba9f-4e27-a689-3cf5fc1b5a26,REGISTERED,2026-01-23 07:01:57.718692+00:00,,PRESENT,
3831,2bf86b0c-d22a-4f62-894f-818dcf351857,1f9f1987-7506-4d70-81a9-f58c2de19219,REGISTERED,2026-02-09 17:36:24.478649+00:00,,PRESENT,
3832,2bf86b0c-d22a-4f62-894f-818dcf351857,17f812f6-c3b4-4bc7-a54b-f1133fe132f8,CANCELLED,2026-02-09 21:39:13.833306+00:00,2026-03-02 00:31:06.259373+00:00,PENDING,Changement de priorité métier.
3833,2bf86b0c-d22a-4f62-894f-818dcf351857,ac70585c-869a-4f1d-97f0-bd11808c3625,REGISTERED,2026-02-12 21:00:36.397329+00:00,,PRESENT,
3834,2bf86b0c-d22a-4f62-894f-818dcf351857,b1b3abf0-bf40-43df-bd09-1bd861e99e17,REGISTERED,2026-03-03 18:13:38.950008+00:00,,PRESENT,
3835,2bf86b0c-d22a-4f62-894f-818dcf351857,d04fc3d7-1126-4cb3-9932-981657c916cf,REGISTERED,2026-02-03 02:40:51.785330+00:00,,ABSENT,
3836,2bf86b0c-d22a-4f62-894f-818dcf351857,9246a4a8-fa4c-48db-84c1-bcec80300b95,CANCELLED,2026-02-07 22:37:24.244827+00:00,2026-02-11 02:58:41.914893+00:00,PENDING,Contrainte de planning de dernière minute.
3837,6c382018-beb3-4ca6-a1ec-e15dd0faede5,ea6a2151-71d0-4a29-bdab-6b249f5466e9,REGISTERED,2026-03-22 06:04:51.387979+00:00,,PENDING,
3838,6c382018-beb3-4ca6-a1ec-e15dd0faede5,cabfbbfa-d76d-4f74-a0ec-910dd89f4794,REGISTERED,2026-04-27 02:07:29.740220+00:00,,PENDING,
3839,6c382018-beb3-4ca6-a1ec-e15dd0faede5,2d2ef5e3-a9fa-454f-9d27-96ad5903a226,REGISTERED,2026-03-26 11:08:10.500344+00:00,,PENDING,
3840,6c382018-beb3-4ca6-a1ec-e15dd0faede5,15faaccb-2bbf-40c2-8ccd-d84e51bfe1a3,REGISTERED,2026-03-19 07:48:17.513195+00:00,,PENDING,
3841,6c382018-beb3-4ca6-a1ec-e15dd0faede5,9c80f797-b35a-496e-a518-bd9b32ba13b9,REGISTERED,2026-03-22 18:36:13.016986+00:00,,PENDING,
3842,6c382018-beb3-4ca6-a1ec-e15dd0faede5,830b26e2-0a20-44ba-bebb-2eb0e55eb5eb,REGISTERED,2026-04-13 01:20:55.123693+00:00,,PENDING,
3843,6c382018-beb3-4ca6-a1ec-e15dd0faede5,85d69c98-5b99-4368-9470-a023a0faaa39,REGISTERED,2026-04-29 20:47:55.229587+00:00,,PENDING,
3844,6c382018-beb3-4ca6-a1ec-e15dd0faede5,767e0eaf-7303-4417-832c-a8e02100fe09,REGISTERED,2026-04-17 18:46:25.706764+00:00,,PENDING,
3845,6c382018-beb3-4ca6-a1ec-e15dd0faede5,284ef197-5fe6-404b-92da-1fd69387091d,REGISTERED,2026-04-09 04:13:52.695652+00:00,,PENDING,
3846,6c382018-beb3-4ca6-a1ec-e15dd0faede5,a7019b71-bdec-45fd-aa1f-46c39d0046c3,CANCELLED,2026-04-14 19:35:05.517205+00:00,2026-04-30 00:42:38.878716+00:00,PENDING,Participation remplacée par un collègue.
3847,6c382018-beb3-4ca6-a1ec-e15dd0faede5,99be4c11-8624-4a8a-a33e-833f5dd5a1e5,REGISTERED,2026-04-20 16:11:01.315265+00:00,,PENDING,
3848,6c382018-beb3-4ca6-a1ec-e15dd0faede5,4d667ed7-ec6b-4add-aae1-3807ff1a161c,CANCELLED,2026-04-28 06:44:22.349253+00:00,2026-04-29 01:12:52.101195+00:00,PENDING,Indisponibilité personnelle signalée.
3849,6c382018-beb3-4ca6-a1ec-e15dd0faede5,b84486da-21ec-4b82-bf29-a0ba711862f5,REGISTERED,2026-04-30 08:37:44.611651+00:00,,PENDING,
3850,6c382018-beb3-4ca6-a1ec-e15dd0faede5,fcde4003-2759-47b7-b54d-25da4c86740a,REGISTERED,2026-03-20 18:10:43.396779+00:00,,PENDING,
3851,6c382018-beb3-4ca6-a1ec-e15dd0faede5,7b168703-cc4f-43e5-9775-7d74b4db3f7f,REGISTERED,2026-04-24 13:36:49.316178+00:00,,PENDING,
3852,6c382018-beb3-4ca6-a1ec-e15dd0faede5,13d27dae-abb6-45aa-8a42-aabcca05524a,REGISTERED,2026-04-25 03:51:58.198684+00:00,,PENDING,
3853,6c382018-beb3-4ca6-a1ec-e15dd0faede5,3cb20e66-1f63-4917-96a0-d76276f9e1ec,REGISTERED,2026-04-29 07:50:06.541920+00:00,,PENDING,
3854,6c382018-beb3-4ca6-a1ec-e15dd0faede5,1bdd1aba-8056-4ec1-b09d-02acb85a9eab,REGISTERED,2026-03-31 22:50:32.318515+00:00,,PENDING,
3855,6c382018-beb3-4ca6-a1ec-e15dd0faede5,f2a1a80b-ee11-4d4d-934b-4728eb24d690,REGISTERED,2026-03-21 19:05:27.833804+00:00,,PENDING,
3856,6c382018-beb3-4ca6-a1ec-e15dd0faede5,aa4e1ebb-5f2c-431e-b14c-49099924347c,REGISTERED,2026-04-26 09:45:28.466479+00:00,,PENDING,
3857,6c382018-beb3-4ca6-a1ec-e15dd0faede5,c024ae2f-747f-4e78-b09d-430b0eca3860,REGISTERED,2026-04-14 06:11:21.490937+00:00,,PENDING,
3858,6c382018-beb3-4ca6-a1ec-e15dd0faede5,ca7c15d4-b63c-43b9-a154-a9f6ec9bd46d,REGISTERED,2026-03-27 11:14:37.728910+00:00,,PENDING,
3859,6c382018-beb3-4ca6-a1ec-e15dd0faede5,21e93a46-e401-457d-ad44-d22012a753d7,REGISTERED,2026-04-21 19:22:44.057528+00:00,,PENDING,
3860,6c382018-beb3-4ca6-a1ec-e15dd0faede5,1c17e3b7-1ace-4929-8a17-4b637e56b0b6,REGISTERED,2026-03-27 10:22:02.351035+00:00,,PENDING,
3861,6c382018-beb3-4ca6-a1ec-e15dd0faede5,0d89d375-2da9-4e6e-bf17-55801c583b8e,REGISTERED,2026-03-29 14:34:17.743575+00:00,,PENDING,
3862,6c382018-beb3-4ca6-a1ec-e15dd0faede5,03eeb36f-1602-4d94-af8d-fa5e5db432b8,REGISTERED,2026-04-27 17:19:01.239895+00:00,,PENDING,
3863,6c382018-beb3-4ca6-a1ec-e15dd0faede5,523b8c7a-c2fe-456d-b96a-d35efdae8e10,REGISTERED,2026-04-01 02:26:41.528033+00:00,,PENDING,
3864,6c382018-beb3-4ca6-a1ec-e15dd0faede5,542134d1-b226-400c-8d7c-4e24b1a088a6,REGISTERED,2026-04-06 01:01:11.413717+00:00,,PENDING,
3865,7f9f7e69-c39a-43c5-98c5-0d7e0b1b9a14,0ad2e8b9-a1e4-439b-82a6-7043befa8527,CANCELLED,2026-04-30 00:48:54.507922+00:00,2026-05-01 03:07:13.295261+00:00,PENDING,Conflit d’horaire avec une réunion prioritaire.
3866,7f9f7e69-c39a-43c5-98c5-0d7e0b1b9a14,8f774f8b-da2a-4c78-929b-0896a8c710b9,REGISTERED,2026-04-29 23:20:42.996214+00:00,,PENDING,
3867,7f9f7e69-c39a-43c5-98c5-0d7e0b1b9a14,b899ea61-699a-400a-98b6-1966f23e209b,REGISTERED,2026-04-30 06:56:45.227294+00:00,,PENDING,
3868,7f9f7e69-c39a-43c5-98c5-0d7e0b1b9a14,dafc105e-50d6-45fc-881b-f8c7648a1d01,REGISTERED,2026-04-27 17:03:32.288512+00:00,,PENDING,
3869,7f9f7e69-c39a-43c5-98c5-0d7e0b1b9a14,473aea92-b352-4816-84a6-998d6674e016,REGISTERED,2026-04-27 15:39:53.569747+00:00,,PENDING,
3870,7f9f7e69-c39a-43c5-98c5-0d7e0b1b9a14,d3a11e22-80f0-4ba2-bbb9-8e0549c5deb0,REGISTERED,2026-04-27 10:10:18.191712+00:00,,PENDING,
3871,7f9f7e69-c39a-43c5-98c5-0d7e0b1b9a14,0f89f372-8f9b-4e37-a917-95d348270c77,REGISTERED,2026-04-28 15:48:03.073864+00:00,,PENDING,
3872,7f9f7e69-c39a-43c5-98c5-0d7e0b1b9a14,f8d7dc0b-5a3b-44ee-98f3-b79e6f774b1e,REGISTERED,2026-04-29 08:24:52.872640+00:00,,PENDING,
3873,7f9f7e69-c39a-43c5-98c5-0d7e0b1b9a14,75c4fd88-9e44-46ab-b324-a068f16ab956,REGISTERED,2026-04-30 14:34:41.369032+00:00,,PENDING,
3874,7f9f7e69-c39a-43c5-98c5-0d7e0b1b9a14,7120f862-693b-4518-8e4c-e2bfe7963695,REGISTERED,2026-04-29 03:39:28.326886+00:00,,PENDING,
3875,7f9f7e69-c39a-43c5-98c5-0d7e0b1b9a14,9d77bbdb-a7c6-48dc-8333-69d2a53bae58,REGISTERED,2026-04-29 09:30:03.082790+00:00,,PENDING,
3876,7f9f7e69-c39a-43c5-98c5-0d7e0b1b9a14,c98070f7-ea93-464b-9719-8e5817cb346a,REGISTERED,2026-04-29 10:00:04.859319+00:00,,PENDING,
3877,7f9f7e69-c39a-43c5-98c5-0d7e0b1b9a14,0d3b9abd-2bf6-47a0-b674-e66bfbd1c058,REGISTERED,2026-04-27 16:17:56.613049+00:00,,PENDING,
3878,7f9f7e69-c39a-43c5-98c5-0d7e0b1b9a14,07e91d9a-58ac-4123-b88a-e84d593d3c95,REGISTERED,2026-04-30 23:27:42.333126+00:00,,PENDING,
3879,7f9f7e69-c39a-43c5-98c5-0d7e0b1b9a14,216e3c28-a95a-4cd1-b163-01b319c3d109,REGISTERED,2026-04-29 15:50:38.040284+00:00,,PENDING,
3880,7f9f7e69-c39a-43c5-98c5-0d7e0b1b9a14,368b0c1f-2b18-45ae-8c55-7445a2e631bc,REGISTERED,2026-04-30 04:35:51.341327+00:00,,PENDING,
3881,7f9f7e69-c39a-43c5-98c5-0d7e0b1b9a14,921a0f6a-b2e3-4312-947d-dbb1a59b7f17,CANCELLED,2026-04-29 08:14:08.557787+00:00,2026-04-29 20:39:34.969710+00:00,PENDING,Modification de l’agenda projet.
3882,7f9f7e69-c39a-43c5-98c5-0d7e0b1b9a14,2e981684-37c3-4d1b-b874-e32a851cd0af,REGISTERED,2026-04-29 02:31:27.433017+00:00,,PENDING,
3883,7f9f7e69-c39a-43c5-98c5-0d7e0b1b9a14,dbb62cac-e512-454a-a2dd-cd278e6b0b3e,REGISTERED,2026-04-29 10:32:47.793451+00:00,,PENDING,
3884,7f9f7e69-c39a-43c5-98c5-0d7e0b1b9a14,91e9323a-e856-492f-b6b6-379bc6570add,REGISTERED,2026-04-29 12:04:54.086369+00:00,,PENDING,
3885,7f9f7e69-c39a-43c5-98c5-0d7e0b1b9a14,8d973db4-761f-47fc-a137-ab4ad30532c7,REGISTERED,2026-04-27 17:48:33.442427+00:00,,PENDING,
3886,7f9f7e69-c39a-43c5-98c5-0d7e0b1b9a14,5b666a1b-6391-46d4-8c0c-b2e34ab3fb1b,REGISTERED,2026-04-27 11:27:42.339278+00:00,,PENDING,
3887,7f9f7e69-c39a-43c5-98c5-0d7e0b1b9a14,070f1315-23db-4264-a087-d9f5634d6d48,REGISTERED,2026-04-29 13:21:52.708993+00:00,,PENDING,
3888,7f9f7e69-c39a-43c5-98c5-0d7e0b1b9a14,9d09832f-ff19-4c77-9c05-12881b06c117,CANCELLED,2026-04-27 16:37:31.398603+00:00,2026-04-29 14:51:04.232876+00:00,PENDING,Charge de travail incompatible avec l’événement.
3889,7f9f7e69-c39a-43c5-98c5-0d7e0b1b9a14,c7d4b081-bb87-4340-9a1f-0649f6113b13,REGISTERED,2026-05-01 04:00:17.388898+00:00,,PENDING,
3890,7f9f7e69-c39a-43c5-98c5-0d7e0b1b9a14,af533c93-0a75-475d-b87d-b1decc84048b,REGISTERED,2026-04-27 15:51:01.569842+00:00,,PENDING,
3891,7f9f7e69-c39a-43c5-98c5-0d7e0b1b9a14,278dc842-25a6-4a12-919b-ae5cb5106a96,REGISTERED,2026-04-30 08:48:03.230769+00:00,,PENDING,
3892,7f9f7e69-c39a-43c5-98c5-0d7e0b1b9a14,04bb8b7a-cd4c-4a01-91d4-4704fda80686,REGISTERED,2026-04-27 17:37:39.041651+00:00,,PENDING,
3893,7f9f7e69-c39a-43c5-98c5-0d7e0b1b9a14,eaaf4ff9-389b-4404-8570-7d2997f37220,REGISTERED,2026-05-01 09:00:51.141319+00:00,,PENDING,
3894,7f9f7e69-c39a-43c5-98c5-0d7e0b1b9a14,b6a8879c-3ed7-476d-8f1c-47f8f344f70d,REGISTERED,2026-04-28 23:06:43.633738+00:00,,PENDING,
3895,7f9f7e69-c39a-43c5-98c5-0d7e0b1b9a14,05ebad91-5c0a-406d-b835-141c19b231e0,REGISTERED,2026-04-28 09:27:43.341880+00:00,,PENDING,
3896,7f9f7e69-c39a-43c5-98c5-0d7e0b1b9a14,f13df37c-d98f-46b6-94f2-685c946a87c1,REGISTERED,2026-04-27 13:20:53.893158+00:00,,PENDING,
3897,7f9f7e69-c39a-43c5-98c5-0d7e0b1b9a14,16ce6d70-5405-478a-a25a-cc332ef4b47c,CANCELLED,2026-04-30 21:53:46.179597+00:00,2026-05-01 06:21:31.312039+00:00,PENDING,Déplacement professionnel confirmé.
3898,7f9f7e69-c39a-43c5-98c5-0d7e0b1b9a14,f11017f7-2d00-4f17-9c8e-53b9e06a8ca4,REGISTERED,2026-04-27 08:57:43.310075+00:00,,PENDING,
3899,7f9f7e69-c39a-43c5-98c5-0d7e0b1b9a14,e684e654-4778-457f-88f4-600f7b349c6a,REGISTERED,2026-04-30 15:38:39.461688+00:00,,PENDING,
3900,7f9f7e69-c39a-43c5-98c5-0d7e0b1b9a14,aea65023-ce55-417a-a93c-d43c8afc615f,REGISTERED,2026-04-28 16:55:24.715209+00:00,,PENDING,
3901,7f9f7e69-c39a-43c5-98c5-0d7e0b1b9a14,51e00143-3f66-4030-bf3a-b154f7d7512a,REGISTERED,2026-04-30 18:18:11.074362+00:00,,PENDING,
3902,7f9f7e69-c39a-43c5-98c5-0d7e0b1b9a14,15422187-1dc9-46d5-8bf2-867217ee9f44,REGISTERED,2026-04-29 09:39:42.404408+00:00,,PENDING,
3903,7f9f7e69-c39a-43c5-98c5-0d7e0b1b9a14,bec21b43-0b9a-4b14-aec4-4493b6192e37,REGISTERED,2026-04-29 18:32:02.251215+00:00,,PENDING,
3904,7f9f7e69-c39a-43c5-98c5-0d7e0b1b9a14,c3f44d1a-e988-4b73-a7f1-9fe2fbfeaaca,REGISTERED,2026-04-27 19:12:27.858444+00:00,,PENDING,
3905,7f9f7e69-c39a-43c5-98c5-0d7e0b1b9a14,9f553eb2-43ed-4c97-9e01-f1efa2b58866,REGISTERED,2026-05-01 05:56:36.636733+00:00,,PENDING,
3906,7f9f7e69-c39a-43c5-98c5-0d7e0b1b9a14,2924ebf4-7416-4911-9fb8-c3bd86f39111,CANCELLED,2026-04-27 03:27:39.600906+00:00,2026-04-29 07:44:39.129313+00:00,PENDING,Session finalement non pertinente pour le profil.
3907,7f9f7e69-c39a-43c5-98c5-0d7e0b1b9a14,256b281f-27a3-4756-9132-21f4a6f1d868,REGISTERED,2026-04-29 08:36:08.416105+00:00,,PENDING,
3908,7f9f7e69-c39a-43c5-98c5-0d7e0b1b9a14,84e69d57-36b1-481d-a823-b2bb1e0eff7b,REGISTERED,2026-05-01 04:47:59.247460+00:00,,PENDING,
3909,7f9f7e69-c39a-43c5-98c5-0d7e0b1b9a14,0aa6c832-d272-493b-af96-e53a16a8ba84,REGISTERED,2026-04-27 17:02:00.363808+00:00,,PENDING,
3910,7f9f7e69-c39a-43c5-98c5-0d7e0b1b9a14,6923b135-0a80-41b6-a29d-108910d3481e,REGISTERED,2026-05-01 08:52:14.972016+00:00,,PENDING,
3911,7f9f7e69-c39a-43c5-98c5-0d7e0b1b9a14,136f0269-75a4-4b80-bd35-7c42da9c9843,REGISTERED,2026-04-28 02:14:38.746471+00:00,,PENDING,
3912,7f9f7e69-c39a-43c5-98c5-0d7e0b1b9a14,3fe14d18-0cfa-492c-9c98-5c09e18406f4,REGISTERED,2026-04-28 23:43:38.794833+00:00,,PENDING,
3913,7f9f7e69-c39a-43c5-98c5-0d7e0b1b9a14,b945f48a-ccc4-43f6-928b-e2c1f46146b6,REGISTERED,2026-04-30 21:44:19.618380+00:00,,PENDING,
3914,7f9f7e69-c39a-43c5-98c5-0d7e0b1b9a14,4c166401-3fd9-47c6-993a-883bd0d2ca29,REGISTERED,2026-04-27 10:12:18.305867+00:00,,PENDING,
3915,7f9f7e69-c39a-43c5-98c5-0d7e0b1b9a14,b1873d56-50de-46f2-a6c2-a907abb54442,REGISTERED,2026-05-01 01:09:29.736594+00:00,,PENDING,
3916,7f9f7e69-c39a-43c5-98c5-0d7e0b1b9a14,cd89616a-bb20-4989-b720-04dac27a609b,REGISTERED,2026-04-27 06:44:15.414416+00:00,,PENDING,
3917,7f9f7e69-c39a-43c5-98c5-0d7e0b1b9a14,50773668-ccfb-4603-bfcb-0f0535410c84,REGISTERED,2026-04-28 12:47:19.373533+00:00,,PENDING,
3918,b5faadcb-6290-40f7-9223-a77ecc978af7,a7f7f5a9-460c-4634-86dd-96133ca51131,REGISTERED,2026-03-02 08:30:45.515725+00:00,,PENDING,
3919,b5faadcb-6290-40f7-9223-a77ecc978af7,0b0392ac-a14f-455e-86b0-ae00fdfdf1f6,REGISTERED,2026-04-26 03:42:21.006214+00:00,,PENDING,
3920,b5faadcb-6290-40f7-9223-a77ecc978af7,c4f2d79f-23af-4742-9bde-78ffe22cfce6,REGISTERED,2026-03-10 16:40:40.442047+00:00,,PENDING,
3921,b5faadcb-6290-40f7-9223-a77ecc978af7,c12cd7d4-3770-47ae-9237-24b35609b70d,REGISTERED,2026-03-17 05:40:26.023756+00:00,,PENDING,
3922,b5faadcb-6290-40f7-9223-a77ecc978af7,49df03d0-fa40-4cdf-b3df-abf37a14050b,REGISTERED,2026-04-21 18:58:07.042727+00:00,,PENDING,
3923,b5faadcb-6290-40f7-9223-a77ecc978af7,1d232fca-e41e-4733-addc-7d23e43a1a37,REGISTERED,2026-04-17 19:10:59.334281+00:00,,PENDING,
3924,b5faadcb-6290-40f7-9223-a77ecc978af7,3dd95e2a-5330-4b89-abcd-aecc3361f37d,REGISTERED,2026-02-16 06:33:23.641565+00:00,,PENDING,
3925,b5faadcb-6290-40f7-9223-a77ecc978af7,608ced08-9e47-4568-b2c6-81b0a7fdf075,REGISTERED,2026-03-13 13:26:18.350948+00:00,,PENDING,
3926,b5faadcb-6290-40f7-9223-a77ecc978af7,9500eed0-ba6a-4e02-904a-16af00d46e3e,REGISTERED,2026-02-26 21:04:33.273712+00:00,,PENDING,
3927,b5faadcb-6290-40f7-9223-a77ecc978af7,6f1c92a2-1730-457e-af80-22ceee52065e,REGISTERED,2026-04-04 03:58:24.133142+00:00,,PENDING,
3928,b5faadcb-6290-40f7-9223-a77ecc978af7,f594c6ae-fae0-4ba8-8668-199181bbdd68,REGISTERED,2026-02-23 14:53:06.730918+00:00,,PENDING,
3929,b5faadcb-6290-40f7-9223-a77ecc978af7,671eb403-5ad4-4085-bf1b-c397caf5df96,CANCELLED,2026-03-28 11:06:46.244899+00:00,2026-04-03 19:55:19.899542+00:00,PENDING,Modification de l’agenda projet.
3930,b5faadcb-6290-40f7-9223-a77ecc978af7,985eaa3f-7b48-432c-980e-612cac39b2d6,REGISTERED,2026-03-18 18:52:27.967568+00:00,,PENDING,
3931,b5faadcb-6290-40f7-9223-a77ecc978af7,b2d5b34b-d258-4bcf-8d4a-ef4e46a9dfff,REGISTERED,2026-04-17 17:29:26.819683+00:00,,PENDING,
3932,20d3a062-bf25-485b-a031-78bb2c0f8dab,e9259942-8396-473b-9057-48dcaca6a4b8,REGISTERED,2026-04-14 17:54:12.236979+00:00,,PENDING,
3933,20d3a062-bf25-485b-a031-78bb2c0f8dab,d4bea928-8cc6-40c1-ad6c-85ba2f32c3ca,REGISTERED,2026-02-26 11:57:44.122231+00:00,,PENDING,
3934,20d3a062-bf25-485b-a031-78bb2c0f8dab,25764ce0-1d1e-4fd5-8ccb-bb0e652d2a41,CANCELLED,2026-03-04 19:05:32.543492+00:00,2026-03-25 14:58:53.564335+00:00,PENDING,Participation remplacée par un collègue.
3935,20d3a062-bf25-485b-a031-78bb2c0f8dab,d038d3e8-db0f-4824-9216-4de208fd6652,REGISTERED,2026-02-18 18:38:08.081455+00:00,,PENDING,
3936,20d3a062-bf25-485b-a031-78bb2c0f8dab,ce175c8f-1175-4928-bf29-79fe69406339,REGISTERED,2026-03-20 17:53:54.991522+00:00,,PENDING,
3937,20d3a062-bf25-485b-a031-78bb2c0f8dab,b15efdd3-914e-4ae6-8521-c1aca1f1b04d,REGISTERED,2026-04-07 17:56:07.007398+00:00,,PENDING,
3938,20d3a062-bf25-485b-a031-78bb2c0f8dab,c5ec37ad-d7cc-4309-bff5-cff9fdf99c93,REGISTERED,2026-03-15 02:46:09.258364+00:00,,PENDING,
3939,20d3a062-bf25-485b-a031-78bb2c0f8dab,256b281f-27a3-4756-9132-21f4a6f1d868,REGISTERED,2026-02-28 03:58:52.792903+00:00,,PENDING,
3940,20d3a062-bf25-485b-a031-78bb2c0f8dab,a267cd55-dae7-4edb-9cd9-1ac6f46d89a0,REGISTERED,2026-02-20 13:28:40.506387+00:00,,PENDING,
3941,20d3a062-bf25-485b-a031-78bb2c0f8dab,12f5d09b-3a9f-46b1-98f3-f1fcb7df3201,REGISTERED,2026-03-02 04:35:18.417067+00:00,,PENDING,
3942,f22cfef6-1b59-4695-a04a-f935a7666d25,a653f1b8-2202-491e-8b31-77d92d162949,REGISTERED,2026-04-11 23:40:19.833444+00:00,,PENDING,
3943,f22cfef6-1b59-4695-a04a-f935a7666d25,d17fb9bc-4d75-4c84-a425-1d1973803d5a,REGISTERED,2026-04-17 06:15:41.416395+00:00,,PENDING,
3944,f22cfef6-1b59-4695-a04a-f935a7666d25,b1b3abf0-bf40-43df-bd09-1bd861e99e17,CANCELLED,2026-02-20 19:52:44.140089+00:00,2026-02-24 19:15:20.423959+00:00,PENDING,Modification de l’agenda projet.
3945,f22cfef6-1b59-4695-a04a-f935a7666d25,915de5a6-4e56-45a3-9ec0-f304a3b83653,REGISTERED,2026-04-03 15:51:54.195585+00:00,,PENDING,
3946,f22cfef6-1b59-4695-a04a-f935a7666d25,2283e00e-d82e-4663-8d50-14ece1f3a41c,REGISTERED,2026-04-01 14:01:04.723361+00:00,,PENDING,
3947,f22cfef6-1b59-4695-a04a-f935a7666d25,f2b06dee-e475-4ddf-9811-39467ec5c4b3,REGISTERED,2026-03-24 20:45:43.938848+00:00,,PENDING,
3948,f22cfef6-1b59-4695-a04a-f935a7666d25,8ee4e6aa-49bf-4476-8827-7c43c8576b3a,REGISTERED,2026-03-26 01:32:19.414760+00:00,,PENDING,
3949,f22cfef6-1b59-4695-a04a-f935a7666d25,25764ce0-1d1e-4fd5-8ccb-bb0e652d2a41,REGISTERED,2026-04-07 12:49:43.451417+00:00,,PENDING,
3950,f22cfef6-1b59-4695-a04a-f935a7666d25,cb17d7d1-9663-46f6-8a78-677490248001,REGISTERED,2026-04-24 18:08:51.647567+00:00,,PENDING,
3951,f22cfef6-1b59-4695-a04a-f935a7666d25,f3525842-5ccf-4d32-b3c0-eb58cb4ae783,REGISTERED,2026-02-17 19:41:51.723882+00:00,,PENDING,
3952,f22cfef6-1b59-4695-a04a-f935a7666d25,16027d3d-1f20-426f-a1bf-3b8acac085b6,REGISTERED,2026-02-23 10:23:09.295326+00:00,,PENDING,
3953,f22cfef6-1b59-4695-a04a-f935a7666d25,4a9e86b6-080d-430e-bcb2-e2ee310d6672,REGISTERED,2026-04-18 19:34:21.115838+00:00,,PENDING,
3954,f22cfef6-1b59-4695-a04a-f935a7666d25,519b9a11-2a24-4779-b6be-e9dbde661345,REGISTERED,2026-03-13 20:42:35.855967+00:00,,PENDING,
3955,f22cfef6-1b59-4695-a04a-f935a7666d25,d7187d09-a013-49c8-a1b3-d822b39752f7,REGISTERED,2026-03-10 22:42:01.447462+00:00,,PENDING,
3956,f22cfef6-1b59-4695-a04a-f935a7666d25,8a674818-0a1b-475b-a8c9-cbe1e87d7943,REGISTERED,2026-02-20 19:06:19.335652+00:00,,PENDING,
3957,f22cfef6-1b59-4695-a04a-f935a7666d25,7f5ff8e9-537d-4aa6-b713-4dfdab32e67a,REGISTERED,2026-03-20 15:17:58.078874+00:00,,PENDING,
3958,f22cfef6-1b59-4695-a04a-f935a7666d25,ad184e40-aa0e-44d2-bd36-24c1cc63cd67,REGISTERED,2026-04-12 17:52:31.065184+00:00,,PENDING,
3959,f22cfef6-1b59-4695-a04a-f935a7666d25,39a22ca0-e67b-4e63-8b37-6aea793fe5ea,CANCELLED,2026-04-13 03:39:13.111448+00:00,2026-04-20 12:43:50.527547+00:00,PENDING,Absence validée par le manager.
3960,f22cfef6-1b59-4695-a04a-f935a7666d25,c13abe7d-3c09-4714-9eb5-f4811cd6ae6b,REGISTERED,2026-04-11 09:22:34.957038+00:00,,PENDING,
3961,f22cfef6-1b59-4695-a04a-f935a7666d25,767e0eaf-7303-4417-832c-a8e02100fe09,REGISTERED,2026-04-10 10:04:27.635526+00:00,,PENDING,
3962,f22cfef6-1b59-4695-a04a-f935a7666d25,9ae48ba1-0867-4c64-a244-f1510ff241c4,REGISTERED,2026-04-19 14:08:13.961326+00:00,,PENDING,
3963,f22cfef6-1b59-4695-a04a-f935a7666d25,7b5a28c5-3946-4a3b-ad59-fc33a2e44d00,REGISTERED,2026-03-19 17:28:30.428241+00:00,,PENDING,
3964,f22cfef6-1b59-4695-a04a-f935a7666d25,45f2fe70-a2a2-4fcc-b0f2-29306540418a,REGISTERED,2026-04-11 19:13:14.819511+00:00,,PENDING,
3965,f22cfef6-1b59-4695-a04a-f935a7666d25,3cb20e66-1f63-4917-96a0-d76276f9e1ec,REGISTERED,2026-03-30 21:22:49.783496+00:00,,PENDING,
3966,f22cfef6-1b59-4695-a04a-f935a7666d25,f26d448f-05f1-49b5-915f-c47667f8a942,REGISTERED,2026-04-26 01:43:43.048851+00:00,,PENDING,
3967,f22cfef6-1b59-4695-a04a-f935a7666d25,b85064cb-2497-4073-9f57-26339c4d0da4,REGISTERED,2026-04-16 00:23:39.259693+00:00,,PENDING,
3968,f22cfef6-1b59-4695-a04a-f935a7666d25,f50ff8d2-296b-430d-bc2e-7a3ba13a75b7,REGISTERED,2026-03-04 13:16:39.511570+00:00,,PENDING,
3969,f22cfef6-1b59-4695-a04a-f935a7666d25,b945f48a-ccc4-43f6-928b-e2c1f46146b6,REGISTERED,2026-04-25 06:53:53.559486+00:00,,PENDING,
3970,f22cfef6-1b59-4695-a04a-f935a7666d25,b55fd364-1df7-46e9-8a10-21de5cd5b1f3,REGISTERED,2026-04-28 12:03:30.084599+00:00,,PENDING,
3971,f22cfef6-1b59-4695-a04a-f935a7666d25,79813442-5e34-470e-ae19-fde9bd8d21e8,REGISTERED,2026-04-05 09:00:05.085972+00:00,,PENDING,
3972,f22cfef6-1b59-4695-a04a-f935a7666d25,eb85b268-bb88-4119-939d-492d2322518f,REGISTERED,2026-04-26 14:28:43.854372+00:00,,PENDING,
3973,f22cfef6-1b59-4695-a04a-f935a7666d25,794fc94e-96be-40c8-8451-4a63913e6c27,REGISTERED,2026-03-26 10:28:52.512803+00:00,,PENDING,
3974,f22cfef6-1b59-4695-a04a-f935a7666d25,e24ef779-8a19-45dc-82da-af12648144c1,CANCELLED,2026-03-14 23:21:25.418347+00:00,2026-04-21 23:40:58.482335+00:00,PENDING,Inscription faite par erreur.
3975,f22cfef6-1b59-4695-a04a-f935a7666d25,5eaddab7-e9e5-496f-98cf-f1c69022ecfa,REGISTERED,2026-03-02 01:01:27.353548+00:00,,PENDING,
3976,f22cfef6-1b59-4695-a04a-f935a7666d25,14982b70-3b85-4fff-9449-0f42ce2dd336,REGISTERED,2026-03-15 17:33:26.728053+00:00,,PENDING,
3977,f22cfef6-1b59-4695-a04a-f935a7666d25,d0f4fbc4-456a-46ec-83cb-fa4972235dcc,REGISTERED,2026-03-12 05:57:00.891707+00:00,,PENDING,
3978,f22cfef6-1b59-4695-a04a-f935a7666d25,29a2042e-69ee-471d-ad13-086615962ccf,REGISTERED,2026-04-25 01:11:45.951338+00:00,,PENDING,
3979,f22cfef6-1b59-4695-a04a-f935a7666d25,82acf793-5875-4b86-a2c7-7bfc77ca1687,REGISTERED,2026-02-24 21:11:32.932401+00:00,,PENDING,
3980,f22cfef6-1b59-4695-a04a-f935a7666d25,3d995ed0-a816-4b0a-8bb4-eaf99e325783,REGISTERED,2026-04-14 03:59:00.690128+00:00,,PENDING,
3981,f22cfef6-1b59-4695-a04a-f935a7666d25,da6180bb-789f-4ba7-887c-08f5033ce3bd,CANCELLED,2026-03-09 13:30:40.682268+00:00,2026-03-26 04:51:41.368723+00:00,PENDING,Participation remplacée par un collègue.
3982,f22cfef6-1b59-4695-a04a-f935a7666d25,f93fc94f-b705-49f5-954a-4683273857f4,REGISTERED,2026-04-22 21:11:09.991637+00:00,,PENDING,
3983,f22cfef6-1b59-4695-a04a-f935a7666d25,3c0142b7-95e6-4f7f-b870-c04bcbdf37c3,REGISTERED,2026-04-18 07:25:47.714631+00:00,,PENDING,
3984,f22cfef6-1b59-4695-a04a-f935a7666d25,fd139f69-a02f-403a-a413-19b49a716926,REGISTERED,2026-02-25 23:28:19.317079+00:00,,PENDING,
3985,f22cfef6-1b59-4695-a04a-f935a7666d25,35b84825-f888-46e4-90d7-f9a8cd6a7762,REGISTERED,2026-03-02 19:30:30.567260+00:00,,PENDING,
3986,f22cfef6-1b59-4695-a04a-f935a7666d25,549a7925-348b-43cd-a3b9-dd25c12212b3,REGISTERED,2026-03-01 22:02:42.637083+00:00,,PENDING,
3987,f22cfef6-1b59-4695-a04a-f935a7666d25,e6cbc23c-448f-475b-9d8d-a739cbc80407,REGISTERED,2026-04-16 01:38:47.959650+00:00,,PENDING,
3988,f22cfef6-1b59-4695-a04a-f935a7666d25,b03521e4-0ebe-4648-ac5a-5daa0bee8b89,REGISTERED,2026-03-30 23:40:25.644706+00:00,,PENDING,
3989,f22cfef6-1b59-4695-a04a-f935a7666d25,8d88e517-90c5-4bdc-ab37-50e7d4be7387,REGISTERED,2026-04-07 21:42:23.658020+00:00,,PENDING,
3990,f22cfef6-1b59-4695-a04a-f935a7666d25,bc70bf9e-59c4-4c98-a89c-92f271b748cc,REGISTERED,2026-04-17 12:04:21.077446+00:00,,PENDING,
3991,f22cfef6-1b59-4695-a04a-f935a7666d25,ebe1cbd3-513d-4852-b31c-67c8b1dbeca9,REGISTERED,2026-04-09 12:09:41.411108+00:00,,PENDING,
3992,f22cfef6-1b59-4695-a04a-f935a7666d25,6d282e57-ae58-47d1-b0b0-71588701cd4b,REGISTERED,2026-04-21 21:22:13.375653+00:00,,PENDING,
3993,f22cfef6-1b59-4695-a04a-f935a7666d25,c8179126-6db5-4378-878a-06984c582910,CANCELLED,2026-03-31 13:03:12.245227+00:00,2026-04-22 16:31:50.648150+00:00,PENDING,Modification de l’agenda projet.
3994,f22cfef6-1b59-4695-a04a-f935a7666d25,debfdb17-41a8-47ec-a914-677fa4a8b9d1,REGISTERED,2026-03-27 13:08:16.793717+00:00,,PENDING,
3995,f22cfef6-1b59-4695-a04a-f935a7666d25,d045ce18-decd-4a51-b04a-c4a0b10839a7,REGISTERED,2026-03-17 08:22:30.051650+00:00,,PENDING,
3996,f22cfef6-1b59-4695-a04a-f935a7666d25,c3f44d1a-e988-4b73-a7f1-9fe2fbfeaaca,REGISTERED,2026-03-01 05:38:58.266717+00:00,,PENDING,
3997,f22cfef6-1b59-4695-a04a-f935a7666d25,293234f8-6b59-4c8c-b69f-e7044d6e9add,REGISTERED,2026-03-16 02:28:59.544471+00:00,,PENDING,
3998,77eff7bb-309d-4c5d-bcb8-b49951ccb903,e3327257-45ae-4912-b4c2-08f9cb4d8536,REGISTERED,2026-01-13 11:20:14.542989+00:00,,PRESENT,
3999,77eff7bb-309d-4c5d-bcb8-b49951ccb903,13376738-828d-4cdb-b40c-24d0da2a5573,REGISTERED,2026-02-26 07:44:20.496473+00:00,,PRESENT,
4000,77eff7bb-309d-4c5d-bcb8-b49951ccb903,cdceb895-35d8-4e18-b3c1-c6e0cb902595,REGISTERED,2026-02-14 00:55:55.537635+00:00,,PRESENT,
4001,77eff7bb-309d-4c5d-bcb8-b49951ccb903,8195d324-ed95-44b5-a354-9232cab4e1c0,REGISTERED,2026-02-13 08:33:54.815965+00:00,,ABSENT,
4002,77eff7bb-309d-4c5d-bcb8-b49951ccb903,93c2ea2c-f36b-43fb-8081-333512ad6dfe,REGISTERED,2026-01-27 03:42:32.181882+00:00,,ABSENT,
4003,77eff7bb-309d-4c5d-bcb8-b49951ccb903,00a63ee3-b72e-4d31-b5f3-e2c9113709fa,REGISTERED,2026-02-18 19:22:52.526654+00:00,,PRESENT,
4004,77eff7bb-309d-4c5d-bcb8-b49951ccb903,ea94002e-07bf-4277-9b9a-4f657eaa8125,REGISTERED,2026-02-13 16:19:11.417910+00:00,,PRESENT,
4005,77eff7bb-309d-4c5d-bcb8-b49951ccb903,debfdb17-41a8-47ec-a914-677fa4a8b9d1,REGISTERED,2026-02-18 13:28:07.642085+00:00,,PRESENT,
4006,77eff7bb-309d-4c5d-bcb8-b49951ccb903,2529ad7b-3e69-4b87-9e44-0259ec755de2,REGISTERED,2026-01-30 17:11:40.371159+00:00,,PRESENT,
4007,77eff7bb-309d-4c5d-bcb8-b49951ccb903,aaf51b3f-54ec-45c3-8487-c08aaa05d8c7,REGISTERED,2026-01-19 19:24:52.742746+00:00,,ABSENT,
4008,77eff7bb-309d-4c5d-bcb8-b49951ccb903,8447be2e-4776-47d8-b0e5-e6a88f3e7d22,REGISTERED,2026-01-28 14:05:07.062069+00:00,,PRESENT,
4009,77eff7bb-309d-4c5d-bcb8-b49951ccb903,82262980-bc3c-49fb-a210-28daa74d1ba3,CANCELLED,2026-01-15 08:44:49.793622+00:00,2026-01-30 18:50:49.168466+00:00,PENDING,Invitation déclinée après réévaluation.
4010,77eff7bb-309d-4c5d-bcb8-b49951ccb903,86c5b659-a2b1-435e-ad5f-6550a8be0606,REGISTERED,2026-01-18 08:54:21.776216+00:00,,ABSENT,
4011,77eff7bb-309d-4c5d-bcb8-b49951ccb903,6d282e57-ae58-47d1-b0b0-71588701cd4b,REGISTERED,2026-01-24 02:55:31.681084+00:00,,PRESENT,
4012,77eff7bb-309d-4c5d-bcb8-b49951ccb903,db0a6297-8193-47c9-a815-151141095ca6,REGISTERED,2026-01-17 12:07:52.153138+00:00,,PRESENT,
4013,77eff7bb-309d-4c5d-bcb8-b49951ccb903,e0b47f14-ef2d-49fc-b298-7e81497f4563,CANCELLED,2026-02-23 01:34:45.326925+00:00,2026-03-04 20:11:47.326947+00:00,PENDING,Indisponibilité personnelle signalée.
4014,77eff7bb-309d-4c5d-bcb8-b49951ccb903,b129122c-5e22-4eac-ada4-bdeab206bf97,REGISTERED,2026-01-26 17:40:02.576360+00:00,,PRESENT,
4015,77eff7bb-309d-4c5d-bcb8-b49951ccb903,320540a7-1daa-4726-b502-7fecc0270091,REGISTERED,2026-02-12 17:22:29.976439+00:00,,ABSENT,
4016,77eff7bb-309d-4c5d-bcb8-b49951ccb903,2ddc0de1-b086-459e-8934-d9b7c1771d9d,REGISTERED,2026-01-14 17:35:59.096049+00:00,,ABSENT,
4017,77eff7bb-309d-4c5d-bcb8-b49951ccb903,f1ea7bc8-4511-4946-992a-69c581e26bef,REGISTERED,2026-02-11 16:10:43.918817+00:00,,PRESENT,
4018,77eff7bb-309d-4c5d-bcb8-b49951ccb903,d07b17dc-7457-4ac7-81fc-f5ba88f492bc,CANCELLED,2026-02-04 19:03:49.791488+00:00,2026-03-01 12:13:54.589131+00:00,PENDING,Déplacement professionnel confirmé.
4019,77eff7bb-309d-4c5d-bcb8-b49951ccb903,4bd7d747-9088-4441-a4ca-12c5a3c80cfb,REGISTERED,2026-02-18 19:46:56.612920+00:00,,PRESENT,
4020,77eff7bb-309d-4c5d-bcb8-b49951ccb903,53bc19ae-6115-4448-91c2-079f930260b9,REGISTERED,2026-02-20 00:07:26.286817+00:00,,PRESENT,
4021,77eff7bb-309d-4c5d-bcb8-b49951ccb903,de793784-3e9c-4a5b-a50b-5e1a0437bd90,REGISTERED,2026-02-14 11:22:09.662551+00:00,,ABSENT,
4022,dfa939af-6607-43a0-b543-8cfa5904ccd0,b6a8879c-3ed7-476d-8f1c-47f8f344f70d,REGISTERED,2026-04-15 23:28:14.792338+00:00,,PENDING,
4023,dfa939af-6607-43a0-b543-8cfa5904ccd0,50773668-ccfb-4603-bfcb-0f0535410c84,REGISTERED,2026-02-24 04:07:39.199488+00:00,,PENDING,
4024,dfa939af-6607-43a0-b543-8cfa5904ccd0,05ebad91-5c0a-406d-b835-141c19b231e0,REGISTERED,2026-02-27 00:15:08.888194+00:00,,PENDING,
4025,dfa939af-6607-43a0-b543-8cfa5904ccd0,2924ebf4-7416-4911-9fb8-c3bd86f39111,REGISTERED,2026-04-09 00:11:58.763625+00:00,,PENDING,
4026,dfa939af-6607-43a0-b543-8cfa5904ccd0,473aea92-b352-4816-84a6-998d6674e016,REGISTERED,2026-03-31 23:21:04.031951+00:00,,PENDING,
4027,dfa939af-6607-43a0-b543-8cfa5904ccd0,51e00143-3f66-4030-bf3a-b154f7d7512a,REGISTERED,2026-02-11 04:24:28.765145+00:00,,PENDING,
4028,dfa939af-6607-43a0-b543-8cfa5904ccd0,136f0269-75a4-4b80-bd35-7c42da9c9843,REGISTERED,2026-02-12 21:53:35.221633+00:00,,PENDING,
4029,dfa939af-6607-43a0-b543-8cfa5904ccd0,c3f44d1a-e988-4b73-a7f1-9fe2fbfeaaca,REGISTERED,2026-03-06 07:12:11.745882+00:00,,PENDING,
4030,dfa939af-6607-43a0-b543-8cfa5904ccd0,3fe14d18-0cfa-492c-9c98-5c09e18406f4,REGISTERED,2026-03-31 00:15:02.720984+00:00,,PENDING,
4031,dfa939af-6607-43a0-b543-8cfa5904ccd0,070f1315-23db-4264-a087-d9f5634d6d48,REGISTERED,2026-02-16 13:56:38.283788+00:00,,PENDING,
4032,dfa939af-6607-43a0-b543-8cfa5904ccd0,0aa6c832-d272-493b-af96-e53a16a8ba84,REGISTERED,2026-02-12 06:41:40.474600+00:00,,PENDING,
4033,dfa939af-6607-43a0-b543-8cfa5904ccd0,eaaf4ff9-389b-4404-8570-7d2997f37220,REGISTERED,2026-02-10 22:47:39.656477+00:00,,PENDING,
4034,dfa939af-6607-43a0-b543-8cfa5904ccd0,b1873d56-50de-46f2-a6c2-a907abb54442,REGISTERED,2026-03-06 22:20:55.933481+00:00,,PENDING,
4035,dfa939af-6607-43a0-b543-8cfa5904ccd0,f11017f7-2d00-4f17-9c8e-53b9e06a8ca4,REGISTERED,2026-03-29 18:15:58.982712+00:00,,PENDING,
4036,610b1601-b881-4a17-9947-14bd481a944d,23cf3644-a5e7-4b7a-848c-b3c4ffc0d526,REGISTERED,2026-03-16 20:58:29.442094+00:00,,PENDING,
4037,610b1601-b881-4a17-9947-14bd481a944d,3f86e892-6ecb-4028-b135-17c98a50e599,REGISTERED,2026-04-13 18:55:31.377226+00:00,,PENDING,
4038,610b1601-b881-4a17-9947-14bd481a944d,6f1f4dc0-4b42-4147-b573-37a2915f8a50,REGISTERED,2026-03-19 15:28:53.900992+00:00,,PENDING,
4039,610b1601-b881-4a17-9947-14bd481a944d,3e5fe20d-95f7-4fea-a0b1-f764d3af1ede,CANCELLED,2026-04-13 09:16:48.799637+00:00,2026-04-22 04:57:06.427006+00:00,PENDING,Besoin de suivre une autre session en priorité.
4040,610b1601-b881-4a17-9947-14bd481a944d,7c02e81b-64f2-451d-bbab-b807fd72ef10,REGISTERED,2026-03-29 12:37:51.144654+00:00,,PENDING,
4041,610b1601-b881-4a17-9947-14bd481a944d,5c5fb113-5843-4b29-8933-b0d016b33d25,REGISTERED,2026-03-29 14:46:44.154864+00:00,,PENDING,
4042,610b1601-b881-4a17-9947-14bd481a944d,549a7925-348b-43cd-a3b9-dd25c12212b3,REGISTERED,2026-03-19 00:19:02.122333+00:00,,PENDING,
4043,610b1601-b881-4a17-9947-14bd481a944d,175a4d5b-a9b8-482f-bb16-09ead09c462d,CANCELLED,2026-04-11 05:44:42.050801+00:00,2026-04-22 12:21:01.645540+00:00,PENDING,Changement de priorité métier.
4044,610b1601-b881-4a17-9947-14bd481a944d,c33a2e16-11ad-42aa-86ff-912411bdea48,REGISTERED,2026-04-11 19:47:27.344195+00:00,,PENDING,
4045,610b1601-b881-4a17-9947-14bd481a944d,f2d45b59-75cd-44be-b428-acaecb458fb7,REGISTERED,2026-04-10 02:32:08.319888+00:00,,PENDING,
4046,610b1601-b881-4a17-9947-14bd481a944d,6c7cb4fb-9e6a-4fe0-b7fd-e2495b748576,REGISTERED,2026-04-22 18:15:42.491570+00:00,,PENDING,
4047,610b1601-b881-4a17-9947-14bd481a944d,e9d2ff70-2c2b-4bd5-ba0f-ea608ddccc9a,CANCELLED,2026-04-29 10:41:25.421708+00:00,2026-04-29 12:57:04.689877+00:00,PENDING,Session finalement non pertinente pour le profil.
4048,610b1601-b881-4a17-9947-14bd481a944d,5e3a8bbe-4747-4f6c-a52f-e982db7f63be,CANCELLED,2026-04-02 08:07:53.790935+00:00,2026-04-03 16:47:22.845424+00:00,PENDING,Problème de disponibilité logistique.
4049,610b1601-b881-4a17-9947-14bd481a944d,edc57913-68cf-4b04-a356-052f6ffdbcff,REGISTERED,2026-04-25 00:44:49.603108+00:00,,PENDING,
4050,610b1601-b881-4a17-9947-14bd481a944d,7891d958-2cae-4067-b4bf-4df236fff02f,REGISTERED,2026-04-11 05:57:11.433146+00:00,,PENDING,
4051,610b1601-b881-4a17-9947-14bd481a944d,a28bebfa-b4eb-4a1f-9fc2-0354999a2f57,REGISTERED,2026-04-07 09:55:12.411896+00:00,,PENDING,
4052,610b1601-b881-4a17-9947-14bd481a944d,5d703c5b-8047-4ae3-8d64-bd4389210efb,REGISTERED,2026-04-30 14:16:31.180518+00:00,,PENDING,
4053,610b1601-b881-4a17-9947-14bd481a944d,c0651ad3-8066-41be-bcae-d7c1a16aa7f5,REGISTERED,2026-04-24 11:13:40.733911+00:00,,PENDING,
4054,610b1601-b881-4a17-9947-14bd481a944d,5553c5bf-a6be-43ce-99ca-71a0dd00c526,REGISTERED,2026-04-18 00:29:36.910929+00:00,,PENDING,
4055,610b1601-b881-4a17-9947-14bd481a944d,510ae9dd-0fef-4647-ab59-c05d2f715afe,REGISTERED,2026-03-24 09:40:27.053456+00:00,,PENDING,
4056,610b1601-b881-4a17-9947-14bd481a944d,64d309e9-1dd7-4572-9479-4d2164c080b8,REGISTERED,2026-04-05 14:01:48.704290+00:00,,PENDING,
4057,610b1601-b881-4a17-9947-14bd481a944d,a92d0de1-8406-42f3-a47a-eba53cfc918d,REGISTERED,2026-04-12 04:29:12.715066+00:00,,PENDING,
4058,610b1601-b881-4a17-9947-14bd481a944d,786ba2a2-fd55-4c3c-82a9-6ab4566b3717,REGISTERED,2026-04-29 11:24:41.484689+00:00,,PENDING,
4059,610b1601-b881-4a17-9947-14bd481a944d,374bb2b1-7239-47b4-a7f3-42a9312229af,REGISTERED,2026-03-16 22:51:57.789456+00:00,,PENDING,
4060,610b1601-b881-4a17-9947-14bd481a944d,a9eb667c-0911-4e4e-955e-a556167a78c0,REGISTERED,2026-04-17 21:58:04.573811+00:00,,PENDING,
4061,610b1601-b881-4a17-9947-14bd481a944d,20272eee-ae06-4fca-93c0-854b118bb324,CANCELLED,2026-03-21 05:49:23.479942+00:00,2026-04-25 09:32:37.343243+00:00,PENDING,Conflit d’horaire avec une réunion prioritaire.
4062,610b1601-b881-4a17-9947-14bd481a944d,f93fc94f-b705-49f5-954a-4683273857f4,REGISTERED,2026-04-14 17:52:16.594902+00:00,,PENDING,
4063,7e26e7c2-9106-42f4-b316-f4e374e83380,f2b06dee-e475-4ddf-9811-39467ec5c4b3,REGISTERED,2026-02-07 23:55:15.393829+00:00,,PRESENT,
4064,7e26e7c2-9106-42f4-b316-f4e374e83380,1a4b66de-c33c-49df-9b73-d52c3e699483,REGISTERED,2026-02-07 01:19:29.582534+00:00,,PRESENT,
4065,7e26e7c2-9106-42f4-b316-f4e374e83380,e7809835-b2eb-469d-af70-252267401dcd,REGISTERED,2026-02-07 00:19:51.835778+00:00,,PRESENT,
4066,7e26e7c2-9106-42f4-b316-f4e374e83380,6dc39d9c-e178-4f38-874c-f4d9d30d1b2e,REGISTERED,2026-02-02 20:00:37.892132+00:00,,PRESENT,
4067,7e26e7c2-9106-42f4-b316-f4e374e83380,f2d45b59-75cd-44be-b428-acaecb458fb7,REGISTERED,2026-02-09 12:46:44.951404+00:00,,PRESENT,
4068,7e26e7c2-9106-42f4-b316-f4e374e83380,978615d9-0394-47fb-a990-7b91e37cbcf3,REGISTERED,2026-02-03 03:22:56.719727+00:00,,PRESENT,
4069,7e26e7c2-9106-42f4-b316-f4e374e83380,0b3a5337-8158-4195-b718-c1f64fec5d76,REGISTERED,2026-02-04 18:55:32.436189+00:00,,PRESENT,
4070,7e26e7c2-9106-42f4-b316-f4e374e83380,d37584ec-a50a-4b61-84db-4ad4f2629fd7,REGISTERED,2026-02-11 12:43:56.594570+00:00,,PRESENT,
4071,7e26e7c2-9106-42f4-b316-f4e374e83380,f6e7d21d-ffa2-40da-a777-6cd561fc7ca2,REGISTERED,2026-01-31 12:39:39.926530+00:00,,ABSENT,
4072,7e26e7c2-9106-42f4-b316-f4e374e83380,6ed2246c-0899-4390-bcd4-1c784aa4dcbf,REGISTERED,2026-02-02 11:15:48.120016+00:00,,PRESENT,
4073,7e26e7c2-9106-42f4-b316-f4e374e83380,33c2a0a3-edc7-43d3-8124-cd893c2c777a,REGISTERED,2026-01-31 05:38:22.426069+00:00,,ABSENT,
4074,7e26e7c2-9106-42f4-b316-f4e374e83380,c30e3c38-9098-40b2-9aed-839d9ad0eeb8,REGISTERED,2026-01-31 07:49:49.478010+00:00,,PRESENT,
4075,7e26e7c2-9106-42f4-b316-f4e374e83380,8f774f8b-da2a-4c78-929b-0896a8c710b9,REGISTERED,2026-02-08 17:17:35.320257+00:00,,PRESENT,
4076,7e26e7c2-9106-42f4-b316-f4e374e83380,0ad2e8b9-a1e4-439b-82a6-7043befa8527,REGISTERED,2026-02-09 00:12:10.132548+00:00,,PRESENT,
4077,7e26e7c2-9106-42f4-b316-f4e374e83380,60d3d345-0e8d-47d9-8016-5a0a66060125,REGISTERED,2026-02-02 12:59:26.568190+00:00,,PRESENT,
4078,05044dbb-8278-4dd1-88c2-baa6dd813f0c,519b9a11-2a24-4779-b6be-e9dbde661345,REGISTERED,2026-04-01 02:36:58.815496+00:00,,PENDING,
4079,05044dbb-8278-4dd1-88c2-baa6dd813f0c,0aa6c832-d272-493b-af96-e53a16a8ba84,REGISTERED,2026-03-26 19:42:14.398434+00:00,,PENDING,
4080,05044dbb-8278-4dd1-88c2-baa6dd813f0c,e1a6a44d-3130-4403-b5cb-3639929a10a0,REGISTERED,2026-04-27 03:15:21.619343+00:00,,PENDING,
4081,05044dbb-8278-4dd1-88c2-baa6dd813f0c,039ce623-075d-4c69-9235-d786fde3bf5a,REGISTERED,2026-04-25 09:07:04.326586+00:00,,PENDING,
4082,05044dbb-8278-4dd1-88c2-baa6dd813f0c,1ba29722-dcc2-4239-905a-c56c23d4a6fb,REGISTERED,2026-03-14 01:04:52.536013+00:00,,PENDING,
4083,05044dbb-8278-4dd1-88c2-baa6dd813f0c,f2adb223-abf2-4dde-8eb2-d0e031d07e62,REGISTERED,2026-03-26 07:12:38.223059+00:00,,PENDING,
4084,05044dbb-8278-4dd1-88c2-baa6dd813f0c,8953121f-1a21-4cf5-9842-a8bab20d555c,REGISTERED,2026-04-18 14:19:40.080899+00:00,,PENDING,
4085,05044dbb-8278-4dd1-88c2-baa6dd813f0c,8a85cbcb-c372-4854-9d56-ead45338499f,REGISTERED,2026-04-18 09:24:35.158904+00:00,,PENDING,
4086,05044dbb-8278-4dd1-88c2-baa6dd813f0c,399ddb4e-8253-4685-9236-d599b6eef665,REGISTERED,2026-04-16 14:22:08.512826+00:00,,PENDING,
4087,05044dbb-8278-4dd1-88c2-baa6dd813f0c,635c1a21-2ab2-422e-9d93-0fd35cde7fad,REGISTERED,2026-04-21 18:11:40.520524+00:00,,PENDING,
4088,05044dbb-8278-4dd1-88c2-baa6dd813f0c,5a279486-f19e-477b-ada8-50c908151f96,REGISTERED,2026-03-23 20:19:47.976714+00:00,,PENDING,
4089,05044dbb-8278-4dd1-88c2-baa6dd813f0c,96166042-3372-46a1-969f-c215f392ece8,REGISTERED,2026-04-21 00:56:33.070982+00:00,,PENDING,
4090,05044dbb-8278-4dd1-88c2-baa6dd813f0c,a92d0de1-8406-42f3-a47a-eba53cfc918d,REGISTERED,2026-04-03 07:58:55.970096+00:00,,PENDING,
4091,05044dbb-8278-4dd1-88c2-baa6dd813f0c,c30e3c38-9098-40b2-9aed-839d9ad0eeb8,REGISTERED,2026-04-26 22:48:26.404755+00:00,,PENDING,
4092,05044dbb-8278-4dd1-88c2-baa6dd813f0c,af9d7f38-32f1-49e9-974f-0bb83155d6eb,REGISTERED,2026-04-04 16:06:32.881900+00:00,,PENDING,
4093,05044dbb-8278-4dd1-88c2-baa6dd813f0c,e6b32c11-c369-4ced-9813-924c8e864732,CANCELLED,2026-04-05 01:11:57.579487+00:00,2026-04-19 16:55:04.390782+00:00,PENDING,Session finalement non pertinente pour le profil.
4094,05044dbb-8278-4dd1-88c2-baa6dd813f0c,b108c01c-8d8b-44d9-b7b4-c8ff2f95bdfa,REGISTERED,2026-03-30 19:36:47.523200+00:00,,PENDING,
4095,05044dbb-8278-4dd1-88c2-baa6dd813f0c,ab4d36f2-bc4b-4bfe-9c61-410dabc43c84,REGISTERED,2026-03-31 19:32:21.471921+00:00,,PENDING,
4096,05044dbb-8278-4dd1-88c2-baa6dd813f0c,01803a15-0ee4-4416-9a44-f065aa0b82f0,REGISTERED,2026-04-26 07:20:50.999292+00:00,,PENDING,
4097,05044dbb-8278-4dd1-88c2-baa6dd813f0c,5c093bcb-a8f8-495e-9e59-fe544f16ea0b,CANCELLED,2026-03-20 22:58:19.227554+00:00,2026-04-24 17:09:50.782889+00:00,PENDING,Invitation déclinée après réévaluation.
4098,05044dbb-8278-4dd1-88c2-baa6dd813f0c,ae62feb9-2fe5-4f14-9abc-6d3de60551e9,REGISTERED,2026-04-07 09:00:26.995553+00:00,,PENDING,
4099,05044dbb-8278-4dd1-88c2-baa6dd813f0c,f19708c8-85b2-4faa-825b-a2fefaac0687,REGISTERED,2026-03-14 16:18:47.134902+00:00,,PENDING,
4100,05044dbb-8278-4dd1-88c2-baa6dd813f0c,c024ae2f-747f-4e78-b09d-430b0eca3860,REGISTERED,2026-04-15 17:15:19.699233+00:00,,PENDING,
4101,05044dbb-8278-4dd1-88c2-baa6dd813f0c,3b146662-5da3-44f9-a3a2-be2e8ab5f602,REGISTERED,2026-04-22 16:54:01.044620+00:00,,PENDING,
4102,05044dbb-8278-4dd1-88c2-baa6dd813f0c,f3525842-5ccf-4d32-b3c0-eb58cb4ae783,REGISTERED,2026-04-14 09:53:45.844470+00:00,,PENDING,
4103,05044dbb-8278-4dd1-88c2-baa6dd813f0c,113c738a-c462-4ce1-8d84-bd0ba9a11de9,REGISTERED,2026-03-17 21:29:02.756406+00:00,,PENDING,
4104,05044dbb-8278-4dd1-88c2-baa6dd813f0c,93104829-8594-400a-b598-aff286b49018,CANCELLED,2026-03-25 00:46:30.656327+00:00,2026-04-24 07:31:46.795509+00:00,PENDING,Conflit d’horaire avec une réunion prioritaire.
4105,2389a90c-9d8c-4ecd-b9d2-764f491b540b,06cf8ad7-4bdc-42e8-94e2-b0abe12a020b,REGISTERED,2026-04-15 15:56:28.405509+00:00,,PENDING,
4106,2389a90c-9d8c-4ecd-b9d2-764f491b540b,d55887a6-ba09-4137-817b-136eca0eb8fe,REGISTERED,2026-04-29 22:45:20.161414+00:00,,PENDING,
4107,2389a90c-9d8c-4ecd-b9d2-764f491b540b,9246a4a8-fa4c-48db-84c1-bcec80300b95,REGISTERED,2026-03-31 20:41:41.449796+00:00,,PENDING,
4108,2389a90c-9d8c-4ecd-b9d2-764f491b540b,11a37724-d4a2-4571-9734-d56b460e4a73,CANCELLED,2026-04-18 16:18:07.360624+00:00,2026-04-28 21:48:37.273926+00:00,PENDING,Besoin de suivre une autre session en priorité.
4109,2389a90c-9d8c-4ecd-b9d2-764f491b540b,1bf756ca-dbef-4935-bac3-a3b692010a75,REGISTERED,2026-04-02 01:15:44.690328+00:00,,PENDING,
4110,2389a90c-9d8c-4ecd-b9d2-764f491b540b,43381f31-2dca-40f6-af9f-f06934befcd2,REGISTERED,2026-03-23 15:57:59.466115+00:00,,PENDING,
4111,2389a90c-9d8c-4ecd-b9d2-764f491b540b,ac70585c-869a-4f1d-97f0-bd11808c3625,REGISTERED,2026-04-20 21:21:30.956099+00:00,,PENDING,
4112,2389a90c-9d8c-4ecd-b9d2-764f491b540b,b1b3abf0-bf40-43df-bd09-1bd861e99e17,REGISTERED,2026-04-24 21:24:21.948157+00:00,,PENDING,
4113,2389a90c-9d8c-4ecd-b9d2-764f491b540b,b312e220-ae63-4cad-98df-940d573360df,REGISTERED,2026-03-29 16:46:18.538271+00:00,,PENDING,
4114,2389a90c-9d8c-4ecd-b9d2-764f491b540b,d5d7156b-757a-4b4f-9950-c3a38b7b858d,REGISTERED,2026-04-16 10:06:38.546282+00:00,,PENDING,
4115,2389a90c-9d8c-4ecd-b9d2-764f491b540b,17f812f6-c3b4-4bc7-a54b-f1133fe132f8,REGISTERED,2026-04-30 23:38:15.748613+00:00,,PENDING,
4116,2389a90c-9d8c-4ecd-b9d2-764f491b540b,67218b7a-eda7-4eed-b37b-939fba1ef9ce,REGISTERED,2026-03-29 05:24:20.654499+00:00,,PENDING,
4117,2389a90c-9d8c-4ecd-b9d2-764f491b540b,b441076d-638e-411c-acb3-a82826ad41d8,REGISTERED,2026-04-21 10:17:02.581875+00:00,,PENDING,
4118,2389a90c-9d8c-4ecd-b9d2-764f491b540b,40bd5505-6dbf-49ae-817e-6ca216a5630f,REGISTERED,2026-04-13 23:51:41.285454+00:00,,PENDING,
4119,2389a90c-9d8c-4ecd-b9d2-764f491b540b,d420025c-f809-4d32-9066-98749e88aeb9,REGISTERED,2026-05-01 02:43:43.542232+00:00,,PENDING,
4120,7c74f05d-bfb8-4726-8c16-e95b17f5e4be,62668eb7-8a70-4916-8f73-9d676777f177,CANCELLED,2026-02-24 03:19:57.482123+00:00,2026-04-03 14:04:17.087325+00:00,PENDING,Indisponibilité personnelle signalée.
4121,7c74f05d-bfb8-4726-8c16-e95b17f5e4be,f88e79f6-5cdb-401c-9b0a-0035434d7b18,REGISTERED,2026-02-25 05:04:58.276134+00:00,,PRESENT,
4122,7c74f05d-bfb8-4726-8c16-e95b17f5e4be,7497f43c-158d-489b-b70c-fe3b4c138821,REGISTERED,2026-02-03 02:51:09.306535+00:00,,PRESENT,
4123,7c74f05d-bfb8-4726-8c16-e95b17f5e4be,0aa6c832-d272-493b-af96-e53a16a8ba84,REGISTERED,2026-01-22 13:59:09.546601+00:00,,PRESENT,
4124,7c74f05d-bfb8-4726-8c16-e95b17f5e4be,c95d510a-3346-4f36-be97-770bde6ccec1,REGISTERED,2026-02-15 01:59:11.582635+00:00,,PRESENT,
4125,7c74f05d-bfb8-4726-8c16-e95b17f5e4be,a9eb667c-0911-4e4e-955e-a556167a78c0,REGISTERED,2026-02-11 16:26:20.112683+00:00,,ABSENT,
4126,7c74f05d-bfb8-4726-8c16-e95b17f5e4be,dc305b07-816b-4ee2-869d-98231db9d646,REGISTERED,2026-01-18 15:25:12.441112+00:00,,PRESENT,
4127,7c74f05d-bfb8-4726-8c16-e95b17f5e4be,1878e9de-abc1-4dcc-b6d3-1113c76c1a59,REGISTERED,2026-03-04 02:00:12.444185+00:00,,PRESENT,
4128,7c74f05d-bfb8-4726-8c16-e95b17f5e4be,cba90a11-1840-4896-baf9-ad4c1723a01f,REGISTERED,2026-03-06 13:42:56.383990+00:00,,PRESENT,
4129,7c74f05d-bfb8-4726-8c16-e95b17f5e4be,9246a4a8-fa4c-48db-84c1-bcec80300b95,CANCELLED,2026-04-09 02:06:31.945783+00:00,2026-04-18 11:09:00.667772+00:00,PENDING,Conflit d’horaire avec une réunion prioritaire.
4130,239b4fdd-590b-4f5b-bba6-d6b4b33c0656,16027d3d-1f20-426f-a1bf-3b8acac085b6,CANCELLED,2026-03-17 11:34:55.839076+00:00,2026-04-01 16:02:56.150206+00:00,PENDING,Absence validée par le manager.
4131,239b4fdd-590b-4f5b-bba6-d6b4b33c0656,f6e7d21d-ffa2-40da-a777-6cd561fc7ca2,REGISTERED,2026-04-30 23:58:15.772111+00:00,,PENDING,
4132,239b4fdd-590b-4f5b-bba6-d6b4b33c0656,510ae9dd-0fef-4647-ab59-c05d2f715afe,REGISTERED,2026-04-06 04:40:47.012958+00:00,,PENDING,
4133,239b4fdd-590b-4f5b-bba6-d6b4b33c0656,6f1f4dc0-4b42-4147-b573-37a2915f8a50,REGISTERED,2026-03-29 22:12:41.298660+00:00,,PENDING,
4134,239b4fdd-590b-4f5b-bba6-d6b4b33c0656,3f86e892-6ecb-4028-b135-17c98a50e599,REGISTERED,2026-03-30 22:51:55.685003+00:00,,PENDING,
4135,239b4fdd-590b-4f5b-bba6-d6b4b33c0656,6c7cb4fb-9e6a-4fe0-b7fd-e2495b748576,REGISTERED,2026-04-19 03:46:24.902739+00:00,,PENDING,
4136,239b4fdd-590b-4f5b-bba6-d6b4b33c0656,1488e2ee-e5fc-4fda-a6c5-2e6dbdbec50b,REGISTERED,2026-04-17 16:14:07.823014+00:00,,PENDING,
4137,239b4fdd-590b-4f5b-bba6-d6b4b33c0656,ea40f618-7f28-4677-9945-8b26e9dad431,REGISTERED,2026-04-12 02:07:58.002538+00:00,,PENDING,
4138,239b4fdd-590b-4f5b-bba6-d6b4b33c0656,e9bcf6db-9a70-402b-96e0-5fad1e21ca31,REGISTERED,2026-03-24 01:45:44.916732+00:00,,PENDING,
4139,239b4fdd-590b-4f5b-bba6-d6b4b33c0656,4f401a8b-a036-4ae4-ac18-f69336a55209,REGISTERED,2026-03-13 08:16:17.157068+00:00,,PENDING,
4140,239b4fdd-590b-4f5b-bba6-d6b4b33c0656,23cf3644-a5e7-4b7a-848c-b3c4ffc0d526,REGISTERED,2026-04-12 09:26:47.446107+00:00,,PENDING,
4141,239b4fdd-590b-4f5b-bba6-d6b4b33c0656,f93fc94f-b705-49f5-954a-4683273857f4,REGISTERED,2026-04-20 04:00:47.222387+00:00,,PENDING,
4142,239b4fdd-590b-4f5b-bba6-d6b4b33c0656,a28bebfa-b4eb-4a1f-9fc2-0354999a2f57,REGISTERED,2026-05-01 03:27:45.905378+00:00,,PENDING,
4143,239b4fdd-590b-4f5b-bba6-d6b4b33c0656,5d703c5b-8047-4ae3-8d64-bd4389210efb,REGISTERED,2026-04-21 22:14:22.876283+00:00,,PENDING,
4144,239b4fdd-590b-4f5b-bba6-d6b4b33c0656,96fcb81f-46c4-4e0d-9431-72d62e53de35,REGISTERED,2026-03-15 15:37:26.752894+00:00,,PENDING,
4145,239b4fdd-590b-4f5b-bba6-d6b4b33c0656,786ba2a2-fd55-4c3c-82a9-6ab4566b3717,REGISTERED,2026-03-27 04:09:12.087611+00:00,,PENDING,
4146,239b4fdd-590b-4f5b-bba6-d6b4b33c0656,d453c27e-c5d4-48c9-a7d2-c69d9e32bc85,REGISTERED,2026-04-06 02:45:35.972863+00:00,,PENDING,
4147,239b4fdd-590b-4f5b-bba6-d6b4b33c0656,5c5fb113-5843-4b29-8933-b0d016b33d25,REGISTERED,2026-04-21 21:47:35.897871+00:00,,PENDING,
4148,239b4fdd-590b-4f5b-bba6-d6b4b33c0656,2a9d41e6-bbad-409a-9305-7d1453de3fff,REGISTERED,2026-03-31 11:17:23.712871+00:00,,PENDING,
4149,239b4fdd-590b-4f5b-bba6-d6b4b33c0656,e9259942-8396-473b-9057-48dcaca6a4b8,REGISTERED,2026-03-31 11:47:45.044073+00:00,,PENDING,
4150,239b4fdd-590b-4f5b-bba6-d6b4b33c0656,5e3a8bbe-4747-4f6c-a52f-e982db7f63be,REGISTERED,2026-04-08 15:33:20.486312+00:00,,PENDING,
4151,239b4fdd-590b-4f5b-bba6-d6b4b33c0656,a9eb667c-0911-4e4e-955e-a556167a78c0,REGISTERED,2026-04-12 21:54:58.696705+00:00,,PENDING,
4152,239b4fdd-590b-4f5b-bba6-d6b4b33c0656,d25b06d5-af6c-43d4-9ba8-d64bdd39a1a4,REGISTERED,2026-04-15 00:01:28.113572+00:00,,PENDING,
4153,239b4fdd-590b-4f5b-bba6-d6b4b33c0656,7d2c6a5c-bbcc-46be-8ba4-b7518ab7a644,REGISTERED,2026-04-16 22:16:47.697461+00:00,,PENDING,
4154,239b4fdd-590b-4f5b-bba6-d6b4b33c0656,d038d3e8-db0f-4824-9216-4de208fd6652,REGISTERED,2026-03-23 00:16:08.879849+00:00,,PENDING,
4155,239b4fdd-590b-4f5b-bba6-d6b4b33c0656,2a2ff3aa-a839-4038-a81c-29bf4839823e,REGISTERED,2026-03-16 15:12:48.703460+00:00,,PENDING,
4156,239b4fdd-590b-4f5b-bba6-d6b4b33c0656,16aecb05-9ec8-4d03-8476-a54437617f6a,REGISTERED,2026-04-06 22:29:01.260664+00:00,,PENDING,
4157,239b4fdd-590b-4f5b-bba6-d6b4b33c0656,64d309e9-1dd7-4572-9479-4d2164c080b8,REGISTERED,2026-04-04 04:27:09.718835+00:00,,PENDING,
4158,239b4fdd-590b-4f5b-bba6-d6b4b33c0656,175a4d5b-a9b8-482f-bb16-09ead09c462d,REGISTERED,2026-04-29 08:01:03.492750+00:00,,PENDING,
4159,3c4390c0-4045-47b1-b57c-ea02ad589d79,71c79692-c503-4f92-9e3b-427e5c06bcf3,CANCELLED,2026-04-29 11:56:35.768951+00:00,2026-04-29 14:19:19.022741+00:00,PENDING,Invitation déclinée après réévaluation.
4160,3c4390c0-4045-47b1-b57c-ea02ad589d79,e24ef779-8a19-45dc-82da-af12648144c1,REGISTERED,2026-04-21 14:46:05.478854+00:00,,PENDING,
4161,3c4390c0-4045-47b1-b57c-ea02ad589d79,8de3a1bf-0867-4629-9291-42a74caf9008,REGISTERED,2026-04-19 00:16:07.053080+00:00,,PENDING,
4162,3c4390c0-4045-47b1-b57c-ea02ad589d79,ee85ed55-5fb4-47a4-8a52-97b44ea7f18e,REGISTERED,2026-04-17 00:21:38.234603+00:00,,PENDING,
4163,3c4390c0-4045-47b1-b57c-ea02ad589d79,9f62bec9-e71d-4e58-8eb0-f51c0c93bd4e,REGISTERED,2026-04-25 18:15:40.616795+00:00,,PENDING,
4164,3c4390c0-4045-47b1-b57c-ea02ad589d79,da6180bb-789f-4ba7-887c-08f5033ce3bd,REGISTERED,2026-04-24 00:34:29.183755+00:00,,PENDING,
4165,3c4390c0-4045-47b1-b57c-ea02ad589d79,f88e79f6-5cdb-401c-9b0a-0035434d7b18,REGISTERED,2026-04-17 04:31:03.227955+00:00,,PENDING,
4166,3c4390c0-4045-47b1-b57c-ea02ad589d79,3f6cb692-1581-4462-b260-3cad29f36489,CANCELLED,2026-04-29 02:39:13.421002+00:00,2026-04-29 05:22:35.972034+00:00,PENDING,Besoin de suivre une autre session en priorité.
4167,3c4390c0-4045-47b1-b57c-ea02ad589d79,7dddaa8e-deb1-42ed-88bb-dc5a16514cdc,REGISTERED,2026-04-25 14:35:12.191324+00:00,,PENDING,
4168,3c4390c0-4045-47b1-b57c-ea02ad589d79,e8dda1ab-4e22-4b44-b642-16d429b530e6,REGISTERED,2026-04-15 19:42:42.784560+00:00,,PENDING,
4169,3c4390c0-4045-47b1-b57c-ea02ad589d79,1b521727-2b9c-4bae-a8f2-c0b975bf998b,REGISTERED,2026-04-18 03:03:39.723280+00:00,,PENDING,
4170,3c4390c0-4045-47b1-b57c-ea02ad589d79,039ce623-075d-4c69-9235-d786fde3bf5a,REGISTERED,2026-04-15 21:13:21.065732+00:00,,PENDING,
4171,64d2f93b-34a2-4383-b491-2e58ecd69bcf,6923b135-0a80-41b6-a29d-108910d3481e,CANCELLED,2026-02-25 20:32:52.345678+00:00,2026-03-06 09:39:06.313222+00:00,PENDING,Inscription faite par erreur.
4172,64d2f93b-34a2-4383-b491-2e58ecd69bcf,c3f44d1a-e988-4b73-a7f1-9fe2fbfeaaca,REGISTERED,2026-03-29 03:54:28.083674+00:00,,PENDING,
4173,64d2f93b-34a2-4383-b491-2e58ecd69bcf,2924ebf4-7416-4911-9fb8-c3bd86f39111,CANCELLED,2026-04-19 02:56:04.222929+00:00,2026-04-29 13:40:00.883481+00:00,PENDING,Charge de travail incompatible avec l’événement.
4174,64d2f93b-34a2-4383-b491-2e58ecd69bcf,7120f862-693b-4518-8e4c-e2bfe7963695,REGISTERED,2026-03-03 11:26:23.379916+00:00,,PENDING,
4175,64d2f93b-34a2-4383-b491-2e58ecd69bcf,84e69d57-36b1-481d-a823-b2bb1e0eff7b,CANCELLED,2026-03-13 17:51:27.527377+00:00,2026-03-24 22:47:38.309039+00:00,PENDING,Contrainte de planning de dernière minute.
4176,64d2f93b-34a2-4383-b491-2e58ecd69bcf,8d973db4-761f-47fc-a137-ab4ad30532c7,REGISTERED,2026-03-31 16:38:13.277920+00:00,,PENDING,
4177,64d2f93b-34a2-4383-b491-2e58ecd69bcf,0ad2e8b9-a1e4-439b-82a6-7043befa8527,REGISTERED,2026-03-17 21:17:44.828750+00:00,,PENDING,
4178,64d2f93b-34a2-4383-b491-2e58ecd69bcf,cd89616a-bb20-4989-b720-04dac27a609b,REGISTERED,2026-04-08 19:35:47.077981+00:00,,PENDING,
4179,64d2f93b-34a2-4383-b491-2e58ecd69bcf,07e91d9a-58ac-4123-b88a-e84d593d3c95,REGISTERED,2026-02-22 15:48:46.551364+00:00,,PENDING,
4180,64d2f93b-34a2-4383-b491-2e58ecd69bcf,15422187-1dc9-46d5-8bf2-867217ee9f44,REGISTERED,2026-03-15 00:09:48.562101+00:00,,PENDING,
4181,64d2f93b-34a2-4383-b491-2e58ecd69bcf,8f774f8b-da2a-4c78-929b-0896a8c710b9,REGISTERED,2026-02-16 20:23:29.317389+00:00,,PENDING,
4182,64d2f93b-34a2-4383-b491-2e58ecd69bcf,b945f48a-ccc4-43f6-928b-e2c1f46146b6,REGISTERED,2026-01-16 21:42:57.775658+00:00,,PENDING,
4183,64d2f93b-34a2-4383-b491-2e58ecd69bcf,d3a11e22-80f0-4ba2-bbb9-8e0549c5deb0,REGISTERED,2026-04-18 22:33:04.527337+00:00,,PENDING,
4184,64d2f93b-34a2-4383-b491-2e58ecd69bcf,0d3b9abd-2bf6-47a0-b674-e66bfbd1c058,REGISTERED,2026-04-03 03:15:21.078173+00:00,,PENDING,
4185,64d2f93b-34a2-4383-b491-2e58ecd69bcf,dbb62cac-e512-454a-a2dd-cd278e6b0b3e,REGISTERED,2026-04-03 05:57:47.562137+00:00,,PENDING,
4186,64d2f93b-34a2-4383-b491-2e58ecd69bcf,51e00143-3f66-4030-bf3a-b154f7d7512a,REGISTERED,2026-01-11 19:00:17.999861+00:00,,PENDING,
4187,64d2f93b-34a2-4383-b491-2e58ecd69bcf,16ce6d70-5405-478a-a25a-cc332ef4b47c,REGISTERED,2026-04-18 04:23:15.982838+00:00,,PENDING,
4188,64d2f93b-34a2-4383-b491-2e58ecd69bcf,c98070f7-ea93-464b-9719-8e5817cb346a,REGISTERED,2026-02-15 08:06:16.637824+00:00,,PENDING,
4189,64d2f93b-34a2-4383-b491-2e58ecd69bcf,dafc105e-50d6-45fc-881b-f8c7648a1d01,REGISTERED,2026-03-23 02:38:50.705487+00:00,,PENDING,
4190,64d2f93b-34a2-4383-b491-2e58ecd69bcf,b899ea61-699a-400a-98b6-1966f23e209b,REGISTERED,2026-04-09 20:49:23.625326+00:00,,PENDING,
4191,64d2f93b-34a2-4383-b491-2e58ecd69bcf,bec21b43-0b9a-4b14-aec4-4493b6192e37,REGISTERED,2026-04-29 04:55:16.963254+00:00,,PENDING,
4192,64d2f93b-34a2-4383-b491-2e58ecd69bcf,216e3c28-a95a-4cd1-b163-01b319c3d109,REGISTERED,2026-04-08 08:35:01.620983+00:00,,PENDING,
4193,64d2f93b-34a2-4383-b491-2e58ecd69bcf,f11017f7-2d00-4f17-9c8e-53b9e06a8ca4,REGISTERED,2026-03-30 11:50:45.308547+00:00,,PENDING,
4194,64d2f93b-34a2-4383-b491-2e58ecd69bcf,278dc842-25a6-4a12-919b-ae5cb5106a96,REGISTERED,2026-03-14 01:04:39.195574+00:00,,PENDING,
4195,64d2f93b-34a2-4383-b491-2e58ecd69bcf,473aea92-b352-4816-84a6-998d6674e016,CANCELLED,2026-03-01 08:37:57.071528+00:00,2026-03-03 14:43:01.676021+00:00,PENDING,Absence validée par le manager.
4196,64d2f93b-34a2-4383-b491-2e58ecd69bcf,3fe14d18-0cfa-492c-9c98-5c09e18406f4,REGISTERED,2026-02-25 23:19:26.781018+00:00,,PENDING,
4197,64d2f93b-34a2-4383-b491-2e58ecd69bcf,5b666a1b-6391-46d4-8c0c-b2e34ab3fb1b,REGISTERED,2026-02-17 16:16:46.353446+00:00,,PENDING,
4198,64d2f93b-34a2-4383-b491-2e58ecd69bcf,0aa6c832-d272-493b-af96-e53a16a8ba84,REGISTERED,2026-04-04 16:01:38.831974+00:00,,PENDING,
4199,64d2f93b-34a2-4383-b491-2e58ecd69bcf,75c4fd88-9e44-46ab-b324-a068f16ab956,CANCELLED,2026-02-26 07:50:22.126717+00:00,2026-03-16 06:33:20.672582+00:00,PENDING,Modification de l’agenda projet.
4200,64d2f93b-34a2-4383-b491-2e58ecd69bcf,e684e654-4778-457f-88f4-600f7b349c6a,REGISTERED,2026-01-28 15:55:05.281557+00:00,,PENDING,
4201,64d2f93b-34a2-4383-b491-2e58ecd69bcf,50773668-ccfb-4603-bfcb-0f0535410c84,REGISTERED,2026-01-31 07:03:28.224976+00:00,,PENDING,
4202,64d2f93b-34a2-4383-b491-2e58ecd69bcf,9d77bbdb-a7c6-48dc-8333-69d2a53bae58,REGISTERED,2026-04-13 15:26:57.801808+00:00,,PENDING,
4203,64d2f93b-34a2-4383-b491-2e58ecd69bcf,4c166401-3fd9-47c6-993a-883bd0d2ca29,REGISTERED,2026-02-01 06:43:28.082221+00:00,,PENDING,
4204,64d2f93b-34a2-4383-b491-2e58ecd69bcf,b1873d56-50de-46f2-a6c2-a907abb54442,REGISTERED,2026-03-28 08:59:45.175597+00:00,,PENDING,
4205,64d2f93b-34a2-4383-b491-2e58ecd69bcf,91e9323a-e856-492f-b6b6-379bc6570add,REGISTERED,2026-02-27 06:59:14.524172+00:00,,PENDING,
4206,64d2f93b-34a2-4383-b491-2e58ecd69bcf,b6a8879c-3ed7-476d-8f1c-47f8f344f70d,REGISTERED,2026-03-27 05:20:02.750204+00:00,,PENDING,
4207,64d2f93b-34a2-4383-b491-2e58ecd69bcf,c7d4b081-bb87-4340-9a1f-0649f6113b13,REGISTERED,2026-01-21 20:48:32.098369+00:00,,PENDING,
4208,64d2f93b-34a2-4383-b491-2e58ecd69bcf,368b0c1f-2b18-45ae-8c55-7445a2e631bc,REGISTERED,2026-03-13 01:20:32.333643+00:00,,PENDING,
4209,64d2f93b-34a2-4383-b491-2e58ecd69bcf,aea65023-ce55-417a-a93c-d43c8afc615f,REGISTERED,2026-02-01 02:56:36.524251+00:00,,PENDING,
4210,64d2f93b-34a2-4383-b491-2e58ecd69bcf,af533c93-0a75-475d-b87d-b1decc84048b,REGISTERED,2026-02-14 22:21:34.545788+00:00,,PENDING,
4211,64d2f93b-34a2-4383-b491-2e58ecd69bcf,136f0269-75a4-4b80-bd35-7c42da9c9843,REGISTERED,2026-03-31 09:27:40.266457+00:00,,PENDING,
4212,64d2f93b-34a2-4383-b491-2e58ecd69bcf,f13df37c-d98f-46b6-94f2-685c946a87c1,REGISTERED,2026-01-29 17:02:37.622454+00:00,,PENDING,
4213,87e4ac4c-0d90-49d7-a19d-9e92b5538225,d3db882a-0f69-4757-86d7-7684ed050599,CANCELLED,2026-03-28 14:52:02.855593+00:00,2026-05-01 03:07:42.696136+00:00,PENDING,Conflit d’horaire avec une réunion prioritaire.
4214,87e4ac4c-0d90-49d7-a19d-9e92b5538225,054fbfd5-4987-4e74-981e-7720556bff7c,REGISTERED,2026-04-06 05:16:47.761288+00:00,,PENDING,
4215,87e4ac4c-0d90-49d7-a19d-9e92b5538225,0f5dcdfd-9397-4997-853c-278f6e224fe8,REGISTERED,2026-03-02 11:07:53.230352+00:00,,PENDING,
4216,87e4ac4c-0d90-49d7-a19d-9e92b5538225,786cfe59-0bda-4930-9ccd-c6d0ff02b662,REGISTERED,2026-04-11 16:36:39.851190+00:00,,PENDING,
4217,87e4ac4c-0d90-49d7-a19d-9e92b5538225,8d88e517-90c5-4bdc-ab37-50e7d4be7387,REGISTERED,2026-01-18 15:08:47.187068+00:00,,PENDING,
4218,87e4ac4c-0d90-49d7-a19d-9e92b5538225,be819bb5-4387-4c8b-aff9-250ac5ddc5c2,REGISTERED,2026-03-26 01:09:31.997281+00:00,,PENDING,
4219,87e4ac4c-0d90-49d7-a19d-9e92b5538225,e85bf3a0-343f-43c6-9d3c-0139253eb5fe,REGISTERED,2026-03-08 21:26:28.903104+00:00,,PENDING,
4220,87e4ac4c-0d90-49d7-a19d-9e92b5538225,85480232-8d0c-45e2-bb3b-62ccdcf67029,CANCELLED,2026-04-27 02:24:56.011955+00:00,2026-04-30 21:29:10.219932+00:00,PENDING,Indisponibilité personnelle signalée.
4221,87e4ac4c-0d90-49d7-a19d-9e92b5538225,c316d911-6157-4923-83d0-94e475c6acc5,REGISTERED,2026-03-23 04:53:59.597779+00:00,,PENDING,
4222,87e4ac4c-0d90-49d7-a19d-9e92b5538225,f85deb38-8a7f-46fd-aa7f-0c9d18401a70,REGISTERED,2026-04-18 11:33:48.875697+00:00,,PENDING,
4223,87e4ac4c-0d90-49d7-a19d-9e92b5538225,59566cb1-e2b4-4f2a-80be-6b9dcc4429c7,REGISTERED,2026-03-18 14:18:42.377334+00:00,,PENDING,
4224,87e4ac4c-0d90-49d7-a19d-9e92b5538225,ea31e60e-7c45-4d0d-a72a-9b1bff423649,REGISTERED,2026-02-01 13:33:48.486391+00:00,,PENDING,
4225,87e4ac4c-0d90-49d7-a19d-9e92b5538225,a4227edf-b1ca-4211-8668-7f5fc27b3661,REGISTERED,2026-02-04 21:27:25.116124+00:00,,PENDING,
4226,87e4ac4c-0d90-49d7-a19d-9e92b5538225,5268065e-db45-4ebe-8c7d-af94ecc0d672,REGISTERED,2026-01-24 09:53:52.444127+00:00,,PENDING,
4227,87e4ac4c-0d90-49d7-a19d-9e92b5538225,e405908c-8072-4c93-8cd7-6a0b541a50ee,REGISTERED,2026-04-14 02:14:37.337018+00:00,,PENDING,
4228,87e4ac4c-0d90-49d7-a19d-9e92b5538225,32093958-cbbd-4c22-a8c5-3659bb18aae5,REGISTERED,2026-03-22 19:02:05.614867+00:00,,PENDING,
4229,87e4ac4c-0d90-49d7-a19d-9e92b5538225,b0953e8e-335d-49b9-b394-fc0fe62b5e1e,REGISTERED,2026-03-17 01:20:56.993506+00:00,,PENDING,
4230,87e4ac4c-0d90-49d7-a19d-9e92b5538225,fc076384-0f92-412b-9cd2-b54ac7597f75,REGISTERED,2026-03-23 04:40:50.683959+00:00,,PENDING,
4231,87e4ac4c-0d90-49d7-a19d-9e92b5538225,3577cac5-0476-4aff-b030-5793997dce28,REGISTERED,2026-03-21 17:26:39.103281+00:00,,PENDING,
4232,87e4ac4c-0d90-49d7-a19d-9e92b5538225,41a6c95e-1a40-4fc5-a34d-45dacb2f816f,REGISTERED,2026-03-19 22:32:04.329305+00:00,,PENDING,
4233,87e4ac4c-0d90-49d7-a19d-9e92b5538225,7ff2c490-b386-436c-86c2-79a11610b881,REGISTERED,2026-03-25 21:38:55.334378+00:00,,PENDING,
4234,87e4ac4c-0d90-49d7-a19d-9e92b5538225,2cd12ab6-9690-4f95-a135-d3dc346ec176,REGISTERED,2026-02-18 01:32:27.276835+00:00,,PENDING,
4235,87e4ac4c-0d90-49d7-a19d-9e92b5538225,97810494-626f-45ab-bb4d-e0c09e642c34,REGISTERED,2026-02-07 21:33:59.642985+00:00,,PENDING,
4236,87e4ac4c-0d90-49d7-a19d-9e92b5538225,b028e6d5-941b-4894-816c-80a8024ffabd,REGISTERED,2026-02-06 22:29:21.517356+00:00,,PENDING,
4237,87e4ac4c-0d90-49d7-a19d-9e92b5538225,efc9f989-2e92-4dbb-b001-56b7f766c6cd,REGISTERED,2026-02-21 03:27:44.930909+00:00,,PENDING,
4238,87e4ac4c-0d90-49d7-a19d-9e92b5538225,7d24e8ab-d927-443c-a1e1-04b73211032b,REGISTERED,2026-04-19 23:11:01.096993+00:00,,PENDING,
4239,87e4ac4c-0d90-49d7-a19d-9e92b5538225,5bba076a-bfef-4cf9-be7b-eaf7160e722e,REGISTERED,2026-04-23 21:15:25.102976+00:00,,PENDING,
4240,87e4ac4c-0d90-49d7-a19d-9e92b5538225,d03f66d8-d99b-4671-a0db-107d9ed5e8e4,REGISTERED,2026-04-17 19:47:41.273065+00:00,,PENDING,
4241,87e4ac4c-0d90-49d7-a19d-9e92b5538225,eb0df4f4-149a-40ce-ab54-70d49d31204a,REGISTERED,2026-04-13 18:48:38.546822+00:00,,PENDING,
4242,a5836216-4904-4dbf-a3e7-3fb9a39ec2dc,8d973db4-761f-47fc-a137-ab4ad30532c7,REGISTERED,2026-03-28 07:47:27.435697+00:00,,PENDING,
4243,a5836216-4904-4dbf-a3e7-3fb9a39ec2dc,6923b135-0a80-41b6-a29d-108910d3481e,REGISTERED,2026-04-18 23:37:20.135996+00:00,,PENDING,
4244,a5836216-4904-4dbf-a3e7-3fb9a39ec2dc,2924ebf4-7416-4911-9fb8-c3bd86f39111,REGISTERED,2026-04-12 17:52:36.547978+00:00,,PENDING,
4245,a5836216-4904-4dbf-a3e7-3fb9a39ec2dc,50773668-ccfb-4603-bfcb-0f0535410c84,REGISTERED,2026-03-26 12:36:50.997971+00:00,,PENDING,
4246,dac174be-e2df-44f1-a83c-ebe30070954e,8f774f8b-da2a-4c78-929b-0896a8c710b9,REGISTERED,2026-02-07 19:28:57.273542+00:00,,PENDING,
4247,dac174be-e2df-44f1-a83c-ebe30070954e,cd89616a-bb20-4989-b720-04dac27a609b,REGISTERED,2026-02-10 23:32:36.332357+00:00,,PENDING,
4248,dac174be-e2df-44f1-a83c-ebe30070954e,921a0f6a-b2e3-4312-947d-dbb1a59b7f17,REGISTERED,2026-03-27 10:09:38.774020+00:00,,PENDING,
4249,dac174be-e2df-44f1-a83c-ebe30070954e,9f553eb2-43ed-4c97-9e01-f1efa2b58866,CANCELLED,2026-04-04 21:00:56.007894+00:00,2026-04-25 10:28:48.340639+00:00,PENDING,Indisponibilité personnelle signalée.
4250,dac174be-e2df-44f1-a83c-ebe30070954e,f11017f7-2d00-4f17-9c8e-53b9e06a8ca4,CANCELLED,2026-02-19 03:12:22.774898+00:00,2026-04-25 02:33:10.008113+00:00,PENDING,Invitation déclinée après réévaluation.
4251,dac174be-e2df-44f1-a83c-ebe30070954e,91e9323a-e856-492f-b6b6-379bc6570add,REGISTERED,2026-02-24 05:31:31.404110+00:00,,PENDING,
4252,dac174be-e2df-44f1-a83c-ebe30070954e,0aa6c832-d272-493b-af96-e53a16a8ba84,REGISTERED,2026-02-12 05:29:30.047832+00:00,,PENDING,
4253,dac174be-e2df-44f1-a83c-ebe30070954e,473aea92-b352-4816-84a6-998d6674e016,REGISTERED,2026-03-26 09:11:25.768119+00:00,,PENDING,
4254,dac174be-e2df-44f1-a83c-ebe30070954e,b6a8879c-3ed7-476d-8f1c-47f8f344f70d,REGISTERED,2026-04-07 08:19:58.472065+00:00,,PENDING,
4255,dac174be-e2df-44f1-a83c-ebe30070954e,04bb8b7a-cd4c-4a01-91d4-4704fda80686,REGISTERED,2026-03-13 14:27:23.975693+00:00,,PENDING,
4256,dac174be-e2df-44f1-a83c-ebe30070954e,84e69d57-36b1-481d-a823-b2bb1e0eff7b,REGISTERED,2026-04-04 23:18:36.451055+00:00,,PENDING,
4257,dac174be-e2df-44f1-a83c-ebe30070954e,aea65023-ce55-417a-a93c-d43c8afc615f,REGISTERED,2026-03-14 21:43:44.465362+00:00,,PENDING,
4258,dac174be-e2df-44f1-a83c-ebe30070954e,216e3c28-a95a-4cd1-b163-01b319c3d109,REGISTERED,2026-03-13 22:55:57.791002+00:00,,PENDING,
4259,dac174be-e2df-44f1-a83c-ebe30070954e,5b666a1b-6391-46d4-8c0c-b2e34ab3fb1b,REGISTERED,2026-02-22 07:54:03.105619+00:00,,PENDING,
4260,dac174be-e2df-44f1-a83c-ebe30070954e,af533c93-0a75-475d-b87d-b1decc84048b,REGISTERED,2026-02-28 17:27:15.355281+00:00,,PENDING,
4261,dac174be-e2df-44f1-a83c-ebe30070954e,2924ebf4-7416-4911-9fb8-c3bd86f39111,REGISTERED,2026-04-21 22:23:06.383080+00:00,,PENDING,
4262,dac174be-e2df-44f1-a83c-ebe30070954e,9d77bbdb-a7c6-48dc-8333-69d2a53bae58,REGISTERED,2026-01-29 23:39:48.138547+00:00,,PENDING,
4263,dac174be-e2df-44f1-a83c-ebe30070954e,278dc842-25a6-4a12-919b-ae5cb5106a96,REGISTERED,2026-02-15 01:21:10.854219+00:00,,PENDING,
4264,dac174be-e2df-44f1-a83c-ebe30070954e,d3a11e22-80f0-4ba2-bbb9-8e0549c5deb0,REGISTERED,2026-04-27 20:44:08.753053+00:00,,PENDING,
4265,dac174be-e2df-44f1-a83c-ebe30070954e,c7d4b081-bb87-4340-9a1f-0649f6113b13,CANCELLED,2026-04-21 05:37:19.266733+00:00,2026-04-28 02:17:33.367585+00:00,PENDING,Contrainte de planning de dernière minute.
4266,dac174be-e2df-44f1-a83c-ebe30070954e,8d973db4-761f-47fc-a137-ab4ad30532c7,REGISTERED,2026-02-14 17:23:57.821258+00:00,,PENDING,
4267,dac174be-e2df-44f1-a83c-ebe30070954e,75c4fd88-9e44-46ab-b324-a068f16ab956,REGISTERED,2026-04-15 05:09:24.214304+00:00,,PENDING,
4268,dac174be-e2df-44f1-a83c-ebe30070954e,bec21b43-0b9a-4b14-aec4-4493b6192e37,REGISTERED,2026-04-22 00:48:14.086086+00:00,,PENDING,
4269,dac174be-e2df-44f1-a83c-ebe30070954e,b1873d56-50de-46f2-a6c2-a907abb54442,REGISTERED,2026-02-11 06:17:02.643646+00:00,,PENDING,
4270,dac174be-e2df-44f1-a83c-ebe30070954e,c3f44d1a-e988-4b73-a7f1-9fe2fbfeaaca,REGISTERED,2026-03-29 10:06:05.324473+00:00,,PENDING,
4271,dac174be-e2df-44f1-a83c-ebe30070954e,05ebad91-5c0a-406d-b835-141c19b231e0,REGISTERED,2026-03-16 19:39:16.082428+00:00,,PENDING,
4272,dac174be-e2df-44f1-a83c-ebe30070954e,6923b135-0a80-41b6-a29d-108910d3481e,REGISTERED,2026-04-26 09:37:25.222305+00:00,,PENDING,
4273,dac174be-e2df-44f1-a83c-ebe30070954e,51e00143-3f66-4030-bf3a-b154f7d7512a,REGISTERED,2026-04-03 06:36:42.504236+00:00,,PENDING,
4274,dac174be-e2df-44f1-a83c-ebe30070954e,b945f48a-ccc4-43f6-928b-e2c1f46146b6,REGISTERED,2026-03-26 08:44:11.544378+00:00,,PENDING,
4275,dac174be-e2df-44f1-a83c-ebe30070954e,136f0269-75a4-4b80-bd35-7c42da9c9843,REGISTERED,2026-03-09 11:25:35.199874+00:00,,PENDING,
4276,dac174be-e2df-44f1-a83c-ebe30070954e,9d09832f-ff19-4c77-9c05-12881b06c117,REGISTERED,2026-04-17 14:40:51.671044+00:00,,PENDING,
4277,dac174be-e2df-44f1-a83c-ebe30070954e,b899ea61-699a-400a-98b6-1966f23e209b,REGISTERED,2026-04-03 09:06:06.764314+00:00,,PENDING,
4278,dac174be-e2df-44f1-a83c-ebe30070954e,15422187-1dc9-46d5-8bf2-867217ee9f44,CANCELLED,2026-03-09 06:22:51.344369+00:00,2026-04-24 18:37:02.798971+00:00,PENDING,Conflit d’horaire avec une réunion prioritaire.
4279,dac174be-e2df-44f1-a83c-ebe30070954e,07e91d9a-58ac-4123-b88a-e84d593d3c95,REGISTERED,2026-04-29 11:59:47.169913+00:00,,PENDING,
4280,dac174be-e2df-44f1-a83c-ebe30070954e,f8d7dc0b-5a3b-44ee-98f3-b79e6f774b1e,REGISTERED,2026-03-23 21:35:09.986071+00:00,,PENDING,
4281,dac174be-e2df-44f1-a83c-ebe30070954e,dbb62cac-e512-454a-a2dd-cd278e6b0b3e,REGISTERED,2026-03-03 09:21:05.259679+00:00,,PENDING,
4282,dac174be-e2df-44f1-a83c-ebe30070954e,3fe14d18-0cfa-492c-9c98-5c09e18406f4,REGISTERED,2026-02-22 22:29:40.219401+00:00,,PENDING,
4283,dac174be-e2df-44f1-a83c-ebe30070954e,4c166401-3fd9-47c6-993a-883bd0d2ca29,REGISTERED,2026-04-10 01:16:23.837422+00:00,,PENDING,
4284,dac174be-e2df-44f1-a83c-ebe30070954e,50773668-ccfb-4603-bfcb-0f0535410c84,REGISTERED,2026-04-06 07:13:30.372711+00:00,,PENDING,
4285,dac174be-e2df-44f1-a83c-ebe30070954e,dafc105e-50d6-45fc-881b-f8c7648a1d01,REGISTERED,2026-04-01 00:24:06.698469+00:00,,PENDING,
4286,dac174be-e2df-44f1-a83c-ebe30070954e,eaaf4ff9-389b-4404-8570-7d2997f37220,REGISTERED,2026-03-17 20:00:15.508318+00:00,,PENDING,
4287,dac174be-e2df-44f1-a83c-ebe30070954e,f13df37c-d98f-46b6-94f2-685c946a87c1,CANCELLED,2026-02-10 06:44:36.635947+00:00,2026-03-03 00:15:25.635050+00:00,PENDING,Participation remplacée par un collègue.
4288,dac174be-e2df-44f1-a83c-ebe30070954e,256b281f-27a3-4756-9132-21f4a6f1d868,REGISTERED,2026-04-11 19:17:54.762231+00:00,,PENDING,
4289,dac174be-e2df-44f1-a83c-ebe30070954e,0f89f372-8f9b-4e37-a917-95d348270c77,REGISTERED,2026-02-15 09:25:32.157808+00:00,,PENDING,
4290,dac174be-e2df-44f1-a83c-ebe30070954e,c98070f7-ea93-464b-9719-8e5817cb346a,REGISTERED,2026-04-26 15:25:18.021155+00:00,,PENDING,
4291,c6296145-7149-4c07-942a-328720b61a2d,3dd95e2a-5330-4b89-abcd-aecc3361f37d,REGISTERED,2026-03-02 09:01:45.637014+00:00,,PENDING,
4292,c6296145-7149-4c07-942a-328720b61a2d,c4aac5db-f0a1-41f7-ad7b-af5bdfaee13f,REGISTERED,2026-04-12 23:21:35.287372+00:00,,PENDING,
4293,c6296145-7149-4c07-942a-328720b61a2d,8f30d88b-449d-4b4a-8d70-907a78ca75cb,CANCELLED,2026-04-10 15:39:22.188163+00:00,2026-04-24 10:09:44.719605+00:00,PENDING,Conflit d’horaire avec une réunion prioritaire.
4294,c6296145-7149-4c07-942a-328720b61a2d,bd2d8a8f-cc69-4d59-9057-8cac5815b213,CANCELLED,2026-02-18 11:27:59.948820+00:00,2026-02-27 01:38:45.489588+00:00,PENDING,Changement de priorité métier.
4295,c6296145-7149-4c07-942a-328720b61a2d,c31aaa51-862f-454c-afdf-06d1d6ea07fa,REGISTERED,2026-04-15 18:54:39.853805+00:00,,PENDING,
4296,c6296145-7149-4c07-942a-328720b61a2d,608ced08-9e47-4568-b2c6-81b0a7fdf075,REGISTERED,2026-03-23 01:53:26.219443+00:00,,PENDING,
4297,c6296145-7149-4c07-942a-328720b61a2d,4fd7b80e-d72e-42b6-8127-2b77a2ab3795,REGISTERED,2026-04-03 14:40:20.038280+00:00,,PENDING,
4298,c6296145-7149-4c07-942a-328720b61a2d,53b3c1c0-71b8-4dde-9428-828a7583ed49,REGISTERED,2026-04-02 13:13:24.285971+00:00,,PENDING,
4299,c6296145-7149-4c07-942a-328720b61a2d,544f4247-a6c8-459e-997a-f558b28f1006,REGISTERED,2026-03-01 00:51:09.010144+00:00,,PENDING,
4300,c6296145-7149-4c07-942a-328720b61a2d,405aedd0-cb27-4b4c-a93e-b03ba37f2948,REGISTERED,2026-03-31 20:10:03.422904+00:00,,PENDING,
4301,c6296145-7149-4c07-942a-328720b61a2d,99deadaf-8a75-4075-aeaa-bf9ec069cd7a,REGISTERED,2026-02-07 21:03:57.640107+00:00,,PENDING,
4302,c6296145-7149-4c07-942a-328720b61a2d,1815820e-1287-4637-b9f1-9bd95f95ca22,REGISTERED,2026-02-10 07:24:10.807743+00:00,,PENDING,
4303,c55301a7-c74d-4ff0-8635-daafc502b6db,f5fabd31-c937-4924-a2a4-7cd151d87d06,REGISTERED,2026-02-11 06:05:37.216017+00:00,,PRESENT,
4304,c55301a7-c74d-4ff0-8635-daafc502b6db,eb85b268-bb88-4119-939d-492d2322518f,REGISTERED,2026-02-08 11:46:54.024341+00:00,,PRESENT,
4305,c55301a7-c74d-4ff0-8635-daafc502b6db,374bb2b1-7239-47b4-a7f3-42a9312229af,REGISTERED,2026-01-24 02:19:38.024260+00:00,,PRESENT,
4306,c55301a7-c74d-4ff0-8635-daafc502b6db,3e5fe20d-95f7-4fea-a0b1-f764d3af1ede,REGISTERED,2026-02-15 04:13:59.012222+00:00,,PRESENT,
4307,c55301a7-c74d-4ff0-8635-daafc502b6db,b4288a6b-52f0-44ab-821f-5bb760918a76,REGISTERED,2026-01-23 02:01:12.996050+00:00,,PRESENT,
4308,c55301a7-c74d-4ff0-8635-daafc502b6db,0b8e3edc-e13f-433c-bcda-bf4510acface,CANCELLED,2026-01-29 18:05:57.751468+00:00,2026-02-11 16:47:30.249340+00:00,PENDING,Indisponibilité personnelle signalée.
4309,c55301a7-c74d-4ff0-8635-daafc502b6db,2a2ff3aa-a839-4038-a81c-29bf4839823e,REGISTERED,2026-02-06 22:41:26.228174+00:00,,PRESENT,
4310,c55301a7-c74d-4ff0-8635-daafc502b6db,c8179126-6db5-4378-878a-06984c582910,CANCELLED,2026-02-06 17:48:56.295510+00:00,2026-02-28 13:31:15.486597+00:00,PENDING,Changement de priorité métier.
4311,c55301a7-c74d-4ff0-8635-daafc502b6db,96fcb81f-46c4-4e0d-9431-72d62e53de35,REGISTERED,2026-02-14 10:37:27.735023+00:00,,PRESENT,
4312,c55301a7-c74d-4ff0-8635-daafc502b6db,6c7cb4fb-9e6a-4fe0-b7fd-e2495b748576,REGISTERED,2026-02-04 03:58:09.120450+00:00,,ABSENT,
4313,c55301a7-c74d-4ff0-8635-daafc502b6db,1c9ec459-2c6a-47a7-b3cb-6090d55196b1,REGISTERED,2026-01-30 07:56:43.502729+00:00,,ABSENT,
4314,c55301a7-c74d-4ff0-8635-daafc502b6db,969f9cbb-d414-4484-aee9-fa12b5505b3e,REGISTERED,2026-02-11 10:30:19.747490+00:00,,ABSENT,
4315,c55301a7-c74d-4ff0-8635-daafc502b6db,a92d0de1-8406-42f3-a47a-eba53cfc918d,REGISTERED,2026-01-09 01:32:31.710603+00:00,,PRESENT,
4316,c55301a7-c74d-4ff0-8635-daafc502b6db,24142aac-d1c8-42ac-a86d-f1049fd901a2,REGISTERED,2026-01-20 17:36:20.011118+00:00,,PRESENT,
4317,c55301a7-c74d-4ff0-8635-daafc502b6db,dea563e5-75d4-4009-859c-5370f9952466,REGISTERED,2026-01-10 02:23:30.643105+00:00,,PRESENT,
4318,c55301a7-c74d-4ff0-8635-daafc502b6db,1488e2ee-e5fc-4fda-a6c5-2e6dbdbec50b,CANCELLED,2026-02-07 12:37:07.277557+00:00,2026-02-24 06:45:01.669917+00:00,PENDING,Contrainte de planning de dernière minute.
4319,c55301a7-c74d-4ff0-8635-daafc502b6db,5553c5bf-a6be-43ce-99ca-71a0dd00c526,REGISTERED,2026-02-10 03:31:47.009456+00:00,,ABSENT,
4320,c55301a7-c74d-4ff0-8635-daafc502b6db,a28bebfa-b4eb-4a1f-9fc2-0354999a2f57,REGISTERED,2026-02-13 22:57:19.561624+00:00,,PRESENT,
4321,c55301a7-c74d-4ff0-8635-daafc502b6db,e6693802-b58f-4be6-8509-975c7975dc5b,REGISTERED,2026-01-25 23:54:56.647972+00:00,,PRESENT,
4322,c55301a7-c74d-4ff0-8635-daafc502b6db,3fed2f1f-ed8e-425e-a9c7-8401c4bea33c,REGISTERED,2026-02-03 12:14:17.943560+00:00,,ABSENT,
4323,c55301a7-c74d-4ff0-8635-daafc502b6db,a9eb667c-0911-4e4e-955e-a556167a78c0,REGISTERED,2026-01-20 13:54:19.934785+00:00,,ABSENT,
4324,c55301a7-c74d-4ff0-8635-daafc502b6db,d46a3b65-b3c2-4019-9b15-047e249159c1,REGISTERED,2026-02-12 06:10:19.032727+00:00,,PRESENT,
4325,c55301a7-c74d-4ff0-8635-daafc502b6db,786ba2a2-fd55-4c3c-82a9-6ab4566b3717,REGISTERED,2026-02-11 11:42:06.990849+00:00,,PRESENT,
4326,c55301a7-c74d-4ff0-8635-daafc502b6db,e035811f-10c5-4bfc-a7c0-7eae45940633,REGISTERED,2026-01-21 19:48:28.871871+00:00,,ABSENT,
4327,c55301a7-c74d-4ff0-8635-daafc502b6db,2a9d41e6-bbad-409a-9305-7d1453de3fff,REGISTERED,2026-02-02 15:12:25.991322+00:00,,PRESENT,
4328,c55301a7-c74d-4ff0-8635-daafc502b6db,20272eee-ae06-4fca-93c0-854b118bb324,CANCELLED,2026-02-03 00:55:41.496066+00:00,2026-02-03 17:34:57.826007+00:00,PENDING,Contrainte de planning de dernière minute.
4329,c55301a7-c74d-4ff0-8635-daafc502b6db,5e3a8bbe-4747-4f6c-a52f-e982db7f63be,REGISTERED,2026-01-11 04:07:38.532977+00:00,,ABSENT,
4330,c55301a7-c74d-4ff0-8635-daafc502b6db,c33a2e16-11ad-42aa-86ff-912411bdea48,REGISTERED,2026-01-28 20:23:00.897700+00:00,,PRESENT,
4331,c55301a7-c74d-4ff0-8635-daafc502b6db,7497f43c-158d-489b-b70c-fe3b4c138821,REGISTERED,2026-02-08 21:46:13.487973+00:00,,PRESENT,
4332,c55301a7-c74d-4ff0-8635-daafc502b6db,16027d3d-1f20-426f-a1bf-3b8acac085b6,REGISTERED,2026-01-26 07:33:16.736175+00:00,,PRESENT,
4333,c55301a7-c74d-4ff0-8635-daafc502b6db,94df617c-7422-4cee-8fff-551c271661f6,REGISTERED,2026-02-08 19:32:34.384874+00:00,,PRESENT,
4334,c55301a7-c74d-4ff0-8635-daafc502b6db,16aecb05-9ec8-4d03-8476-a54437617f6a,REGISTERED,2026-02-04 07:11:25.134293+00:00,,ABSENT,
4335,c55301a7-c74d-4ff0-8635-daafc502b6db,e9d2ff70-2c2b-4bd5-ba0f-ea608ddccc9a,REGISTERED,2026-01-26 09:37:40.266268+00:00,,PRESENT,
4336,c55301a7-c74d-4ff0-8635-daafc502b6db,f43ba2e8-ea91-43b3-9232-e8fd777feb12,REGISTERED,2026-01-23 11:55:43.809202+00:00,,PRESENT,
4337,c55301a7-c74d-4ff0-8635-daafc502b6db,ee1c4d3b-ec68-41f3-b7f1-58779c7a6bd9,REGISTERED,2026-02-13 10:58:01.412233+00:00,,PRESENT,
4338,c55301a7-c74d-4ff0-8635-daafc502b6db,273af618-b029-48bf-9f93-07a654f545f4,REGISTERED,2026-01-24 03:47:17.518759+00:00,,PRESENT,
4339,c55301a7-c74d-4ff0-8635-daafc502b6db,549a7925-348b-43cd-a3b9-dd25c12212b3,REGISTERED,2026-01-14 14:49:25.263597+00:00,,PRESENT,
4340,c55301a7-c74d-4ff0-8635-daafc502b6db,8eb23e0d-e7bd-4642-b245-6338a02daf5d,REGISTERED,2026-01-09 00:54:03.865680+00:00,,PRESENT,
4341,c55301a7-c74d-4ff0-8635-daafc502b6db,f2d45b59-75cd-44be-b428-acaecb458fb7,REGISTERED,2026-02-09 08:04:45.049331+00:00,,PRESENT,
4342,c55301a7-c74d-4ff0-8635-daafc502b6db,175a4d5b-a9b8-482f-bb16-09ead09c462d,REGISTERED,2026-01-16 18:16:52.378512+00:00,,ABSENT,
4343,c55301a7-c74d-4ff0-8635-daafc502b6db,5c5fb113-5843-4b29-8933-b0d016b33d25,REGISTERED,2026-01-12 12:12:00.168264+00:00,,ABSENT,
4344,c55301a7-c74d-4ff0-8635-daafc502b6db,b8586f4e-0b8d-4c49-99b4-58e4ac4db671,REGISTERED,2026-01-31 12:59:01.870679+00:00,,PRESENT,
4345,c55301a7-c74d-4ff0-8635-daafc502b6db,3f41bf71-321e-42aa-9bc9-08d233bda92b,REGISTERED,2026-01-28 21:25:08.164181+00:00,,PRESENT,
4346,c55301a7-c74d-4ff0-8635-daafc502b6db,099e1b0f-acb5-4a7d-829c-134345792106,REGISTERED,2026-01-22 13:47:32.655737+00:00,,PRESENT,
4347,c55301a7-c74d-4ff0-8635-daafc502b6db,64d309e9-1dd7-4572-9479-4d2164c080b8,REGISTERED,2026-01-21 19:15:25.320424+00:00,,PRESENT,
4348,c55301a7-c74d-4ff0-8635-daafc502b6db,ce83a092-82c8-459d-a3f0-992a16e68c2c,CANCELLED,2026-01-31 10:34:54.676123+00:00,2026-02-07 15:10:20.900202+00:00,PENDING,Inscription faite par erreur.
4349,c55301a7-c74d-4ff0-8635-daafc502b6db,d038d3e8-db0f-4824-9216-4de208fd6652,REGISTERED,2026-02-07 11:48:00.736895+00:00,,ABSENT,
4350,c55301a7-c74d-4ff0-8635-daafc502b6db,1282a9e9-9325-4f3d-94ee-887a13d79265,REGISTERED,2026-01-09 09:55:55.379305+00:00,,PRESENT,
4351,c55301a7-c74d-4ff0-8635-daafc502b6db,4f401a8b-a036-4ae4-ac18-f69336a55209,REGISTERED,2026-01-25 02:18:31.343953+00:00,,PRESENT,
4352,c55301a7-c74d-4ff0-8635-daafc502b6db,449ac75e-578d-423f-8bc4-b4c90d6ac229,REGISTERED,2026-01-08 14:05:48.068408+00:00,,PRESENT,
4353,c55301a7-c74d-4ff0-8635-daafc502b6db,06fcdd2c-53a6-496a-9efa-7dd79a271da4,REGISTERED,2026-01-18 03:50:09.169456+00:00,,ABSENT,
4354,c55301a7-c74d-4ff0-8635-daafc502b6db,d17fb9bc-4d75-4c84-a425-1d1973803d5a,REGISTERED,2026-01-28 22:29:53.544949+00:00,,PRESENT,
4355,c55301a7-c74d-4ff0-8635-daafc502b6db,c1e9f1c5-3a1d-407e-9767-7cb7c9089296,CANCELLED,2026-02-08 13:23:45.839544+00:00,2026-02-22 08:23:07.069033+00:00,PENDING,Changement de priorité métier.
4356,c55301a7-c74d-4ff0-8635-daafc502b6db,23cf3644-a5e7-4b7a-848c-b3c4ffc0d526,REGISTERED,2026-01-08 21:22:33.216165+00:00,,ABSENT,
4357,c55301a7-c74d-4ff0-8635-daafc502b6db,d4a71d21-d547-4736-9c69-2ae754d8e3f0,REGISTERED,2026-01-08 22:05:36.699489+00:00,,PRESENT,
4358,c55301a7-c74d-4ff0-8635-daafc502b6db,f93fc94f-b705-49f5-954a-4683273857f4,REGISTERED,2026-01-27 14:35:06.425553+00:00,,PRESENT,
4359,c55301a7-c74d-4ff0-8635-daafc502b6db,7891d958-2cae-4067-b4bf-4df236fff02f,REGISTERED,2026-01-08 14:43:13.085130+00:00,,ABSENT,
4360,c55301a7-c74d-4ff0-8635-daafc502b6db,e9bcf6db-9a70-402b-96e0-5fad1e21ca31,REGISTERED,2026-01-07 10:33:54.854182+00:00,,PRESENT,
4361,c55301a7-c74d-4ff0-8635-daafc502b6db,3f86e892-6ecb-4028-b135-17c98a50e599,CANCELLED,2026-02-04 16:33:33.606874+00:00,2026-02-27 04:40:07.349970+00:00,PENDING,Invitation déclinée après réévaluation.
4362,c55301a7-c74d-4ff0-8635-daafc502b6db,ea40f618-7f28-4677-9945-8b26e9dad431,REGISTERED,2026-02-07 07:04:32.824131+00:00,,PRESENT,
4363,c55301a7-c74d-4ff0-8635-daafc502b6db,342b5161-320b-428c-a3a4-897f848e1286,REGISTERED,2026-01-15 20:17:52.587357+00:00,,PRESENT,
4364,c55301a7-c74d-4ff0-8635-daafc502b6db,63f2b289-92ce-4991-81bd-1f30b50191dd,CANCELLED,2026-02-12 21:46:03.373036+00:00,2026-02-26 01:11:09.227391+00:00,PENDING,Erreur de choix de créneau.
4365,c55301a7-c74d-4ff0-8635-daafc502b6db,9a6ea003-a666-4c29-8ae5-e7fa86361a43,REGISTERED,2026-01-14 07:53:06.330528+00:00,,ABSENT,
4366,c55301a7-c74d-4ff0-8635-daafc502b6db,e9259942-8396-473b-9057-48dcaca6a4b8,REGISTERED,2026-01-08 23:12:24.035146+00:00,,ABSENT,
4367,c55301a7-c74d-4ff0-8635-daafc502b6db,9b0ab4d7-fb2d-49c3-8d03-3d1bed5d58d8,REGISTERED,2026-02-02 10:25:05.332662+00:00,,PRESENT,
4368,c55301a7-c74d-4ff0-8635-daafc502b6db,e2d3c795-c4f6-4ea0-8574-a95fab68d0db,REGISTERED,2026-02-11 00:23:08.722089+00:00,,PRESENT,
4369,c55301a7-c74d-4ff0-8635-daafc502b6db,510ae9dd-0fef-4647-ab59-c05d2f715afe,REGISTERED,2026-01-24 21:07:13.798033+00:00,,PRESENT,
4370,c55301a7-c74d-4ff0-8635-daafc502b6db,c0651ad3-8066-41be-bcae-d7c1a16aa7f5,REGISTERED,2026-01-23 22:54:49.872952+00:00,,ABSENT,
4371,c55301a7-c74d-4ff0-8635-daafc502b6db,f6e7d21d-ffa2-40da-a777-6cd561fc7ca2,REGISTERED,2026-02-10 17:51:52.964478+00:00,,PRESENT,
4372,c55301a7-c74d-4ff0-8635-daafc502b6db,edc57913-68cf-4b04-a356-052f6ffdbcff,REGISTERED,2026-01-14 05:24:15.861364+00:00,,PRESENT,
4373,c55301a7-c74d-4ff0-8635-daafc502b6db,f3525842-5ccf-4d32-b3c0-eb58cb4ae783,REGISTERED,2026-01-21 18:20:05.841075+00:00,,PRESENT,
4374,c55301a7-c74d-4ff0-8635-daafc502b6db,6f1f4dc0-4b42-4147-b573-37a2915f8a50,REGISTERED,2026-02-01 18:40:12.737468+00:00,,PRESENT,
4375,c55301a7-c74d-4ff0-8635-daafc502b6db,d453c27e-c5d4-48c9-a7d2-c69d9e32bc85,REGISTERED,2026-02-14 18:38:55.604998+00:00,,PRESENT,
4376,c55301a7-c74d-4ff0-8635-daafc502b6db,7c02e81b-64f2-451d-bbab-b807fd72ef10,REGISTERED,2026-01-31 02:38:48.930319+00:00,,PRESENT,
4377,c55301a7-c74d-4ff0-8635-daafc502b6db,7d2c6a5c-bbcc-46be-8ba4-b7518ab7a644,REGISTERED,2026-01-24 22:08:35.050067+00:00,,PRESENT,
4378,c55301a7-c74d-4ff0-8635-daafc502b6db,5d703c5b-8047-4ae3-8d64-bd4389210efb,REGISTERED,2026-01-28 19:04:36.700303+00:00,,PRESENT,
4379,c55301a7-c74d-4ff0-8635-daafc502b6db,7b19046f-9ad2-4f03-b469-0a8c894bbccb,CANCELLED,2026-01-09 22:38:12.335023+00:00,2026-02-14 14:50:29.129757+00:00,PENDING,Modification de l’agenda projet.
4380,0ecd8622-7de2-4bd2-83ae-31ca4925c47e,5e61724f-7287-442f-963a-0d5dd803249c,REGISTERED,2026-03-04 23:05:29.603058+00:00,,PRESENT,
4381,0ecd8622-7de2-4bd2-83ae-31ca4925c47e,0b259536-155f-4e39-9154-32d25e0d2eca,REGISTERED,2026-03-14 10:14:11.569254+00:00,,ABSENT,
4382,0ecd8622-7de2-4bd2-83ae-31ca4925c47e,9dfc227f-7a2c-4af9-81e9-aaf98bdb8fda,REGISTERED,2026-02-08 11:49:06.353922+00:00,,PRESENT,
4383,0ecd8622-7de2-4bd2-83ae-31ca4925c47e,649114ae-3449-49ab-a8e8-f4c931409e3d,REGISTERED,2026-02-23 16:34:07.555961+00:00,,PRESENT,
4384,0ecd8622-7de2-4bd2-83ae-31ca4925c47e,6ff3f4c3-324c-4f23-9667-106f6600724b,REGISTERED,2026-03-13 20:51:57.411102+00:00,,PRESENT,
4385,0ecd8622-7de2-4bd2-83ae-31ca4925c47e,7dcdee17-8895-4c49-8c8b-2fe06574a692,REGISTERED,2026-02-22 12:52:24.666711+00:00,,PRESENT,
4386,0ecd8622-7de2-4bd2-83ae-31ca4925c47e,d2b19326-abcc-4c08-ac49-a94f14bc8481,CANCELLED,2026-02-24 20:00:17.254248+00:00,2026-03-23 11:59:39.080273+00:00,PENDING,Inscription faite par erreur.
4387,0ecd8622-7de2-4bd2-83ae-31ca4925c47e,e8a80a6e-ee71-4373-8db9-cb211b8b0d92,REGISTERED,2026-03-02 13:46:33.522536+00:00,,PRESENT,
4388,0ecd8622-7de2-4bd2-83ae-31ca4925c47e,4c324c73-2dc1-425d-8e1b-f3224f6128ec,REGISTERED,2026-02-15 03:50:01.260732+00:00,,PRESENT,
4389,0ecd8622-7de2-4bd2-83ae-31ca4925c47e,dac9ce9c-3e17-44ed-ac45-a48a89ca4b8d,REGISTERED,2026-02-10 02:42:53.056345+00:00,,PRESENT,
4390,0ecd8622-7de2-4bd2-83ae-31ca4925c47e,869f5770-ffbd-42b1-9908-f61f8fbbc8ea,REGISTERED,2026-02-19 15:07:44.764105+00:00,,ABSENT,
4391,0ecd8622-7de2-4bd2-83ae-31ca4925c47e,bc70bf9e-59c4-4c98-a89c-92f271b748cc,REGISTERED,2026-02-22 23:03:52.098088+00:00,,PRESENT,
4392,0ecd8622-7de2-4bd2-83ae-31ca4925c47e,20ce269e-2582-410c-94a7-4694b2562699,REGISTERED,2026-02-20 06:11:09.630384+00:00,,PRESENT,
4393,0ecd8622-7de2-4bd2-83ae-31ca4925c47e,74164678-a923-474f-9942-ef98874b21a7,REGISTERED,2026-02-22 11:35:18.748061+00:00,,PRESENT,
4394,0ecd8622-7de2-4bd2-83ae-31ca4925c47e,d7a3f62a-7276-4b1a-9abc-2110c1979b89,CANCELLED,2026-02-14 14:13:01.177029+00:00,2026-03-08 23:43:48.476904+00:00,PENDING,Absence validée par le manager.
4395,0ecd8622-7de2-4bd2-83ae-31ca4925c47e,80d67e75-1cd6-4308-ace2-c8929c58a1fc,REGISTERED,2026-02-19 23:54:03.050843+00:00,,PRESENT,
4396,0ecd8622-7de2-4bd2-83ae-31ca4925c47e,da4776f2-e6b8-4c43-abd8-a693f8b71f5f,REGISTERED,2026-02-13 09:30:54.161148+00:00,,PRESENT,
4397,0ecd8622-7de2-4bd2-83ae-31ca4925c47e,cb6d8e05-1472-47ff-b732-cb920eb596dd,REGISTERED,2026-03-03 14:31:49.954766+00:00,,PRESENT,
4398,0ecd8622-7de2-4bd2-83ae-31ca4925c47e,76a9bda7-4fee-4da7-a23d-97f4c3bfc3a1,REGISTERED,2026-02-08 10:37:04.559708+00:00,,PRESENT,
4399,0ecd8622-7de2-4bd2-83ae-31ca4925c47e,4b525688-1acd-4981-b213-0ea3aa8ecb43,CANCELLED,2026-03-10 04:46:23.127456+00:00,2026-04-05 23:11:54.732625+00:00,PENDING,Conflit d’horaire avec une réunion prioritaire.
4400,0ecd8622-7de2-4bd2-83ae-31ca4925c47e,0deccb0f-28c2-4434-a9fc-b509e554f041,REGISTERED,2026-03-05 06:34:20.133088+00:00,,PRESENT,
4401,760c8431-f294-459b-aa8b-c3bb45236213,d03f66d8-d99b-4671-a0db-107d9ed5e8e4,REGISTERED,2026-03-16 21:26:06.960257+00:00,,PENDING,
4402,760c8431-f294-459b-aa8b-c3bb45236213,61175dd3-69f9-4b64-8fa2-09b08ee9b450,REGISTERED,2026-03-30 06:16:58.884350+00:00,,PENDING,
4403,760c8431-f294-459b-aa8b-c3bb45236213,d3db882a-0f69-4757-86d7-7684ed050599,REGISTERED,2026-03-19 13:36:08.168689+00:00,,PENDING,
4404,760c8431-f294-459b-aa8b-c3bb45236213,edff2c41-0933-4e95-aa63-ea67ea877576,REGISTERED,2026-04-24 13:08:54.439112+00:00,,PENDING,
4405,760c8431-f294-459b-aa8b-c3bb45236213,e8c415aa-cfd6-4935-9dbf-646291d2e9c0,REGISTERED,2026-03-04 22:36:30.724606+00:00,,PENDING,
4406,fe471105-6b05-4bb1-b4ee-21e4f88bc519,0f921b9c-f5ad-48fc-a6b4-eba7430c551c,REGISTERED,2026-03-01 15:02:32.040699+00:00,,PENDING,
4407,fe471105-6b05-4bb1-b4ee-21e4f88bc519,e1146103-3e33-4ed7-9a4c-3426f5922da9,REGISTERED,2026-02-11 08:37:29.467633+00:00,,PENDING,
4408,fe471105-6b05-4bb1-b4ee-21e4f88bc519,7d15ce84-8e27-4d49-b5db-e0a53ce987cd,REGISTERED,2026-02-28 18:00:28.800534+00:00,,PENDING,
4409,fe471105-6b05-4bb1-b4ee-21e4f88bc519,38adb4ef-c093-482a-8067-65d85424ebf8,CANCELLED,2026-04-25 19:20:57.898021+00:00,2026-04-26 14:45:49.486627+00:00,PENDING,Conflit d’horaire avec une réunion prioritaire.
4410,84c0f7ff-2ccc-4b5c-9961-19f071283eda,449ac75e-578d-423f-8bc4-b4c90d6ac229,REGISTERED,2026-03-30 05:26:35.132244+00:00,,PENDING,
4411,84c0f7ff-2ccc-4b5c-9961-19f071283eda,d25b06d5-af6c-43d4-9ba8-d64bdd39a1a4,REGISTERED,2026-04-08 20:07:13.915833+00:00,,PENDING,
4412,84c0f7ff-2ccc-4b5c-9961-19f071283eda,969f9cbb-d414-4484-aee9-fa12b5505b3e,REGISTERED,2026-03-19 21:58:46.788735+00:00,,PENDING,
4413,84c0f7ff-2ccc-4b5c-9961-19f071283eda,e9d2ff70-2c2b-4bd5-ba0f-ea608ddccc9a,REGISTERED,2026-03-02 18:30:25.955228+00:00,,PENDING,
4414,84c0f7ff-2ccc-4b5c-9961-19f071283eda,f6e7d21d-ffa2-40da-a777-6cd561fc7ca2,REGISTERED,2026-02-26 12:19:30.102883+00:00,,PENDING,
4415,84c0f7ff-2ccc-4b5c-9961-19f071283eda,786ba2a2-fd55-4c3c-82a9-6ab4566b3717,REGISTERED,2026-02-17 01:41:10.172641+00:00,,PENDING,
4416,84c0f7ff-2ccc-4b5c-9961-19f071283eda,3f41bf71-321e-42aa-9bc9-08d233bda92b,REGISTERED,2026-02-19 13:48:17.904437+00:00,,PENDING,
4417,84c0f7ff-2ccc-4b5c-9961-19f071283eda,dea563e5-75d4-4009-859c-5370f9952466,REGISTERED,2026-03-14 07:59:34.647416+00:00,,PENDING,
4418,84c0f7ff-2ccc-4b5c-9961-19f071283eda,5c5fb113-5843-4b29-8933-b0d016b33d25,REGISTERED,2026-03-04 17:06:58.325747+00:00,,PENDING,
4419,84c0f7ff-2ccc-4b5c-9961-19f071283eda,7d2c6a5c-bbcc-46be-8ba4-b7518ab7a644,CANCELLED,2026-04-05 20:40:52.140878+00:00,2026-04-08 16:19:46.834564+00:00,PENDING,Changement de priorité métier.
4420,84c0f7ff-2ccc-4b5c-9961-19f071283eda,1c9ec459-2c6a-47a7-b3cb-6090d55196b1,REGISTERED,2026-03-10 14:03:59.785328+00:00,,PENDING,
4421,84c0f7ff-2ccc-4b5c-9961-19f071283eda,9a6ea003-a666-4c29-8ae5-e7fa86361a43,REGISTERED,2026-04-01 20:17:03.909267+00:00,,PENDING,
4422,84c0f7ff-2ccc-4b5c-9961-19f071283eda,2a9d41e6-bbad-409a-9305-7d1453de3fff,REGISTERED,2026-03-19 15:34:44.108621+00:00,,PENDING,
4423,84c0f7ff-2ccc-4b5c-9961-19f071283eda,374bb2b1-7239-47b4-a7f3-42a9312229af,REGISTERED,2026-04-07 06:17:22.182997+00:00,,PENDING,
4424,84c0f7ff-2ccc-4b5c-9961-19f071283eda,4f401a8b-a036-4ae4-ac18-f69336a55209,REGISTERED,2026-03-24 14:30:20.299267+00:00,,PENDING,
4425,84c0f7ff-2ccc-4b5c-9961-19f071283eda,f3525842-5ccf-4d32-b3c0-eb58cb4ae783,REGISTERED,2026-03-03 03:23:30.161670+00:00,,PENDING,
4426,84c0f7ff-2ccc-4b5c-9961-19f071283eda,c33a2e16-11ad-42aa-86ff-912411bdea48,REGISTERED,2026-04-08 23:13:59.166155+00:00,,PENDING,
4427,84c0f7ff-2ccc-4b5c-9961-19f071283eda,6f1f4dc0-4b42-4147-b573-37a2915f8a50,REGISTERED,2026-02-21 02:11:56.158495+00:00,,PENDING,
4428,84c0f7ff-2ccc-4b5c-9961-19f071283eda,5553c5bf-a6be-43ce-99ca-71a0dd00c526,REGISTERED,2026-03-22 17:57:27.197787+00:00,,PENDING,
4429,84c0f7ff-2ccc-4b5c-9961-19f071283eda,e6693802-b58f-4be6-8509-975c7975dc5b,REGISTERED,2026-03-16 18:08:18.396248+00:00,,PENDING,
4430,84c0f7ff-2ccc-4b5c-9961-19f071283eda,f43ba2e8-ea91-43b3-9232-e8fd777feb12,REGISTERED,2026-03-11 10:34:39.223101+00:00,,PENDING,
4431,84c0f7ff-2ccc-4b5c-9961-19f071283eda,e035811f-10c5-4bfc-a7c0-7eae45940633,REGISTERED,2026-04-09 18:29:06.706035+00:00,,PENDING,
4432,84c0f7ff-2ccc-4b5c-9961-19f071283eda,6c7cb4fb-9e6a-4fe0-b7fd-e2495b748576,REGISTERED,2026-02-26 22:46:43.407279+00:00,,PENDING,
4433,84c0f7ff-2ccc-4b5c-9961-19f071283eda,16aecb05-9ec8-4d03-8476-a54437617f6a,REGISTERED,2026-03-13 21:43:37.460092+00:00,,PENDING,
4434,84c0f7ff-2ccc-4b5c-9961-19f071283eda,1282a9e9-9325-4f3d-94ee-887a13d79265,REGISTERED,2026-03-17 01:35:45.372395+00:00,,PENDING,
4435,84c0f7ff-2ccc-4b5c-9961-19f071283eda,3f86e892-6ecb-4028-b135-17c98a50e599,REGISTERED,2026-04-03 20:28:24.757423+00:00,,PENDING,
4436,84c0f7ff-2ccc-4b5c-9961-19f071283eda,d46a3b65-b3c2-4019-9b15-047e249159c1,REGISTERED,2026-02-16 09:33:08.558113+00:00,,PENDING,
4437,84c0f7ff-2ccc-4b5c-9961-19f071283eda,f2d45b59-75cd-44be-b428-acaecb458fb7,REGISTERED,2026-02-18 11:07:33.428369+00:00,,PENDING,
4438,84c0f7ff-2ccc-4b5c-9961-19f071283eda,9b0ab4d7-fb2d-49c3-8d03-3d1bed5d58d8,REGISTERED,2026-03-10 08:19:17.648960+00:00,,PENDING,
4439,84c0f7ff-2ccc-4b5c-9961-19f071283eda,273af618-b029-48bf-9f93-07a654f545f4,REGISTERED,2026-02-14 22:11:34.675550+00:00,,PENDING,
4440,84c0f7ff-2ccc-4b5c-9961-19f071283eda,0b8e3edc-e13f-433c-bcda-bf4510acface,REGISTERED,2026-02-22 23:20:47.895541+00:00,,PENDING,
4441,84c0f7ff-2ccc-4b5c-9961-19f071283eda,f5fabd31-c937-4924-a2a4-7cd151d87d06,REGISTERED,2026-03-22 02:58:48.100071+00:00,,PENDING,
4442,84c0f7ff-2ccc-4b5c-9961-19f071283eda,ee1c4d3b-ec68-41f3-b7f1-58779c7a6bd9,REGISTERED,2026-03-31 05:09:15.339575+00:00,,PENDING,
4443,84c0f7ff-2ccc-4b5c-9961-19f071283eda,94df617c-7422-4cee-8fff-551c271661f6,REGISTERED,2026-03-07 09:27:35.000209+00:00,,PENDING,
4444,84c0f7ff-2ccc-4b5c-9961-19f071283eda,7b19046f-9ad2-4f03-b469-0a8c894bbccb,REGISTERED,2026-03-17 01:20:19.821449+00:00,,PENDING,
4445,84c0f7ff-2ccc-4b5c-9961-19f071283eda,f93fc94f-b705-49f5-954a-4683273857f4,REGISTERED,2026-03-07 12:53:09.557227+00:00,,PENDING,
4446,84c0f7ff-2ccc-4b5c-9961-19f071283eda,2a2ff3aa-a839-4038-a81c-29bf4839823e,REGISTERED,2026-03-22 05:36:14.022667+00:00,,PENDING,
4447,84c0f7ff-2ccc-4b5c-9961-19f071283eda,7c02e81b-64f2-451d-bbab-b807fd72ef10,REGISTERED,2026-03-01 19:21:08.712131+00:00,,PENDING,
4448,a5888a22-1038-461e-8cbb-d35fcf296f48,216e3c28-a95a-4cd1-b163-01b319c3d109,REGISTERED,2026-02-15 21:48:33.110794+00:00,,PENDING,
4449,a5888a22-1038-461e-8cbb-d35fcf296f48,38f134e4-e62f-4bb9-a0f5-99a23ed433c7,REGISTERED,2026-03-07 09:17:59.181365+00:00,,PENDING,
4450,a5888a22-1038-461e-8cbb-d35fcf296f48,b03521e4-0ebe-4648-ac5a-5daa0bee8b89,REGISTERED,2026-04-10 10:08:45.530119+00:00,,PENDING,
4451,a5888a22-1038-461e-8cbb-d35fcf296f48,8ee4e6aa-49bf-4476-8827-7c43c8576b3a,REGISTERED,2026-03-12 19:30:40.958257+00:00,,PENDING,
4452,a5888a22-1038-461e-8cbb-d35fcf296f48,4597622b-a50f-4a08-82d3-b202eb23c08b,REGISTERED,2026-03-15 12:17:17.472930+00:00,,PENDING,
4453,a5888a22-1038-461e-8cbb-d35fcf296f48,18461a76-23dd-484e-ac0a-37f832c9ef57,REGISTERED,2026-04-30 10:31:40.598705+00:00,,PENDING,
4454,a5888a22-1038-461e-8cbb-d35fcf296f48,af9d7f38-32f1-49e9-974f-0bb83155d6eb,REGISTERED,2026-02-20 05:37:19.611144+00:00,,PENDING,
4455,a5888a22-1038-461e-8cbb-d35fcf296f48,5f776928-4b7a-41f4-a20d-06c3a6b003bf,REGISTERED,2026-04-21 21:17:58.043972+00:00,,PENDING,
4456,a5888a22-1038-461e-8cbb-d35fcf296f48,4fd7b80e-d72e-42b6-8127-2b77a2ab3795,REGISTERED,2026-03-17 21:52:20.465310+00:00,,PENDING,
4457,a5888a22-1038-461e-8cbb-d35fcf296f48,27450660-9126-425f-8a4c-ee13055c3619,REGISTERED,2026-03-21 03:19:04.241495+00:00,,PENDING,
4458,a5888a22-1038-461e-8cbb-d35fcf296f48,c3cebde2-04c5-4bd6-8742-5138c5699944,REGISTERED,2026-03-03 04:09:18.590832+00:00,,PENDING,
4459,a5888a22-1038-461e-8cbb-d35fcf296f48,bc4f2415-4186-4d74-ba12-52a4a7b18bc6,CANCELLED,2026-03-21 17:57:37.296016+00:00,2026-03-28 10:52:51.240624+00:00,PENDING,Problème de disponibilité logistique.
4460,a5888a22-1038-461e-8cbb-d35fcf296f48,4c166401-3fd9-47c6-993a-883bd0d2ca29,REGISTERED,2026-03-24 11:37:23.512822+00:00,,PENDING,
4461,a5888a22-1038-461e-8cbb-d35fcf296f48,8de3a1bf-0867-4629-9291-42a74caf9008,REGISTERED,2026-04-15 08:31:02.620484+00:00,,PENDING,
4462,a5888a22-1038-461e-8cbb-d35fcf296f48,5bba076a-bfef-4cf9-be7b-eaf7160e722e,REGISTERED,2026-04-30 12:30:27.720128+00:00,,PENDING,
4463,a5888a22-1038-461e-8cbb-d35fcf296f48,4d667ed7-ec6b-4add-aae1-3807ff1a161c,REGISTERED,2026-03-19 05:06:16.422425+00:00,,PENDING,
4464,a5888a22-1038-461e-8cbb-d35fcf296f48,786cfe59-0bda-4930-9ccd-c6d0ff02b662,REGISTERED,2026-04-12 01:03:19.894753+00:00,,PENDING,
4465,a5888a22-1038-461e-8cbb-d35fcf296f48,95678daf-22ef-4265-aecc-265d306f786c,REGISTERED,2026-02-28 20:17:16.104905+00:00,,PENDING,
4466,a5888a22-1038-461e-8cbb-d35fcf296f48,d8f6a1f6-2bba-4d6b-8516-7202830f5ffb,CANCELLED,2026-03-22 01:35:24.807928+00:00,2026-04-21 11:14:27.252226+00:00,PENDING,Modification de l’agenda projet.
4467,a5888a22-1038-461e-8cbb-d35fcf296f48,ce737a66-340f-45b5-b53a-c9066f05836b,REGISTERED,2026-03-24 01:23:41.965004+00:00,,PENDING,
4468,f7a54488-0611-449e-bf85-c0398fd517a2,b129122c-5e22-4eac-ada4-bdeab206bf97,REGISTERED,2026-01-04 15:11:58.589437+00:00,,PRESENT,
4469,f7a54488-0611-449e-bf85-c0398fd517a2,aaf51b3f-54ec-45c3-8487-c08aaa05d8c7,REGISTERED,2026-02-05 08:38:17.016664+00:00,,PRESENT,
4470,f7a54488-0611-449e-bf85-c0398fd517a2,8447be2e-4776-47d8-b0e5-e6a88f3e7d22,REGISTERED,2026-01-09 00:22:36.590816+00:00,,PRESENT,
4471,f7a54488-0611-449e-bf85-c0398fd517a2,82262980-bc3c-49fb-a210-28daa74d1ba3,REGISTERED,2026-02-14 02:33:41.219170+00:00,,PRESENT,
4472,f7a54488-0611-449e-bf85-c0398fd517a2,6d282e57-ae58-47d1-b0b0-71588701cd4b,REGISTERED,2026-01-26 08:12:47.817195+00:00,,PRESENT,
4473,f7a54488-0611-449e-bf85-c0398fd517a2,debfdb17-41a8-47ec-a914-677fa4a8b9d1,REGISTERED,2026-01-22 08:46:22.461096+00:00,,PRESENT,
4474,f7a54488-0611-449e-bf85-c0398fd517a2,4bd7d747-9088-4441-a4ca-12c5a3c80cfb,REGISTERED,2026-02-02 20:45:26.754075+00:00,,PRESENT,
4475,f7a54488-0611-449e-bf85-c0398fd517a2,00a63ee3-b72e-4d31-b5f3-e2c9113709fa,REGISTERED,2026-02-15 17:02:28.000762+00:00,,PRESENT,
4476,f7a54488-0611-449e-bf85-c0398fd517a2,53bc19ae-6115-4448-91c2-079f930260b9,REGISTERED,2026-02-02 06:06:06.228442+00:00,,PRESENT,
4477,f7a54488-0611-449e-bf85-c0398fd517a2,cdceb895-35d8-4e18-b3c1-c6e0cb902595,REGISTERED,2026-02-17 02:08:24.542367+00:00,,PRESENT,
4478,f7a54488-0611-449e-bf85-c0398fd517a2,93c2ea2c-f36b-43fb-8081-333512ad6dfe,REGISTERED,2026-02-20 03:11:40.800851+00:00,,PRESENT,
4479,f7a54488-0611-449e-bf85-c0398fd517a2,db0a6297-8193-47c9-a815-151141095ca6,REGISTERED,2026-02-02 04:26:26.303810+00:00,,ABSENT,
4480,f7a54488-0611-449e-bf85-c0398fd517a2,e3327257-45ae-4912-b4c2-08f9cb4d8536,CANCELLED,2026-01-08 05:49:45.167335+00:00,2026-02-28 02:16:26.660087+00:00,PENDING,Besoin de suivre une autre session en priorité.
4481,f7a54488-0611-449e-bf85-c0398fd517a2,320540a7-1daa-4726-b502-7fecc0270091,REGISTERED,2026-01-27 05:04:44.263767+00:00,,PRESENT,
4482,b4460a6b-789c-4b16-bca0-3794329f0ab3,ed50e871-1708-4f88-8eff-4450af6fd5de,REGISTERED,2026-04-13 16:38:00.495810+00:00,,ABSENT,
4483,b4460a6b-789c-4b16-bca0-3794329f0ab3,9b0ab4d7-fb2d-49c3-8d03-3d1bed5d58d8,REGISTERED,2026-02-18 12:31:18.792649+00:00,,ABSENT,
4484,b4460a6b-789c-4b16-bca0-3794329f0ab3,ae62feb9-2fe5-4f14-9abc-6d3de60551e9,REGISTERED,2026-04-08 03:04:00.758401+00:00,,PRESENT,
4485,b4460a6b-789c-4b16-bca0-3794329f0ab3,e0b47f14-ef2d-49fc-b298-7e81497f4563,REGISTERED,2026-02-04 12:07:57.493538+00:00,,PRESENT,
4486,b4460a6b-789c-4b16-bca0-3794329f0ab3,83d4670d-ba55-4ec7-9348-24a2b2c1d40f,CANCELLED,2026-03-10 08:32:11.080729+00:00,2026-03-14 15:00:26.816546+00:00,PENDING,Charge de travail incompatible avec l’événement.
4487,b4460a6b-789c-4b16-bca0-3794329f0ab3,3c0142b7-95e6-4f7f-b870-c04bcbdf37c3,REGISTERED,2026-03-17 11:26:30.167184+00:00,,PRESENT,
4488,b4460a6b-789c-4b16-bca0-3794329f0ab3,6531a0f2-47b9-4582-85c5-5d1479aedfd0,REGISTERED,2026-02-28 02:58:17.729309+00:00,,ABSENT,
4489,b4460a6b-789c-4b16-bca0-3794329f0ab3,7120f862-693b-4518-8e4c-e2bfe7963695,REGISTERED,2026-03-06 05:08:58.140083+00:00,,PRESENT,
4490,b4460a6b-789c-4b16-bca0-3794329f0ab3,3827f77d-c5b6-4965-a25c-b6482d583783,REGISTERED,2026-02-10 02:13:51.099236+00:00,,PRESENT,
4491,b4460a6b-789c-4b16-bca0-3794329f0ab3,d7f518f6-8981-4973-9c42-b49423f7f23e,CANCELLED,2026-02-27 06:46:54.459987+00:00,2026-03-01 04:49:13.708002+00:00,PENDING,Erreur de choix de créneau.
4492,b4460a6b-789c-4b16-bca0-3794329f0ab3,2ef6e49e-2db4-4aba-9300-2be6b73234f7,REGISTERED,2026-03-03 20:57:48.227406+00:00,,PRESENT,
4493,b4460a6b-789c-4b16-bca0-3794329f0ab3,1c9ec459-2c6a-47a7-b3cb-6090d55196b1,REGISTERED,2026-04-18 21:45:58.611776+00:00,,PRESENT,
4494,b4460a6b-789c-4b16-bca0-3794329f0ab3,1350d9cc-bc62-4dbc-b818-0ec25656b4c8,REGISTERED,2026-02-09 06:37:27.034463+00:00,,ABSENT,
4495,b4460a6b-789c-4b16-bca0-3794329f0ab3,eb004ec6-6884-44b6-8aae-0caf60444601,CANCELLED,2026-04-17 07:55:44.867477+00:00,2026-04-18 04:20:46.613428+00:00,PENDING,Conflit d’horaire avec une réunion prioritaire.
4496,b4460a6b-789c-4b16-bca0-3794329f0ab3,dc77d7ee-0010-4612-9a40-e655be92d3eb,REGISTERED,2026-02-17 18:40:04.767172+00:00,,PRESENT,
4497,b4460a6b-789c-4b16-bca0-3794329f0ab3,216e3c28-a95a-4cd1-b163-01b319c3d109,REGISTERED,2026-03-15 13:53:29.763039+00:00,,PRESENT,
4498,b4460a6b-789c-4b16-bca0-3794329f0ab3,0f332dc1-8d8c-4d07-9e8e-61e2d0086221,REGISTERED,2026-04-03 03:19:04.412371+00:00,,ABSENT,
4499,b4460a6b-789c-4b16-bca0-3794329f0ab3,9d09832f-ff19-4c77-9c05-12881b06c117,REGISTERED,2026-02-07 15:21:47.148697+00:00,,PRESENT,
4500,b4460a6b-789c-4b16-bca0-3794329f0ab3,bc157ecf-7954-494e-a055-311a276bf358,REGISTERED,2026-03-18 10:44:53.625567+00:00,,PRESENT,
4501,7d256949-75b2-4833-a44c-2cee42b2281e,d264ec2d-d6b4-4a68-a16e-2ce4e95ca174,CANCELLED,2026-01-06 04:46:12.877656+00:00,2026-03-08 07:25:53.359528+00:00,PENDING,Erreur de choix de créneau.
4502,7d256949-75b2-4833-a44c-2cee42b2281e,a1c5d618-8d96-458c-8e77-e2adbc9f6c23,REGISTERED,2026-02-08 04:37:57.035939+00:00,,PRESENT,
4503,7d256949-75b2-4833-a44c-2cee42b2281e,adf357bf-a6ea-435e-84dc-d92ef2f7cde4,CANCELLED,2026-02-18 07:36:20.560417+00:00,2026-02-28 01:27:00.036630+00:00,PENDING,Besoin de suivre une autre session en priorité.
4504,7d256949-75b2-4833-a44c-2cee42b2281e,db51b55f-fef8-478b-b35a-f2511f4012c2,CANCELLED,2026-01-17 07:36:39.862284+00:00,2026-02-04 21:36:29.314814+00:00,PENDING,Invitation déclinée après réévaluation.
4505,7d256949-75b2-4833-a44c-2cee42b2281e,ada33a22-047d-41f7-9001-c78a46d52ecc,REGISTERED,2026-01-05 21:17:59.891564+00:00,,PRESENT,
4506,7d256949-75b2-4833-a44c-2cee42b2281e,62f0f942-5b08-4351-9bfb-920a9b2364ec,REGISTERED,2026-02-14 16:55:55.994802+00:00,,PRESENT,
4507,7d256949-75b2-4833-a44c-2cee42b2281e,9630d3c5-3a6f-4cba-bd6b-09ef4505332e,REGISTERED,2026-02-15 06:39:59.497287+00:00,,PRESENT,
4508,7d256949-75b2-4833-a44c-2cee42b2281e,915de5a6-4e56-45a3-9ec0-f304a3b83653,REGISTERED,2026-01-05 08:04:02.507663+00:00,,PRESENT,
4509,7d256949-75b2-4833-a44c-2cee42b2281e,99ce0eb9-db3b-4ba1-9d7e-a6e10271bb8c,REGISTERED,2026-02-02 03:01:15.577421+00:00,,PRESENT,
4510,7d256949-75b2-4833-a44c-2cee42b2281e,8d96e8da-9993-495a-a0c2-848796ac710e,REGISTERED,2026-01-11 06:51:40.260413+00:00,,PRESENT,
4511,7d256949-75b2-4833-a44c-2cee42b2281e,d2143c02-7643-4dad-9edd-73d7e485eec7,REGISTERED,2026-02-06 12:46:34.808804+00:00,,PRESENT,
4512,7d256949-75b2-4833-a44c-2cee42b2281e,4cc0e55c-8eeb-4f90-96d2-dedd8a565e1b,CANCELLED,2026-01-26 23:36:15.354275+00:00,2026-03-10 10:22:04.038222+00:00,PENDING,Besoin de suivre une autre session en priorité.
4513,7d256949-75b2-4833-a44c-2cee42b2281e,b9c5c31c-70c5-4d31-b5fa-06019974af0a,REGISTERED,2026-02-09 22:54:56.586290+00:00,,PRESENT,
4514,7d256949-75b2-4833-a44c-2cee42b2281e,ad077160-525d-4c40-8102-623ecef44a68,REGISTERED,2026-01-05 10:19:42.880543+00:00,,PRESENT,
4515,7d256949-75b2-4833-a44c-2cee42b2281e,9ac7d884-9c16-4fa3-b896-884afda9c096,CANCELLED,2026-01-09 08:59:35.334633+00:00,2026-01-21 21:41:00.250589+00:00,PENDING,Inscription faite par erreur.
4516,7d256949-75b2-4833-a44c-2cee42b2281e,82015a98-3b01-41dc-9cac-7c689d1a99b7,REGISTERED,2026-01-19 19:06:54.841754+00:00,,PRESENT,
4517,7d256949-75b2-4833-a44c-2cee42b2281e,f2adb223-abf2-4dde-8eb2-d0e031d07e62,REGISTERED,2026-02-14 06:46:19.784185+00:00,,PRESENT,
4518,7d256949-75b2-4833-a44c-2cee42b2281e,1d564304-c607-4b67-b00b-0c3c6644f9c6,REGISTERED,2026-02-14 00:03:40.554637+00:00,,PRESENT,
4519,7d256949-75b2-4833-a44c-2cee42b2281e,4284538a-2eb5-4ac7-9e74-d9148261af39,REGISTERED,2026-01-07 18:49:30.190919+00:00,,PRESENT,
4520,7d256949-75b2-4833-a44c-2cee42b2281e,11e4bafe-f46f-4714-ae79-46782f98afcc,REGISTERED,2026-01-18 05:06:23.389081+00:00,,ABSENT,
4521,7d256949-75b2-4833-a44c-2cee42b2281e,23ce8810-f0b8-4d2e-8e2b-68771418b437,REGISTERED,2026-01-18 23:34:17.687805+00:00,,PRESENT,
4522,7d256949-75b2-4833-a44c-2cee42b2281e,18aee4d1-ff77-49a2-bce1-9d47c65368ae,REGISTERED,2026-01-27 01:01:15.184438+00:00,,ABSENT,
4523,7d256949-75b2-4833-a44c-2cee42b2281e,85fcc4be-726c-4bcd-9bc6-c969daa3cd3e,REGISTERED,2026-01-29 20:44:41.633884+00:00,,PRESENT,
4524,7d256949-75b2-4833-a44c-2cee42b2281e,10d5d40f-127e-4b4f-b286-d0a7efa50bd5,CANCELLED,2026-02-11 04:25:53.675496+00:00,2026-02-17 11:44:33.099681+00:00,PENDING,Absence validée par le manager.
4525,7d256949-75b2-4833-a44c-2cee42b2281e,fe585dc9-87c1-4767-acfc-0cb180014620,REGISTERED,2026-02-23 14:45:12.678744+00:00,,PRESENT,
4526,14a26d46-5b31-499f-ad00-fc30c8e863e4,233d2989-90d7-4cf0-9bea-58a5e4bac3d2,CANCELLED,2026-04-12 04:58:24.127079+00:00,2026-04-22 19:31:00.040709+00:00,PENDING,Changement de priorité métier.
4527,14a26d46-5b31-499f-ad00-fc30c8e863e4,e0b41b2a-0c7b-41b4-b605-9004a85a2f65,REGISTERED,2026-04-11 15:23:38.880015+00:00,,PRESENT,
4528,14a26d46-5b31-499f-ad00-fc30c8e863e4,542706cb-ff1a-4d9a-9b3d-621e4e7fe4bb,REGISTERED,2026-04-13 22:58:14.567045+00:00,,PRESENT,
4529,14a26d46-5b31-499f-ad00-fc30c8e863e4,2f9348fd-73c7-4bee-b63f-b880e839a3f8,REGISTERED,2026-04-10 20:17:45.408532+00:00,,PRESENT,
4530,14a26d46-5b31-499f-ad00-fc30c8e863e4,d46bbc33-a6b9-4170-bdd9-62088f76392b,REGISTERED,2026-04-15 16:44:21.702195+00:00,,ABSENT,
4531,14a26d46-5b31-499f-ad00-fc30c8e863e4,3215d909-b0ac-4c4e-a139-afd4230fe685,REGISTERED,2026-04-16 12:23:02.062154+00:00,,PRESENT,
4532,14a26d46-5b31-499f-ad00-fc30c8e863e4,44e180ab-f87f-4906-959a-d4208112dfeb,REGISTERED,2026-04-07 16:00:27.916183+00:00,,PRESENT,
4533,14a26d46-5b31-499f-ad00-fc30c8e863e4,6ff3f4c3-324c-4f23-9667-106f6600724b,REGISTERED,2026-04-13 09:57:18.202842+00:00,,PRESENT,
4534,14a26d46-5b31-499f-ad00-fc30c8e863e4,7271cad9-975d-443d-9dc6-13dc2769c77d,REGISTERED,2026-04-17 02:21:35.942728+00:00,,ABSENT,
4535,14a26d46-5b31-499f-ad00-fc30c8e863e4,7df083a9-7340-4dac-917d-70552e3183a5,CANCELLED,2026-04-14 15:40:42.501605+00:00,2026-04-21 19:44:15.329490+00:00,PENDING,Modification de l’agenda projet.
4536,14a26d46-5b31-499f-ad00-fc30c8e863e4,6f1c92a2-1730-457e-af80-22ceee52065e,REGISTERED,2026-04-12 08:25:40.014021+00:00,,PRESENT,
4537,14a26d46-5b31-499f-ad00-fc30c8e863e4,7c907411-53e7-4a2f-9fb2-368bef893ae6,REGISTERED,2026-04-13 01:18:55.975851+00:00,,PRESENT,
4538,14a26d46-5b31-499f-ad00-fc30c8e863e4,33f7c853-3ff8-4418-bdb9-d83a6f30531c,REGISTERED,2026-04-15 11:02:09.178453+00:00,,PRESENT,
4539,14a26d46-5b31-499f-ad00-fc30c8e863e4,a267cd55-dae7-4edb-9cd9-1ac6f46d89a0,REGISTERED,2026-04-17 21:52:59.357496+00:00,,PRESENT,
4540,14a26d46-5b31-499f-ad00-fc30c8e863e4,8e755df7-d353-4b98-b399-336164ee4a93,REGISTERED,2026-04-06 23:36:15.434643+00:00,,PRESENT,
4541,14a26d46-5b31-499f-ad00-fc30c8e863e4,e398a652-95b8-4aab-9aa3-b991fef8f84c,CANCELLED,2026-04-19 01:40:31.844337+00:00,2026-04-25 01:59:21.357464+00:00,PENDING,Changement de priorité métier.
4542,14a26d46-5b31-499f-ad00-fc30c8e863e4,41417e3e-4fd4-4942-a396-ba652bde8364,REGISTERED,2026-04-17 23:58:09.605077+00:00,,ABSENT,
4543,14a26d46-5b31-499f-ad00-fc30c8e863e4,cba90a11-1840-4896-baf9-ad4c1723a01f,REGISTERED,2026-04-16 13:29:30.317560+00:00,,PRESENT,
4544,14a26d46-5b31-499f-ad00-fc30c8e863e4,ce83a092-82c8-459d-a3f0-992a16e68c2c,REGISTERED,2026-04-15 20:11:04.803591+00:00,,PRESENT,
4545,14a26d46-5b31-499f-ad00-fc30c8e863e4,99c5d90c-a8d4-4f31-8abd-cc6d6cbad26b,REGISTERED,2026-04-15 22:05:31.716698+00:00,,PRESENT,
4546,14a26d46-5b31-499f-ad00-fc30c8e863e4,de60686f-1075-42f6-8d70-c65c29ff1620,CANCELLED,2026-04-16 19:00:06.879696+00:00,2026-04-20 17:58:59.100055+00:00,PENDING,Participation remplacée par un collègue.
4547,14a26d46-5b31-499f-ad00-fc30c8e863e4,b129122c-5e22-4eac-ada4-bdeab206bf97,REGISTERED,2026-04-19 02:02:15.120682+00:00,,PRESENT,
4548,14a26d46-5b31-499f-ad00-fc30c8e863e4,3828eac9-779d-4dee-8a85-97444f82ce68,REGISTERED,2026-04-18 09:05:56.932547+00:00,,PRESENT,
4549,14a26d46-5b31-499f-ad00-fc30c8e863e4,f3ee8d81-bce1-4705-a1dd-180f42249038,REGISTERED,2026-04-16 14:58:06.712662+00:00,,PRESENT,
4550,14a26d46-5b31-499f-ad00-fc30c8e863e4,c58f7dbd-9a6d-4c3f-bed8-75f484e20259,REGISTERED,2026-04-13 17:08:33.758231+00:00,,PRESENT,
4551,14a26d46-5b31-499f-ad00-fc30c8e863e4,c58bb0f6-4d0a-48af-8710-da23e9acd1d0,REGISTERED,2026-04-08 04:29:42.741432+00:00,,PRESENT,
4552,14a26d46-5b31-499f-ad00-fc30c8e863e4,92149006-a894-4f05-ab5d-36650644eb93,REGISTERED,2026-04-08 03:14:24.214505+00:00,,PRESENT,
4553,14a26d46-5b31-499f-ad00-fc30c8e863e4,e7db6264-dd86-411f-b6ac-0f14ca8fdeef,REGISTERED,2026-04-07 00:20:10.175133+00:00,,PRESENT,
4554,14a26d46-5b31-499f-ad00-fc30c8e863e4,da6180bb-789f-4ba7-887c-08f5033ce3bd,REGISTERED,2026-04-10 00:36:37.941227+00:00,,PRESENT,
4555,14a26d46-5b31-499f-ad00-fc30c8e863e4,85b757d0-f583-4082-88db-1422127834d3,REGISTERED,2026-04-12 19:40:30.652218+00:00,,PRESENT,
4556,14a26d46-5b31-499f-ad00-fc30c8e863e4,b15efdd3-914e-4ae6-8521-c1aca1f1b04d,CANCELLED,2026-04-16 13:41:32.872465+00:00,2026-04-21 09:17:51.299736+00:00,PENDING,Changement de priorité métier.
4557,14a26d46-5b31-499f-ad00-fc30c8e863e4,29f74c43-1a2b-4d01-b448-078c38c9e28a,REGISTERED,2026-04-17 01:24:20.426359+00:00,,PRESENT,
4558,14a26d46-5b31-499f-ad00-fc30c8e863e4,de3055d4-4360-4203-a8f8-a1dab9fcf241,REGISTERED,2026-04-11 03:20:46.036847+00:00,,PRESENT,
4559,14a26d46-5b31-499f-ad00-fc30c8e863e4,d0f4fbc4-456a-46ec-83cb-fa4972235dcc,REGISTERED,2026-04-10 14:15:52.781188+00:00,,PRESENT,
4560,14a26d46-5b31-499f-ad00-fc30c8e863e4,bb262322-0e8b-4c64-957d-3ecaf2e87b49,CANCELLED,2026-04-07 00:24:56.026286+00:00,2026-04-24 20:46:50.898810+00:00,PENDING,Changement de priorité métier.
4561,14a26d46-5b31-499f-ad00-fc30c8e863e4,ae0998f5-ac8d-41f3-ac2d-777a7f7ca079,REGISTERED,2026-04-09 07:52:55.435763+00:00,,ABSENT,
4562,14a26d46-5b31-499f-ad00-fc30c8e863e4,8954a352-4311-4f3c-a1bf-25bad61c44c0,REGISTERED,2026-04-10 16:05:51.504208+00:00,,PRESENT,
4563,14a26d46-5b31-499f-ad00-fc30c8e863e4,8f21075b-8c2d-4291-98de-3f070ea2a227,REGISTERED,2026-04-16 12:16:05.155394+00:00,,PRESENT,
4564,14a26d46-5b31-499f-ad00-fc30c8e863e4,4fd46ebc-f590-48ab-9c20-b28ac7350ca8,REGISTERED,2026-04-15 07:30:39.771282+00:00,,PRESENT,
4565,14a26d46-5b31-499f-ad00-fc30c8e863e4,2c6db120-61ac-4444-868a-bb75396aaae3,REGISTERED,2026-04-18 18:00:26.476557+00:00,,PRESENT,
4566,14a26d46-5b31-499f-ad00-fc30c8e863e4,86c5b659-a2b1-435e-ad5f-6550a8be0606,REGISTERED,2026-04-06 16:03:00.763961+00:00,,PRESENT,
4567,14a26d46-5b31-499f-ad00-fc30c8e863e4,a92d0de1-8406-42f3-a47a-eba53cfc918d,REGISTERED,2026-04-14 09:40:36.122759+00:00,,ABSENT,
4568,14a26d46-5b31-499f-ad00-fc30c8e863e4,b85064cb-2497-4073-9f57-26339c4d0da4,REGISTERED,2026-04-16 17:23:16.267412+00:00,,PRESENT,
4569,14a26d46-5b31-499f-ad00-fc30c8e863e4,d038d3e8-db0f-4824-9216-4de208fd6652,REGISTERED,2026-04-13 02:34:37.796548+00:00,,PRESENT,
4570,14a26d46-5b31-499f-ad00-fc30c8e863e4,d293ce30-027f-4bb3-ad26-f2dfc118d0c4,REGISTERED,2026-04-07 02:18:52.263140+00:00,,ABSENT,
4571,14a26d46-5b31-499f-ad00-fc30c8e863e4,de28480c-d0d0-4780-9b2f-53c70c8b5ed5,REGISTERED,2026-04-08 08:58:41.085361+00:00,,PRESENT,
4572,14a26d46-5b31-499f-ad00-fc30c8e863e4,91e9323a-e856-492f-b6b6-379bc6570add,REGISTERED,2026-04-13 12:32:18.550334+00:00,,PRESENT,
4573,14a26d46-5b31-499f-ad00-fc30c8e863e4,8e39130a-e867-4106-91d8-13206ebbc96a,REGISTERED,2026-04-14 11:20:03.327219+00:00,,ABSENT,
4574,14a26d46-5b31-499f-ad00-fc30c8e863e4,5bfb3b47-b622-4dea-bcef-0b3827189ab1,REGISTERED,2026-04-09 04:36:21.315051+00:00,,PRESENT,
4575,14a26d46-5b31-499f-ad00-fc30c8e863e4,b9c5c31c-70c5-4d31-b5fa-06019974af0a,REGISTERED,2026-04-18 12:29:19.806612+00:00,,PRESENT,
4576,14a26d46-5b31-499f-ad00-fc30c8e863e4,c0f17624-388d-4a76-833d-00a5d20ecc26,REGISTERED,2026-04-06 17:35:06.179775+00:00,,PRESENT,
4577,14a26d46-5b31-499f-ad00-fc30c8e863e4,c0278ba1-ce60-47e3-9f28-8dd3d2d45b37,REGISTERED,2026-04-14 05:41:31.995224+00:00,,PRESENT,
4578,14a26d46-5b31-499f-ad00-fc30c8e863e4,829eabd6-72af-4c4e-b91e-42647a56cf50,REGISTERED,2026-04-10 11:34:34.821464+00:00,,PRESENT,
4579,14a26d46-5b31-499f-ad00-fc30c8e863e4,dc305b07-816b-4ee2-869d-98231db9d646,REGISTERED,2026-04-14 18:06:54.809561+00:00,,PRESENT,
4580,14a26d46-5b31-499f-ad00-fc30c8e863e4,f2aba7e0-43cb-45a1-8ed2-80e2b36e4be9,REGISTERED,2026-04-15 06:10:55.875856+00:00,,ABSENT,
4581,14a26d46-5b31-499f-ad00-fc30c8e863e4,38cdd74c-b750-4e7c-89b5-9d66dac401b5,REGISTERED,2026-04-14 10:49:12.125197+00:00,,PRESENT,
4582,14a26d46-5b31-499f-ad00-fc30c8e863e4,d10a4f93-a536-4542-b5ff-c16717ab9f40,REGISTERED,2026-04-10 22:25:39.724005+00:00,,PRESENT,
4583,14a26d46-5b31-499f-ad00-fc30c8e863e4,4c066895-d413-435c-a54a-7085ccebb310,REGISTERED,2026-04-18 02:50:50.816239+00:00,,PRESENT,
4584,14a26d46-5b31-499f-ad00-fc30c8e863e4,770a3736-dd6c-443d-92ff-d84e014a53e9,REGISTERED,2026-04-08 08:34:11.466597+00:00,,PRESENT,
4585,14a26d46-5b31-499f-ad00-fc30c8e863e4,7891d958-2cae-4067-b4bf-4df236fff02f,REGISTERED,2026-04-13 19:40:11.609182+00:00,,ABSENT,
4586,14a26d46-5b31-499f-ad00-fc30c8e863e4,e0b47f14-ef2d-49fc-b298-7e81497f4563,REGISTERED,2026-04-16 14:21:31.420978+00:00,,PRESENT,
4587,14a26d46-5b31-499f-ad00-fc30c8e863e4,702b5919-6fb5-46fa-8a5a-e0c7f8f37c74,REGISTERED,2026-04-11 20:48:34.285689+00:00,,PRESENT,
4588,14a26d46-5b31-499f-ad00-fc30c8e863e4,18913824-a75f-44b9-a1c5-cec90c6cd419,REGISTERED,2026-04-10 11:14:29.790224+00:00,,PRESENT,
4589,14a26d46-5b31-499f-ad00-fc30c8e863e4,00f7fbed-d7cd-4b53-9344-aa42ba92c94d,REGISTERED,2026-04-15 05:05:44.414698+00:00,,PRESENT,
4590,14a26d46-5b31-499f-ad00-fc30c8e863e4,a7f7f5a9-460c-4634-86dd-96133ca51131,REGISTERED,2026-04-15 18:57:01.865252+00:00,,PRESENT,
4591,14a26d46-5b31-499f-ad00-fc30c8e863e4,dc77d7ee-0010-4612-9a40-e655be92d3eb,REGISTERED,2026-04-11 00:08:56.332281+00:00,,PRESENT,
4592,14a26d46-5b31-499f-ad00-fc30c8e863e4,e035811f-10c5-4bfc-a7c0-7eae45940633,REGISTERED,2026-04-18 06:38:05.509733+00:00,,PRESENT,
4593,14a26d46-5b31-499f-ad00-fc30c8e863e4,d0420627-79ac-4ec0-b46a-b70a49edb1d8,CANCELLED,2026-04-07 10:45:05.990886+00:00,2026-04-17 09:40:27.015615+00:00,PENDING,Inscription faite par erreur.
4594,14a26d46-5b31-499f-ad00-fc30c8e863e4,1b521727-2b9c-4bae-a8f2-c0b975bf998b,REGISTERED,2026-04-07 07:54:04.951629+00:00,,PRESENT,
4595,14a26d46-5b31-499f-ad00-fc30c8e863e4,2ef6e49e-2db4-4aba-9300-2be6b73234f7,REGISTERED,2026-04-06 23:49:59.936034+00:00,,PRESENT,
4596,14a26d46-5b31-499f-ad00-fc30c8e863e4,c4f2d79f-23af-4742-9bde-78ffe22cfce6,CANCELLED,2026-04-13 10:25:23.766173+00:00,2026-04-18 18:50:16.231941+00:00,PENDING,Problème de disponibilité logistique.
4597,14a26d46-5b31-499f-ad00-fc30c8e863e4,b5fe5b9a-eaee-4b14-8a4b-ade6055198b0,CANCELLED,2026-04-19 02:54:05.889278+00:00,2026-04-19 07:51:19.523866+00:00,PENDING,Modification de l’agenda projet.
4598,14a26d46-5b31-499f-ad00-fc30c8e863e4,342b5161-320b-428c-a3a4-897f848e1286,REGISTERED,2026-04-08 11:25:17.909571+00:00,,PRESENT,
4599,14a26d46-5b31-499f-ad00-fc30c8e863e4,af533c93-0a75-475d-b87d-b1decc84048b,REGISTERED,2026-04-17 12:12:16.413201+00:00,,PRESENT,
4600,14a26d46-5b31-499f-ad00-fc30c8e863e4,0f332dc1-8d8c-4d07-9e8e-61e2d0086221,REGISTERED,2026-04-07 03:31:22.001624+00:00,,ABSENT,
4601,14a26d46-5b31-499f-ad00-fc30c8e863e4,5783b7bc-8de7-40b5-b1e8-896921098bd2,REGISTERED,2026-04-14 16:36:53.952225+00:00,,PRESENT,
4602,14a26d46-5b31-499f-ad00-fc30c8e863e4,14982b70-3b85-4fff-9449-0f42ce2dd336,REGISTERED,2026-04-14 05:47:39.813818+00:00,,PRESENT,
4603,14a26d46-5b31-499f-ad00-fc30c8e863e4,04d1e3f4-5420-4b71-a3a5-85f2ed790744,REGISTERED,2026-04-16 15:42:38.005556+00:00,,PRESENT,
4604,14a26d46-5b31-499f-ad00-fc30c8e863e4,d55047e0-37be-40fb-a90b-d53653e77f3c,REGISTERED,2026-04-12 02:29:54.408909+00:00,,PRESENT,
4605,14a26d46-5b31-499f-ad00-fc30c8e863e4,b877de62-103a-4774-b161-65d240e35474,REGISTERED,2026-04-14 10:59:36.980538+00:00,,PRESENT,
4606,14a26d46-5b31-499f-ad00-fc30c8e863e4,3f86e892-6ecb-4028-b135-17c98a50e599,REGISTERED,2026-04-16 21:17:40.069449+00:00,,PRESENT,
4607,14a26d46-5b31-499f-ad00-fc30c8e863e4,4bd7d747-9088-4441-a4ca-12c5a3c80cfb,REGISTERED,2026-04-16 01:02:12.431561+00:00,,PRESENT,
4608,14a26d46-5b31-499f-ad00-fc30c8e863e4,a912e90c-b716-4a56-8005-1c9111759dfd,REGISTERED,2026-04-16 19:05:09.273475+00:00,,PRESENT,
4609,14a26d46-5b31-499f-ad00-fc30c8e863e4,578da049-e513-4249-a1cf-ad5d43e8fb14,REGISTERED,2026-04-11 02:47:31.346157+00:00,,PRESENT,
4610,14a26d46-5b31-499f-ad00-fc30c8e863e4,8447be2e-4776-47d8-b0e5-e6a88f3e7d22,REGISTERED,2026-04-14 17:38:46.986349+00:00,,PRESENT,
4611,14a26d46-5b31-499f-ad00-fc30c8e863e4,0cadd3b8-6e5a-4928-af7f-885b82902a53,REGISTERED,2026-04-11 04:34:57.611838+00:00,,PRESENT,
4612,14a26d46-5b31-499f-ad00-fc30c8e863e4,88ca13bd-4e60-4303-800f-294b5b96f80d,REGISTERED,2026-04-17 06:40:08.726958+00:00,,PRESENT,
4613,14a26d46-5b31-499f-ad00-fc30c8e863e4,f11017f7-2d00-4f17-9c8e-53b9e06a8ca4,REGISTERED,2026-04-09 15:03:06.604553+00:00,,PRESENT,
4614,14a26d46-5b31-499f-ad00-fc30c8e863e4,0aa6c832-d272-493b-af96-e53a16a8ba84,REGISTERED,2026-04-17 21:41:27.874434+00:00,,PRESENT,
4615,14a26d46-5b31-499f-ad00-fc30c8e863e4,d2b19326-abcc-4c08-ac49-a94f14bc8481,REGISTERED,2026-04-11 17:08:06.409679+00:00,,PRESENT,
4616,14a26d46-5b31-499f-ad00-fc30c8e863e4,1cf69dca-1008-4088-ab2d-72f1112b1abb,REGISTERED,2026-04-17 20:40:42.269585+00:00,,ABSENT,
4617,14a26d46-5b31-499f-ad00-fc30c8e863e4,be819bb5-4387-4c8b-aff9-250ac5ddc5c2,CANCELLED,2026-04-14 10:53:41.576978+00:00,2026-04-14 16:46:15.972309+00:00,PENDING,Changement de priorité métier.
4618,14a26d46-5b31-499f-ad00-fc30c8e863e4,19599c23-5a07-447f-8730-c23290710835,CANCELLED,2026-04-13 14:18:59.158617+00:00,2026-04-25 06:11:38.371110+00:00,PENDING,Participation remplacée par un collègue.
4619,14a26d46-5b31-499f-ad00-fc30c8e863e4,15422187-1dc9-46d5-8bf2-867217ee9f44,REGISTERED,2026-04-15 04:42:21.985835+00:00,,PRESENT,
4620,14a26d46-5b31-499f-ad00-fc30c8e863e4,8d2bc111-e2d5-4410-8e67-899490f0e458,REGISTERED,2026-04-12 10:00:25.414130+00:00,,PRESENT,
4621,14a26d46-5b31-499f-ad00-fc30c8e863e4,fd337d25-a333-4d37-94b8-71f30778f874,REGISTERED,2026-04-08 07:13:49.185692+00:00,,PRESENT,
4622,14a26d46-5b31-499f-ad00-fc30c8e863e4,11938edb-7027-491c-9527-eaf7738ea9cd,REGISTERED,2026-04-16 19:38:24.311024+00:00,,PRESENT,
4623,14a26d46-5b31-499f-ad00-fc30c8e863e4,0758c702-8abe-48eb-8498-0241319134d6,REGISTERED,2026-04-13 20:31:17.240652+00:00,,PRESENT,
4624,14a26d46-5b31-499f-ad00-fc30c8e863e4,181e7e03-af2a-43ee-9324-840d14c267d3,CANCELLED,2026-04-15 04:56:25.630703+00:00,2026-04-19 23:41:15.434463+00:00,PENDING,Déplacement professionnel confirmé.
4625,14a26d46-5b31-499f-ad00-fc30c8e863e4,465f2a51-6e74-4cea-b466-c62c29193b73,REGISTERED,2026-04-07 02:41:42.103154+00:00,,ABSENT,
4626,14a26d46-5b31-499f-ad00-fc30c8e863e4,d55887a6-ba09-4137-817b-136eca0eb8fe,REGISTERED,2026-04-06 12:35:53.515205+00:00,,PRESENT,
4627,14a26d46-5b31-499f-ad00-fc30c8e863e4,5aa58bc0-b0f5-4658-982f-0167e1ddd6f1,REGISTERED,2026-04-06 12:58:24.884136+00:00,,PRESENT,
4628,14a26d46-5b31-499f-ad00-fc30c8e863e4,36a7aa14-d53e-4d7a-9df0-346370185c99,REGISTERED,2026-04-09 05:51:18.314210+00:00,,PRESENT,
4629,14a26d46-5b31-499f-ad00-fc30c8e863e4,bec21b43-0b9a-4b14-aec4-4493b6192e37,REGISTERED,2026-04-11 17:42:44.416611+00:00,,PRESENT,
4630,14a26d46-5b31-499f-ad00-fc30c8e863e4,33cc0235-e8ce-4838-80c3-1a8a3f670822,REGISTERED,2026-04-15 13:07:58.682509+00:00,,PRESENT,
4631,14a26d46-5b31-499f-ad00-fc30c8e863e4,1c000474-b3c9-4da0-aac9-d1ad3722caa2,CANCELLED,2026-04-13 07:30:24.717204+00:00,2026-04-13 14:04:33.958957+00:00,PENDING,Participation remplacée par un collègue.
4632,14a26d46-5b31-499f-ad00-fc30c8e863e4,a591d7b9-6744-40ef-b79a-1c739115b99c,CANCELLED,2026-04-18 21:46:22.371987+00:00,2026-04-19 02:40:33.051643+00:00,PENDING,Contrainte de planning de dernière minute.
4633,14a26d46-5b31-499f-ad00-fc30c8e863e4,fd139f69-a02f-403a-a413-19b49a716926,REGISTERED,2026-04-07 14:14:35.385075+00:00,,PRESENT,
4634,14a26d46-5b31-499f-ad00-fc30c8e863e4,6923b135-0a80-41b6-a29d-108910d3481e,REGISTERED,2026-04-12 05:36:41.072191+00:00,,PRESENT,
4635,14a26d46-5b31-499f-ad00-fc30c8e863e4,fd4de66f-9089-4132-b386-bcc0aed023a5,REGISTERED,2026-04-06 16:41:36.338282+00:00,,PRESENT,
4636,14a26d46-5b31-499f-ad00-fc30c8e863e4,23f999be-8f3a-4135-a109-48825f2b5ce3,REGISTERED,2026-04-12 10:10:28.998931+00:00,,PRESENT,
4637,14a26d46-5b31-499f-ad00-fc30c8e863e4,1bdd1aba-8056-4ec1-b09d-02acb85a9eab,REGISTERED,2026-04-13 22:42:19.651742+00:00,,PRESENT,
4638,14a26d46-5b31-499f-ad00-fc30c8e863e4,67b9e613-4792-4b7e-88f0-54df3f761ed0,REGISTERED,2026-04-14 08:21:15.739009+00:00,,PRESENT,
4639,14a26d46-5b31-499f-ad00-fc30c8e863e4,66cca95d-9fc9-4eb7-9ec6-1a35ddebfc83,REGISTERED,2026-04-15 02:07:35.207798+00:00,,PRESENT,
4640,14a26d46-5b31-499f-ad00-fc30c8e863e4,4cc0e55c-8eeb-4f90-96d2-dedd8a565e1b,REGISTERED,2026-04-06 23:02:18.151958+00:00,,PRESENT,
4641,14a26d46-5b31-499f-ad00-fc30c8e863e4,d3db882a-0f69-4757-86d7-7684ed050599,REGISTERED,2026-04-15 22:47:33.317590+00:00,,PRESENT,
4642,14a26d46-5b31-499f-ad00-fc30c8e863e4,f32fdb6b-d074-4fe9-9c58-dafa738bada1,REGISTERED,2026-04-12 21:37:02.873120+00:00,,PRESENT,
4643,14a26d46-5b31-499f-ad00-fc30c8e863e4,4311ce77-f8c2-4006-914c-00bf45307cde,REGISTERED,2026-04-13 02:08:30.090184+00:00,,ABSENT,
4644,14a26d46-5b31-499f-ad00-fc30c8e863e4,5d703c5b-8047-4ae3-8d64-bd4389210efb,REGISTERED,2026-04-11 19:03:01.260530+00:00,,PRESENT,
4645,14a26d46-5b31-499f-ad00-fc30c8e863e4,b0953e8e-335d-49b9-b394-fc0fe62b5e1e,REGISTERED,2026-04-06 10:24:30.678929+00:00,,PRESENT,
4646,14a26d46-5b31-499f-ad00-fc30c8e863e4,9c6726f8-a791-4aaf-bb43-2ac925259d5c,REGISTERED,2026-04-06 16:17:41.870367+00:00,,ABSENT,
4647,14a26d46-5b31-499f-ad00-fc30c8e863e4,876555c2-25f1-4f17-a598-ae5ea4457ee0,REGISTERED,2026-04-12 20:37:13.462644+00:00,,PRESENT,
4648,14a26d46-5b31-499f-ad00-fc30c8e863e4,9dd603d9-070f-421c-9578-652d098d33ae,REGISTERED,2026-04-13 03:24:37.102654+00:00,,PRESENT,
4649,14a26d46-5b31-499f-ad00-fc30c8e863e4,4732e98c-1b0b-4a04-9010-a3ac17db092b,REGISTERED,2026-04-14 20:22:58.019254+00:00,,PRESENT,
4650,14a26d46-5b31-499f-ad00-fc30c8e863e4,84e69d57-36b1-481d-a823-b2bb1e0eff7b,REGISTERED,2026-04-06 12:55:16.265776+00:00,,PRESENT,
4651,14a26d46-5b31-499f-ad00-fc30c8e863e4,4a9e86b6-080d-430e-bcb2-e2ee310d6672,REGISTERED,2026-04-13 10:02:10.223304+00:00,,PRESENT,
4652,14a26d46-5b31-499f-ad00-fc30c8e863e4,066a8584-2f31-4a5b-81a3-bfcffb97ceb0,REGISTERED,2026-04-15 12:17:13.898280+00:00,,ABSENT,
4653,14a26d46-5b31-499f-ad00-fc30c8e863e4,67a9bdfe-c1f6-4192-8df9-d2341b9bf61f,REGISTERED,2026-04-17 01:23:04.522556+00:00,,PRESENT,
4654,14a26d46-5b31-499f-ad00-fc30c8e863e4,e6cbc23c-448f-475b-9d8d-a739cbc80407,REGISTERED,2026-04-18 14:28:50.661241+00:00,,PRESENT,
4655,14a26d46-5b31-499f-ad00-fc30c8e863e4,82adceda-344c-469a-a34d-6c5d0776f855,REGISTERED,2026-04-09 19:46:19.432546+00:00,,PRESENT,
4656,14a26d46-5b31-499f-ad00-fc30c8e863e4,969f9cbb-d414-4484-aee9-fa12b5505b3e,REGISTERED,2026-04-10 06:42:07.563692+00:00,,PRESENT,
4657,c827e587-1162-4887-9e5b-927b61dd3c69,e035811f-10c5-4bfc-a7c0-7eae45940633,REGISTERED,2026-02-26 03:13:44.098050+00:00,,PENDING,
4658,c827e587-1162-4887-9e5b-927b61dd3c69,f3525842-5ccf-4d32-b3c0-eb58cb4ae783,REGISTERED,2026-02-24 23:44:48.441828+00:00,,PENDING,
4659,c827e587-1162-4887-9e5b-927b61dd3c69,d46a3b65-b3c2-4019-9b15-047e249159c1,REGISTERED,2026-04-30 22:32:19.645930+00:00,,PENDING,
4660,c827e587-1162-4887-9e5b-927b61dd3c69,d17fb9bc-4d75-4c84-a425-1d1973803d5a,REGISTERED,2026-04-07 02:44:42.466629+00:00,,PENDING,
4661,c827e587-1162-4887-9e5b-927b61dd3c69,8eb23e0d-e7bd-4642-b245-6338a02daf5d,REGISTERED,2026-03-10 01:37:53.664510+00:00,,PENDING,
4662,c827e587-1162-4887-9e5b-927b61dd3c69,f5fabd31-c937-4924-a2a4-7cd151d87d06,REGISTERED,2026-01-10 03:07:42.141468+00:00,,PENDING,
4663,c827e587-1162-4887-9e5b-927b61dd3c69,d038d3e8-db0f-4824-9216-4de208fd6652,REGISTERED,2026-03-23 02:48:16.782073+00:00,,PENDING,
4664,c827e587-1162-4887-9e5b-927b61dd3c69,3f86e892-6ecb-4028-b135-17c98a50e599,REGISTERED,2026-01-27 03:39:04.607576+00:00,,PENDING,
4665,c827e587-1162-4887-9e5b-927b61dd3c69,5c5fb113-5843-4b29-8933-b0d016b33d25,REGISTERED,2026-04-22 13:44:28.531972+00:00,,PENDING,
4666,c827e587-1162-4887-9e5b-927b61dd3c69,e9d2ff70-2c2b-4bd5-ba0f-ea608ddccc9a,REGISTERED,2026-04-29 16:24:28.623951+00:00,,PENDING,
4667,c827e587-1162-4887-9e5b-927b61dd3c69,1488e2ee-e5fc-4fda-a6c5-2e6dbdbec50b,CANCELLED,2026-04-12 01:21:41.971328+00:00,2026-05-01 01:29:49.541857+00:00,PENDING,Besoin de suivre une autre session en priorité.
4668,c827e587-1162-4887-9e5b-927b61dd3c69,f2d45b59-75cd-44be-b428-acaecb458fb7,REGISTERED,2026-03-24 22:56:04.784037+00:00,,PENDING,
4669,c827e587-1162-4887-9e5b-927b61dd3c69,1282a9e9-9325-4f3d-94ee-887a13d79265,REGISTERED,2026-03-11 21:43:57.995507+00:00,,PENDING,
4670,c827e587-1162-4887-9e5b-927b61dd3c69,a9eb667c-0911-4e4e-955e-a556167a78c0,REGISTERED,2026-04-07 14:46:35.363469+00:00,,PENDING,
4671,431e7992-ce23-4ae2-8cb8-704473322bd3,2237a47b-d19c-43f7-b1bb-db7310cd2750,REGISTERED,2026-03-08 02:58:46.236062+00:00,,PENDING,
4672,431e7992-ce23-4ae2-8cb8-704473322bd3,5d703c5b-8047-4ae3-8d64-bd4389210efb,REGISTERED,2026-04-01 00:11:36.986372+00:00,,PENDING,
4673,431e7992-ce23-4ae2-8cb8-704473322bd3,f93fc94f-b705-49f5-954a-4683273857f4,REGISTERED,2026-03-11 10:50:09.774350+00:00,,PENDING,
4674,431e7992-ce23-4ae2-8cb8-704473322bd3,d0461ae2-5c05-43f1-a230-208ef643b565,REGISTERED,2026-02-16 17:20:29.700686+00:00,,PENDING,
4675,431e7992-ce23-4ae2-8cb8-704473322bd3,01803a15-0ee4-4416-9a44-f065aa0b82f0,REGISTERED,2026-04-20 03:30:34.586657+00:00,,PENDING,
4676,431e7992-ce23-4ae2-8cb8-704473322bd3,794fc94e-96be-40c8-8451-4a63913e6c27,REGISTERED,2026-01-26 03:19:16.173589+00:00,,PENDING,
4677,431e7992-ce23-4ae2-8cb8-704473322bd3,43381f31-2dca-40f6-af9f-f06934befcd2,CANCELLED,2026-02-12 09:12:14.294022+00:00,2026-03-26 13:17:44.438413+00:00,PENDING,Invitation déclinée après réévaluation.
4678,ab6b2b3a-83d4-40ca-826d-b307061c4daf,85b757d0-f583-4082-88db-1422127834d3,CANCELLED,2026-03-27 03:57:01.579336+00:00,2026-04-25 09:53:56.634779+00:00,PENDING,Changement de priorité métier.
4679,ab6b2b3a-83d4-40ca-826d-b307061c4daf,523b8c7a-c2fe-456d-b96a-d35efdae8e10,REGISTERED,2026-03-07 15:53:47.397359+00:00,,PRESENT,
4680,ab6b2b3a-83d4-40ca-826d-b307061c4daf,a166e45a-4673-4033-bd08-6264c00ab024,REGISTERED,2026-04-01 13:18:10.239923+00:00,,PRESENT,
4681,id,622dbe54-2ae7-45b3-9c3e-e10174715762,REGISTERED,2026-04-28 22:24:11.264448+00:00,,PENDING,
4682,id,76d0d2a2-4118-4160-aa2f-d3e4e8396d50,REGISTERED,2026-05-01 05:54:56.395589+00:00,,PENDING,
4683,id,63c7f6a6-1fb9-467e-a32c-b7f7fbd263d6,REGISTERED,2026-04-30 20:37:02.570759+00:00,,PENDING,
4684,id,e51471b8-8541-4d90-8b64-727da5b9cb07,REGISTERED,2026-05-01 07:42:35.037982+00:00,,PENDING,
4685,id,4c9ed491-fd91-409f-a4ce-61dddd56f08f,REGISTERED,2026-05-01 09:46:08.767386+00:00,,PENDING,
4686,id,4597622b-a50f-4a08-82d3-b202eb23c08b,CANCELLED,2026-04-29 18:41:03.520972+00:00,2026-04-30 00:59:33.941217+00:00,PENDING,Conflit d’horaire avec une réunion prioritaire.
4687,id,83591bb5-b0a5-432a-9670-a236e11cbb0b,REGISTERED,2026-04-30 13:32:04.159284+00:00,,PENDING,
4688,id,02af81eb-661b-43df-96f9-ae3e16e670eb,CANCELLED,2026-05-01 01:19:42.025014+00:00,2026-05-01 08:16:47.521159+00:00,PENDING,Invitation déclinée après réévaluation.
4689,id,8de3a1bf-0867-4629-9291-42a74caf9008,REGISTERED,2026-04-30 06:27:19.241314+00:00,,PENDING,
4690,id,542706cb-ff1a-4d9a-9b3d-621e4e7fe4bb,REGISTERED,2026-04-29 23:20:36.079800+00:00,,PENDING,
4691,id,ef6c19c9-41fb-4663-b095-fd6f807954ec,REGISTERED,2026-04-30 08:26:07.090725+00:00,,PENDING,
4692,id,a40aa065-08ee-47e0-9fe4-04100a58e6f1,REGISTERED,2026-05-01 04:20:01.379659+00:00,,PENDING,
4693,id,2620e675-d3ba-4ca5-85bf-2dd08f05bca7,REGISTERED,2026-04-29 06:37:16.713739+00:00,,PENDING,
4694,id,2b1a62e7-f4c9-4a41-b2af-ca2285e01546,REGISTERED,2026-04-29 10:51:57.265359+00:00,,PENDING,
4695,id,4abcf7de-7bd9-4a8b-8086-69d62985a420,REGISTERED,2026-04-30 14:59:58.931174+00:00,,PENDING,
4696,id,76cbf7c4-1a28-4125-bb2c-8e192a892807,CANCELLED,2026-04-28 22:20:11.903630+00:00,2026-05-01 06:21:22.028920+00:00,PENDING,Inscription faite par erreur.
4697,id,7dddaa8e-deb1-42ed-88bb-dc5a16514cdc,REGISTERED,2026-04-29 14:00:42.336326+00:00,,PENDING,
4698,id,da6180bb-789f-4ba7-887c-08f5033ce3bd,REGISTERED,2026-04-30 06:16:03.164651+00:00,,PENDING,
4699,id,36a7aa14-d53e-4d7a-9df0-346370185c99,REGISTERED,2026-05-01 10:31:28.778249+00:00,,PENDING,
4700,id,432c2cf9-dd95-45fd-9867-4bb233d84a2f,REGISTERED,2026-04-28 22:14:20.283978+00:00,,PENDING,
4701,id,a76c196d-d55a-489a-9e41-2892f1411a8b,REGISTERED,2026-04-28 21:18:59.556075+00:00,,PENDING,
4702,id,f5856cb1-16f0-45c5-83c8-8332602c0554,REGISTERED,2026-04-30 14:13:46.644213+00:00,,PENDING,
4703,id,39a22ca0-e67b-4e63-8b37-6aea793fe5ea,REGISTERED,2026-04-30 06:11:20.331997+00:00,,PENDING,
4704,id,de60686f-1075-42f6-8d70-c65c29ff1620,REGISTERED,2026-05-01 03:55:50.836278+00:00,,PENDING,
4705,id,5671894a-5a48-444a-8a73-5462d0f8e451,REGISTERED,2026-04-30 11:37:30.783310+00:00,,PENDING,
4706,id,79ecd19f-9a6a-4019-aeab-38a61af2036b,REGISTERED,2026-04-29 03:16:13.776148+00:00,,PENDING,
4707,id,9f62bec9-e71d-4e58-8eb0-f51c0c93bd4e,REGISTERED,2026-04-30 20:06:14.369794+00:00,,PENDING,
4708,id,04ebe506-cbfc-450e-9f9f-21e8320c892b,REGISTERED,2026-04-30 11:51:29.548030+00:00,,PENDING,
4709,id,7f5ff8e9-537d-4aa6-b713-4dfdab32e67a,REGISTERED,2026-05-01 10:45:38.928965+00:00,,PENDING,
4710,id,036311af-4d37-429f-bcee-1957beb2bdf5,REGISTERED,2026-04-29 00:28:34.799751+00:00,,PENDING,
4711,id,e24ef779-8a19-45dc-82da-af12648144c1,REGISTERED,2026-05-01 01:47:59.310518+00:00,,PENDING,
4712,id,6c72c3eb-81e1-402e-8b91-1b315094e27e,REGISTERED,2026-04-29 03:19:09.867802+00:00,,PENDING,
4713,id,3f6cb692-1581-4462-b260-3cad29f36489,REGISTERED,2026-04-30 00:35:51.525892+00:00,,PENDING,
4714,id,ac16955a-100a-49c4-9550-f3e3c118b812,REGISTERED,2026-04-28 21:41:17.780268+00:00,,PENDING,
4715,id,9d9f828f-6d17-4846-b840-5c49524aebe1,REGISTERED,2026-04-28 21:30:24.643715+00:00,,PENDING,
4716,id,38f134e4-e62f-4bb9-a0f5-99a23ed433c7,REGISTERED,2026-04-30 02:57:37.815093+00:00,,PENDING,
4717,id,27450660-9126-425f-8a4c-ee13055c3619,REGISTERED,2026-04-30 00:07:59.054630+00:00,,PENDING,
4718,id,a7450ed8-f67b-4a15-a99a-a9fa649b6fd6,REGISTERED,2026-04-30 13:43:24.162071+00:00,,PENDING,
4719,id,82acf793-5875-4b86-a2c7-7bfc77ca1687,REGISTERED,2026-04-30 21:31:19.195378+00:00,,PENDING,
4720,id,8d156397-31ce-4b22-917d-ddbd85670e15,REGISTERED,2026-04-29 14:56:57.842500+00:00,,PENDING,
4721,id,eb004ec6-6884-44b6-8aae-0caf60444601,REGISTERED,2026-04-30 11:30:32.256427+00:00,,PENDING,
4722,id,a6d83b47-4658-4d4e-833d-7ef6e7cf2e94,REGISTERED,2026-04-29 11:12:25.208234+00:00,,PENDING,
4723,id,44e180ab-f87f-4906-959a-d4208112dfeb,REGISTERED,2026-04-30 03:23:32.275975+00:00,,PENDING,
4724,id,b78c727b-e0cf-4632-95c8-6d754d1b626c,REGISTERED,2026-04-29 09:42:59.080816+00:00,,PENDING,
4725,id,ae8476f4-9a83-4f9f-a68f-08866cdec032,REGISTERED,2026-04-30 13:51:52.780085+00:00,,PENDING,
4726,id,c3b0f176-69f0-4028-872a-0091128bf3a7,REGISTERED,2026-05-01 11:11:30.954445+00:00,,PENDING,
4727,id,d37584ec-a50a-4b61-84db-4ad4f2629fd7,REGISTERED,2026-04-28 21:21:49.177215+00:00,,PENDING,
4728,id,b03521e4-0ebe-4648-ac5a-5daa0bee8b89,REGISTERED,2026-04-28 23:11:05.831155+00:00,,PENDING,
4729,id,c590c49a-6aa2-4b9e-b7ef-8de08d64a34f,REGISTERED,2026-04-29 07:40:51.386400+00:00,,PENDING,
4730,id,96f88851-c0d4-41cf-be20-b08886bc6e6c,REGISTERED,2026-04-29 15:56:32.229000+00:00,,PENDING,
4731,518833bf-c37e-4d32-ae42-f1a45766ba8d,5fe4475c-7b8d-4cab-b303-1f34d174a1a2,REGISTERED,2026-03-12 17:41:21.363035+00:00,,PENDING,
4732,518833bf-c37e-4d32-ae42-f1a45766ba8d,5b4a4141-7738-4083-ae9c-db997fb64b4a,REGISTERED,2026-03-12 18:33:31.651497+00:00,,PENDING,
4733,518833bf-c37e-4d32-ae42-f1a45766ba8d,11a37724-d4a2-4571-9734-d56b460e4a73,REGISTERED,2026-02-26 20:54:03.628047+00:00,,PENDING,
4734,518833bf-c37e-4d32-ae42-f1a45766ba8d,60a4713c-9862-4c54-b843-99e82e3e7bea,REGISTERED,2026-03-24 12:19:46.918551+00:00,,PENDING,
4735,518833bf-c37e-4d32-ae42-f1a45766ba8d,a6d83b47-4658-4d4e-833d-7ef6e7cf2e94,REGISTERED,2026-04-10 22:13:08.256934+00:00,,PENDING,
4736,518833bf-c37e-4d32-ae42-f1a45766ba8d,d35f769d-d320-4357-a8ad-0db3cd7e1bcf,REGISTERED,2026-02-02 03:43:41.359417+00:00,,PENDING,
4737,518833bf-c37e-4d32-ae42-f1a45766ba8d,62668eb7-8a70-4916-8f73-9d676777f177,REGISTERED,2026-02-03 13:13:53.195076+00:00,,PENDING,
4738,518833bf-c37e-4d32-ae42-f1a45766ba8d,278dc842-25a6-4a12-919b-ae5cb5106a96,REGISTERED,2026-04-23 15:04:05.653387+00:00,,PENDING,
4739,518833bf-c37e-4d32-ae42-f1a45766ba8d,2529ad7b-3e69-4b87-9e44-0259ec755de2,REGISTERED,2026-03-28 15:41:21.471892+00:00,,PENDING,
4740,518833bf-c37e-4d32-ae42-f1a45766ba8d,b312e220-ae63-4cad-98df-940d573360df,REGISTERED,2026-02-18 01:44:50.481310+00:00,,PENDING,
4741,518833bf-c37e-4d32-ae42-f1a45766ba8d,238a56d0-1293-48e8-a2dc-dd39a1ea5a94,REGISTERED,2026-01-18 10:51:36.527852+00:00,,PENDING,
4742,518833bf-c37e-4d32-ae42-f1a45766ba8d,4c9ed491-fd91-409f-a4ce-61dddd56f08f,REGISTERED,2026-04-26 20:09:58.990566+00:00,,PENDING,
4743,518833bf-c37e-4d32-ae42-f1a45766ba8d,49af6a16-f923-4210-8c56-e311e38c564d,REGISTERED,2026-02-08 18:39:09.488568+00:00,,PENDING,
4744,518833bf-c37e-4d32-ae42-f1a45766ba8d,8292224d-865d-414d-b46e-895c5152d1a0,REGISTERED,2026-03-02 16:39:26.615032+00:00,,PENDING,
4745,518833bf-c37e-4d32-ae42-f1a45766ba8d,db513ac4-80bc-4d09-864b-24fb5dee1da4,CANCELLED,2026-01-22 18:54:53.652074+00:00,2026-04-01 10:15:25.378511+00:00,PENDING,Charge de travail incompatible avec l’événement.
4746,518833bf-c37e-4d32-ae42-f1a45766ba8d,ea94002e-07bf-4277-9b9a-4f657eaa8125,REGISTERED,2026-03-30 05:28:41.739829+00:00,,PENDING,
4747,518833bf-c37e-4d32-ae42-f1a45766ba8d,76a9bda7-4fee-4da7-a23d-97f4c3bfc3a1,REGISTERED,2026-02-08 01:16:44.981008+00:00,,PENDING,
4748,518833bf-c37e-4d32-ae42-f1a45766ba8d,5aa58bc0-b0f5-4658-982f-0167e1ddd6f1,REGISTERED,2026-04-14 06:23:23.437998+00:00,,PENDING,
4749,3f064adf-423b-4b65-b800-8cbdeebc74b6,d55887a6-ba09-4137-817b-136eca0eb8fe,REGISTERED,2026-03-02 01:29:38.825636+00:00,,PENDING,
4750,3f064adf-423b-4b65-b800-8cbdeebc74b6,67218b7a-eda7-4eed-b37b-939fba1ef9ce,REGISTERED,2026-03-21 19:02:06.961164+00:00,,PENDING,
4751,d3f9df81-0269-4e4f-8f84-b362520df768,9f62bec9-e71d-4e58-8eb0-f51c0c93bd4e,REGISTERED,2026-03-22 21:53:59.329260+00:00,,PENDING,
4752,d3f9df81-0269-4e4f-8f84-b362520df768,63c7f6a6-1fb9-467e-a32c-b7f7fbd263d6,REGISTERED,2026-04-23 22:08:43.159975+00:00,,PENDING,
4753,d3f9df81-0269-4e4f-8f84-b362520df768,71c79692-c503-4f92-9e3b-427e5c06bcf3,REGISTERED,2026-02-07 09:29:53.404475+00:00,,PENDING,
4754,d3f9df81-0269-4e4f-8f84-b362520df768,3f6cb692-1581-4462-b260-3cad29f36489,REGISTERED,2026-02-09 17:02:58.732332+00:00,,PENDING,
4755,d3f9df81-0269-4e4f-8f84-b362520df768,320bb62b-bc55-479e-a685-a27deaf87f3a,REGISTERED,2026-02-09 08:27:22.539134+00:00,,PENDING,
4756,d3f9df81-0269-4e4f-8f84-b362520df768,83591bb5-b0a5-432a-9670-a236e11cbb0b,REGISTERED,2026-03-02 05:29:55.107166+00:00,,PENDING,
4757,d3f9df81-0269-4e4f-8f84-b362520df768,76cbf7c4-1a28-4125-bb2c-8e192a892807,REGISTERED,2026-04-22 22:27:01.478603+00:00,,PENDING,
4758,d3f9df81-0269-4e4f-8f84-b362520df768,e51471b8-8541-4d90-8b64-727da5b9cb07,REGISTERED,2026-03-03 04:04:05.667606+00:00,,PENDING,
4759,d3f9df81-0269-4e4f-8f84-b362520df768,c58f7dbd-9a6d-4c3f-bed8-75f484e20259,REGISTERED,2026-03-13 20:42:04.551295+00:00,,PENDING,
4760,d3f9df81-0269-4e4f-8f84-b362520df768,c3b0f176-69f0-4028-872a-0091128bf3a7,REGISTERED,2026-04-07 11:32:59.458372+00:00,,PENDING,
4761,d3f9df81-0269-4e4f-8f84-b362520df768,1b521727-2b9c-4bae-a8f2-c0b975bf998b,REGISTERED,2026-03-09 03:38:20.617758+00:00,,PENDING,
4762,d3f9df81-0269-4e4f-8f84-b362520df768,82acf793-5875-4b86-a2c7-7bfc77ca1687,REGISTERED,2026-03-28 03:56:57.619005+00:00,,PENDING,
4763,d3f9df81-0269-4e4f-8f84-b362520df768,542706cb-ff1a-4d9a-9b3d-621e4e7fe4bb,REGISTERED,2026-04-08 09:29:19.070772+00:00,,PENDING,
4764,d3f9df81-0269-4e4f-8f84-b362520df768,4c9ed491-fd91-409f-a4ce-61dddd56f08f,REGISTERED,2026-02-05 18:17:59.710234+00:00,,PENDING,
4765,d3f9df81-0269-4e4f-8f84-b362520df768,28ac5ef3-c8dc-4aa9-97a4-4bd90a55268b,REGISTERED,2026-02-26 03:35:59.688689+00:00,,PENDING,
4766,d3f9df81-0269-4e4f-8f84-b362520df768,2b1a62e7-f4c9-4a41-b2af-ca2285e01546,CANCELLED,2026-03-07 00:46:06.823790+00:00,2026-03-25 13:36:03.088702+00:00,PENDING,Participation remplacée par un collègue.
4767,d3f9df81-0269-4e4f-8f84-b362520df768,eb004ec6-6884-44b6-8aae-0caf60444601,REGISTERED,2026-04-14 22:49:36.513983+00:00,,PENDING,
4768,d3f9df81-0269-4e4f-8f84-b362520df768,ac16955a-100a-49c4-9550-f3e3c118b812,CANCELLED,2026-02-27 03:42:50.173464+00:00,2026-03-29 23:15:21.040132+00:00,PENDING,Déplacement professionnel confirmé.
4769,d3f9df81-0269-4e4f-8f84-b362520df768,b78c727b-e0cf-4632-95c8-6d754d1b626c,REGISTERED,2026-03-25 22:14:48.168834+00:00,,PENDING,
4770,d3f9df81-0269-4e4f-8f84-b362520df768,ebabeeab-3d61-4de8-9cc1-9896c30de71c,REGISTERED,2026-03-19 01:12:00.703668+00:00,,PENDING,
4771,d3f9df81-0269-4e4f-8f84-b362520df768,ee85ed55-5fb4-47a4-8a52-97b44ea7f18e,REGISTERED,2026-03-07 01:58:45.983393+00:00,,PENDING,
4772,d3f9df81-0269-4e4f-8f84-b362520df768,a76c196d-d55a-489a-9e41-2892f1411a8b,REGISTERED,2026-02-04 05:29:08.691596+00:00,,PENDING,
4773,d3f9df81-0269-4e4f-8f84-b362520df768,039ce623-075d-4c69-9235-d786fde3bf5a,REGISTERED,2026-03-03 15:52:10.831584+00:00,,PENDING,
4774,d3f9df81-0269-4e4f-8f84-b362520df768,553aa3f4-b0d4-4902-96eb-9580f1ab5102,REGISTERED,2026-02-07 20:41:29.032389+00:00,,PENDING,
4775,d3f9df81-0269-4e4f-8f84-b362520df768,4597622b-a50f-4a08-82d3-b202eb23c08b,REGISTERED,2026-04-17 16:23:27.400141+00:00,,PENDING,
4776,d3f9df81-0269-4e4f-8f84-b362520df768,2620e675-d3ba-4ca5-85bf-2dd08f05bca7,REGISTERED,2026-02-05 01:12:38.304564+00:00,,PENDING,
4777,d3f9df81-0269-4e4f-8f84-b362520df768,f5856cb1-16f0-45c5-83c8-8332602c0554,REGISTERED,2026-04-06 09:06:22.684811+00:00,,PENDING,
4778,d3f9df81-0269-4e4f-8f84-b362520df768,02af81eb-661b-43df-96f9-ae3e16e670eb,REGISTERED,2026-03-06 13:58:34.770026+00:00,,PENDING,
4779,d3f9df81-0269-4e4f-8f84-b362520df768,79456f8d-6ac6-4880-873b-04763ea7326d,REGISTERED,2026-02-15 19:08:05.066091+00:00,,PENDING,
4780,d3f9df81-0269-4e4f-8f84-b362520df768,38f134e4-e62f-4bb9-a0f5-99a23ed433c7,REGISTERED,2026-02-19 02:47:50.259884+00:00,,PENDING,
4781,d3f9df81-0269-4e4f-8f84-b362520df768,6a808ecc-aa5f-46f7-9473-e17d132330cd,REGISTERED,2026-03-28 23:01:23.793975+00:00,,PENDING,
4782,d3f9df81-0269-4e4f-8f84-b362520df768,76d0d2a2-4118-4160-aa2f-d3e4e8396d50,REGISTERED,2026-04-22 18:46:48.053536+00:00,,PENDING,
4783,d3f9df81-0269-4e4f-8f84-b362520df768,96f88851-c0d4-41cf-be20-b08886bc6e6c,REGISTERED,2026-03-03 14:11:31.477484+00:00,,PENDING,
4784,d3f9df81-0269-4e4f-8f84-b362520df768,8953121f-1a21-4cf5-9842-a8bab20d555c,REGISTERED,2026-03-06 20:55:54.247682+00:00,,PENDING,
4785,d3f9df81-0269-4e4f-8f84-b362520df768,a7450ed8-f67b-4a15-a99a-a9fa649b6fd6,REGISTERED,2026-04-17 23:04:29.303906+00:00,,PENDING,
4786,d3f9df81-0269-4e4f-8f84-b362520df768,7f5ff8e9-537d-4aa6-b713-4dfdab32e67a,REGISTERED,2026-02-24 09:06:00.903481+00:00,,PENDING,
4787,d3f9df81-0269-4e4f-8f84-b362520df768,b03521e4-0ebe-4648-ac5a-5daa0bee8b89,REGISTERED,2026-03-14 12:23:09.359567+00:00,,PENDING,
4788,d3f9df81-0269-4e4f-8f84-b362520df768,a6d83b47-4658-4d4e-833d-7ef6e7cf2e94,REGISTERED,2026-03-15 07:31:18.611632+00:00,,PENDING,
4789,d3f9df81-0269-4e4f-8f84-b362520df768,c590c49a-6aa2-4b9e-b7ef-8de08d64a34f,REGISTERED,2026-04-05 02:22:43.742534+00:00,,PENDING,
4790,d3f9df81-0269-4e4f-8f84-b362520df768,5671894a-5a48-444a-8a73-5462d0f8e451,CANCELLED,2026-04-03 12:47:57.936389+00:00,2026-04-07 07:35:29.138736+00:00,PENDING,Indisponibilité personnelle signalée.
4791,d3f9df81-0269-4e4f-8f84-b362520df768,39a22ca0-e67b-4e63-8b37-6aea793fe5ea,REGISTERED,2026-04-03 14:04:16.871762+00:00,,PENDING,
4792,d3f9df81-0269-4e4f-8f84-b362520df768,e24ef779-8a19-45dc-82da-af12648144c1,REGISTERED,2026-03-10 07:47:34.730055+00:00,,PENDING,
4793,d3f9df81-0269-4e4f-8f84-b362520df768,8de3a1bf-0867-4629-9291-42a74caf9008,REGISTERED,2026-04-15 18:09:17.282214+00:00,,PENDING,
4794,d3f9df81-0269-4e4f-8f84-b362520df768,8d156397-31ce-4b22-917d-ddbd85670e15,REGISTERED,2026-04-20 01:02:41.189533+00:00,,PENDING,
4795,d3f9df81-0269-4e4f-8f84-b362520df768,a40aa065-08ee-47e0-9fe4-04100a58e6f1,REGISTERED,2026-03-22 11:04:45.389626+00:00,,PENDING,
4796,d3f9df81-0269-4e4f-8f84-b362520df768,0280d734-a9d4-4fa0-ab8b-772dff7f7954,REGISTERED,2026-03-14 17:00:42.107883+00:00,,PENDING,
4797,d3f9df81-0269-4e4f-8f84-b362520df768,79ecd19f-9a6a-4019-aeab-38a61af2036b,REGISTERED,2026-03-16 19:04:39.043835+00:00,,PENDING,
4798,d3f9df81-0269-4e4f-8f84-b362520df768,04ebe506-cbfc-450e-9f9f-21e8320c892b,REGISTERED,2026-02-05 09:20:26.928811+00:00,,PENDING,
4799,d3f9df81-0269-4e4f-8f84-b362520df768,d39a524e-7c94-4fbb-ae92-88b5fbdeaeb8,REGISTERED,2026-02-19 22:32:17.438084+00:00,,PENDING,
4800,d3f9df81-0269-4e4f-8f84-b362520df768,d37584ec-a50a-4b61-84db-4ad4f2629fd7,REGISTERED,2026-02-07 03:42:12.309935+00:00,,PENDING,
4801,d3f9df81-0269-4e4f-8f84-b362520df768,36a7aa14-d53e-4d7a-9df0-346370185c99,REGISTERED,2026-03-10 10:27:54.376756+00:00,,PENDING,
4802,d3f9df81-0269-4e4f-8f84-b362520df768,432c2cf9-dd95-45fd-9867-4bb233d84a2f,REGISTERED,2026-03-28 11:49:49.176827+00:00,,PENDING,
4803,d3f9df81-0269-4e4f-8f84-b362520df768,27450660-9126-425f-8a4c-ee13055c3619,REGISTERED,2026-04-11 09:25:59.164009+00:00,,PENDING,
4804,d3f9df81-0269-4e4f-8f84-b362520df768,9d9f828f-6d17-4846-b840-5c49524aebe1,REGISTERED,2026-03-31 03:16:54.185137+00:00,,PENDING,
4805,d3f9df81-0269-4e4f-8f84-b362520df768,d8f6a1f6-2bba-4d6b-8516-7202830f5ffb,REGISTERED,2026-02-14 06:52:07.016916+00:00,,PENDING,
4806,d3f9df81-0269-4e4f-8f84-b362520df768,44e180ab-f87f-4906-959a-d4208112dfeb,REGISTERED,2026-05-01 10:09:50.006113+00:00,,PENDING,
4807,d3f9df81-0269-4e4f-8f84-b362520df768,e8dda1ab-4e22-4b44-b642-16d429b530e6,REGISTERED,2026-03-28 05:05:13.265529+00:00,,PENDING,
4808,d3f9df81-0269-4e4f-8f84-b362520df768,ae8476f4-9a83-4f9f-a68f-08866cdec032,REGISTERED,2026-03-03 15:53:51.669182+00:00,,PENDING,
4809,d3f9df81-0269-4e4f-8f84-b362520df768,ef6c19c9-41fb-4663-b095-fd6f807954ec,REGISTERED,2026-03-30 14:31:17.939854+00:00,,PENDING,
4810,d3f9df81-0269-4e4f-8f84-b362520df768,4abcf7de-7bd9-4a8b-8086-69d62985a420,REGISTERED,2026-04-11 05:55:35.987486+00:00,,PENDING,
4811,d3f9df81-0269-4e4f-8f84-b362520df768,2a5fc018-eeb8-406f-83fc-1862252f93b0,REGISTERED,2026-02-12 03:09:03.092677+00:00,,PENDING,
4812,d3f9df81-0269-4e4f-8f84-b362520df768,702b5919-6fb5-46fa-8a5a-e0c7f8f37c74,REGISTERED,2026-02-06 08:30:14.532717+00:00,,PENDING,
4813,d3f9df81-0269-4e4f-8f84-b362520df768,7dddaa8e-deb1-42ed-88bb-dc5a16514cdc,REGISTERED,2026-04-04 01:12:08.721807+00:00,,PENDING,
4814,d3f9df81-0269-4e4f-8f84-b362520df768,036311af-4d37-429f-bcee-1957beb2bdf5,REGISTERED,2026-04-29 12:06:49.028216+00:00,,PENDING,
4815,d3f9df81-0269-4e4f-8f84-b362520df768,f88e79f6-5cdb-401c-9b0a-0035434d7b18,CANCELLED,2026-03-07 08:07:18.939050+00:00,2026-03-23 05:47:20.782883+00:00,PENDING,Invitation déclinée après réévaluation.
4816,d3f9df81-0269-4e4f-8f84-b362520df768,6c72c3eb-81e1-402e-8b91-1b315094e27e,REGISTERED,2026-04-12 10:10:10.622465+00:00,,PENDING,
4817,6af31655-bd57-4de3-9593-b7e1decf369e,79ecd19f-9a6a-4019-aeab-38a61af2036b,CANCELLED,2026-02-10 21:23:41.592971+00:00,2026-04-29 03:02:04.418547+00:00,PENDING,Changement de priorité métier.
4818,6af31655-bd57-4de3-9593-b7e1decf369e,76d0d2a2-4118-4160-aa2f-d3e4e8396d50,REGISTERED,2026-02-16 23:16:20.348807+00:00,,PENDING,
4819,6af31655-bd57-4de3-9593-b7e1decf369e,2b1a62e7-f4c9-4a41-b2af-ca2285e01546,REGISTERED,2026-04-25 11:56:37.602496+00:00,,PENDING,
4820,6af31655-bd57-4de3-9593-b7e1decf369e,02af81eb-661b-43df-96f9-ae3e16e670eb,REGISTERED,2026-03-05 13:05:43.455008+00:00,,PENDING,
4821,6af31655-bd57-4de3-9593-b7e1decf369e,a7450ed8-f67b-4a15-a99a-a9fa649b6fd6,REGISTERED,2026-04-20 02:27:16.475097+00:00,,PENDING,
4822,6af31655-bd57-4de3-9593-b7e1decf369e,d37584ec-a50a-4b61-84db-4ad4f2629fd7,REGISTERED,2026-04-16 06:01:37.482120+00:00,,PENDING,
4823,6af31655-bd57-4de3-9593-b7e1decf369e,27450660-9126-425f-8a4c-ee13055c3619,REGISTERED,2026-02-21 11:57:54.239681+00:00,,PENDING,
4824,6af31655-bd57-4de3-9593-b7e1decf369e,2620e675-d3ba-4ca5-85bf-2dd08f05bca7,REGISTERED,2026-02-25 20:58:27.221126+00:00,,PENDING,
4825,6af31655-bd57-4de3-9593-b7e1decf369e,702b5919-6fb5-46fa-8a5a-e0c7f8f37c74,REGISTERED,2026-04-15 19:53:21.929767+00:00,,PENDING,
4826,6af31655-bd57-4de3-9593-b7e1decf369e,320bb62b-bc55-479e-a685-a27deaf87f3a,REGISTERED,2026-03-14 23:25:55.572447+00:00,,PENDING,
4827,6af31655-bd57-4de3-9593-b7e1decf369e,432c2cf9-dd95-45fd-9867-4bb233d84a2f,REGISTERED,2026-01-26 19:20:22.392466+00:00,,PENDING,
4828,6af31655-bd57-4de3-9593-b7e1decf369e,b78c727b-e0cf-4632-95c8-6d754d1b626c,REGISTERED,2026-04-29 19:44:47.276999+00:00,,PENDING,
4829,6af31655-bd57-4de3-9593-b7e1decf369e,7f5ff8e9-537d-4aa6-b713-4dfdab32e67a,REGISTERED,2026-02-03 00:04:23.821785+00:00,,PENDING,
4830,6af31655-bd57-4de3-9593-b7e1decf369e,ebabeeab-3d61-4de8-9cc1-9896c30de71c,REGISTERED,2026-04-18 16:09:04.147680+00:00,,PENDING,
4831,6af31655-bd57-4de3-9593-b7e1decf369e,542706cb-ff1a-4d9a-9b3d-621e4e7fe4bb,REGISTERED,2026-03-15 19:33:20.517680+00:00,,PENDING,
4832,6af31655-bd57-4de3-9593-b7e1decf369e,ae8476f4-9a83-4f9f-a68f-08866cdec032,REGISTERED,2026-02-14 17:00:28.596762+00:00,,PENDING,
4833,6af31655-bd57-4de3-9593-b7e1decf369e,1b521727-2b9c-4bae-a8f2-c0b975bf998b,CANCELLED,2026-04-16 09:06:37.722899+00:00,2026-04-22 13:05:12.461597+00:00,PENDING,Conflit d’horaire avec une réunion prioritaire.
4834,6af31655-bd57-4de3-9593-b7e1decf369e,38f134e4-e62f-4bb9-a0f5-99a23ed433c7,REGISTERED,2026-01-27 22:45:33.687831+00:00,,PENDING,
4835,6af31655-bd57-4de3-9593-b7e1decf369e,036311af-4d37-429f-bcee-1957beb2bdf5,REGISTERED,2026-04-09 05:55:16.887686+00:00,,PENDING,
4836,6af31655-bd57-4de3-9593-b7e1decf369e,da6180bb-789f-4ba7-887c-08f5033ce3bd,REGISTERED,2026-01-25 11:11:57.910341+00:00,,PENDING,
4837,6af31655-bd57-4de3-9593-b7e1decf369e,b03521e4-0ebe-4648-ac5a-5daa0bee8b89,REGISTERED,2026-02-03 05:01:11.039802+00:00,,PENDING,
4838,6af31655-bd57-4de3-9593-b7e1decf369e,ef6c19c9-41fb-4663-b095-fd6f807954ec,CANCELLED,2026-03-05 05:44:59.976898+00:00,2026-04-07 07:47:07.627370+00:00,PENDING,Problème de disponibilité logistique.
4839,6af31655-bd57-4de3-9593-b7e1decf369e,96f88851-c0d4-41cf-be20-b08886bc6e6c,REGISTERED,2026-01-22 06:35:01.605424+00:00,,PENDING,
4840,b2d95066-bef2-46c0-ac7c-077db04abfb7,f4ff8b53-48fb-46e8-9ea0-bc7c51ea9fee,REGISTERED,2026-02-10 10:50:08.508126+00:00,,PENDING,
4841,b2d95066-bef2-46c0-ac7c-077db04abfb7,293234f8-6b59-4c8c-b69f-e7044d6e9add,REGISTERED,2026-03-24 11:23:42.941642+00:00,,PENDING,
4842,b2d95066-bef2-46c0-ac7c-077db04abfb7,45c10be6-7fac-4883-8cee-b772caa3f8de,REGISTERED,2026-04-21 14:16:26.153587+00:00,,PENDING,
4843,b2d95066-bef2-46c0-ac7c-077db04abfb7,27e57f44-3711-4937-96be-d80bcf09b05d,CANCELLED,2026-04-16 12:19:04.047301+00:00,2026-04-27 21:39:56.861990+00:00,PENDING,Modification de l’agenda projet.
4844,b2d95066-bef2-46c0-ac7c-077db04abfb7,da7d8ca8-db94-48b0-87a9-6c6a4d12c1cb,REGISTERED,2026-02-21 14:26:47.311593+00:00,,PENDING,
4845,b2d95066-bef2-46c0-ac7c-077db04abfb7,61a0e073-e937-4bac-ada2-d1c10bf8a9ed,REGISTERED,2026-02-07 04:12:22.672874+00:00,,PENDING,
4846,b2d95066-bef2-46c0-ac7c-077db04abfb7,18461a76-23dd-484e-ac0a-37f832c9ef57,REGISTERED,2026-02-24 06:29:55.114131+00:00,,PENDING,
4847,b2d95066-bef2-46c0-ac7c-077db04abfb7,8fe78534-8626-4ccb-8a11-1abeb3417110,REGISTERED,2026-01-26 01:43:49.767003+00:00,,PENDING,
4848,b2d95066-bef2-46c0-ac7c-077db04abfb7,50e23573-ed49-4a5a-a274-62ac3d92fa00,REGISTERED,2026-04-07 08:05:32.619799+00:00,,PENDING,
4849,b2d95066-bef2-46c0-ac7c-077db04abfb7,888502a0-6058-4702-88b8-adb03b807926,REGISTERED,2026-04-28 23:29:28.489966+00:00,,PENDING,
4850,b2d95066-bef2-46c0-ac7c-077db04abfb7,2976ce73-94df-4e12-ac34-fb596591b7c2,REGISTERED,2026-04-20 04:31:07.853858+00:00,,PENDING,
4851,b2d95066-bef2-46c0-ac7c-077db04abfb7,f5ccc467-2763-4435-88f8-0c697c5bc756,REGISTERED,2026-04-11 15:58:06.200346+00:00,,PENDING,
4852,b2d95066-bef2-46c0-ac7c-077db04abfb7,912a90c4-9c49-4b06-b8aa-4363306047bd,REGISTERED,2026-03-22 08:58:04.261608+00:00,,PENDING,
4853,b2d95066-bef2-46c0-ac7c-077db04abfb7,33611d4a-b72d-4868-8862-37dc6da35c82,REGISTERED,2026-02-24 22:15:56.955982+00:00,,PENDING,
4854,b2d95066-bef2-46c0-ac7c-077db04abfb7,5fe4475c-7b8d-4cab-b303-1f34d174a1a2,REGISTERED,2026-03-16 01:01:24.834028+00:00,,PENDING,
4855,b2d95066-bef2-46c0-ac7c-077db04abfb7,7d15ce84-8e27-4d49-b5db-e0a53ce987cd,REGISTERED,2026-03-18 20:13:59.281631+00:00,,PENDING,
4856,b2d95066-bef2-46c0-ac7c-077db04abfb7,0e9ff6d0-1673-43bf-b1d0-6d9e99f229b3,REGISTERED,2026-03-05 18:13:35.675141+00:00,,PENDING,
4857,b2d95066-bef2-46c0-ac7c-077db04abfb7,066a8584-2f31-4a5b-81a3-bfcffb97ceb0,REGISTERED,2026-03-08 04:24:40.477158+00:00,,PENDING,
4858,b2d95066-bef2-46c0-ac7c-077db04abfb7,0642ecad-a158-4e54-85b7-a07bbaf1092f,REGISTERED,2026-03-17 10:53:55.387614+00:00,,PENDING,
4859,b2d95066-bef2-46c0-ac7c-077db04abfb7,14d940d1-b6b9-46db-ad09-0f473052b4b5,CANCELLED,2026-02-02 17:50:33.558256+00:00,2026-04-10 12:15:56.227533+00:00,PENDING,Charge de travail incompatible avec l’événement.
4860,b2d95066-bef2-46c0-ac7c-077db04abfb7,cba90a11-1840-4896-baf9-ad4c1723a01f,REGISTERED,2026-03-21 19:23:38.698525+00:00,,PENDING,
4861,b2d95066-bef2-46c0-ac7c-077db04abfb7,92c00d82-349d-4eef-bcfb-103b7523b3d7,REGISTERED,2026-02-06 02:35:39.690460+00:00,,PENDING,
4862,b2d95066-bef2-46c0-ac7c-077db04abfb7,9a1159ca-5027-4cc5-acce-0e458cb282f9,REGISTERED,2026-02-26 23:41:57.430144+00:00,,PENDING,
4863,b2d95066-bef2-46c0-ac7c-077db04abfb7,2f9348fd-73c7-4bee-b63f-b880e839a3f8,REGISTERED,2026-01-30 06:15:20.646278+00:00,,PENDING,
4864,b2d95066-bef2-46c0-ac7c-077db04abfb7,53234d32-ce6e-4a41-989f-d1958715bab4,REGISTERED,2026-03-26 02:38:17.978170+00:00,,PENDING,
4865,b2d95066-bef2-46c0-ac7c-077db04abfb7,692a8a6c-d41c-400a-a1eb-e5c04cf9e6df,CANCELLED,2026-03-17 15:55:31.250483+00:00,2026-03-20 05:27:34.951710+00:00,PENDING,Besoin de suivre une autre session en priorité.
4866,fdd9e8fa-ed5e-4c04-8c74-e6c720001f1b,4bd7d747-9088-4441-a4ca-12c5a3c80cfb,REGISTERED,2026-03-23 21:23:42.365524+00:00,,PENDING,
4867,fdd9e8fa-ed5e-4c04-8c74-e6c720001f1b,13376738-828d-4cdb-b40c-24d0da2a5573,REGISTERED,2026-04-02 08:17:14.182949+00:00,,PENDING,
4868,fdd9e8fa-ed5e-4c04-8c74-e6c720001f1b,de793784-3e9c-4a5b-a50b-5e1a0437bd90,REGISTERED,2026-03-28 01:20:57.659041+00:00,,PENDING,
4869,fdd9e8fa-ed5e-4c04-8c74-e6c720001f1b,debfdb17-41a8-47ec-a914-677fa4a8b9d1,REGISTERED,2026-03-19 17:34:15.846183+00:00,,PENDING,
4870,fdd9e8fa-ed5e-4c04-8c74-e6c720001f1b,db0a6297-8193-47c9-a815-151141095ca6,REGISTERED,2026-03-03 17:13:38.074764+00:00,,PENDING,
4871,fdd9e8fa-ed5e-4c04-8c74-e6c720001f1b,8195d324-ed95-44b5-a354-9232cab4e1c0,REGISTERED,2026-04-19 10:46:47.064190+00:00,,PENDING,
4872,fdd9e8fa-ed5e-4c04-8c74-e6c720001f1b,53bc19ae-6115-4448-91c2-079f930260b9,REGISTERED,2026-03-30 00:20:00.513503+00:00,,PENDING,
4873,fdd9e8fa-ed5e-4c04-8c74-e6c720001f1b,2529ad7b-3e69-4b87-9e44-0259ec755de2,REGISTERED,2026-04-12 03:20:15.599692+00:00,,PENDING,
4874,fdd9e8fa-ed5e-4c04-8c74-e6c720001f1b,6d282e57-ae58-47d1-b0b0-71588701cd4b,REGISTERED,2026-04-27 20:27:58.559889+00:00,,PENDING,
4875,fdd9e8fa-ed5e-4c04-8c74-e6c720001f1b,cdceb895-35d8-4e18-b3c1-c6e0cb902595,REGISTERED,2026-03-20 06:23:42.100558+00:00,,PENDING,
4876,fdd9e8fa-ed5e-4c04-8c74-e6c720001f1b,ea94002e-07bf-4277-9b9a-4f657eaa8125,REGISTERED,2026-03-25 00:15:30.127432+00:00,,PENDING,
4877,099bea11-4767-49e4-99b5-6d85289dfeff,6d282e57-ae58-47d1-b0b0-71588701cd4b,REGISTERED,2026-04-24 23:30:30.333276+00:00,,PENDING,
4878,099bea11-4767-49e4-99b5-6d85289dfeff,320540a7-1daa-4726-b502-7fecc0270091,REGISTERED,2026-04-20 12:36:16.115692+00:00,,PENDING,
4879,099bea11-4767-49e4-99b5-6d85289dfeff,ea94002e-07bf-4277-9b9a-4f657eaa8125,REGISTERED,2026-04-01 17:10:20.011719+00:00,,PENDING,
4880,099bea11-4767-49e4-99b5-6d85289dfeff,d07b17dc-7457-4ac7-81fc-f5ba88f492bc,CANCELLED,2026-04-27 23:51:47.738486+00:00,2026-04-28 15:15:13.824482+00:00,PENDING,Modification de l’agenda projet.
4881,099bea11-4767-49e4-99b5-6d85289dfeff,86c5b659-a2b1-435e-ad5f-6550a8be0606,CANCELLED,2026-04-11 12:57:54.960815+00:00,2026-04-20 18:34:47.887018+00:00,PENDING,Contrainte de planning de dernière minute.
4882,4364847c-5790-451a-bb0e-54833bb275eb,d264ec2d-d6b4-4a68-a16e-2ce4e95ca174,REGISTERED,2026-04-05 22:51:52.070932+00:00,,PENDING,
4883,4364847c-5790-451a-bb0e-54833bb275eb,8062edae-a09d-450b-b9e9-61d162542cc6,REGISTERED,2026-04-11 00:17:48.976211+00:00,,PENDING,
4884,4364847c-5790-451a-bb0e-54833bb275eb,adf357bf-a6ea-435e-84dc-d92ef2f7cde4,REGISTERED,2026-04-10 14:44:58.815896+00:00,,PENDING,
4885,4364847c-5790-451a-bb0e-54833bb275eb,1d564304-c607-4b67-b00b-0c3c6644f9c6,REGISTERED,2026-04-17 02:05:53.193096+00:00,,PENDING,
4886,4364847c-5790-451a-bb0e-54833bb275eb,a1c5d618-8d96-458c-8e77-e2adbc9f6c23,REGISTERED,2026-04-04 09:56:13.413318+00:00,,PENDING,
4887,4364847c-5790-451a-bb0e-54833bb275eb,4cc0e55c-8eeb-4f90-96d2-dedd8a565e1b,REGISTERED,2026-04-23 19:08:36.526482+00:00,,PENDING,
4888,4364847c-5790-451a-bb0e-54833bb275eb,62f0f942-5b08-4351-9bfb-920a9b2364ec,REGISTERED,2026-03-22 20:18:55.222636+00:00,,PENDING,
4889,4364847c-5790-451a-bb0e-54833bb275eb,f2adb223-abf2-4dde-8eb2-d0e031d07e62,REGISTERED,2026-03-24 22:11:23.079074+00:00,,PENDING,
4890,d8436e62-2ac7-47aa-af2a-25ae17857295,5179d5b9-4f1e-4e23-9bd1-90c1af18e263,REGISTERED,2026-02-20 11:01:42.271855+00:00,,PENDING,
4891,d8436e62-2ac7-47aa-af2a-25ae17857295,c7d4b081-bb87-4340-9a1f-0649f6113b13,REGISTERED,2026-02-21 08:38:59.243143+00:00,,PENDING,
4892,3dc0ac63-c3bb-404a-8563-1310650d1445,a5e91f29-76ad-47df-8a3c-43ad203ed9c3,REGISTERED,2026-02-16 09:29:18.673993+00:00,,PENDING,
4893,3dc0ac63-c3bb-404a-8563-1310650d1445,f2a1a80b-ee11-4d4d-934b-4728eb24d690,REGISTERED,2026-03-27 07:08:16.311849+00:00,,PENDING,
4894,3dc0ac63-c3bb-404a-8563-1310650d1445,320bb62b-bc55-479e-a685-a27deaf87f3a,REGISTERED,2026-02-17 06:52:24.975910+00:00,,PENDING,
4895,3dc0ac63-c3bb-404a-8563-1310650d1445,5c5fb113-5843-4b29-8933-b0d016b33d25,REGISTERED,2026-04-17 12:21:14.256440+00:00,,PENDING,
4896,3dc0ac63-c3bb-404a-8563-1310650d1445,9b0ab4d7-fb2d-49c3-8d03-3d1bed5d58d8,REGISTERED,2026-03-17 19:59:33.871172+00:00,,PENDING,
4897,3dc0ac63-c3bb-404a-8563-1310650d1445,bebe014f-7c1c-4d4c-93b4-536cb5e45af9,REGISTERED,2026-02-24 12:05:05.656310+00:00,,PENDING,
4898,3dc0ac63-c3bb-404a-8563-1310650d1445,238a56d0-1293-48e8-a2dc-dd39a1ea5a94,REGISTERED,2026-02-27 01:58:12.921802+00:00,,PENDING,
4899,3dc0ac63-c3bb-404a-8563-1310650d1445,cba90a11-1840-4896-baf9-ad4c1723a01f,REGISTERED,2026-03-15 04:19:15.695958+00:00,,PENDING,
4900,3dc0ac63-c3bb-404a-8563-1310650d1445,0a7c3f39-db01-4c8d-b560-eb1abdfe5054,REGISTERED,2026-03-08 04:58:04.834918+00:00,,PENDING,
4901,2a993f2e-58c0-4268-a821-34a46d9e99b3,f2adb223-abf2-4dde-8eb2-d0e031d07e62,REGISTERED,2026-03-31 09:46:32.926751+00:00,,PRESENT,
4902,2a993f2e-58c0-4268-a821-34a46d9e99b3,0ad2e8b9-a1e4-439b-82a6-7043befa8527,CANCELLED,2026-02-24 10:19:27.379921+00:00,2026-03-24 10:43:51.219817+00:00,PENDING,Absence validée par le manager.
4903,2a993f2e-58c0-4268-a821-34a46d9e99b3,20ce269e-2582-410c-94a7-4694b2562699,REGISTERED,2026-04-04 14:23:54.249051+00:00,,PRESENT,
4904,2a993f2e-58c0-4268-a821-34a46d9e99b3,b03521e4-0ebe-4648-ac5a-5daa0bee8b89,REGISTERED,2026-02-21 07:29:57.103353+00:00,,ABSENT,
4905,2a993f2e-58c0-4268-a821-34a46d9e99b3,cda07ab2-acb0-42ea-8b8d-d21f330bf70c,REGISTERED,2026-03-27 18:04:03.295412+00:00,,PRESENT,
4906,2a993f2e-58c0-4268-a821-34a46d9e99b3,0280d734-a9d4-4fa0-ab8b-772dff7f7954,REGISTERED,2026-03-12 02:00:18.265647+00:00,,PRESENT,
4907,2a993f2e-58c0-4268-a821-34a46d9e99b3,4fd7b80e-d72e-42b6-8127-2b77a2ab3795,REGISTERED,2026-02-12 04:01:48.157341+00:00,,PRESENT,
4908,2a993f2e-58c0-4268-a821-34a46d9e99b3,284ef197-5fe6-404b-92da-1fd69387091d,REGISTERED,2026-02-14 04:48:19.652351+00:00,,PRESENT,
4909,2a993f2e-58c0-4268-a821-34a46d9e99b3,8f21075b-8c2d-4291-98de-3f070ea2a227,REGISTERED,2026-03-31 17:51:36.678054+00:00,,PRESENT,
4910,2a993f2e-58c0-4268-a821-34a46d9e99b3,c79bf178-2ad7-46c5-a8bc-69d76f5a35b2,REGISTERED,2026-02-13 04:51:46.258633+00:00,,PRESENT,
4911,2a993f2e-58c0-4268-a821-34a46d9e99b3,c5ec37ad-d7cc-4309-bff5-cff9fdf99c93,REGISTERED,2026-03-27 00:09:43.219184+00:00,,PRESENT,
4912,2a993f2e-58c0-4268-a821-34a46d9e99b3,0b259536-155f-4e39-9154-32d25e0d2eca,REGISTERED,2026-04-04 04:36:15.655221+00:00,,PRESENT,
4913,2a993f2e-58c0-4268-a821-34a46d9e99b3,182f7f8c-7ece-40b1-9940-ad0854333381,REGISTERED,2026-03-14 01:59:47.672701+00:00,,PRESENT,
4914,2a993f2e-58c0-4268-a821-34a46d9e99b3,ae923cee-de34-4666-b2f5-d8b68dd987f9,REGISTERED,2026-02-15 13:55:09.969554+00:00,,PRESENT,
4915,2a993f2e-58c0-4268-a821-34a46d9e99b3,28ac5ef3-c8dc-4aa9-97a4-4bd90a55268b,REGISTERED,2026-04-07 11:47:49.225530+00:00,,PRESENT,
4916,2a993f2e-58c0-4268-a821-34a46d9e99b3,cf29d572-baa2-4d38-804f-fd6f6cf8a890,REGISTERED,2026-03-30 17:54:17.711524+00:00,,PRESENT,
4917,2a993f2e-58c0-4268-a821-34a46d9e99b3,f26d448f-05f1-49b5-915f-c47667f8a942,REGISTERED,2026-02-15 00:32:39.099827+00:00,,PRESENT,
4918,2a993f2e-58c0-4268-a821-34a46d9e99b3,48ecf4f9-3692-43b7-ae68-8199908358ec,REGISTERED,2026-03-24 01:45:18.728500+00:00,,ABSENT,
4919,2a993f2e-58c0-4268-a821-34a46d9e99b3,4b1a88ac-4167-4eac-a0d2-4e293ef8f000,REGISTERED,2026-02-11 08:28:20.163307+00:00,,PRESENT,
4920,2a993f2e-58c0-4268-a821-34a46d9e99b3,2a9d41e6-bbad-409a-9305-7d1453de3fff,REGISTERED,2026-02-25 06:41:33.591813+00:00,,PRESENT,
4921,2a993f2e-58c0-4268-a821-34a46d9e99b3,33cc0235-e8ce-4838-80c3-1a8a3f670822,REGISTERED,2026-02-13 07:54:38.513636+00:00,,PRESENT,
4922,2a993f2e-58c0-4268-a821-34a46d9e99b3,de4286de-b923-4053-93ef-12d2821eb39f,REGISTERED,2026-03-08 18:46:56.710772+00:00,,PRESENT,
4923,2a993f2e-58c0-4268-a821-34a46d9e99b3,bc70bf9e-59c4-4c98-a89c-92f271b748cc,REGISTERED,2026-02-25 02:19:55.299924+00:00,,PRESENT,
4924,2a993f2e-58c0-4268-a821-34a46d9e99b3,5dc41219-d217-4f8f-a4d3-a9ec3b263384,REGISTERED,2026-03-30 07:33:49.831878+00:00,,PRESENT,
4925,2a993f2e-58c0-4268-a821-34a46d9e99b3,1b030e36-9144-4f9e-b30f-599f3b124204,REGISTERED,2026-04-06 18:45:23.984838+00:00,,ABSENT,
4926,2a993f2e-58c0-4268-a821-34a46d9e99b3,f6e7d21d-ffa2-40da-a777-6cd561fc7ca2,REGISTERED,2026-03-05 00:29:32.432242+00:00,,PRESENT,
4927,2a993f2e-58c0-4268-a821-34a46d9e99b3,eb0df4f4-149a-40ce-ab54-70d49d31204a,REGISTERED,2026-03-11 09:43:26.623297+00:00,,PRESENT,
4928,2a993f2e-58c0-4268-a821-34a46d9e99b3,2fbcc1cb-3f24-49ae-8318-d9d8b3352464,REGISTERED,2026-04-02 04:07:06.382283+00:00,,ABSENT,
4929,2a993f2e-58c0-4268-a821-34a46d9e99b3,8ee4e6aa-49bf-4476-8827-7c43c8576b3a,REGISTERED,2026-04-07 17:57:30.935904+00:00,,PRESENT,
4930,2a993f2e-58c0-4268-a821-34a46d9e99b3,f88e79f6-5cdb-401c-9b0a-0035434d7b18,REGISTERED,2026-04-05 04:15:21.787627+00:00,,PRESENT,
4931,2a993f2e-58c0-4268-a821-34a46d9e99b3,549a7925-348b-43cd-a3b9-dd25c12212b3,REGISTERED,2026-03-30 13:28:12.183894+00:00,,PRESENT,
4932,2a993f2e-58c0-4268-a821-34a46d9e99b3,7497f43c-158d-489b-b70c-fe3b4c138821,REGISTERED,2026-03-12 13:32:52.056135+00:00,,PRESENT,
4933,75717fdf-1844-4625-86fe-1d51edaab5a8,8f481282-4da5-453a-8238-b0915c33bf1d,REGISTERED,2026-04-04 22:02:54.176129+00:00,,PENDING,
4934,75717fdf-1844-4625-86fe-1d51edaab5a8,4b6514c1-383f-4056-9a6e-81fe0599fec3,REGISTERED,2026-04-23 09:51:34.916833+00:00,,PENDING,
4935,75717fdf-1844-4625-86fe-1d51edaab5a8,04ae859c-0c10-43f9-b75f-3eda713debdb,CANCELLED,2026-04-11 16:28:50.569064+00:00,2026-04-15 13:14:51.791876+00:00,PENDING,Problème de disponibilité logistique.
4936,75717fdf-1844-4625-86fe-1d51edaab5a8,7891d958-2cae-4067-b4bf-4df236fff02f,REGISTERED,2026-04-06 09:21:13.005707+00:00,,PENDING,
4937,75717fdf-1844-4625-86fe-1d51edaab5a8,85e3ccdc-ad7f-4b05-b057-8593c1f4a450,REGISTERED,2026-04-30 08:26:50.982874+00:00,,PENDING,
4938,75717fdf-1844-4625-86fe-1d51edaab5a8,83181837-ca9a-4a93-95ef-82c0c1624078,REGISTERED,2026-03-12 17:19:52.400411+00:00,,PENDING,
4939,75717fdf-1844-4625-86fe-1d51edaab5a8,622dbe54-2ae7-45b3-9c3e-e10174715762,REGISTERED,2026-02-18 23:33:16.161590+00:00,,PENDING,
4940,75717fdf-1844-4625-86fe-1d51edaab5a8,ea31e60e-7c45-4d0d-a72a-9b1bff423649,REGISTERED,2026-03-05 09:36:31.610201+00:00,,PENDING,
4941,75717fdf-1844-4625-86fe-1d51edaab5a8,f11017f7-2d00-4f17-9c8e-53b9e06a8ca4,REGISTERED,2026-03-11 02:27:30.789702+00:00,,PENDING,
4942,75717fdf-1844-4625-86fe-1d51edaab5a8,166df1e8-caee-4766-9016-af436f3aba44,REGISTERED,2026-03-10 01:42:46.699760+00:00,,PENDING,
4943,75717fdf-1844-4625-86fe-1d51edaab5a8,ee1c4d3b-ec68-41f3-b7f1-58779c7a6bd9,REGISTERED,2026-04-07 08:09:27.704487+00:00,,PENDING,
4944,75717fdf-1844-4625-86fe-1d51edaab5a8,6e55651b-8ed1-4671-be45-9df63f4dbdb6,REGISTERED,2026-03-23 10:24:41.187340+00:00,,PENDING,
4945,75717fdf-1844-4625-86fe-1d51edaab5a8,29e789b9-43d6-4d77-bba5-a8fe5bbec079,REGISTERED,2026-04-06 02:12:40.570028+00:00,,PENDING,
4946,75717fdf-1844-4625-86fe-1d51edaab5a8,db0a6297-8193-47c9-a815-151141095ca6,REGISTERED,2026-02-27 23:40:23.448475+00:00,,PENDING,
4947,75717fdf-1844-4625-86fe-1d51edaab5a8,938ad754-ae19-4622-bf35-e9b4fd3944cb,REGISTERED,2026-03-05 02:40:50.655338+00:00,,PENDING,
4948,75717fdf-1844-4625-86fe-1d51edaab5a8,702b5919-6fb5-46fa-8a5a-e0c7f8f37c74,CANCELLED,2026-03-08 15:31:17.038452+00:00,2026-03-27 02:32:13.308619+00:00,PENDING,Déplacement professionnel confirmé.
4949,75717fdf-1844-4625-86fe-1d51edaab5a8,320540a7-1daa-4726-b502-7fecc0270091,REGISTERED,2026-03-15 10:45:22.398949+00:00,,PENDING,
4950,75717fdf-1844-4625-86fe-1d51edaab5a8,50480e44-2e0d-4139-aa9b-67dfcc405d62,REGISTERED,2026-03-20 23:36:48.467963+00:00,,PENDING,
4951,75717fdf-1844-4625-86fe-1d51edaab5a8,49df03d0-fa40-4cdf-b3df-abf37a14050b,REGISTERED,2026-03-09 10:54:03.951377+00:00,,PENDING,
4952,75717fdf-1844-4625-86fe-1d51edaab5a8,1c17e3b7-1ace-4929-8a17-4b637e56b0b6,REGISTERED,2026-04-23 23:28:20.878448+00:00,,PENDING,
4953,75717fdf-1844-4625-86fe-1d51edaab5a8,8316ff5f-cf64-4d38-95c5-ca2d545ce3d2,REGISTERED,2026-03-07 19:34:09.779657+00:00,,PENDING,
4954,75717fdf-1844-4625-86fe-1d51edaab5a8,ac16955a-100a-49c4-9550-f3e3c118b812,REGISTERED,2026-04-02 08:40:52.635404+00:00,,PENDING,
4955,75717fdf-1844-4625-86fe-1d51edaab5a8,bc82679b-60ac-4cb8-a2c8-90cf85491d9f,REGISTERED,2026-03-07 23:42:10.764434+00:00,,PENDING,
4956,75717fdf-1844-4625-86fe-1d51edaab5a8,13d27dae-abb6-45aa-8a42-aabcca05524a,REGISTERED,2026-03-23 06:00:49.723797+00:00,,PENDING,
4957,75717fdf-1844-4625-86fe-1d51edaab5a8,04bb8b7a-cd4c-4a01-91d4-4704fda80686,REGISTERED,2026-04-08 00:58:55.741406+00:00,,PENDING,
4958,75717fdf-1844-4625-86fe-1d51edaab5a8,23f999be-8f3a-4135-a109-48825f2b5ce3,REGISTERED,2026-04-18 14:40:17.153627+00:00,,PENDING,
4959,75717fdf-1844-4625-86fe-1d51edaab5a8,33c2a0a3-edc7-43d3-8124-cd893c2c777a,REGISTERED,2026-03-26 21:50:28.327336+00:00,,PENDING,
4960,78e25779-b82c-4876-8da1-cf2aa0c5701e,206f3caa-e4f4-4c32-9bbe-a77b272bce88,CANCELLED,2026-04-13 04:32:28.749163+00:00,2026-04-19 08:39:04.318607+00:00,PENDING,Indisponibilité personnelle signalée.
4961,78e25779-b82c-4876-8da1-cf2aa0c5701e,35b84825-f888-46e4-90d7-f9a8cd6a7762,REGISTERED,2026-04-12 15:48:59.015124+00:00,,PENDING,
4962,78e25779-b82c-4876-8da1-cf2aa0c5701e,278dc842-25a6-4a12-919b-ae5cb5106a96,REGISTERED,2026-04-09 22:14:04.732132+00:00,,PENDING,
4963,78e25779-b82c-4876-8da1-cf2aa0c5701e,238a56d0-1293-48e8-a2dc-dd39a1ea5a94,CANCELLED,2026-04-21 15:54:19.945821+00:00,2026-04-24 20:34:16.232486+00:00,PENDING,Invitation déclinée après réévaluation.
4964,78e25779-b82c-4876-8da1-cf2aa0c5701e,8109e1d3-64d6-452e-8d2d-8f0129c10b07,REGISTERED,2026-04-13 14:19:23.939296+00:00,,PENDING,
4965,78e25779-b82c-4876-8da1-cf2aa0c5701e,29e789b9-43d6-4d77-bba5-a8fe5bbec079,REGISTERED,2026-04-20 14:52:07.588124+00:00,,PENDING,
4966,b69ce322-7778-4d15-9364-e4b79954de25,eb004ec6-6884-44b6-8aae-0caf60444601,REGISTERED,2026-04-03 23:25:19.168631+00:00,,PENDING,
4967,b69ce322-7778-4d15-9364-e4b79954de25,76d0d2a2-4118-4160-aa2f-d3e4e8396d50,REGISTERED,2026-03-16 10:28:13.776251+00:00,,PENDING,
4968,b69ce322-7778-4d15-9364-e4b79954de25,9d9f828f-6d17-4846-b840-5c49524aebe1,REGISTERED,2026-02-02 19:36:01.448788+00:00,,PENDING,
4969,b69ce322-7778-4d15-9364-e4b79954de25,63c7f6a6-1fb9-467e-a32c-b7f7fbd263d6,REGISTERED,2026-02-12 20:43:45.222182+00:00,,PENDING,
4970,b69ce322-7778-4d15-9364-e4b79954de25,79ecd19f-9a6a-4019-aeab-38a61af2036b,REGISTERED,2026-03-26 19:58:31.812207+00:00,,PENDING,
4971,b69ce322-7778-4d15-9364-e4b79954de25,c58f7dbd-9a6d-4c3f-bed8-75f484e20259,REGISTERED,2026-04-24 20:30:36.935508+00:00,,PENDING,
4972,b69ce322-7778-4d15-9364-e4b79954de25,ae8476f4-9a83-4f9f-a68f-08866cdec032,CANCELLED,2026-02-26 08:04:38.169563+00:00,2026-03-22 02:05:16.113248+00:00,PENDING,Changement de priorité métier.
4973,b69ce322-7778-4d15-9364-e4b79954de25,02af81eb-661b-43df-96f9-ae3e16e670eb,REGISTERED,2026-02-02 22:57:46.733001+00:00,,PENDING,
4974,b69ce322-7778-4d15-9364-e4b79954de25,702b5919-6fb5-46fa-8a5a-e0c7f8f37c74,REGISTERED,2026-01-24 13:40:45.817900+00:00,,PENDING,
4975,b69ce322-7778-4d15-9364-e4b79954de25,e8dda1ab-4e22-4b44-b642-16d429b530e6,REGISTERED,2026-03-16 08:51:28.849081+00:00,,PENDING,
4976,b69ce322-7778-4d15-9364-e4b79954de25,8953121f-1a21-4cf5-9842-a8bab20d555c,REGISTERED,2026-03-15 10:36:34.754859+00:00,,PENDING,
4977,b69ce322-7778-4d15-9364-e4b79954de25,320bb62b-bc55-479e-a685-a27deaf87f3a,REGISTERED,2026-01-19 19:19:40.403283+00:00,,PENDING,
4978,b69ce322-7778-4d15-9364-e4b79954de25,1b521727-2b9c-4bae-a8f2-c0b975bf998b,REGISTERED,2026-01-13 23:49:45.734674+00:00,,PENDING,
4979,b69ce322-7778-4d15-9364-e4b79954de25,9f62bec9-e71d-4e58-8eb0-f51c0c93bd4e,REGISTERED,2026-03-03 10:37:31.185177+00:00,,PENDING,
4980,b69ce322-7778-4d15-9364-e4b79954de25,8d156397-31ce-4b22-917d-ddbd85670e15,REGISTERED,2026-03-27 19:59:41.228802+00:00,,PENDING,
4981,b69ce322-7778-4d15-9364-e4b79954de25,d39a524e-7c94-4fbb-ae92-88b5fbdeaeb8,REGISTERED,2026-02-25 15:22:04.355218+00:00,,PENDING,
4982,b69ce322-7778-4d15-9364-e4b79954de25,a6d83b47-4658-4d4e-833d-7ef6e7cf2e94,REGISTERED,2026-04-17 12:10:53.666514+00:00,,PENDING,
4983,b69ce322-7778-4d15-9364-e4b79954de25,da6180bb-789f-4ba7-887c-08f5033ce3bd,REGISTERED,2026-02-20 00:38:09.340641+00:00,,PENDING,
4984,b69ce322-7778-4d15-9364-e4b79954de25,6c72c3eb-81e1-402e-8b91-1b315094e27e,REGISTERED,2026-03-11 20:02:26.557789+00:00,,PENDING,
4985,b69ce322-7778-4d15-9364-e4b79954de25,38f134e4-e62f-4bb9-a0f5-99a23ed433c7,REGISTERED,2026-02-11 11:27:45.802894+00:00,,PENDING,
4986,b69ce322-7778-4d15-9364-e4b79954de25,a40aa065-08ee-47e0-9fe4-04100a58e6f1,CANCELLED,2026-02-18 00:40:56.141034+00:00,2026-03-01 15:50:40.266428+00:00,PENDING,Indisponibilité personnelle signalée.
4987,b69ce322-7778-4d15-9364-e4b79954de25,3f6cb692-1581-4462-b260-3cad29f36489,REGISTERED,2026-03-05 17:46:57.283073+00:00,,PENDING,
4988,b69ce322-7778-4d15-9364-e4b79954de25,44e180ab-f87f-4906-959a-d4208112dfeb,REGISTERED,2026-03-13 13:22:52.297688+00:00,,PENDING,
4989,b69ce322-7778-4d15-9364-e4b79954de25,04ebe506-cbfc-450e-9f9f-21e8320c892b,REGISTERED,2026-03-12 20:58:13.359472+00:00,,PENDING,
4990,b69ce322-7778-4d15-9364-e4b79954de25,b03521e4-0ebe-4648-ac5a-5daa0bee8b89,REGISTERED,2026-04-08 22:19:45.012669+00:00,,PENDING,
4991,b69ce322-7778-4d15-9364-e4b79954de25,82acf793-5875-4b86-a2c7-7bfc77ca1687,REGISTERED,2026-01-17 22:52:24.199446+00:00,,PENDING,
4992,b69ce322-7778-4d15-9364-e4b79954de25,79456f8d-6ac6-4880-873b-04763ea7326d,REGISTERED,2026-04-26 07:14:43.580653+00:00,,PENDING,
4993,b69ce322-7778-4d15-9364-e4b79954de25,553aa3f4-b0d4-4902-96eb-9580f1ab5102,REGISTERED,2026-03-19 21:50:34.451826+00:00,,PENDING,
4994,b69ce322-7778-4d15-9364-e4b79954de25,f88e79f6-5cdb-401c-9b0a-0035434d7b18,REGISTERED,2026-03-12 03:13:07.931124+00:00,,PENDING,
4995,b69ce322-7778-4d15-9364-e4b79954de25,4597622b-a50f-4a08-82d3-b202eb23c08b,REGISTERED,2026-03-02 08:19:57.047726+00:00,,PENDING,
4996,b69ce322-7778-4d15-9364-e4b79954de25,a7450ed8-f67b-4a15-a99a-a9fa649b6fd6,REGISTERED,2026-01-19 05:14:30.913901+00:00,,PENDING,
4997,b69ce322-7778-4d15-9364-e4b79954de25,96f88851-c0d4-41cf-be20-b08886bc6e6c,REGISTERED,2026-04-04 01:45:13.241361+00:00,,PENDING,
4998,b69ce322-7778-4d15-9364-e4b79954de25,6a808ecc-aa5f-46f7-9473-e17d132330cd,REGISTERED,2026-01-19 13:01:07.159453+00:00,,PENDING,
4999,b69ce322-7778-4d15-9364-e4b79954de25,e24ef779-8a19-45dc-82da-af12648144c1,REGISTERED,2026-02-11 11:57:23.190102+00:00,,PENDING,
5000,b69ce322-7778-4d15-9364-e4b79954de25,8de3a1bf-0867-4629-9291-42a74caf9008,REGISTERED,2026-04-20 04:56:56.865307+00:00,,PENDING,
5001,b69ce322-7778-4d15-9364-e4b79954de25,ee85ed55-5fb4-47a4-8a52-97b44ea7f18e,REGISTERED,2026-04-05 09:06:35.486455+00:00,,PENDING,
5002,ccd46cab-c742-472f-8b66-729694b1c18b,05ebad91-5c0a-406d-b835-141c19b231e0,REGISTERED,2026-03-25 01:26:44.114885+00:00,,PRESENT,
5003,ccd46cab-c742-472f-8b66-729694b1c18b,80773d69-c298-4c18-89cd-2c5d7b1186c9,REGISTERED,2026-03-04 05:31:25.253732+00:00,,PRESENT,
5004,ccd46cab-c742-472f-8b66-729694b1c18b,f2a1a80b-ee11-4d4d-934b-4728eb24d690,REGISTERED,2026-03-23 07:57:31.885894+00:00,,ABSENT,
5005,ccd46cab-c742-472f-8b66-729694b1c18b,0bbae24c-66cb-42bc-8f35-4e9d6e77ac24,REGISTERED,2026-03-04 03:41:21.734670+00:00,,PRESENT,
5006,ccd46cab-c742-472f-8b66-729694b1c18b,57ba55cf-425f-48e2-9ed7-0fc2e1c80530,CANCELLED,2026-03-10 23:22:09.121162+00:00,2026-03-13 21:50:23.930175+00:00,PENDING,Changement de priorité métier.
5007,ccd46cab-c742-472f-8b66-729694b1c18b,cda07ab2-acb0-42ea-8b8d-d21f330bf70c,REGISTERED,2026-03-22 20:18:07.716322+00:00,,PRESENT,
5008,ccd46cab-c742-472f-8b66-729694b1c18b,51e00143-3f66-4030-bf3a-b154f7d7512a,REGISTERED,2026-03-19 19:43:17.817247+00:00,,PRESENT,
5009,ccd46cab-c742-472f-8b66-729694b1c18b,2b6d1065-0b7d-4434-8df1-5b0f01a68955,REGISTERED,2026-03-21 12:23:07.317019+00:00,,PRESENT,
5010,ccd46cab-c742-472f-8b66-729694b1c18b,76c67646-085b-4496-a704-025ae0fbf520,REGISTERED,2026-03-07 00:17:49.817705+00:00,,ABSENT,
5011,ccd46cab-c742-472f-8b66-729694b1c18b,d07b17dc-7457-4ac7-81fc-f5ba88f492bc,REGISTERED,2026-03-03 14:51:48.777581+00:00,,PRESENT,
5012,ccd46cab-c742-472f-8b66-729694b1c18b,c21e317f-9f79-44d5-b20a-71aa31f20d74,REGISTERED,2026-03-26 13:04:15.592200+00:00,,PRESENT,
5013,ccd46cab-c742-472f-8b66-729694b1c18b,8006d300-c0ae-4a0d-ba53-074804f86119,CANCELLED,2026-02-27 23:22:15.878581+00:00,2026-03-15 05:47:36.552407+00:00,PENDING,Problème de disponibilité logistique.
5014,ccd46cab-c742-472f-8b66-729694b1c18b,070f1315-23db-4264-a087-d9f5634d6d48,REGISTERED,2026-02-27 03:29:21.044801+00:00,,ABSENT,
5015,ccd46cab-c742-472f-8b66-729694b1c18b,4597622b-a50f-4a08-82d3-b202eb23c08b,REGISTERED,2026-03-01 11:55:56.016568+00:00,,ABSENT,
5016,ccd46cab-c742-472f-8b66-729694b1c18b,f74bfc4f-83da-466c-9090-774178a81831,CANCELLED,2026-03-10 12:45:49.786806+00:00,2026-03-24 12:39:35.489539+00:00,PENDING,Indisponibilité personnelle signalée.
5017,ccd46cab-c742-472f-8b66-729694b1c18b,33611d4a-b72d-4868-8862-37dc6da35c82,REGISTERED,2026-03-12 03:52:59.203971+00:00,,PRESENT,
5018,ccd46cab-c742-472f-8b66-729694b1c18b,ea6a2151-71d0-4a29-bdab-6b249f5466e9,REGISTERED,2026-02-28 10:18:33.817904+00:00,,PRESENT,
5019,ccd46cab-c742-472f-8b66-729694b1c18b,ad077160-525d-4c40-8102-623ecef44a68,REGISTERED,2026-03-14 08:20:26.920466+00:00,,PRESENT,
5020,ccd46cab-c742-472f-8b66-729694b1c18b,a89515f9-4488-4475-881f-f37f70224a3f,REGISTERED,2026-03-12 09:40:52.282133+00:00,,PRESENT,
5021,ccd46cab-c742-472f-8b66-729694b1c18b,eacc44aa-5528-442f-bf03-d93b3123467d,REGISTERED,2026-03-22 02:13:22.108387+00:00,,PRESENT,
5022,ccd46cab-c742-472f-8b66-729694b1c18b,9a6ea003-a666-4c29-8ae5-e7fa86361a43,REGISTERED,2026-03-12 12:33:15.341029+00:00,,PRESENT,
5023,ccd46cab-c742-472f-8b66-729694b1c18b,b877de62-103a-4774-b161-65d240e35474,REGISTERED,2026-03-12 17:14:31.085018+00:00,,PRESENT,
5024,ccd46cab-c742-472f-8b66-729694b1c18b,91f76ca7-ada9-4b5b-87c9-c7b966228ec6,REGISTERED,2026-03-07 02:09:42.073259+00:00,,ABSENT,
5025,ccd46cab-c742-472f-8b66-729694b1c18b,96c2c320-89b7-409d-a93a-aee004fcc338,REGISTERED,2026-03-25 21:20:29.694859+00:00,,PRESENT,
5026,ccd46cab-c742-472f-8b66-729694b1c18b,ce737a66-340f-45b5-b53a-c9066f05836b,REGISTERED,2026-03-08 01:43:33.102942+00:00,,PRESENT,
5027,ccd46cab-c742-472f-8b66-729694b1c18b,29f74c43-1a2b-4d01-b448-078c38c9e28a,CANCELLED,2026-02-23 15:01:02.006231+00:00,2026-04-02 01:22:59.025787+00:00,PENDING,Absence validée par le manager.
5028,ccd46cab-c742-472f-8b66-729694b1c18b,d2143c02-7643-4dad-9edd-73d7e485eec7,REGISTERED,2026-03-14 22:29:46.638709+00:00,,PRESENT,
5029,ccd46cab-c742-472f-8b66-729694b1c18b,1a4b66de-c33c-49df-9b73-d52c3e699483,REGISTERED,2026-02-25 10:05:36.889796+00:00,,PRESENT,
5030,ccd46cab-c742-472f-8b66-729694b1c18b,38f134e4-e62f-4bb9-a0f5-99a23ed433c7,REGISTERED,2026-03-14 20:00:29.151492+00:00,,PRESENT,
5031,ccd46cab-c742-472f-8b66-729694b1c18b,ad0019b6-763f-4495-9027-62286284764a,REGISTERED,2026-02-28 21:57:16.653017+00:00,,ABSENT,
5032,ccd46cab-c742-472f-8b66-729694b1c18b,65f45148-d34d-4ca8-b231-ff27af7e1083,REGISTERED,2026-02-23 23:20:29.870398+00:00,,PRESENT,
5033,ccd46cab-c742-472f-8b66-729694b1c18b,92149006-a894-4f05-ab5d-36650644eb93,REGISTERED,2026-03-24 03:20:39.573454+00:00,,PRESENT,
5034,ccd46cab-c742-472f-8b66-729694b1c18b,e8c415aa-cfd6-4935-9dbf-646291d2e9c0,REGISTERED,2026-03-24 15:34:09.927144+00:00,,ABSENT,
5035,ccd46cab-c742-472f-8b66-729694b1c18b,ed50a04f-41be-4ee7-89ae-aed7531faa34,REGISTERED,2026-03-03 23:20:58.416849+00:00,,PRESENT,
5036,ccd46cab-c742-472f-8b66-729694b1c18b,28ed3041-bf44-4e82-90cd-dbc09eec2534,REGISTERED,2026-03-23 23:52:32.840973+00:00,,PRESENT,
5037,ccd46cab-c742-472f-8b66-729694b1c18b,b273077f-41d4-4b27-99b4-fa52d85d84e2,REGISTERED,2026-03-17 03:11:11.040863+00:00,,PRESENT,
5038,ccd46cab-c742-472f-8b66-729694b1c18b,d2b19326-abcc-4c08-ac49-a94f14bc8481,REGISTERED,2026-03-19 21:17:51.904459+00:00,,PRESENT,
5039,ccd46cab-c742-472f-8b66-729694b1c18b,77912841-0831-4559-9152-00fd23a9a51c,REGISTERED,2026-03-15 23:21:16.632909+00:00,,PRESENT,
5040,ccd46cab-c742-472f-8b66-729694b1c18b,95678daf-22ef-4265-aecc-265d306f786c,CANCELLED,2026-03-08 12:14:24.902964+00:00,2026-04-01 00:44:23.710960+00:00,PENDING,Charge de travail incompatible avec l’événement.
5041,ccd46cab-c742-472f-8b66-729694b1c18b,f5fabd31-c937-4924-a2a4-7cd151d87d06,REGISTERED,2026-03-09 16:59:03.265664+00:00,,ABSENT,
5042,ccd46cab-c742-472f-8b66-729694b1c18b,4abcf7de-7bd9-4a8b-8086-69d62985a420,REGISTERED,2026-03-01 22:43:21.888098+00:00,,PRESENT,
5043,ccd46cab-c742-472f-8b66-729694b1c18b,f26d448f-05f1-49b5-915f-c47667f8a942,CANCELLED,2026-03-03 18:14:34.411376+00:00,2026-03-28 16:49:34.305476+00:00,PENDING,Inscription faite par erreur.
5044,ccd46cab-c742-472f-8b66-729694b1c18b,80d67e75-1cd6-4308-ace2-c8929c58a1fc,REGISTERED,2026-03-06 18:24:38.462664+00:00,,ABSENT,
5045,ccd46cab-c742-472f-8b66-729694b1c18b,374bb2b1-7239-47b4-a7f3-42a9312229af,REGISTERED,2026-02-24 16:16:21.102172+00:00,,PRESENT,
5046,ccd46cab-c742-472f-8b66-729694b1c18b,f6441207-59b2-4d0d-8e38-22e2061a049e,CANCELLED,2026-03-15 23:28:23.504718+00:00,2026-03-16 07:00:45.679236+00:00,PENDING,Erreur de choix de créneau.
5047,ccd46cab-c742-472f-8b66-729694b1c18b,de793784-3e9c-4a5b-a50b-5e1a0437bd90,REGISTERED,2026-03-05 20:24:10.869830+00:00,,PRESENT,
5048,ccd46cab-c742-472f-8b66-729694b1c18b,96f88851-c0d4-41cf-be20-b08886bc6e6c,REGISTERED,2026-03-11 02:50:54.332278+00:00,,PRESENT,
5049,ccd46cab-c742-472f-8b66-729694b1c18b,7df083a9-7340-4dac-917d-70552e3183a5,REGISTERED,2026-03-10 06:13:55.021292+00:00,,PRESENT,
5050,ccd46cab-c742-472f-8b66-729694b1c18b,98096adb-c347-4b91-b157-13d91467faa7,REGISTERED,2026-03-19 09:38:37.557399+00:00,,PRESENT,
5051,ccd46cab-c742-472f-8b66-729694b1c18b,566b3448-8c23-4e51-898b-60f56bfe4ff0,REGISTERED,2026-03-12 00:14:21.470414+00:00,,PRESENT,
5052,ccd46cab-c742-472f-8b66-729694b1c18b,dea563e5-75d4-4009-859c-5370f9952466,CANCELLED,2026-03-20 07:49:23.070062+00:00,2026-03-23 20:22:03.371813+00:00,PENDING,Besoin de suivre une autre session en priorité.
5053,ccd46cab-c742-472f-8b66-729694b1c18b,02af81eb-661b-43df-96f9-ae3e16e670eb,REGISTERED,2026-03-13 18:28:55.231978+00:00,,ABSENT,
5054,ccd46cab-c742-472f-8b66-729694b1c18b,85480232-8d0c-45e2-bb3b-62ccdcf67029,REGISTERED,2026-02-23 18:49:44.165484+00:00,,PRESENT,
5055,ccd46cab-c742-472f-8b66-729694b1c18b,a3ff7146-5c5d-4b32-aa8d-e1dc67bae50e,REGISTERED,2026-03-17 15:15:11.952971+00:00,,PRESENT,
5056,ccd46cab-c742-472f-8b66-729694b1c18b,40bd5505-6dbf-49ae-817e-6ca216a5630f,REGISTERED,2026-03-19 05:54:44.495207+00:00,,PRESENT,
5057,ccd46cab-c742-472f-8b66-729694b1c18b,45f2fe70-a2a2-4fcc-b0f2-29306540418a,REGISTERED,2026-03-11 17:22:50.890876+00:00,,ABSENT,
5058,ccd46cab-c742-472f-8b66-729694b1c18b,7dcdee17-8895-4c49-8c8b-2fe06574a692,REGISTERED,2026-03-02 15:11:31.189637+00:00,,PRESENT,
5059,ccd46cab-c742-472f-8b66-729694b1c18b,44e180ab-f87f-4906-959a-d4208112dfeb,REGISTERED,2026-03-16 10:26:36.002108+00:00,,PRESENT,
5060,ccd46cab-c742-472f-8b66-729694b1c18b,13376738-828d-4cdb-b40c-24d0da2a5573,REGISTERED,2026-03-14 03:21:28.227426+00:00,,PRESENT,
5061,ccd46cab-c742-472f-8b66-729694b1c18b,317b3030-2453-480a-be7a-493d61b447f0,REGISTERED,2026-03-08 09:29:43.382397+00:00,,PRESENT,
5062,ccd46cab-c742-472f-8b66-729694b1c18b,dafc105e-50d6-45fc-881b-f8c7648a1d01,REGISTERED,2026-03-23 23:02:19.753062+00:00,,ABSENT,
5063,ccd46cab-c742-472f-8b66-729694b1c18b,a267cd55-dae7-4edb-9cd9-1ac6f46d89a0,CANCELLED,2026-03-02 13:09:26.792398+00:00,2026-03-24 12:21:37.162754+00:00,PENDING,Déplacement professionnel confirmé.
5064,ccd46cab-c742-472f-8b66-729694b1c18b,c5722e37-67de-4703-9c3e-8bfefb98abe1,REGISTERED,2026-03-05 20:36:01.381983+00:00,,ABSENT,
5065,ccd46cab-c742-472f-8b66-729694b1c18b,c3cebde2-04c5-4bd6-8742-5138c5699944,CANCELLED,2026-03-20 07:47:36.248764+00:00,2026-03-31 07:04:00.457934+00:00,PENDING,Changement de priorité métier.
5066,ccd46cab-c742-472f-8b66-729694b1c18b,1139ba1c-108d-408a-bcce-dc297a47ae0b,REGISTERED,2026-02-24 20:26:03.964411+00:00,,ABSENT,
5067,ccd46cab-c742-472f-8b66-729694b1c18b,76cbf7c4-1a28-4125-bb2c-8e192a892807,REGISTERED,2026-02-28 12:15:01.668531+00:00,,PRESENT,
5068,ccd46cab-c742-472f-8b66-729694b1c18b,49af6a16-f923-4210-8c56-e311e38c564d,REGISTERED,2026-03-19 06:40:32.941471+00:00,,PRESENT,
5069,ccd46cab-c742-472f-8b66-729694b1c18b,3b6ac1b8-60cb-45ad-8f33-24086fa4d575,REGISTERED,2026-03-22 06:41:09.564171+00:00,,PRESENT,
5070,ccd46cab-c742-472f-8b66-729694b1c18b,97fc9842-4aa8-4e8a-984d-00e4ebae786f,REGISTERED,2026-03-23 09:19:40.160711+00:00,,PRESENT,
5071,ccd46cab-c742-472f-8b66-729694b1c18b,3e8f245c-15c1-4831-9299-c0ac3087461f,CANCELLED,2026-02-26 04:37:52.057319+00:00,2026-03-23 19:16:17.709454+00:00,PENDING,Indisponibilité personnelle signalée.
5072,ccd46cab-c742-472f-8b66-729694b1c18b,6f1f4dc0-4b42-4147-b573-37a2915f8a50,REGISTERED,2026-03-25 11:19:58.569215+00:00,,PRESENT,
5073,ccd46cab-c742-472f-8b66-729694b1c18b,b6a8879c-3ed7-476d-8f1c-47f8f344f70d,REGISTERED,2026-03-09 00:47:28.225674+00:00,,PRESENT,
5074,ccd46cab-c742-472f-8b66-729694b1c18b,ac16955a-100a-49c4-9550-f3e3c118b812,REGISTERED,2026-03-16 04:33:43.025661+00:00,,PRESENT,
5075,ccd46cab-c742-472f-8b66-729694b1c18b,d03f66d8-d99b-4671-a0db-107d9ed5e8e4,REGISTERED,2026-03-16 09:31:11.410845+00:00,,PRESENT,
5076,ccd46cab-c742-472f-8b66-729694b1c18b,ba465ba6-c272-4a1d-a2a5-154d5850d7fc,REGISTERED,2026-03-17 05:36:03.955704+00:00,,PRESENT,
5077,ccd46cab-c742-472f-8b66-729694b1c18b,5eaddab7-e9e5-496f-98cf-f1c69022ecfa,REGISTERED,2026-03-02 08:38:29.006036+00:00,,ABSENT,
5078,ccd46cab-c742-472f-8b66-729694b1c18b,db51b55f-fef8-478b-b35a-f2511f4012c2,REGISTERED,2026-03-15 03:22:12.843206+00:00,,PRESENT,
5079,ccd46cab-c742-472f-8b66-729694b1c18b,449ac75e-578d-423f-8bc4-b4c90d6ac229,REGISTERED,2026-03-18 12:45:15.305863+00:00,,ABSENT,
5080,ccd46cab-c742-472f-8b66-729694b1c18b,e0b41b2a-0c7b-41b4-b605-9004a85a2f65,REGISTERED,2026-02-26 04:05:18.787239+00:00,,ABSENT,
5081,ccd46cab-c742-472f-8b66-729694b1c18b,a9eb667c-0911-4e4e-955e-a556167a78c0,REGISTERED,2026-03-22 06:40:08.594619+00:00,,ABSENT,
5082,ccd46cab-c742-472f-8b66-729694b1c18b,320540a7-1daa-4726-b502-7fecc0270091,REGISTERED,2026-03-23 22:20:23.394330+00:00,,PRESENT,
5083,ccd46cab-c742-472f-8b66-729694b1c18b,4284538a-2eb5-4ac7-9e74-d9148261af39,REGISTERED,2026-03-05 15:15:07.050459+00:00,,PRESENT,
5084,ccd46cab-c742-472f-8b66-729694b1c18b,4cc0e55c-8eeb-4f90-96d2-dedd8a565e1b,REGISTERED,2026-03-17 12:42:55.716417+00:00,,PRESENT,
5085,ccd46cab-c742-472f-8b66-729694b1c18b,5179d5b9-4f1e-4e23-9bd1-90c1af18e263,REGISTERED,2026-03-05 17:07:16.750012+00:00,,PRESENT,
5086,ccd46cab-c742-472f-8b66-729694b1c18b,04d1e3f4-5420-4b71-a3a5-85f2ed790744,REGISTERED,2026-03-07 22:33:19.418115+00:00,,PRESENT,
5087,ccd46cab-c742-472f-8b66-729694b1c18b,52d16be2-1e29-40b8-8bcf-0168e069291b,REGISTERED,2026-03-06 09:21:37.983323+00:00,,PRESENT,
5088,ccd46cab-c742-472f-8b66-729694b1c18b,53691fc5-65db-4948-a53d-05eb7c9cbafd,REGISTERED,2026-03-03 20:52:42.119475+00:00,,PRESENT,
5089,ccd46cab-c742-472f-8b66-729694b1c18b,d46bbc33-a6b9-4170-bdd9-62088f76392b,REGISTERED,2026-03-09 19:25:18.816410+00:00,,PRESENT,
5090,ccd46cab-c742-472f-8b66-729694b1c18b,544f4247-a6c8-459e-997a-f558b28f1006,REGISTERED,2026-03-05 05:33:34.864285+00:00,,PRESENT,
5091,ccd46cab-c742-472f-8b66-729694b1c18b,770a3736-dd6c-443d-92ff-d84e014a53e9,REGISTERED,2026-03-05 17:31:38.770035+00:00,,PRESENT,
5092,ccd46cab-c742-472f-8b66-729694b1c18b,fd139f69-a02f-403a-a413-19b49a716926,CANCELLED,2026-03-12 00:28:16.481962+00:00,2026-03-20 00:29:07.340690+00:00,PENDING,Charge de travail incompatible avec l’événement.
5093,ccd46cab-c742-472f-8b66-729694b1c18b,d25b06d5-af6c-43d4-9ba8-d64bdd39a1a4,REGISTERED,2026-03-06 05:30:48.446954+00:00,,PRESENT,
5094,ccd46cab-c742-472f-8b66-729694b1c18b,1092232c-ca39-4c9d-90f6-d303d67af0e4,REGISTERED,2026-03-18 09:52:04.465789+00:00,,ABSENT,
5095,d2b94e89-df8d-4e0c-8a2c-3d1ea66f397c,aea65023-ce55-417a-a93c-d43c8afc615f,REGISTERED,2026-04-06 21:14:16.450637+00:00,,PENDING,
5096,d2b94e89-df8d-4e0c-8a2c-3d1ea66f397c,b8586f4e-0b8d-4c49-99b4-58e4ac4db671,REGISTERED,2026-03-31 20:18:17.211207+00:00,,PENDING,
5097,d2b94e89-df8d-4e0c-8a2c-3d1ea66f397c,f6441207-59b2-4d0d-8e38-22e2061a049e,REGISTERED,2026-04-16 18:34:37.426966+00:00,,PENDING,
5098,d2b94e89-df8d-4e0c-8a2c-3d1ea66f397c,8eb23e0d-e7bd-4642-b245-6338a02daf5d,REGISTERED,2026-03-27 20:24:00.793518+00:00,,PENDING,
5099,d2b94e89-df8d-4e0c-8a2c-3d1ea66f397c,d4bea928-8cc6-40c1-ad6c-85ba2f32c3ca,REGISTERED,2026-04-03 09:23:40.346546+00:00,,PENDING,
5100,d2b94e89-df8d-4e0c-8a2c-3d1ea66f397c,bc82679b-60ac-4cb8-a2c8-90cf85491d9f,REGISTERED,2026-04-16 02:20:28.481717+00:00,,PENDING,
5101,d2b94e89-df8d-4e0c-8a2c-3d1ea66f397c,578da049-e513-4249-a1cf-ad5d43e8fb14,REGISTERED,2026-04-05 16:31:54.260423+00:00,,PENDING,
5102,d2b94e89-df8d-4e0c-8a2c-3d1ea66f397c,d7f518f6-8981-4973-9c42-b49423f7f23e,REGISTERED,2026-04-25 11:39:12.822392+00:00,,PENDING,
5103,d2b94e89-df8d-4e0c-8a2c-3d1ea66f397c,4b3f668a-c5f0-43d5-ab24-83157512c528,REGISTERED,2026-04-26 12:06:57.358542+00:00,,PENDING,
5104,d2b94e89-df8d-4e0c-8a2c-3d1ea66f397c,9630d3c5-3a6f-4cba-bd6b-09ef4505332e,REGISTERED,2026-04-28 22:42:48.101174+00:00,,PENDING,
5105,d2b94e89-df8d-4e0c-8a2c-3d1ea66f397c,4939d78a-0c57-4ce5-bee3-d1fe244be125,REGISTERED,2026-04-17 20:17:06.476571+00:00,,PENDING,
5106,d2b94e89-df8d-4e0c-8a2c-3d1ea66f397c,170d2f68-2e8a-4567-81c1-cd4a0016ee2d,REGISTERED,2026-04-29 04:33:48.778983+00:00,,PENDING,
5107,d2b94e89-df8d-4e0c-8a2c-3d1ea66f397c,a9eb667c-0911-4e4e-955e-a556167a78c0,REGISTERED,2026-03-30 01:22:56.332439+00:00,,PENDING,
5108,d2b94e89-df8d-4e0c-8a2c-3d1ea66f397c,78413987-8929-435c-b7e0-5a3fd9449489,REGISTERED,2026-04-28 19:57:05.044897+00:00,,PENDING,
5109,d2b94e89-df8d-4e0c-8a2c-3d1ea66f397c,786ba2a2-fd55-4c3c-82a9-6ab4566b3717,REGISTERED,2026-04-07 16:46:52.877329+00:00,,PENDING,
5110,d2b94e89-df8d-4e0c-8a2c-3d1ea66f397c,caca8e6f-6250-4097-921b-cd1598cb3532,REGISTERED,2026-04-25 22:18:30.974544+00:00,,PENDING,
5111,d2b94e89-df8d-4e0c-8a2c-3d1ea66f397c,7d24e8ab-d927-443c-a1e1-04b73211032b,REGISTERED,2026-04-08 09:45:54.964679+00:00,,PENDING,
5112,d2b94e89-df8d-4e0c-8a2c-3d1ea66f397c,eaa9cc85-b28c-4878-9ca7-f4d797d0e0d9,REGISTERED,2026-04-30 00:36:51.426000+00:00,,PENDING,
5113,d2b94e89-df8d-4e0c-8a2c-3d1ea66f397c,a28bebfa-b4eb-4a1f-9fc2-0354999a2f57,REGISTERED,2026-04-22 14:02:40.892685+00:00,,PENDING,
5114,d2b94e89-df8d-4e0c-8a2c-3d1ea66f397c,44bd7edf-b40c-4e70-80b5-06cef76b4c8c,REGISTERED,2026-04-04 02:37:00.555667+00:00,,PENDING,
5115,d2b94e89-df8d-4e0c-8a2c-3d1ea66f397c,93104829-8594-400a-b598-aff286b49018,REGISTERED,2026-04-03 12:58:16.509118+00:00,,PENDING,
5116,d2b94e89-df8d-4e0c-8a2c-3d1ea66f397c,29a2042e-69ee-471d-ad13-086615962ccf,REGISTERED,2026-04-17 05:18:21.149672+00:00,,PENDING,
5117,d2b94e89-df8d-4e0c-8a2c-3d1ea66f397c,79456f8d-6ac6-4880-873b-04763ea7326d,REGISTERED,2026-03-27 20:57:53.795930+00:00,,PENDING,
5118,d2b94e89-df8d-4e0c-8a2c-3d1ea66f397c,53234d32-ce6e-4a41-989f-d1958715bab4,REGISTERED,2026-04-30 12:35:17.382328+00:00,,PENDING,
5119,d2b94e89-df8d-4e0c-8a2c-3d1ea66f397c,b1873d56-50de-46f2-a6c2-a907abb54442,CANCELLED,2026-04-07 13:42:48.618051+00:00,2026-04-25 00:10:22.002821+00:00,PENDING,Absence validée par le manager.
5120,d2b94e89-df8d-4e0c-8a2c-3d1ea66f397c,1601dd67-4724-4d1d-a0bc-461e96081aed,REGISTERED,2026-04-15 07:55:52.290157+00:00,,PENDING,
5121,d2b94e89-df8d-4e0c-8a2c-3d1ea66f397c,5783b7bc-8de7-40b5-b1e8-896921098bd2,CANCELLED,2026-03-30 13:24:11.269392+00:00,2026-04-06 03:14:50.046209+00:00,PENDING,Inscription faite par erreur.
5122,d2b94e89-df8d-4e0c-8a2c-3d1ea66f397c,82262980-bc3c-49fb-a210-28daa74d1ba3,REGISTERED,2026-04-09 00:39:16.607039+00:00,,PENDING,
5123,d2b94e89-df8d-4e0c-8a2c-3d1ea66f397c,c58f7dbd-9a6d-4c3f-bed8-75f484e20259,REGISTERED,2026-04-18 11:02:17.733775+00:00,,PENDING,
5124,d2b94e89-df8d-4e0c-8a2c-3d1ea66f397c,b0953e8e-335d-49b9-b394-fc0fe62b5e1e,REGISTERED,2026-04-18 00:26:18.070472+00:00,,PENDING,
5125,d2b94e89-df8d-4e0c-8a2c-3d1ea66f397c,f93fc94f-b705-49f5-954a-4683273857f4,REGISTERED,2026-03-28 21:29:02.648789+00:00,,PENDING,
5126,d2b94e89-df8d-4e0c-8a2c-3d1ea66f397c,5a279486-f19e-477b-ada8-50c908151f96,REGISTERED,2026-04-27 13:37:18.217815+00:00,,PENDING,
5127,d2b94e89-df8d-4e0c-8a2c-3d1ea66f397c,28ed3041-bf44-4e82-90cd-dbc09eec2534,REGISTERED,2026-03-31 18:11:31.797016+00:00,,PENDING,
5128,d2b94e89-df8d-4e0c-8a2c-3d1ea66f397c,60d3d345-0e8d-47d9-8016-5a0a66060125,REGISTERED,2026-04-18 11:03:12.771158+00:00,,PENDING,
5129,d2b94e89-df8d-4e0c-8a2c-3d1ea66f397c,9e386737-237f-4416-ad22-3e4e59f3de3a,REGISTERED,2026-04-03 03:29:28.829718+00:00,,PENDING,
5130,d2b94e89-df8d-4e0c-8a2c-3d1ea66f397c,48330897-124f-4e58-aa9c-5880e8a51283,REGISTERED,2026-04-30 08:13:47.583116+00:00,,PENDING,
5131,d2b94e89-df8d-4e0c-8a2c-3d1ea66f397c,c21e317f-9f79-44d5-b20a-71aa31f20d74,REGISTERED,2026-04-12 12:50:52.065860+00:00,,PENDING,
5132,d2b94e89-df8d-4e0c-8a2c-3d1ea66f397c,c45d7879-b91c-47e2-9f80-fe17082b34a9,REGISTERED,2026-04-10 13:40:19.193904+00:00,,PENDING,
5133,d2b94e89-df8d-4e0c-8a2c-3d1ea66f397c,9f494bc5-731f-4f38-a367-32640bd2b56d,REGISTERED,2026-04-04 05:17:20.125188+00:00,,PENDING,
5134,d2b94e89-df8d-4e0c-8a2c-3d1ea66f397c,a3ff7146-5c5d-4b32-aa8d-e1dc67bae50e,REGISTERED,2026-03-28 01:33:39.098938+00:00,,PENDING,
5135,d2b94e89-df8d-4e0c-8a2c-3d1ea66f397c,8e39130a-e867-4106-91d8-13206ebbc96a,REGISTERED,2026-03-30 01:46:54.452199+00:00,,PENDING,
5136,d2b94e89-df8d-4e0c-8a2c-3d1ea66f397c,e405908c-8072-4c93-8cd7-6a0b541a50ee,REGISTERED,2026-04-06 15:23:28.111944+00:00,,PENDING,
5137,d2b94e89-df8d-4e0c-8a2c-3d1ea66f397c,d8442010-86d2-470e-89d9-f9e4e6c5e0df,REGISTERED,2026-04-15 17:26:49.510438+00:00,,PENDING,
5138,d2b94e89-df8d-4e0c-8a2c-3d1ea66f397c,9c6726f8-a791-4aaf-bb43-2ac925259d5c,REGISTERED,2026-04-04 14:27:33.881365+00:00,,PENDING,
5139,d2b94e89-df8d-4e0c-8a2c-3d1ea66f397c,f5f28e61-f4ca-473a-8c02-7e708513646c,REGISTERED,2026-04-09 22:55:41.050762+00:00,,PENDING,
5140,d2b94e89-df8d-4e0c-8a2c-3d1ea66f397c,b1b3abf0-bf40-43df-bd09-1bd861e99e17,REGISTERED,2026-04-27 03:57:44.142190+00:00,,PENDING,
5141,d2b94e89-df8d-4e0c-8a2c-3d1ea66f397c,71c79692-c503-4f92-9e3b-427e5c06bcf3,REGISTERED,2026-04-25 14:21:00.372955+00:00,,PENDING,
5142,d2b94e89-df8d-4e0c-8a2c-3d1ea66f397c,216e3c28-a95a-4cd1-b163-01b319c3d109,REGISTERED,2026-04-11 00:16:14.565212+00:00,,PENDING,
5143,d2b94e89-df8d-4e0c-8a2c-3d1ea66f397c,b54fdc5c-e828-48f4-8b75-28fe75c046a8,REGISTERED,2026-04-03 08:58:01.035429+00:00,,PENDING,
5144,d2b94e89-df8d-4e0c-8a2c-3d1ea66f397c,b108c01c-8d8b-44d9-b7b4-c8ff2f95bdfa,REGISTERED,2026-04-02 04:19:42.477996+00:00,,PENDING,
5145,d2b94e89-df8d-4e0c-8a2c-3d1ea66f397c,91e9323a-e856-492f-b6b6-379bc6570add,REGISTERED,2026-04-28 22:01:16.310222+00:00,,PENDING,
5146,d2b94e89-df8d-4e0c-8a2c-3d1ea66f397c,256b281f-27a3-4756-9132-21f4a6f1d868,REGISTERED,2026-03-29 22:58:07.736428+00:00,,PENDING,
5147,d2b94e89-df8d-4e0c-8a2c-3d1ea66f397c,3f86e892-6ecb-4028-b135-17c98a50e599,REGISTERED,2026-04-10 05:37:47.373922+00:00,,PENDING,
5148,d2b94e89-df8d-4e0c-8a2c-3d1ea66f397c,8f30d88b-449d-4b4a-8d70-907a78ca75cb,REGISTERED,2026-04-12 12:28:16.681013+00:00,,PENDING,
5149,d2b94e89-df8d-4e0c-8a2c-3d1ea66f397c,02af81eb-661b-43df-96f9-ae3e16e670eb,REGISTERED,2026-04-18 22:20:47.530934+00:00,,PENDING,
5150,d2b94e89-df8d-4e0c-8a2c-3d1ea66f397c,7c86415e-73e1-4452-b345-730bd15fcbcf,REGISTERED,2026-04-20 12:53:00.968095+00:00,,PENDING,
5151,d2b94e89-df8d-4e0c-8a2c-3d1ea66f397c,eb004ec6-6884-44b6-8aae-0caf60444601,REGISTERED,2026-04-25 23:01:34.528890+00:00,,PENDING,
5152,d2b94e89-df8d-4e0c-8a2c-3d1ea66f397c,166df1e8-caee-4766-9016-af436f3aba44,REGISTERED,2026-04-21 00:51:07.636399+00:00,,PENDING,
5153,d2b94e89-df8d-4e0c-8a2c-3d1ea66f397c,67b9e613-4792-4b7e-88f0-54df3f761ed0,REGISTERED,2026-04-03 22:21:48.358686+00:00,,PENDING,
5154,d2b94e89-df8d-4e0c-8a2c-3d1ea66f397c,85b757d0-f583-4082-88db-1422127834d3,REGISTERED,2026-04-01 08:03:22.988505+00:00,,PENDING,
5155,d2b94e89-df8d-4e0c-8a2c-3d1ea66f397c,65f45148-d34d-4ca8-b231-ff27af7e1083,REGISTERED,2026-04-13 20:36:32.211110+00:00,,PENDING,
5156,d2b94e89-df8d-4e0c-8a2c-3d1ea66f397c,692a8a6c-d41c-400a-a1eb-e5c04cf9e6df,REGISTERED,2026-04-15 22:24:01.749358+00:00,,PENDING,
5157,d2b94e89-df8d-4e0c-8a2c-3d1ea66f397c,c3f44d1a-e988-4b73-a7f1-9fe2fbfeaaca,REGISTERED,2026-04-08 03:37:43.158649+00:00,,PENDING,
5158,d2b94e89-df8d-4e0c-8a2c-3d1ea66f397c,c316d911-6157-4923-83d0-94e475c6acc5,REGISTERED,2026-04-22 04:29:15.678635+00:00,,PENDING,
5159,d2b94e89-df8d-4e0c-8a2c-3d1ea66f397c,6e55651b-8ed1-4671-be45-9df63f4dbdb6,REGISTERED,2026-04-04 00:40:58.461002+00:00,,PENDING,
5160,d2b94e89-df8d-4e0c-8a2c-3d1ea66f397c,465719ec-e1f8-4d36-9993-f4ac5c2f5ce8,REGISTERED,2026-04-03 21:25:33.297982+00:00,,PENDING,
5161,d2b94e89-df8d-4e0c-8a2c-3d1ea66f397c,8de3a1bf-0867-4629-9291-42a74caf9008,REGISTERED,2026-04-01 01:16:06.453603+00:00,,PENDING,
5162,d2b94e89-df8d-4e0c-8a2c-3d1ea66f397c,3619dfe1-747a-4948-8c14-9a75c51a9710,REGISTERED,2026-04-08 02:26:47.951971+00:00,,PENDING,
5163,d2b94e89-df8d-4e0c-8a2c-3d1ea66f397c,0adcb60f-0603-40e1-a5ed-5a689f27bfe2,REGISTERED,2026-04-24 02:43:44.344958+00:00,,PENDING,
5164,d2b94e89-df8d-4e0c-8a2c-3d1ea66f397c,53bc19ae-6115-4448-91c2-079f930260b9,REGISTERED,2026-04-11 19:51:08.357129+00:00,,PENDING,
5165,d2b94e89-df8d-4e0c-8a2c-3d1ea66f397c,aaf51b3f-54ec-45c3-8487-c08aaa05d8c7,REGISTERED,2026-04-09 17:42:33.761517+00:00,,PENDING,
5166,d2b94e89-df8d-4e0c-8a2c-3d1ea66f397c,d3a11e22-80f0-4ba2-bbb9-8e0549c5deb0,REGISTERED,2026-04-28 06:42:36.222282+00:00,,PENDING,
5167,d2b94e89-df8d-4e0c-8a2c-3d1ea66f397c,8b802ae2-7e2f-4ae3-b9db-55586c1e446d,REGISTERED,2026-04-04 01:37:35.400960+00:00,,PENDING,
5168,d2b94e89-df8d-4e0c-8a2c-3d1ea66f397c,888502a0-6058-4702-88b8-adb03b807926,REGISTERED,2026-03-31 19:43:48.588695+00:00,,PENDING,
5169,d2b94e89-df8d-4e0c-8a2c-3d1ea66f397c,829eabd6-72af-4c4e-b91e-42647a56cf50,REGISTERED,2026-04-27 05:06:07.766470+00:00,,PENDING,
5170,d2b94e89-df8d-4e0c-8a2c-3d1ea66f397c,542134d1-b226-400c-8d7c-4e24b1a088a6,REGISTERED,2026-04-29 01:56:16.325381+00:00,,PENDING,
5171,d2b94e89-df8d-4e0c-8a2c-3d1ea66f397c,099e1b0f-acb5-4a7d-829c-134345792106,REGISTERED,2026-04-04 21:57:53.909159+00:00,,PENDING,
5172,d2b94e89-df8d-4e0c-8a2c-3d1ea66f397c,ce175c8f-1175-4928-bf29-79fe69406339,REGISTERED,2026-04-30 09:13:57.698572+00:00,,PENDING,
5173,d2b94e89-df8d-4e0c-8a2c-3d1ea66f397c,3577cac5-0476-4aff-b030-5793997dce28,REGISTERED,2026-04-05 20:53:41.408546+00:00,,PENDING,
5174,d2b94e89-df8d-4e0c-8a2c-3d1ea66f397c,f0113aec-0313-48b0-883d-51e4f32687a4,CANCELLED,2026-04-21 18:54:30.866122+00:00,2026-04-26 20:47:22.939982+00:00,PENDING,Participation remplacée par un collègue.
5175,d2b94e89-df8d-4e0c-8a2c-3d1ea66f397c,2b2c1a3c-9712-41b8-86c7-afa44d9e0665,REGISTERED,2026-04-08 09:57:32.569495+00:00,,PENDING,
5176,d2b94e89-df8d-4e0c-8a2c-3d1ea66f397c,7120f862-693b-4518-8e4c-e2bfe7963695,REGISTERED,2026-04-13 20:06:57.640117+00:00,,PENDING,
5177,d2b94e89-df8d-4e0c-8a2c-3d1ea66f397c,d432410f-620e-49df-9646-346e8457b3bf,REGISTERED,2026-04-21 07:20:23.690820+00:00,,PENDING,
5178,d2b94e89-df8d-4e0c-8a2c-3d1ea66f397c,317b3030-2453-480a-be7a-493d61b447f0,CANCELLED,2026-04-05 01:03:01.586055+00:00,2026-04-22 02:55:11.642256+00:00,PENDING,Problème de disponibilité logistique.
5179,d2b94e89-df8d-4e0c-8a2c-3d1ea66f397c,85480232-8d0c-45e2-bb3b-62ccdcf67029,REGISTERED,2026-04-20 18:58:49.020883+00:00,,PENDING,
5180,d2b94e89-df8d-4e0c-8a2c-3d1ea66f397c,a7450ed8-f67b-4a15-a99a-a9fa649b6fd6,REGISTERED,2026-04-19 08:12:44.936755+00:00,,PENDING,
5181,d2b94e89-df8d-4e0c-8a2c-3d1ea66f397c,33a01618-4870-40e7-82ee-dd8ab9825756,REGISTERED,2026-04-19 12:21:57.674911+00:00,,PENDING,
5182,d2b94e89-df8d-4e0c-8a2c-3d1ea66f397c,6ee92483-e78b-46ce-baa0-0aac70b7049e,REGISTERED,2026-04-28 22:14:03.007758+00:00,,PENDING,
5183,d2b94e89-df8d-4e0c-8a2c-3d1ea66f397c,1815820e-1287-4637-b9f1-9bd95f95ca22,REGISTERED,2026-04-22 23:42:09.696754+00:00,,PENDING,
5184,d2b94e89-df8d-4e0c-8a2c-3d1ea66f397c,d55047e0-37be-40fb-a90b-d53653e77f3c,REGISTERED,2026-03-27 13:58:42.109828+00:00,,PENDING,
5185,d2b94e89-df8d-4e0c-8a2c-3d1ea66f397c,a0aa60fd-568a-4e6d-86f9-4d6b89c6e255,REGISTERED,2026-04-01 04:53:24.488258+00:00,,PENDING,
5186,d2b94e89-df8d-4e0c-8a2c-3d1ea66f397c,66cca95d-9fc9-4eb7-9ec6-1a35ddebfc83,CANCELLED,2026-04-07 20:30:58.457282+00:00,2026-04-12 21:29:16.824535+00:00,PENDING,Session finalement non pertinente pour le profil.
5187,d2b94e89-df8d-4e0c-8a2c-3d1ea66f397c,e63e4f83-e0ba-4644-a46a-7413de243920,REGISTERED,2026-04-18 05:24:06.895795+00:00,,PENDING,
5188,d2b94e89-df8d-4e0c-8a2c-3d1ea66f397c,56e09b90-5896-4653-a6d0-833a2aaf2380,REGISTERED,2026-04-05 23:27:18.185733+00:00,,PENDING,
5189,d2b94e89-df8d-4e0c-8a2c-3d1ea66f397c,26d51b07-49a9-4201-b13c-709dbf828241,REGISTERED,2026-04-29 00:53:36.583592+00:00,,PENDING,
5190,d2b94e89-df8d-4e0c-8a2c-3d1ea66f397c,e3327257-45ae-4912-b4c2-08f9cb4d8536,REGISTERED,2026-04-13 10:56:02.820303+00:00,,PENDING,
5191,d2b94e89-df8d-4e0c-8a2c-3d1ea66f397c,1c17e3b7-1ace-4929-8a17-4b637e56b0b6,REGISTERED,2026-04-16 12:01:44.604390+00:00,,PENDING,
5192,d2b94e89-df8d-4e0c-8a2c-3d1ea66f397c,2fbcc1cb-3f24-49ae-8318-d9d8b3352464,REGISTERED,2026-04-14 20:35:47.829680+00:00,,PENDING,
5193,d2b94e89-df8d-4e0c-8a2c-3d1ea66f397c,1a5ca586-55ef-4c1b-9c5f-2f5b56931420,REGISTERED,2026-04-06 09:48:42.953059+00:00,,PENDING,
5194,d2b94e89-df8d-4e0c-8a2c-3d1ea66f397c,a1a5a881-54f7-465a-9473-7397b5bd6d3e,REGISTERED,2026-04-15 08:55:25.410205+00:00,,PENDING,
5195,d2b94e89-df8d-4e0c-8a2c-3d1ea66f397c,f8d7dc0b-5a3b-44ee-98f3-b79e6f774b1e,REGISTERED,2026-04-10 02:16:58.014359+00:00,,PENDING,
5196,d2b94e89-df8d-4e0c-8a2c-3d1ea66f397c,c0278ba1-ce60-47e3-9f28-8dd3d2d45b37,REGISTERED,2026-03-29 19:53:26.410789+00:00,,PENDING,
5197,d2b94e89-df8d-4e0c-8a2c-3d1ea66f397c,4aebd320-ccf1-472f-a813-521405bb8292,REGISTERED,2026-04-20 14:05:07.113029+00:00,,PENDING,
5198,d2b94e89-df8d-4e0c-8a2c-3d1ea66f397c,7d2c6a5c-bbcc-46be-8ba4-b7518ab7a644,REGISTERED,2026-04-07 06:11:25.475014+00:00,,PENDING,
5199,5dc337da-1964-4bb6-91bf-e70cc0f2c12c,97fc9842-4aa8-4e8a-984d-00e4ebae786f,REGISTERED,2026-03-07 23:15:11.352861+00:00,,PENDING,
5200,5dc337da-1964-4bb6-91bf-e70cc0f2c12c,6898b9c8-16d4-46c4-a56c-4ce1865def90,REGISTERED,2026-04-27 18:49:49.437005+00:00,,PENDING,
5201,5dc337da-1964-4bb6-91bf-e70cc0f2c12c,e85bf3a0-343f-43c6-9d3c-0139253eb5fe,REGISTERED,2026-03-04 15:38:16.461325+00:00,,PENDING,
5202,5dc337da-1964-4bb6-91bf-e70cc0f2c12c,4f401a8b-a036-4ae4-ac18-f69336a55209,REGISTERED,2026-03-20 14:02:31.580917+00:00,,PENDING,
5203,5dc337da-1964-4bb6-91bf-e70cc0f2c12c,830b26e2-0a20-44ba-bebb-2eb0e55eb5eb,REGISTERED,2026-04-25 12:31:23.304773+00:00,,PENDING,
5204,5dc337da-1964-4bb6-91bf-e70cc0f2c12c,767f6a60-4ed4-4d62-b89e-454933720617,REGISTERED,2026-03-25 04:58:44.120544+00:00,,PENDING,
5205,5dc337da-1964-4bb6-91bf-e70cc0f2c12c,e707ec8d-700c-4a76-b105-331db986cdd6,REGISTERED,2026-03-04 07:30:31.214083+00:00,,PENDING,
5206,5dc337da-1964-4bb6-91bf-e70cc0f2c12c,ed50a04f-41be-4ee7-89ae-aed7531faa34,CANCELLED,2026-03-08 04:10:46.703087+00:00,2026-04-27 07:14:34.899693+00:00,PENDING,Indisponibilité personnelle signalée.
5207,5dc337da-1964-4bb6-91bf-e70cc0f2c12c,3890de82-3395-42e3-86ff-099140dc8353,REGISTERED,2026-03-24 21:25:13.907288+00:00,,PENDING,
5208,5dc337da-1964-4bb6-91bf-e70cc0f2c12c,94df617c-7422-4cee-8fff-551c271661f6,REGISTERED,2026-04-20 12:01:59.358424+00:00,,PENDING,
5209,5dc337da-1964-4bb6-91bf-e70cc0f2c12c,f85deb38-8a7f-46fd-aa7f-0c9d18401a70,REGISTERED,2026-03-11 09:01:09.010978+00:00,,PENDING,
5210,5dc337da-1964-4bb6-91bf-e70cc0f2c12c,0b8e3edc-e13f-433c-bcda-bf4510acface,REGISTERED,2026-04-15 18:29:22.088291+00:00,,PENDING,
5211,5dc337da-1964-4bb6-91bf-e70cc0f2c12c,009106ed-775c-4434-bfde-f95de8733d4b,REGISTERED,2026-03-13 20:28:19.104989+00:00,,PENDING,
5212,5dc337da-1964-4bb6-91bf-e70cc0f2c12c,1afa7fed-df03-44c8-b7f4-59e0d64bbaad,REGISTERED,2026-03-06 05:58:04.666479+00:00,,PENDING,
5213,5dc337da-1964-4bb6-91bf-e70cc0f2c12c,ce737a66-340f-45b5-b53a-c9066f05836b,REGISTERED,2026-04-23 01:29:22.223920+00:00,,PENDING,
5214,5dc337da-1964-4bb6-91bf-e70cc0f2c12c,83591bb5-b0a5-432a-9670-a236e11cbb0b,REGISTERED,2026-02-28 23:05:48.912189+00:00,,PENDING,
5215,5dc337da-1964-4bb6-91bf-e70cc0f2c12c,38f134e4-e62f-4bb9-a0f5-99a23ed433c7,REGISTERED,2026-04-04 08:22:45.826813+00:00,,PENDING,
5216,5dc337da-1964-4bb6-91bf-e70cc0f2c12c,d2143c02-7643-4dad-9edd-73d7e485eec7,CANCELLED,2026-03-08 13:45:15.128426+00:00,2026-04-10 07:25:26.447299+00:00,PENDING,Charge de travail incompatible avec l’événement.
5217,5dc337da-1964-4bb6-91bf-e70cc0f2c12c,33a01618-4870-40e7-82ee-dd8ab9825756,REGISTERED,2026-02-17 14:30:01.513874+00:00,,PENDING,
5218,5dc337da-1964-4bb6-91bf-e70cc0f2c12c,f594c6ae-fae0-4ba8-8668-199181bbdd68,REGISTERED,2026-02-05 10:11:20.176235+00:00,,PENDING,
5219,5dc337da-1964-4bb6-91bf-e70cc0f2c12c,786ba2a2-fd55-4c3c-82a9-6ab4566b3717,REGISTERED,2026-04-08 16:25:47.273938+00:00,,PENDING,
5220,5dc337da-1964-4bb6-91bf-e70cc0f2c12c,bc70bf9e-59c4-4c98-a89c-92f271b748cc,REGISTERED,2026-02-17 15:11:51.589098+00:00,,PENDING,
5221,5dc337da-1964-4bb6-91bf-e70cc0f2c12c,04d1e3f4-5420-4b71-a3a5-85f2ed790744,REGISTERED,2026-04-08 09:00:39.039637+00:00,,PENDING,
5222,5dc337da-1964-4bb6-91bf-e70cc0f2c12c,9c6726f8-a791-4aaf-bb43-2ac925259d5c,REGISTERED,2026-03-23 05:58:05.633878+00:00,,PENDING,
5223,5dc337da-1964-4bb6-91bf-e70cc0f2c12c,50480e44-2e0d-4139-aa9b-67dfcc405d62,REGISTERED,2026-03-15 21:27:06.684094+00:00,,PENDING,
5224,5dc337da-1964-4bb6-91bf-e70cc0f2c12c,540abdf1-304b-4ae8-be52-92cdac07dce3,REGISTERED,2026-04-03 06:11:16.198636+00:00,,PENDING,
5225,5dc337da-1964-4bb6-91bf-e70cc0f2c12c,4284538a-2eb5-4ac7-9e74-d9148261af39,REGISTERED,2026-03-04 09:18:15.290105+00:00,,PENDING,
5226,91663dcc-03b8-4d0e-8b0f-6575293b7cd0,6e55651b-8ed1-4671-be45-9df63f4dbdb6,REGISTERED,2026-04-29 03:41:15.547776+00:00,,PENDING,
5227,91663dcc-03b8-4d0e-8b0f-6575293b7cd0,2b117fb4-0476-4220-9e19-f00fccae94a5,REGISTERED,2026-02-24 23:19:32.362135+00:00,,PENDING,
5228,91663dcc-03b8-4d0e-8b0f-6575293b7cd0,578da049-e513-4249-a1cf-ad5d43e8fb14,REGISTERED,2026-02-12 05:10:25.196765+00:00,,PENDING,
5229,91663dcc-03b8-4d0e-8b0f-6575293b7cd0,b8b374dd-9fa4-4bbd-9bb0-e00bf90d665f,REGISTERED,2026-04-20 12:09:59.206460+00:00,,PENDING,
5230,91663dcc-03b8-4d0e-8b0f-6575293b7cd0,c45d7879-b91c-47e2-9f80-fe17082b34a9,REGISTERED,2026-03-31 22:58:10.364235+00:00,,PENDING,
5231,91663dcc-03b8-4d0e-8b0f-6575293b7cd0,6531a0f2-47b9-4582-85c5-5d1479aedfd0,REGISTERED,2026-03-03 21:08:12.687672+00:00,,PENDING,
5232,91663dcc-03b8-4d0e-8b0f-6575293b7cd0,1c8aea5a-7709-44a0-898c-a882a974318f,REGISTERED,2026-01-16 18:43:53.579245+00:00,,PENDING,
5233,91663dcc-03b8-4d0e-8b0f-6575293b7cd0,eb0e5714-103d-4cc9-9b7e-b0267f027196,REGISTERED,2026-04-06 22:30:24.518986+00:00,,PENDING,
5234,91663dcc-03b8-4d0e-8b0f-6575293b7cd0,4738d738-cc35-4349-9f89-e96e0a7c3f71,REGISTERED,2026-03-24 21:21:07.105603+00:00,,PENDING,
5235,91663dcc-03b8-4d0e-8b0f-6575293b7cd0,8e39130a-e867-4106-91d8-13206ebbc96a,REGISTERED,2026-03-12 23:04:50.364142+00:00,,PENDING,
5236,91663dcc-03b8-4d0e-8b0f-6575293b7cd0,f5795f69-df1e-4f2e-83bf-13391fab37a3,REGISTERED,2026-03-07 08:53:06.752762+00:00,,PENDING,
5237,91663dcc-03b8-4d0e-8b0f-6575293b7cd0,6d306999-ddb5-47e6-9aec-107cca3f6bbb,REGISTERED,2026-01-30 03:57:59.013996+00:00,,PENDING,
5238,91663dcc-03b8-4d0e-8b0f-6575293b7cd0,f74bfc4f-83da-466c-9090-774178a81831,REGISTERED,2026-02-02 18:56:53.585850+00:00,,PENDING,
5239,91663dcc-03b8-4d0e-8b0f-6575293b7cd0,e3a19585-197c-4218-9d75-752360108ba0,REGISTERED,2026-02-04 00:10:43.514085+00:00,,PENDING,
5240,91663dcc-03b8-4d0e-8b0f-6575293b7cd0,9de64ac2-5823-48b6-ad5a-3f693fa94794,REGISTERED,2026-01-09 18:41:25.303433+00:00,,PENDING,
5241,91663dcc-03b8-4d0e-8b0f-6575293b7cd0,b67484d6-57c8-48b2-bc51-671001b1bcda,REGISTERED,2026-04-21 19:59:50.334642+00:00,,PENDING,
5242,91663dcc-03b8-4d0e-8b0f-6575293b7cd0,14982b70-3b85-4fff-9449-0f42ce2dd336,REGISTERED,2026-03-18 05:21:38.441485+00:00,,PENDING,
5243,91663dcc-03b8-4d0e-8b0f-6575293b7cd0,41417e3e-4fd4-4942-a396-ba652bde8364,REGISTERED,2026-02-08 20:26:55.753364+00:00,,PENDING,
5244,91663dcc-03b8-4d0e-8b0f-6575293b7cd0,3b4c8589-a29e-4f2a-9518-57ade939fcf8,REGISTERED,2026-04-03 09:31:53.682799+00:00,,PENDING,
5245,91663dcc-03b8-4d0e-8b0f-6575293b7cd0,ff547326-c297-4923-8b93-97313a467f80,REGISTERED,2026-03-03 00:46:56.198341+00:00,,PENDING,
5246,91663dcc-03b8-4d0e-8b0f-6575293b7cd0,8316ff5f-cf64-4d38-95c5-ca2d545ce3d2,REGISTERED,2026-04-28 23:42:46.093417+00:00,,PENDING,
5247,91663dcc-03b8-4d0e-8b0f-6575293b7cd0,72efd112-3855-4a02-9572-9799474fbdf0,REGISTERED,2026-02-07 14:06:12.847903+00:00,,PENDING,
5248,91663dcc-03b8-4d0e-8b0f-6575293b7cd0,28ed3041-bf44-4e82-90cd-dbc09eec2534,REGISTERED,2026-03-28 05:30:28.535762+00:00,,PENDING,
5249,91663dcc-03b8-4d0e-8b0f-6575293b7cd0,04ae859c-0c10-43f9-b75f-3eda713debdb,CANCELLED,2026-03-04 16:16:40.623412+00:00,2026-04-19 14:10:43.298474+00:00,PENDING,Absence validée par le manager.
5250,91663dcc-03b8-4d0e-8b0f-6575293b7cd0,181e7e03-af2a-43ee-9324-840d14c267d3,REGISTERED,2026-01-24 13:46:01.839224+00:00,,PENDING,
5251,91663dcc-03b8-4d0e-8b0f-6575293b7cd0,9670db24-9fbd-4eae-8798-eee73b7f38b0,REGISTERED,2026-02-10 22:17:32.107251+00:00,,PENDING,
5252,91663dcc-03b8-4d0e-8b0f-6575293b7cd0,fbbaaa64-8cee-4669-9d6e-59242b284466,REGISTERED,2026-04-23 11:37:33.439494+00:00,,PENDING,
5253,91663dcc-03b8-4d0e-8b0f-6575293b7cd0,16db286d-1b67-49c2-b2c8-9d4d0fa29db6,REGISTERED,2026-03-21 04:32:20.693521+00:00,,PENDING,
5254,91663dcc-03b8-4d0e-8b0f-6575293b7cd0,65f45148-d34d-4ca8-b231-ff27af7e1083,REGISTERED,2026-03-08 11:35:44.733115+00:00,,PENDING,
5255,91663dcc-03b8-4d0e-8b0f-6575293b7cd0,1d623cd5-7c52-4925-a204-0c46c3869a1d,REGISTERED,2026-03-21 08:36:38.747728+00:00,,PENDING,
5256,35aa3585-3880-466e-a4f8-b30d6b45c62b,6151b758-ed55-4110-888e-d438d334a8e8,REGISTERED,2026-01-21 16:55:18.055923+00:00,,PRESENT,
5257,35aa3585-3880-466e-a4f8-b30d6b45c62b,3b4c8589-a29e-4f2a-9518-57ade939fcf8,REGISTERED,2026-03-12 03:45:29.055738+00:00,,PRESENT,
5258,35aa3585-3880-466e-a4f8-b30d6b45c62b,c8179126-6db5-4378-878a-06984c582910,REGISTERED,2026-03-14 08:49:23.596701+00:00,,PRESENT,
5259,35aa3585-3880-466e-a4f8-b30d6b45c62b,63c7f6a6-1fb9-467e-a32c-b7f7fbd263d6,REGISTERED,2026-01-23 22:39:10.449349+00:00,,PRESENT,
5260,35aa3585-3880-466e-a4f8-b30d6b45c62b,6a1ea467-ea53-40e2-9b4e-81c03e3120f5,REGISTERED,2026-01-27 11:55:29.347208+00:00,,PRESENT,
5261,35aa3585-3880-466e-a4f8-b30d6b45c62b,85d69c98-5b99-4368-9470-a023a0faaa39,REGISTERED,2026-02-11 01:52:25.425087+00:00,,PRESENT,
5262,35aa3585-3880-466e-a4f8-b30d6b45c62b,78c254c8-e08c-423c-b031-4de7e4eb1f25,REGISTERED,2026-03-13 11:44:07.451339+00:00,,PRESENT,
5263,35aa3585-3880-466e-a4f8-b30d6b45c62b,d39a524e-7c94-4fbb-ae92-88b5fbdeaeb8,REGISTERED,2026-02-24 21:25:18.088265+00:00,,PRESENT,
5264,35aa3585-3880-466e-a4f8-b30d6b45c62b,a4227edf-b1ca-4211-8668-7f5fc27b3661,REGISTERED,2026-01-20 16:24:40.022482+00:00,,PRESENT,
5265,35aa3585-3880-466e-a4f8-b30d6b45c62b,d4bea928-8cc6-40c1-ad6c-85ba2f32c3ca,REGISTERED,2026-01-21 15:17:28.806316+00:00,,PRESENT,
5266,35aa3585-3880-466e-a4f8-b30d6b45c62b,82262980-bc3c-49fb-a210-28daa74d1ba3,REGISTERED,2026-03-06 13:59:36.010754+00:00,,PRESENT,
5267,35aa3585-3880-466e-a4f8-b30d6b45c62b,cda07ab2-acb0-42ea-8b8d-d21f330bf70c,REGISTERED,2026-01-21 04:52:57.782952+00:00,,PRESENT,
5268,35aa3585-3880-466e-a4f8-b30d6b45c62b,c2c17b8a-e8e3-4734-8a5d-558dcb795104,REGISTERED,2026-02-16 05:50:04.151956+00:00,,PRESENT,
5269,35aa3585-3880-466e-a4f8-b30d6b45c62b,bd2d8a8f-cc69-4d59-9057-8cac5815b213,REGISTERED,2026-03-07 15:03:36.434763+00:00,,ABSENT,
5270,35aa3585-3880-466e-a4f8-b30d6b45c62b,88ca13bd-4e60-4303-800f-294b5b96f80d,REGISTERED,2026-02-26 22:52:27.529468+00:00,,PRESENT,
5271,32cb31bf-af32-4b4c-9e52-a480a287a750,070f1315-23db-4264-a087-d9f5634d6d48,REGISTERED,2026-03-16 09:24:24.879518+00:00,,PENDING,
5272,32cb31bf-af32-4b4c-9e52-a480a287a750,540abdf1-304b-4ae8-be52-92cdac07dce3,REGISTERED,2026-04-26 01:45:48.090156+00:00,,PENDING,
5273,32cb31bf-af32-4b4c-9e52-a480a287a750,bfe891b4-9403-4989-a44e-4cc7c30638a2,REGISTERED,2026-04-29 05:05:46.226593+00:00,,PENDING,
5274,32cb31bf-af32-4b4c-9e52-a480a287a750,33cc0235-e8ce-4838-80c3-1a8a3f670822,REGISTERED,2026-03-20 15:08:16.580468+00:00,,PENDING,
5275,32cb31bf-af32-4b4c-9e52-a480a287a750,50480e44-2e0d-4139-aa9b-67dfcc405d62,REGISTERED,2026-04-09 17:57:57.168117+00:00,,PENDING,
5276,32cb31bf-af32-4b4c-9e52-a480a287a750,2282676e-c8d8-45b4-8148-cb534f3e78bb,REGISTERED,2026-04-08 19:44:02.251118+00:00,,PENDING,
5277,685eab0b-417d-4cb4-916d-1e7ea0e5e5d7,8e9296c5-bcd9-48b9-a595-2c11e6d596ef,REGISTERED,2026-02-11 19:35:28.559289+00:00,,PRESENT,
5278,685eab0b-417d-4cb4-916d-1e7ea0e5e5d7,13376738-828d-4cdb-b40c-24d0da2a5573,REGISTERED,2026-02-15 07:11:54.068630+00:00,,PRESENT,
5279,685eab0b-417d-4cb4-916d-1e7ea0e5e5d7,0b72711e-4f6c-4326-9ddc-3f48887a46f7,REGISTERED,2026-02-14 13:41:39.030035+00:00,,PRESENT,
5280,685eab0b-417d-4cb4-916d-1e7ea0e5e5d7,37984151-0631-4f6f-b709-904ba8c61676,REGISTERED,2026-02-19 07:27:45.244123+00:00,,ABSENT,
5281,685eab0b-417d-4cb4-916d-1e7ea0e5e5d7,d4bea928-8cc6-40c1-ad6c-85ba2f32c3ca,REGISTERED,2026-01-08 07:10:02.563049+00:00,,ABSENT,
5282,685eab0b-417d-4cb4-916d-1e7ea0e5e5d7,f5856cb1-16f0-45c5-83c8-8332602c0554,REGISTERED,2026-02-12 06:24:23.578207+00:00,,PRESENT,
5283,685eab0b-417d-4cb4-916d-1e7ea0e5e5d7,ad077160-525d-4c40-8102-623ecef44a68,REGISTERED,2026-02-07 02:15:41.235554+00:00,,PRESENT,
5284,685eab0b-417d-4cb4-916d-1e7ea0e5e5d7,f6be51eb-5ff8-4a8e-a90d-11214c8c8539,REGISTERED,2026-01-09 19:05:10.341034+00:00,,PRESENT,
5285,693231ef-bb2f-408c-be9f-eee0768b9255,bc70bf9e-59c4-4c98-a89c-92f271b748cc,REGISTERED,2026-04-26 16:20:53.400364+00:00,,PENDING,
5286,693231ef-bb2f-408c-be9f-eee0768b9255,e6cbc23c-448f-475b-9d8d-a739cbc80407,REGISTERED,2026-05-01 00:01:21.337428+00:00,,PENDING,
5287,693231ef-bb2f-408c-be9f-eee0768b9255,ae923cee-de34-4666-b2f5-d8b68dd987f9,REGISTERED,2026-04-28 09:19:24.484676+00:00,,PENDING,
5288,4a26c22d-e649-47a7-b63c-f31f57541949,57ba55cf-425f-48e2-9ed7-0fc2e1c80530,REGISTERED,2026-02-18 17:10:47.508132+00:00,,PENDING,
5289,4a26c22d-e649-47a7-b63c-f31f57541949,a166e45a-4673-4033-bd08-6264c00ab024,REGISTERED,2026-04-16 13:37:02.701605+00:00,,PENDING,
5290,4a26c22d-e649-47a7-b63c-f31f57541949,5a279486-f19e-477b-ada8-50c908151f96,REGISTERED,2026-04-13 22:10:51.412459+00:00,,PENDING,
5291,4a26c22d-e649-47a7-b63c-f31f57541949,21e93a46-e401-457d-ad44-d22012a753d7,REGISTERED,2026-03-11 21:21:07.733397+00:00,,PENDING,
5292,4a26c22d-e649-47a7-b63c-f31f57541949,c024ae2f-747f-4e78-b09d-430b0eca3860,REGISTERED,2026-04-13 18:53:31.191172+00:00,,PENDING,
5293,4a26c22d-e649-47a7-b63c-f31f57541949,2d2ef5e3-a9fa-454f-9d27-96ad5903a226,REGISTERED,2026-04-04 05:53:44.488668+00:00,,PENDING,
5294,4a26c22d-e649-47a7-b63c-f31f57541949,c95d510a-3346-4f36-be97-770bde6ccec1,REGISTERED,2026-01-14 01:08:22.460642+00:00,,PENDING,
5295,4a26c22d-e649-47a7-b63c-f31f57541949,77912841-0831-4559-9152-00fd23a9a51c,REGISTERED,2026-04-12 01:22:29.163690+00:00,,PENDING,
5296,4a26c22d-e649-47a7-b63c-f31f57541949,e63e4f83-e0ba-4644-a46a-7413de243920,REGISTERED,2026-01-18 07:43:42.885035+00:00,,PENDING,
5297,4a26c22d-e649-47a7-b63c-f31f57541949,1c17e3b7-1ace-4929-8a17-4b637e56b0b6,REGISTERED,2026-01-27 17:03:35.666391+00:00,,PENDING,
5298,4a26c22d-e649-47a7-b63c-f31f57541949,d7f518f6-8981-4973-9c42-b49423f7f23e,REGISTERED,2026-02-18 11:12:48.440703+00:00,,PENDING,
5299,4a26c22d-e649-47a7-b63c-f31f57541949,e7809835-b2eb-469d-af70-252267401dcd,REGISTERED,2026-04-20 12:43:35.674854+00:00,,PENDING,
5300,4a26c22d-e649-47a7-b63c-f31f57541949,a04f5eda-a557-4705-92b5-88cc55ea6558,REGISTERED,2026-04-07 01:32:58.143941+00:00,,PENDING,
5301,4a26c22d-e649-47a7-b63c-f31f57541949,a3befb78-1e74-4bd2-88bc-ea49d60ed7d7,REGISTERED,2026-03-16 14:39:07.375047+00:00,,PENDING,
5302,4a26c22d-e649-47a7-b63c-f31f57541949,1bdd1aba-8056-4ec1-b09d-02acb85a9eab,REGISTERED,2026-02-25 20:34:35.400789+00:00,,PENDING,
5303,4a26c22d-e649-47a7-b63c-f31f57541949,aa4e1ebb-5f2c-431e-b14c-49099924347c,REGISTERED,2026-02-05 17:15:42.772056+00:00,,PENDING,
5304,4a26c22d-e649-47a7-b63c-f31f57541949,3784474d-e825-475d-9698-3cd025b65f95,REGISTERED,2026-02-04 07:53:34.519888+00:00,,PENDING,
5305,4a26c22d-e649-47a7-b63c-f31f57541949,85d69c98-5b99-4368-9470-a023a0faaa39,REGISTERED,2026-02-18 13:56:22.664357+00:00,,PENDING,
5306,4a26c22d-e649-47a7-b63c-f31f57541949,45f2fe70-a2a2-4fcc-b0f2-29306540418a,REGISTERED,2026-02-22 22:28:27.199469+00:00,,PENDING,
5307,4a26c22d-e649-47a7-b63c-f31f57541949,13d27dae-abb6-45aa-8a42-aabcca05524a,REGISTERED,2026-01-17 05:20:17.234851+00:00,,PENDING,
5308,4a26c22d-e649-47a7-b63c-f31f57541949,15faaccb-2bbf-40c2-8ccd-d84e51bfe1a3,REGISTERED,2026-04-17 09:51:03.603320+00:00,,PENDING,
5309,4a26c22d-e649-47a7-b63c-f31f57541949,99be4c11-8624-4a8a-a33e-833f5dd5a1e5,REGISTERED,2026-03-22 07:51:21.476695+00:00,,PENDING,
5310,4a26c22d-e649-47a7-b63c-f31f57541949,b84486da-21ec-4b82-bf29-a0ba711862f5,REGISTERED,2026-01-27 15:32:16.465471+00:00,,PENDING,
5311,4a26c22d-e649-47a7-b63c-f31f57541949,523b8c7a-c2fe-456d-b96a-d35efdae8e10,REGISTERED,2026-03-28 12:04:38.469563+00:00,,PENDING,
5312,4a26c22d-e649-47a7-b63c-f31f57541949,8a674818-0a1b-475b-a8c9-cbe1e87d7943,REGISTERED,2026-03-01 14:11:02.658374+00:00,,PENDING,
5313,4a26c22d-e649-47a7-b63c-f31f57541949,0d89d375-2da9-4e6e-bf17-55801c583b8e,REGISTERED,2026-04-21 17:19:33.981548+00:00,,PENDING,
5314,4a26c22d-e649-47a7-b63c-f31f57541949,d432410f-620e-49df-9646-346e8457b3bf,REGISTERED,2026-02-08 18:35:35.221649+00:00,,PENDING,
5315,4a26c22d-e649-47a7-b63c-f31f57541949,6a1ea467-ea53-40e2-9b4e-81c03e3120f5,REGISTERED,2026-01-19 01:28:46.742847+00:00,,PENDING,
5316,4a26c22d-e649-47a7-b63c-f31f57541949,9fd6253e-a662-4cde-bf57-754afdda3595,REGISTERED,2026-03-06 04:16:23.656241+00:00,,PENDING,
5317,4a26c22d-e649-47a7-b63c-f31f57541949,4104f49c-666e-4c48-8185-e1ef630c83c1,REGISTERED,2026-03-22 12:40:42.544402+00:00,,PENDING,
5318,4a26c22d-e649-47a7-b63c-f31f57541949,85b757d0-f583-4082-88db-1422127834d3,REGISTERED,2026-04-07 19:22:55.510421+00:00,,PENDING,
5319,4a26c22d-e649-47a7-b63c-f31f57541949,66254aec-711c-4731-ad1b-12358695cff5,REGISTERED,2026-02-14 23:32:55.891714+00:00,,PENDING,
5320,4a26c22d-e649-47a7-b63c-f31f57541949,830b26e2-0a20-44ba-bebb-2eb0e55eb5eb,REGISTERED,2026-02-24 15:26:26.668321+00:00,,PENDING,
5321,4a26c22d-e649-47a7-b63c-f31f57541949,03eeb36f-1602-4d94-af8d-fa5e5db432b8,REGISTERED,2026-03-25 00:21:02.794161+00:00,,PENDING,
5322,4a26c22d-e649-47a7-b63c-f31f57541949,767e0eaf-7303-4417-832c-a8e02100fe09,CANCELLED,2026-04-30 15:32:41.803523+00:00,2026-04-30 16:12:55.623786+00:00,PENDING,Contrainte de planning de dernière minute.
5323,4a26c22d-e649-47a7-b63c-f31f57541949,284ef197-5fe6-404b-92da-1fd69387091d,REGISTERED,2026-02-22 17:23:15.427698+00:00,,PENDING,
5324,4a26c22d-e649-47a7-b63c-f31f57541949,cabfbbfa-d76d-4f74-a0ec-910dd89f4794,REGISTERED,2026-01-26 17:04:20.789135+00:00,,PENDING,
5325,4a26c22d-e649-47a7-b63c-f31f57541949,9c80f797-b35a-496e-a518-bd9b32ba13b9,CANCELLED,2026-03-18 00:01:39.315888+00:00,2026-04-25 18:01:56.897222+00:00,PENDING,Modification de l’agenda projet.
5326,4a26c22d-e649-47a7-b63c-f31f57541949,542134d1-b226-400c-8d7c-4e24b1a088a6,CANCELLED,2026-04-24 03:20:08.060549+00:00,2026-04-26 13:35:06.269910+00:00,PENDING,Indisponibilité personnelle signalée.
5327,4a26c22d-e649-47a7-b63c-f31f57541949,ea6a2151-71d0-4a29-bdab-6b249f5466e9,REGISTERED,2026-03-05 02:35:53.602798+00:00,,PENDING,
5328,8ab14006-b776-448d-9d93-d01d7cd90426,7fe85746-fe19-422b-8bf2-d167d79a2d1a,REGISTERED,2026-02-13 11:45:32.360836+00:00,,PRESENT,
5329,8ab14006-b776-448d-9d93-d01d7cd90426,3619dfe1-747a-4948-8c14-9a75c51a9710,REGISTERED,2026-01-30 23:56:20.735883+00:00,,PRESENT,
5330,8ab14006-b776-448d-9d93-d01d7cd90426,9ae48ba1-0867-4c64-a244-f1510ff241c4,REGISTERED,2026-02-13 07:50:51.593332+00:00,,PRESENT,
5331,8ab14006-b776-448d-9d93-d01d7cd90426,a839e782-c52a-420c-a7e1-e03328578e0d,REGISTERED,2026-02-07 02:54:53.788441+00:00,,ABSENT,
5332,8ab14006-b776-448d-9d93-d01d7cd90426,29e789b9-43d6-4d77-bba5-a8fe5bbec079,CANCELLED,2026-01-03 19:08:46.351891+00:00,2026-02-10 00:29:57.635886+00:00,PENDING,Changement de priorité métier.
5333,8ab14006-b776-448d-9d93-d01d7cd90426,cda07ab2-acb0-42ea-8b8d-d21f330bf70c,REGISTERED,2026-02-11 05:21:23.754181+00:00,,PRESENT,
5334,8ab14006-b776-448d-9d93-d01d7cd90426,ea36f8c9-4d00-4fba-b63b-acf0a7b24913,REGISTERED,2026-01-09 07:42:34.458632+00:00,,PRESENT,
5335,8ab14006-b776-448d-9d93-d01d7cd90426,50480e44-2e0d-4139-aa9b-67dfcc405d62,REGISTERED,2026-01-31 19:43:28.780002+00:00,,PRESENT,
5336,8ab14006-b776-448d-9d93-d01d7cd90426,4a9e86b6-080d-430e-bcb2-e2ee310d6672,REGISTERED,2026-01-23 23:11:19.337066+00:00,,PRESENT,
5337,8ab14006-b776-448d-9d93-d01d7cd90426,a0aa60fd-568a-4e6d-86f9-4d6b89c6e255,REGISTERED,2026-02-15 17:30:20.128988+00:00,,PRESENT,
5338,8ab14006-b776-448d-9d93-d01d7cd90426,37984151-0631-4f6f-b709-904ba8c61676,REGISTERED,2026-02-16 22:36:40.604670+00:00,,PRESENT,
5339,8ab14006-b776-448d-9d93-d01d7cd90426,fa28ce57-bb38-4d8a-a0f3-a2d5cd14c061,CANCELLED,2026-02-15 15:15:34.580774+00:00,2026-03-03 02:23:05.615085+00:00,PENDING,Session finalement non pertinente pour le profil.
5340,6dfa4b6c-5b6a-4343-a1e0-99c86507b4a2,4a9e86b6-080d-430e-bcb2-e2ee310d6672,REGISTERED,2026-04-21 13:40:42.275631+00:00,,PENDING,
5341,6dfa4b6c-5b6a-4343-a1e0-99c86507b4a2,786ba2a2-fd55-4c3c-82a9-6ab4566b3717,REGISTERED,2026-04-04 21:15:00.051507+00:00,,PENDING,
5342,6dfa4b6c-5b6a-4343-a1e0-99c86507b4a2,770e95a3-7660-43c7-813b-e5d70b9b2ee1,CANCELLED,2026-04-18 15:13:54.045451+00:00,2026-04-30 09:31:11.523603+00:00,PENDING,Besoin de suivre une autre session en priorité.
5343,db224a69-f29c-47ad-8c3b-3d21f2b05b7c,08dc70fc-64c7-4fb3-ab1f-76c43226fdbf,REGISTERED,2026-03-15 09:38:26.923536+00:00,,PENDING,
5344,db224a69-f29c-47ad-8c3b-3d21f2b05b7c,79813442-5e34-470e-ae19-fde9bd8d21e8,CANCELLED,2026-04-02 00:18:16.011692+00:00,2026-04-29 05:33:14.088909+00:00,PENDING,Absence validée par le manager.
5345,db224a69-f29c-47ad-8c3b-3d21f2b05b7c,b3d93062-a120-4b9f-8188-3421e21ae870,REGISTERED,2026-04-06 11:24:21.418233+00:00,,PENDING,
5346,db224a69-f29c-47ad-8c3b-3d21f2b05b7c,9dfc227f-7a2c-4af9-81e9-aaf98bdb8fda,REGISTERED,2026-04-08 01:15:10.386681+00:00,,PENDING,
5347,db224a69-f29c-47ad-8c3b-3d21f2b05b7c,d1d788a6-dd4c-4608-94bc-b1fd10c2a24e,REGISTERED,2026-04-10 03:55:45.207944+00:00,,PENDING,
5348,db224a69-f29c-47ad-8c3b-3d21f2b05b7c,2283e00e-d82e-4663-8d50-14ece1f3a41c,CANCELLED,2026-03-23 00:17:07.639491+00:00,2026-04-15 10:23:05.812453+00:00,PENDING,Contrainte de planning de dernière minute.
5349,db224a69-f29c-47ad-8c3b-3d21f2b05b7c,a5e91f29-76ad-47df-8a3c-43ad203ed9c3,REGISTERED,2026-04-02 23:52:29.362991+00:00,,PENDING,
5350,db224a69-f29c-47ad-8c3b-3d21f2b05b7c,62668eb7-8a70-4916-8f73-9d676777f177,REGISTERED,2026-03-16 05:02:38.378757+00:00,,PENDING,
5351,db224a69-f29c-47ad-8c3b-3d21f2b05b7c,5e61724f-7287-442f-963a-0d5dd803249c,REGISTERED,2026-03-26 11:18:52.399491+00:00,,PENDING,
5352,db224a69-f29c-47ad-8c3b-3d21f2b05b7c,0758c702-8abe-48eb-8498-0241319134d6,REGISTERED,2026-04-16 16:48:36.503121+00:00,,PENDING,
5353,e5e8e107-d2ec-4718-850f-26f28a79aa2d,6ed2246c-0899-4390-bcd4-1c784aa4dcbf,REGISTERED,2026-02-11 12:33:22.476855+00:00,,PENDING,
5354,e5e8e107-d2ec-4718-850f-26f28a79aa2d,c4e9879e-05ab-498a-920f-58381490c89b,REGISTERED,2026-02-24 13:51:59.511386+00:00,,PENDING,
5355,e5e8e107-d2ec-4718-850f-26f28a79aa2d,e6cbc23c-448f-475b-9d8d-a739cbc80407,REGISTERED,2026-04-14 14:08:25.808283+00:00,,PENDING,
5356,e5e8e107-d2ec-4718-850f-26f28a79aa2d,de60686f-1075-42f6-8d70-c65c29ff1620,REGISTERED,2026-02-10 18:26:10.375711+00:00,,PENDING,
5357,e5e8e107-d2ec-4718-850f-26f28a79aa2d,ea94002e-07bf-4277-9b9a-4f657eaa8125,REGISTERED,2026-04-19 01:03:22.102664+00:00,,PENDING,
5358,e5e8e107-d2ec-4718-850f-26f28a79aa2d,e3a19585-197c-4218-9d75-752360108ba0,REGISTERED,2026-02-10 18:14:24.587400+00:00,,PENDING,
5359,e5e8e107-d2ec-4718-850f-26f28a79aa2d,a92d0de1-8406-42f3-a47a-eba53cfc918d,REGISTERED,2026-04-14 08:14:02.501667+00:00,,PENDING,
5360,e5e8e107-d2ec-4718-850f-26f28a79aa2d,3f24b106-d0fe-4f00-822d-c9d256babef7,REGISTERED,2026-03-06 01:26:04.606858+00:00,,PENDING,
5361,e5e8e107-d2ec-4718-850f-26f28a79aa2d,c024ae2f-747f-4e78-b09d-430b0eca3860,REGISTERED,2026-03-10 19:38:07.994669+00:00,,PENDING,
5362,e5e8e107-d2ec-4718-850f-26f28a79aa2d,317b3030-2453-480a-be7a-493d61b447f0,REGISTERED,2026-04-19 19:49:42.905900+00:00,,PENDING,
5363,e5e8e107-d2ec-4718-850f-26f28a79aa2d,c7d4b081-bb87-4340-9a1f-0649f6113b13,REGISTERED,2026-04-26 00:51:30.997606+00:00,,PENDING,
5364,e5e8e107-d2ec-4718-850f-26f28a79aa2d,8fb6c560-14f4-4ef9-bab1-bda6ae55864c,CANCELLED,2026-02-19 19:32:07.857825+00:00,2026-02-20 01:18:36.209644+00:00,PENDING,Conflit d’horaire avec une réunion prioritaire.
5365,e5e8e107-d2ec-4718-850f-26f28a79aa2d,767e0eaf-7303-4417-832c-a8e02100fe09,REGISTERED,2026-03-20 10:31:09.454823+00:00,,PENDING,
5366,e5e8e107-d2ec-4718-850f-26f28a79aa2d,16ce6d70-5405-478a-a25a-cc332ef4b47c,REGISTERED,2026-04-29 01:14:21.513830+00:00,,PENDING,
5367,e5e8e107-d2ec-4718-850f-26f28a79aa2d,53234d32-ce6e-4a41-989f-d1958715bab4,REGISTERED,2026-04-06 09:38:47.168067+00:00,,PENDING,
5368,e5e8e107-d2ec-4718-850f-26f28a79aa2d,cb9bfc83-d69e-4da2-b15e-b524df16c0e3,REGISTERED,2026-04-18 19:37:03.195597+00:00,,PENDING,
5369,e5e8e107-d2ec-4718-850f-26f28a79aa2d,dc305b07-816b-4ee2-869d-98231db9d646,REGISTERED,2026-03-26 14:40:39.235739+00:00,,PENDING,
5370,e5e8e107-d2ec-4718-850f-26f28a79aa2d,ada33a22-047d-41f7-9001-c78a46d52ecc,REGISTERED,2026-03-27 16:15:03.729479+00:00,,PENDING,
5371,e5e8e107-d2ec-4718-850f-26f28a79aa2d,aa4e1ebb-5f2c-431e-b14c-49099924347c,REGISTERED,2026-02-13 11:31:22.006907+00:00,,PENDING,
5372,e5e8e107-d2ec-4718-850f-26f28a79aa2d,18461a76-23dd-484e-ac0a-37f832c9ef57,REGISTERED,2026-02-25 04:04:14.407864+00:00,,PENDING,
5373,e5e8e107-d2ec-4718-850f-26f28a79aa2d,649114ae-3449-49ab-a8e8-f4c931409e3d,REGISTERED,2026-04-07 12:19:12.360912+00:00,,PENDING,
5374,e5e8e107-d2ec-4718-850f-26f28a79aa2d,a7f7f5a9-460c-4634-86dd-96133ca51131,REGISTERED,2026-04-08 06:04:30.177116+00:00,,PENDING,
5375,e5e8e107-d2ec-4718-850f-26f28a79aa2d,586058b9-99bc-4600-9f37-87111fcaf37e,REGISTERED,2026-04-29 01:59:24.048221+00:00,,PENDING,
5376,e5e8e107-d2ec-4718-850f-26f28a79aa2d,c45d7879-b91c-47e2-9f80-fe17082b34a9,REGISTERED,2026-03-29 17:59:46.627163+00:00,,PENDING,
5377,e5e8e107-d2ec-4718-850f-26f28a79aa2d,dd9df6aa-658b-4a83-a5f1-25bf41aa21bd,REGISTERED,2026-04-20 19:59:46.844408+00:00,,PENDING,
5378,e5e8e107-d2ec-4718-850f-26f28a79aa2d,3fed2f1f-ed8e-425e-a9c7-8401c4bea33c,REGISTERED,2026-02-16 08:49:23.215934+00:00,,PENDING,
5379,e5e8e107-d2ec-4718-850f-26f28a79aa2d,3890de82-3395-42e3-86ff-099140dc8353,REGISTERED,2026-03-28 00:25:21.270983+00:00,,PENDING,
5380,e5e8e107-d2ec-4718-850f-26f28a79aa2d,432c2cf9-dd95-45fd-9867-4bb233d84a2f,REGISTERED,2026-03-10 02:29:00.668065+00:00,,PENDING,
5381,e5e8e107-d2ec-4718-850f-26f28a79aa2d,f3ee8d81-bce1-4705-a1dd-180f42249038,REGISTERED,2026-02-26 10:14:21.706176+00:00,,PENDING,
5382,e5e8e107-d2ec-4718-850f-26f28a79aa2d,d6fe6795-80b6-44d5-81a2-ba29873a9947,REGISTERED,2026-02-20 11:55:25.037353+00:00,,PENDING,
5383,e5e8e107-d2ec-4718-850f-26f28a79aa2d,3153eaad-facb-4e77-bf73-9a19018c032d,REGISTERED,2026-04-05 20:57:23.027303+00:00,,PENDING,
5384,e5e8e107-d2ec-4718-850f-26f28a79aa2d,36a7aa14-d53e-4d7a-9df0-346370185c99,REGISTERED,2026-03-23 06:25:02.552188+00:00,,PENDING,
5385,e5e8e107-d2ec-4718-850f-26f28a79aa2d,ebabeeab-3d61-4de8-9cc1-9896c30de71c,CANCELLED,2026-04-08 18:20:13.382503+00:00,2026-04-21 18:14:19.271503+00:00,PENDING,Déplacement professionnel confirmé.
5386,e5e8e107-d2ec-4718-850f-26f28a79aa2d,c4f2d79f-23af-4742-9bde-78ffe22cfce6,REGISTERED,2026-03-10 17:05:14.598655+00:00,,PENDING,
5387,e5e8e107-d2ec-4718-850f-26f28a79aa2d,97fc9842-4aa8-4e8a-984d-00e4ebae786f,REGISTERED,2026-03-01 16:59:40.725021+00:00,,PENDING,
5388,e5e8e107-d2ec-4718-850f-26f28a79aa2d,14982b70-3b85-4fff-9449-0f42ce2dd336,REGISTERED,2026-03-01 10:45:03.094174+00:00,,PENDING,
5389,e5e8e107-d2ec-4718-850f-26f28a79aa2d,d07b17dc-7457-4ac7-81fc-f5ba88f492bc,REGISTERED,2026-04-23 04:56:11.859677+00:00,,PENDING,
5390,e5e8e107-d2ec-4718-850f-26f28a79aa2d,85480232-8d0c-45e2-bb3b-62ccdcf67029,REGISTERED,2026-03-30 21:11:44.627084+00:00,,PENDING,
5391,e5e8e107-d2ec-4718-850f-26f28a79aa2d,a4a42f9d-a91e-4fe8-9b5b-917d60ef0495,REGISTERED,2026-05-01 02:26:06.517578+00:00,,PENDING,
5392,e5e8e107-d2ec-4718-850f-26f28a79aa2d,5f646712-930f-479c-89c6-657ca0f5634c,REGISTERED,2026-03-03 00:57:40.736376+00:00,,PENDING,
5393,e5e8e107-d2ec-4718-850f-26f28a79aa2d,83d4670d-ba55-4ec7-9348-24a2b2c1d40f,REGISTERED,2026-03-30 02:18:32.122017+00:00,,PENDING,
5394,e5e8e107-d2ec-4718-850f-26f28a79aa2d,c1e9f1c5-3a1d-407e-9767-7cb7c9089296,REGISTERED,2026-02-09 11:36:16.826196+00:00,,PENDING,
5395,e5e8e107-d2ec-4718-850f-26f28a79aa2d,27e57f44-3711-4937-96be-d80bcf09b05d,REGISTERED,2026-04-06 07:04:36.308524+00:00,,PENDING,
5396,e5e8e107-d2ec-4718-850f-26f28a79aa2d,f94cae4d-1651-4cf9-829f-4b10982ab3a1,REGISTERED,2026-02-23 18:01:14.324893+00:00,,PENDING,
5397,e5e8e107-d2ec-4718-850f-26f28a79aa2d,40bd5505-6dbf-49ae-817e-6ca216a5630f,CANCELLED,2026-04-02 00:09:25.533360+00:00,2026-04-25 11:00:19.608096+00:00,PENDING,Contrainte de planning de dernière minute.
5398,e5e8e107-d2ec-4718-850f-26f28a79aa2d,33f7c853-3ff8-4418-bdb9-d83a6f30531c,REGISTERED,2026-04-28 08:00:40.670029+00:00,,PENDING,
5399,e5e8e107-d2ec-4718-850f-26f28a79aa2d,23ce8810-f0b8-4d2e-8e2b-68771418b437,REGISTERED,2026-02-11 10:00:10.817578+00:00,,PENDING,
5400,e5e8e107-d2ec-4718-850f-26f28a79aa2d,a4227edf-b1ca-4211-8668-7f5fc27b3661,CANCELLED,2026-02-12 21:40:47.763419+00:00,2026-02-25 12:45:44.554715+00:00,PENDING,Déplacement professionnel confirmé.
5401,e5e8e107-d2ec-4718-850f-26f28a79aa2d,d038d3e8-db0f-4824-9216-4de208fd6652,REGISTERED,2026-02-04 06:20:27.277683+00:00,,PENDING,
5402,e5e8e107-d2ec-4718-850f-26f28a79aa2d,76a9bda7-4fee-4da7-a23d-97f4c3bfc3a1,REGISTERED,2026-03-14 03:12:51.296783+00:00,,PENDING,
5403,e5e8e107-d2ec-4718-850f-26f28a79aa2d,1a5ca586-55ef-4c1b-9c5f-2f5b56931420,REGISTERED,2026-02-16 14:12:49.986145+00:00,,PENDING,
5404,e5e8e107-d2ec-4718-850f-26f28a79aa2d,d8f6a1f6-2bba-4d6b-8516-7202830f5ffb,CANCELLED,2026-04-05 21:57:13.923069+00:00,2026-04-15 03:18:43.463360+00:00,PENDING,Besoin de suivre une autre session en priorité.
5405,e5e8e107-d2ec-4718-850f-26f28a79aa2d,96c2c320-89b7-409d-a93a-aee004fcc338,REGISTERED,2026-03-30 21:11:17.119238+00:00,,PENDING,
5406,e5e8e107-d2ec-4718-850f-26f28a79aa2d,2282676e-c8d8-45b4-8148-cb534f3e78bb,REGISTERED,2026-02-20 08:19:31.103234+00:00,,PENDING,
5407,e5e8e107-d2ec-4718-850f-26f28a79aa2d,786ba2a2-fd55-4c3c-82a9-6ab4566b3717,REGISTERED,2026-02-20 20:54:17.538595+00:00,,PENDING,
5408,e5e8e107-d2ec-4718-850f-26f28a79aa2d,c848b20c-f059-4930-95e5-93f28ae465c9,REGISTERED,2026-02-11 23:14:21.180080+00:00,,PENDING,
5409,e5e8e107-d2ec-4718-850f-26f28a79aa2d,1cf69dca-1008-4088-ab2d-72f1112b1abb,REGISTERED,2026-02-12 09:00:22.931378+00:00,,PENDING,
5410,e5e8e107-d2ec-4718-850f-26f28a79aa2d,bfe891b4-9403-4989-a44e-4cc7c30638a2,REGISTERED,2026-04-13 09:13:40.604244+00:00,,PENDING,
5411,e5e8e107-d2ec-4718-850f-26f28a79aa2d,45c10be6-7fac-4883-8cee-b772caa3f8de,REGISTERED,2026-04-23 23:17:05.534251+00:00,,PENDING,
5412,b948b886-e62a-4351-a77d-53bfece43450,42985594-b4de-4967-9bb0-fa9bd3a9e08f,REGISTERED,2026-04-20 23:03:32.354505+00:00,,PENDING,
5413,b948b886-e62a-4351-a77d-53bfece43450,c58f7dbd-9a6d-4c3f-bed8-75f484e20259,REGISTERED,2026-03-03 07:28:09.428962+00:00,,PENDING,
5414,b948b886-e62a-4351-a77d-53bfece43450,8a3bbec3-4136-45f6-b098-bbb2be370926,REGISTERED,2026-04-27 09:33:51.299404+00:00,,PENDING,
5415,b948b886-e62a-4351-a77d-53bfece43450,fcde4003-2759-47b7-b54d-25da4c86740a,REGISTERED,2026-03-20 01:24:33.779515+00:00,,PENDING,
5416,b948b886-e62a-4351-a77d-53bfece43450,9f553eb2-43ed-4c97-9e01-f1efa2b58866,REGISTERED,2026-03-16 08:14:06.381646+00:00,,PENDING,
5417,b948b886-e62a-4351-a77d-53bfece43450,e5ccee59-74ad-4614-9ebb-e2b31cd8f624,REGISTERED,2026-03-16 20:36:28.999169+00:00,,PENDING,
5418,b948b886-e62a-4351-a77d-53bfece43450,59566cb1-e2b4-4f2a-80be-6b9dcc4429c7,REGISTERED,2026-03-15 15:06:23.571348+00:00,,PENDING,
5419,b948b886-e62a-4351-a77d-53bfece43450,136f0269-75a4-4b80-bd35-7c42da9c9843,REGISTERED,2026-04-10 21:33:31.961709+00:00,,PENDING,
5420,b948b886-e62a-4351-a77d-53bfece43450,6531a0f2-47b9-4582-85c5-5d1479aedfd0,REGISTERED,2026-04-09 19:17:57.970751+00:00,,PENDING,
5421,b948b886-e62a-4351-a77d-53bfece43450,d432410f-620e-49df-9646-346e8457b3bf,CANCELLED,2026-04-10 18:41:44.065614+00:00,2026-04-25 08:18:41.417861+00:00,PENDING,Contrainte de planning de dernière minute.
5422,b948b886-e62a-4351-a77d-53bfece43450,fa28ce57-bb38-4d8a-a0f3-a2d5cd14c061,REGISTERED,2026-04-27 10:51:29.489238+00:00,,PENDING,
5423,b948b886-e62a-4351-a77d-53bfece43450,3fe14d18-0cfa-492c-9c98-5c09e18406f4,CANCELLED,2026-03-18 00:24:52.989079+00:00,2026-04-07 15:35:02.845343+00:00,PENDING,Inscription faite par erreur.
5424,b948b886-e62a-4351-a77d-53bfece43450,399ddb4e-8253-4685-9236-d599b6eef665,REGISTERED,2026-04-12 16:40:44.342686+00:00,,PENDING,
5425,b948b886-e62a-4351-a77d-53bfece43450,da6180bb-789f-4ba7-887c-08f5033ce3bd,REGISTERED,2026-03-29 23:15:53.200829+00:00,,PENDING,
5426,b948b886-e62a-4351-a77d-53bfece43450,36a7aa14-d53e-4d7a-9df0-346370185c99,REGISTERED,2026-04-13 17:24:28.185521+00:00,,PENDING,
5427,b948b886-e62a-4351-a77d-53bfece43450,a7450ed8-f67b-4a15-a99a-a9fa649b6fd6,REGISTERED,2026-03-28 04:18:27.905880+00:00,,PENDING,
5428,b948b886-e62a-4351-a77d-53bfece43450,f26d448f-05f1-49b5-915f-c47667f8a942,REGISTERED,2026-04-17 16:29:00.101173+00:00,,PENDING,
5429,b948b886-e62a-4351-a77d-53bfece43450,27450660-9126-425f-8a4c-ee13055c3619,REGISTERED,2026-04-26 08:42:16.462874+00:00,,PENDING,
5430,b948b886-e62a-4351-a77d-53bfece43450,c98070f7-ea93-464b-9719-8e5817cb346a,REGISTERED,2026-03-02 11:11:28.072798+00:00,,PENDING,
5431,b948b886-e62a-4351-a77d-53bfece43450,5ab7c5af-6bf1-4ff5-93a6-4bcc1ea926d5,REGISTERED,2026-02-21 08:27:26.749230+00:00,,PENDING,
5432,d7809c80-6b1d-4fea-9228-f230d331e8cf,2f9348fd-73c7-4bee-b63f-b880e839a3f8,REGISTERED,2026-01-20 07:51:43.094110+00:00,,PENDING,
5433,d7809c80-6b1d-4fea-9228-f230d331e8cf,ae923cee-de34-4666-b2f5-d8b68dd987f9,REGISTERED,2026-01-22 03:48:47.738407+00:00,,PENDING,
5434,d7809c80-6b1d-4fea-9228-f230d331e8cf,61a0e073-e937-4bac-ada2-d1c10bf8a9ed,REGISTERED,2026-01-21 03:47:32.687653+00:00,,PENDING,
5435,d7809c80-6b1d-4fea-9228-f230d331e8cf,33a01618-4870-40e7-82ee-dd8ab9825756,REGISTERED,2026-02-14 09:02:44.049847+00:00,,PENDING,
5436,b0066ca4-aad7-4b45-b626-b52e77b94b47,e5ccee59-74ad-4614-9ebb-e2b31cd8f624,CANCELLED,2026-02-12 14:57:13.963156+00:00,2026-04-02 11:21:47.080561+00:00,PENDING,Invitation déclinée après réévaluation.
5437,b0066ca4-aad7-4b45-b626-b52e77b94b47,d1b2491c-d6e0-4961-a163-1cd855b2b145,REGISTERED,2026-02-09 03:22:48.950041+00:00,,PENDING,
5438,b0066ca4-aad7-4b45-b626-b52e77b94b47,53b3c1c0-71b8-4dde-9428-828a7583ed49,REGISTERED,2026-03-30 03:11:09.997595+00:00,,PENDING,
5439,b0066ca4-aad7-4b45-b626-b52e77b94b47,070f1315-23db-4264-a087-d9f5634d6d48,REGISTERED,2026-03-03 18:11:50.023284+00:00,,PENDING,
5440,b0066ca4-aad7-4b45-b626-b52e77b94b47,60d3d345-0e8d-47d9-8016-5a0a66060125,REGISTERED,2026-03-13 06:48:38.955470+00:00,,PENDING,
5441,b0066ca4-aad7-4b45-b626-b52e77b94b47,db513ac4-80bc-4d09-864b-24fb5dee1da4,REGISTERED,2026-03-30 02:50:17.146478+00:00,,PENDING,
5442,b0066ca4-aad7-4b45-b626-b52e77b94b47,622dbe54-2ae7-45b3-9c3e-e10174715762,CANCELLED,2026-02-22 17:25:53.305044+00:00,2026-03-16 02:16:39.266952+00:00,PENDING,Charge de travail incompatible avec l’événement.
5443,b0066ca4-aad7-4b45-b626-b52e77b94b47,e1a6a44d-3130-4403-b5cb-3639929a10a0,REGISTERED,2026-03-31 04:29:54.599294+00:00,,PENDING,
5444,b0066ca4-aad7-4b45-b626-b52e77b94b47,99ce0eb9-db3b-4ba1-9d7e-a6e10271bb8c,REGISTERED,2026-02-15 14:30:12.772962+00:00,,PENDING,
5445,b0066ca4-aad7-4b45-b626-b52e77b94b47,a6d83b47-4658-4d4e-833d-7ef6e7cf2e94,CANCELLED,2026-03-06 03:17:32.620151+00:00,2026-03-20 11:28:10.841868+00:00,PENDING,Modification de l’agenda projet.
5446,b0066ca4-aad7-4b45-b626-b52e77b94b47,cd925f76-6a4a-4b65-b4d7-839f7aa778fc,REGISTERED,2026-01-30 03:57:49.903319+00:00,,PENDING,
5447,b0066ca4-aad7-4b45-b626-b52e77b94b47,4d667ed7-ec6b-4add-aae1-3807ff1a161c,REGISTERED,2026-03-21 13:20:36.082565+00:00,,PENDING,
5448,b0066ca4-aad7-4b45-b626-b52e77b94b47,0f89f372-8f9b-4e37-a917-95d348270c77,REGISTERED,2026-03-16 21:50:51.899048+00:00,,PENDING,
5449,b0066ca4-aad7-4b45-b626-b52e77b94b47,702b5919-6fb5-46fa-8a5a-e0c7f8f37c74,REGISTERED,2026-02-07 06:43:45.824992+00:00,,PENDING,
5450,b0066ca4-aad7-4b45-b626-b52e77b94b47,d0461ae2-5c05-43f1-a230-208ef643b565,REGISTERED,2026-03-19 10:14:22.192877+00:00,,PENDING,
5451,b0066ca4-aad7-4b45-b626-b52e77b94b47,f2d45b59-75cd-44be-b428-acaecb458fb7,CANCELLED,2026-04-21 15:20:50.850102+00:00,2026-04-29 13:43:29.133537+00:00,PENDING,Changement de priorité métier.
5452,b0066ca4-aad7-4b45-b626-b52e77b94b47,1139ba1c-108d-408a-bcce-dc297a47ae0b,REGISTERED,2026-02-10 23:25:11.515511+00:00,,PENDING,
5453,b0066ca4-aad7-4b45-b626-b52e77b94b47,9630d3c5-3a6f-4cba-bd6b-09ef4505332e,REGISTERED,2026-04-23 20:52:12.355333+00:00,,PENDING,
5454,b0066ca4-aad7-4b45-b626-b52e77b94b47,83fa4897-ec74-4b08-86e3-0d09187fe146,REGISTERED,2026-03-11 14:55:56.580724+00:00,,PENDING,
5455,b0066ca4-aad7-4b45-b626-b52e77b94b47,036311af-4d37-429f-bcee-1957beb2bdf5,REGISTERED,2026-04-08 20:32:09.795837+00:00,,PENDING,
5456,b0066ca4-aad7-4b45-b626-b52e77b94b47,cba14f0b-756c-46b4-82ed-29b71212aeae,REGISTERED,2026-04-29 23:28:33.558075+00:00,,PENDING,
5457,b0066ca4-aad7-4b45-b626-b52e77b94b47,92149006-a894-4f05-ab5d-36650644eb93,REGISTERED,2026-03-11 06:35:36.970081+00:00,,PENDING,
5458,b0066ca4-aad7-4b45-b626-b52e77b94b47,5671894a-5a48-444a-8a73-5462d0f8e451,REGISTERED,2026-02-20 22:02:25.229704+00:00,,PENDING,
5459,a2b3b8cf-bd9c-43be-af17-212fb0f24e0a,9b0ab4d7-fb2d-49c3-8d03-3d1bed5d58d8,REGISTERED,2026-04-07 23:25:10.099176+00:00,,PENDING,
5460,a2b3b8cf-bd9c-43be-af17-212fb0f24e0a,a28bebfa-b4eb-4a1f-9fc2-0354999a2f57,REGISTERED,2026-04-21 03:32:11.368396+00:00,,PENDING,
5461,a2b3b8cf-bd9c-43be-af17-212fb0f24e0a,e9d2ff70-2c2b-4bd5-ba0f-ea608ddccc9a,REGISTERED,2026-04-14 03:09:18.734377+00:00,,PENDING,
5462,593077b6-140e-4768-8806-1eddccc9a837,746f9a16-167c-4335-ad48-53bd33464aae,REGISTERED,2026-02-13 14:25:32.002009+00:00,,PENDING,
5463,593077b6-140e-4768-8806-1eddccc9a837,5d703c5b-8047-4ae3-8d64-bd4389210efb,REGISTERED,2026-01-24 15:26:32.891781+00:00,,PENDING,
5464,593077b6-140e-4768-8806-1eddccc9a837,d46a3b65-b3c2-4019-9b15-047e249159c1,REGISTERED,2026-03-19 07:02:34.073748+00:00,,PENDING,
5465,593077b6-140e-4768-8806-1eddccc9a837,1423a03e-cee5-47c1-8a33-c4e950c56923,REGISTERED,2026-04-05 13:26:17.856375+00:00,,PENDING,
5466,593077b6-140e-4768-8806-1eddccc9a837,c5722e37-67de-4703-9c3e-8bfefb98abe1,REGISTERED,2026-04-21 11:10:14.787133+00:00,,PENDING,
5467,593077b6-140e-4768-8806-1eddccc9a837,af533c93-0a75-475d-b87d-b1decc84048b,REGISTERED,2026-03-22 10:18:43.583611+00:00,,PENDING,
5468,593077b6-140e-4768-8806-1eddccc9a837,14982b70-3b85-4fff-9449-0f42ce2dd336,CANCELLED,2026-03-07 01:14:02.854547+00:00,2026-04-17 08:33:10.186970+00:00,PENDING,Inscription faite par erreur.
5469,593077b6-140e-4768-8806-1eddccc9a837,cf29d572-baa2-4d38-804f-fd6f6cf8a890,REGISTERED,2026-04-22 19:24:22.335668+00:00,,PENDING,
5470,593077b6-140e-4768-8806-1eddccc9a837,d46bbc33-a6b9-4170-bdd9-62088f76392b,REGISTERED,2026-02-16 10:06:43.641283+00:00,,PENDING,
5471,593077b6-140e-4768-8806-1eddccc9a837,cdceb895-35d8-4e18-b3c1-c6e0cb902595,REGISTERED,2026-02-07 16:37:40.523064+00:00,,PENDING,
5472,593077b6-140e-4768-8806-1eddccc9a837,85e3ccdc-ad7f-4b05-b057-8593c1f4a450,REGISTERED,2026-02-18 07:46:50.641771+00:00,,PENDING,
5473,593077b6-140e-4768-8806-1eddccc9a837,1c17e3b7-1ace-4929-8a17-4b637e56b0b6,REGISTERED,2026-03-04 16:54:50.523232+00:00,,PENDING,
5474,593077b6-140e-4768-8806-1eddccc9a837,374bb2b1-7239-47b4-a7f3-42a9312229af,REGISTERED,2026-02-01 11:16:30.300280+00:00,,PENDING,
5475,593077b6-140e-4768-8806-1eddccc9a837,888502a0-6058-4702-88b8-adb03b807926,REGISTERED,2026-04-16 21:01:53.480838+00:00,,PENDING,
5476,593077b6-140e-4768-8806-1eddccc9a837,009106ed-775c-4434-bfde-f95de8733d4b,REGISTERED,2026-03-03 11:21:38.165177+00:00,,PENDING,
5477,593077b6-140e-4768-8806-1eddccc9a837,83b7b362-55ff-44b1-870b-dd179a5fc394,REGISTERED,2026-03-10 09:26:30.915574+00:00,,PENDING,
5478,593077b6-140e-4768-8806-1eddccc9a837,e3a19585-197c-4218-9d75-752360108ba0,REGISTERED,2026-02-02 19:31:59.584762+00:00,,PENDING,
5479,593077b6-140e-4768-8806-1eddccc9a837,c413e723-b297-4c8d-b0ed-efcc688a626c,REGISTERED,2026-02-08 05:00:54.134544+00:00,,PENDING,
5480,593077b6-140e-4768-8806-1eddccc9a837,de60686f-1075-42f6-8d70-c65c29ff1620,CANCELLED,2026-05-01 05:14:45.644197+00:00,2026-05-01 10:37:26.153403+00:00,PENDING,Erreur de choix de créneau.
5481,593077b6-140e-4768-8806-1eddccc9a837,c0278ba1-ce60-47e3-9f28-8dd3d2d45b37,REGISTERED,2026-04-04 23:36:34.759508+00:00,,PENDING,
5482,593077b6-140e-4768-8806-1eddccc9a837,a92d0de1-8406-42f3-a47a-eba53cfc918d,REGISTERED,2026-03-13 13:09:48.583300+00:00,,PENDING,
5483,593077b6-140e-4768-8806-1eddccc9a837,96f88851-c0d4-41cf-be20-b08886bc6e6c,CANCELLED,2026-02-07 04:57:40.184902+00:00,2026-03-02 05:00:55.331315+00:00,PENDING,Changement de priorité métier.
5484,593077b6-140e-4768-8806-1eddccc9a837,7d15ce84-8e27-4d49-b5db-e0a53ce987cd,REGISTERED,2026-01-25 20:30:45.808871+00:00,,PENDING,
5485,593077b6-140e-4768-8806-1eddccc9a837,36188e90-d5be-40a4-9643-81566debb269,CANCELLED,2026-04-27 18:58:07.097018+00:00,2026-05-01 04:20:50.725357+00:00,PENDING,Changement de priorité métier.
5486,593077b6-140e-4768-8806-1eddccc9a837,553f633d-4e8b-4e4b-a5c1-02de094d0933,REGISTERED,2026-03-20 03:12:18.741408+00:00,,PENDING,
5487,593077b6-140e-4768-8806-1eddccc9a837,f19708c8-85b2-4faa-825b-a2fefaac0687,REGISTERED,2026-04-09 01:00:28.160453+00:00,,PENDING,
5488,593077b6-140e-4768-8806-1eddccc9a837,9dfc227f-7a2c-4af9-81e9-aaf98bdb8fda,REGISTERED,2026-04-20 03:29:27.589008+00:00,,PENDING,
5489,40cade50-c69d-4917-9e7e-594593d2cc2e,d0420627-79ac-4ec0-b46a-b70a49edb1d8,REGISTERED,2026-02-12 20:48:04.639835+00:00,,PENDING,
5490,40cade50-c69d-4917-9e7e-594593d2cc2e,02af81eb-661b-43df-96f9-ae3e16e670eb,REGISTERED,2026-01-31 07:59:34.784576+00:00,,PENDING,
5491,40cade50-c69d-4917-9e7e-594593d2cc2e,f2adb223-abf2-4dde-8eb2-d0e031d07e62,CANCELLED,2026-04-07 09:44:54.786689+00:00,2026-04-30 04:03:13.930506+00:00,PENDING,Problème de disponibilité logistique.
5492,40cade50-c69d-4917-9e7e-594593d2cc2e,16ce6d70-5405-478a-a25a-cc332ef4b47c,REGISTERED,2026-03-01 02:26:15.317602+00:00,,PENDING,
5493,40cade50-c69d-4917-9e7e-594593d2cc2e,c4aac5db-f0a1-41f7-ad7b-af5bdfaee13f,REGISTERED,2026-03-10 03:51:24.587538+00:00,,PENDING,
5494,40cade50-c69d-4917-9e7e-594593d2cc2e,66cca95d-9fc9-4eb7-9ec6-1a35ddebfc83,REGISTERED,2026-02-11 16:58:27.354768+00:00,,PENDING,
5495,40cade50-c69d-4917-9e7e-594593d2cc2e,c1e9f1c5-3a1d-407e-9767-7cb7c9089296,REGISTERED,2026-02-27 19:59:26.833910+00:00,,PENDING,
5496,40cade50-c69d-4917-9e7e-594593d2cc2e,9de64ac2-5823-48b6-ad5a-3f693fa94794,REGISTERED,2026-04-19 07:28:58.796592+00:00,,PENDING,
5497,40cade50-c69d-4917-9e7e-594593d2cc2e,770a3736-dd6c-443d-92ff-d84e014a53e9,REGISTERED,2026-03-28 14:08:03.485216+00:00,,PENDING,
5498,40cade50-c69d-4917-9e7e-594593d2cc2e,23ce8810-f0b8-4d2e-8e2b-68771418b437,REGISTERED,2026-04-28 02:39:34.526523+00:00,,PENDING,
5499,40cade50-c69d-4917-9e7e-594593d2cc2e,a3befb78-1e74-4bd2-88bc-ea49d60ed7d7,REGISTERED,2026-03-25 13:56:34.464883+00:00,,PENDING,
5500,40cade50-c69d-4917-9e7e-594593d2cc2e,61a0e073-e937-4bac-ada2-d1c10bf8a9ed,REGISTERED,2026-04-25 01:48:53.562234+00:00,,PENDING,
5501,40cade50-c69d-4917-9e7e-594593d2cc2e,dafc105e-50d6-45fc-881b-f8c7648a1d01,REGISTERED,2026-04-03 09:45:03.138406+00:00,,PENDING,
5502,40cade50-c69d-4917-9e7e-594593d2cc2e,8954a352-4311-4f3c-a1bf-25bad61c44c0,CANCELLED,2026-02-26 03:27:35.997015+00:00,2026-04-07 21:30:12.938817+00:00,PENDING,Besoin de suivre une autre session en priorité.
5503,40cade50-c69d-4917-9e7e-594593d2cc2e,00a63ee3-b72e-4d31-b5f3-e2c9113709fa,REGISTERED,2026-04-25 06:46:09.806335+00:00,,PENDING,
5504,40cade50-c69d-4917-9e7e-594593d2cc2e,1cd8ca71-932d-472a-befa-2aa189cc5a74,REGISTERED,2026-04-22 13:03:08.487726+00:00,,PENDING,
5505,40cade50-c69d-4917-9e7e-594593d2cc2e,e94c386e-8464-4a22-be9a-6beb0e5d7a7b,REGISTERED,2026-04-18 05:14:41.978183+00:00,,PENDING,
5506,40cade50-c69d-4917-9e7e-594593d2cc2e,4fd46ebc-f590-48ab-9c20-b28ac7350ca8,REGISTERED,2026-03-06 03:22:16.139741+00:00,,PENDING,
5507,40cade50-c69d-4917-9e7e-594593d2cc2e,ea1a0264-de52-481b-a0f7-f867deda082c,REGISTERED,2026-03-24 06:14:30.515630+00:00,,PENDING,
5508,40cade50-c69d-4917-9e7e-594593d2cc2e,35b57b10-e7d8-43bd-9022-13bcd6044d36,REGISTERED,2026-04-21 20:38:56.379175+00:00,,PENDING,
5509,40cade50-c69d-4917-9e7e-594593d2cc2e,767e0eaf-7303-4417-832c-a8e02100fe09,REGISTERED,2026-03-31 06:02:39.247642+00:00,,PENDING,
5510,40cade50-c69d-4917-9e7e-594593d2cc2e,e5ccee59-74ad-4614-9ebb-e2b31cd8f624,REGISTERED,2026-03-23 12:38:57.425353+00:00,,PENDING,
5511,40cade50-c69d-4917-9e7e-594593d2cc2e,f2a1a80b-ee11-4d4d-934b-4728eb24d690,REGISTERED,2026-04-15 22:02:01.530208+00:00,,PENDING,
5512,40cade50-c69d-4917-9e7e-594593d2cc2e,2aefd1c6-5b84-45ec-ba52-ac77cc48ac56,REGISTERED,2026-01-29 09:09:54.496300+00:00,,PENDING,
5513,40cade50-c69d-4917-9e7e-594593d2cc2e,8a3bbec3-4136-45f6-b098-bbb2be370926,REGISTERED,2026-02-11 14:50:29.055088+00:00,,PENDING,
5514,40cade50-c69d-4917-9e7e-594593d2cc2e,76c67646-085b-4496-a704-025ae0fbf520,REGISTERED,2026-03-20 05:07:14.050776+00:00,,PENDING,
5515,40cade50-c69d-4917-9e7e-594593d2cc2e,1f386289-521a-489e-a60a-2c215d2f95e7,REGISTERED,2026-04-26 03:50:55.898027+00:00,,PENDING,
5516,40cade50-c69d-4917-9e7e-594593d2cc2e,d264ec2d-d6b4-4a68-a16e-2ce4e95ca174,CANCELLED,2026-02-18 14:19:41.791233+00:00,2026-03-19 22:49:27.950258+00:00,PENDING,Inscription faite par erreur.
5517,40cade50-c69d-4917-9e7e-594593d2cc2e,ed50a04f-41be-4ee7-89ae-aed7531faa34,REGISTERED,2026-04-01 01:04:08.058275+00:00,,PENDING,
5518,40cade50-c69d-4917-9e7e-594593d2cc2e,9f62bec9-e71d-4e58-8eb0-f51c0c93bd4e,REGISTERED,2026-02-06 14:07:37.189824+00:00,,PENDING,
5519,40cade50-c69d-4917-9e7e-594593d2cc2e,1bdd1aba-8056-4ec1-b09d-02acb85a9eab,REGISTERED,2026-02-16 17:52:51.701272+00:00,,PENDING,
5520,40cade50-c69d-4917-9e7e-594593d2cc2e,ebc876d8-1628-4ff4-afd4-eea254a75a3c,REGISTERED,2026-04-29 22:55:52.743233+00:00,,PENDING,
5521,40cade50-c69d-4917-9e7e-594593d2cc2e,af9d7f38-32f1-49e9-974f-0bb83155d6eb,REGISTERED,2026-04-14 06:46:23.750047+00:00,,PENDING,
5522,abf32af2-e35f-4b07-af36-278cd1c95202,320540a7-1daa-4726-b502-7fecc0270091,REGISTERED,2026-02-17 19:29:09.708128+00:00,,PRESENT,
5523,abf32af2-e35f-4b07-af36-278cd1c95202,cdceb895-35d8-4e18-b3c1-c6e0cb902595,CANCELLED,2026-01-29 17:48:33.005700+00:00,2026-02-10 16:37:43.481582+00:00,PENDING,Déplacement professionnel confirmé.
5524,abf32af2-e35f-4b07-af36-278cd1c95202,de793784-3e9c-4a5b-a50b-5e1a0437bd90,CANCELLED,2026-02-06 21:29:12.125291+00:00,2026-02-24 21:52:28.403143+00:00,PENDING,Invitation déclinée après réévaluation.
5525,abf32af2-e35f-4b07-af36-278cd1c95202,b129122c-5e22-4eac-ada4-bdeab206bf97,REGISTERED,2026-02-24 00:55:54.722109+00:00,,PRESENT,
5526,abf32af2-e35f-4b07-af36-278cd1c95202,f1ea7bc8-4511-4946-992a-69c581e26bef,REGISTERED,2026-02-17 18:58:50.228422+00:00,,PRESENT,
5527,abf32af2-e35f-4b07-af36-278cd1c95202,2529ad7b-3e69-4b87-9e44-0259ec755de2,REGISTERED,2026-02-10 15:50:31.281256+00:00,,PRESENT,
5528,abf32af2-e35f-4b07-af36-278cd1c95202,82262980-bc3c-49fb-a210-28daa74d1ba3,CANCELLED,2026-02-26 20:58:33.783502+00:00,2026-03-09 19:33:17.855081+00:00,PENDING,Inscription faite par erreur.
5529,abf32af2-e35f-4b07-af36-278cd1c95202,4bd7d747-9088-4441-a4ca-12c5a3c80cfb,REGISTERED,2026-02-12 17:13:44.890836+00:00,,ABSENT,
5530,abf32af2-e35f-4b07-af36-278cd1c95202,8195d324-ed95-44b5-a354-9232cab4e1c0,REGISTERED,2026-03-03 15:00:54.490575+00:00,,PRESENT,
5531,abf32af2-e35f-4b07-af36-278cd1c95202,e0b47f14-ef2d-49fc-b298-7e81497f4563,REGISTERED,2026-03-04 14:59:00.141290+00:00,,PRESENT,
5532,abf32af2-e35f-4b07-af36-278cd1c95202,ea94002e-07bf-4277-9b9a-4f657eaa8125,REGISTERED,2026-02-21 10:40:13.744251+00:00,,PRESENT,
5533,abf32af2-e35f-4b07-af36-278cd1c95202,93c2ea2c-f36b-43fb-8081-333512ad6dfe,REGISTERED,2026-02-20 08:16:59.390090+00:00,,PRESENT,
5534,abf32af2-e35f-4b07-af36-278cd1c95202,d07b17dc-7457-4ac7-81fc-f5ba88f492bc,REGISTERED,2026-02-21 09:22:08.767939+00:00,,PRESENT,
5535,abf32af2-e35f-4b07-af36-278cd1c95202,8447be2e-4776-47d8-b0e5-e6a88f3e7d22,REGISTERED,2026-02-20 08:47:19.639773+00:00,,ABSENT,
5536,abf32af2-e35f-4b07-af36-278cd1c95202,6d282e57-ae58-47d1-b0b0-71588701cd4b,REGISTERED,2026-02-26 10:17:54.602945+00:00,,PRESENT,
5537,abf32af2-e35f-4b07-af36-278cd1c95202,2ddc0de1-b086-459e-8934-d9b7c1771d9d,REGISTERED,2026-01-22 00:34:01.319937+00:00,,PRESENT,
5538,abf32af2-e35f-4b07-af36-278cd1c95202,13376738-828d-4cdb-b40c-24d0da2a5573,REGISTERED,2026-02-01 12:46:35.919893+00:00,,ABSENT,
5539,abf32af2-e35f-4b07-af36-278cd1c95202,86c5b659-a2b1-435e-ad5f-6550a8be0606,CANCELLED,2026-02-24 16:43:26.193580+00:00,2026-03-19 10:53:53.900013+00:00,PENDING,Absence validée par le manager.
5540,abf32af2-e35f-4b07-af36-278cd1c95202,aaf51b3f-54ec-45c3-8487-c08aaa05d8c7,REGISTERED,2026-02-22 16:42:15.745825+00:00,,PRESENT,
5541,abf32af2-e35f-4b07-af36-278cd1c95202,e3327257-45ae-4912-b4c2-08f9cb4d8536,REGISTERED,2026-02-22 09:26:13.445846+00:00,,PRESENT,
5542,abf32af2-e35f-4b07-af36-278cd1c95202,53bc19ae-6115-4448-91c2-079f930260b9,REGISTERED,2026-02-19 11:11:15.820479+00:00,,PRESENT,
5543,abf32af2-e35f-4b07-af36-278cd1c95202,debfdb17-41a8-47ec-a914-677fa4a8b9d1,CANCELLED,2026-02-04 18:54:17.886792+00:00,2026-03-16 01:22:45.406475+00:00,PENDING,Conflit d’horaire avec une réunion prioritaire.
5544,abf32af2-e35f-4b07-af36-278cd1c95202,db0a6297-8193-47c9-a815-151141095ca6,REGISTERED,2026-02-01 17:57:49.375833+00:00,,PRESENT,
5545,5742f3c4-4c43-42dd-ae5c-de8858a0b74d,78c254c8-e08c-423c-b031-4de7e4eb1f25,REGISTERED,2026-04-07 14:57:46.959478+00:00,,PENDING,
5546,5742f3c4-4c43-42dd-ae5c-de8858a0b74d,36a7aa14-d53e-4d7a-9df0-346370185c99,REGISTERED,2026-04-20 22:49:09.914974+00:00,,PENDING,
5547,5742f3c4-4c43-42dd-ae5c-de8858a0b74d,71c79692-c503-4f92-9e3b-427e5c06bcf3,REGISTERED,2026-04-25 13:52:12.633986+00:00,,PENDING,
5548,5742f3c4-4c43-42dd-ae5c-de8858a0b74d,ea31e60e-7c45-4d0d-a72a-9b1bff423649,REGISTERED,2026-03-31 20:56:45.150110+00:00,,PENDING,
5549,5742f3c4-4c43-42dd-ae5c-de8858a0b74d,23ce8810-f0b8-4d2e-8e2b-68771418b437,REGISTERED,2026-04-27 18:02:24.927303+00:00,,PENDING,
5550,5742f3c4-4c43-42dd-ae5c-de8858a0b74d,da6180bb-789f-4ba7-887c-08f5033ce3bd,REGISTERED,2026-03-26 17:06:34.791772+00:00,,PENDING,
5551,5742f3c4-4c43-42dd-ae5c-de8858a0b74d,cdceb895-35d8-4e18-b3c1-c6e0cb902595,REGISTERED,2026-03-30 05:30:54.117087+00:00,,PENDING,
5552,5742f3c4-4c43-42dd-ae5c-de8858a0b74d,767f6a60-4ed4-4d62-b89e-454933720617,REGISTERED,2026-03-27 22:16:11.600012+00:00,,PENDING,
5553,5742f3c4-4c43-42dd-ae5c-de8858a0b74d,62f0f942-5b08-4351-9bfb-920a9b2364ec,REGISTERED,2026-03-29 13:26:53.521595+00:00,,PENDING,
5554,5742f3c4-4c43-42dd-ae5c-de8858a0b74d,6923b135-0a80-41b6-a29d-108910d3481e,REGISTERED,2026-04-30 00:47:27.066547+00:00,,PENDING,
5555,5742f3c4-4c43-42dd-ae5c-de8858a0b74d,e6b32c11-c369-4ced-9813-924c8e864732,CANCELLED,2026-04-22 11:34:46.768998+00:00,2026-04-23 00:20:33.135211+00:00,PENDING,Session finalement non pertinente pour le profil.
5556,4dc60709-3167-41bb-aa8f-653175b97d40,a4227edf-b1ca-4211-8668-7f5fc27b3661,REGISTERED,2026-03-11 12:47:54.238827+00:00,,PRESENT,
5557,4dc60709-3167-41bb-aa8f-653175b97d40,1cf69dca-1008-4088-ab2d-72f1112b1abb,REGISTERED,2026-01-31 22:02:17.821651+00:00,,PRESENT,
5558,4dc60709-3167-41bb-aa8f-653175b97d40,1601dd67-4724-4d1d-a0bc-461e96081aed,REGISTERED,2026-01-23 22:32:13.320599+00:00,,PRESENT,
5559,4dc60709-3167-41bb-aa8f-653175b97d40,78af47a7-ad8d-4faf-a4eb-52cb18a6a2cd,REGISTERED,2026-02-27 12:46:21.755558+00:00,,PRESENT,
5560,4dc60709-3167-41bb-aa8f-653175b97d40,f0e0881e-5be2-4c7e-9a12-6c8d41853e5b,REGISTERED,2026-01-31 03:50:26.773441+00:00,,PRESENT,
5561,4dc60709-3167-41bb-aa8f-653175b97d40,f8d7dc0b-5a3b-44ee-98f3-b79e6f774b1e,REGISTERED,2026-02-20 18:54:27.524234+00:00,,PRESENT,
5562,4dc60709-3167-41bb-aa8f-653175b97d40,6151b758-ed55-4110-888e-d438d334a8e8,REGISTERED,2026-02-02 16:23:50.928993+00:00,,PRESENT,
5563,4dc60709-3167-41bb-aa8f-653175b97d40,f6be51eb-5ff8-4a8e-a90d-11214c8c8539,REGISTERED,2026-01-21 08:34:52.765713+00:00,,ABSENT,
5564,4dc60709-3167-41bb-aa8f-653175b97d40,e6b32c11-c369-4ced-9813-924c8e864732,REGISTERED,2026-01-29 13:22:26.044754+00:00,,PRESENT,
5565,4dc60709-3167-41bb-aa8f-653175b97d40,7df083a9-7340-4dac-917d-70552e3183a5,REGISTERED,2026-03-20 14:10:59.496866+00:00,,PRESENT,
5566,4dc60709-3167-41bb-aa8f-653175b97d40,b028e6d5-941b-4894-816c-80a8024ffabd,REGISTERED,2026-02-06 18:32:36.844583+00:00,,PRESENT,
5567,4dc60709-3167-41bb-aa8f-653175b97d40,9af4b494-b502-4444-9cfd-9e6df7e6f022,REGISTERED,2026-03-07 00:44:24.162621+00:00,,PRESENT,
5568,4dc60709-3167-41bb-aa8f-653175b97d40,e405908c-8072-4c93-8cd7-6a0b541a50ee,REGISTERED,2026-01-26 11:16:24.911392+00:00,,PRESENT,
5569,4dc60709-3167-41bb-aa8f-653175b97d40,6a808ecc-aa5f-46f7-9473-e17d132330cd,REGISTERED,2026-02-09 21:39:56.988248+00:00,,PRESENT,
5570,4dc60709-3167-41bb-aa8f-653175b97d40,0737a7a1-e7e6-43a8-ade5-027ff9fba167,REGISTERED,2026-03-08 15:25:24.714190+00:00,,PRESENT,
5571,4dc60709-3167-41bb-aa8f-653175b97d40,f1ea7bc8-4511-4946-992a-69c581e26bef,REGISTERED,2026-01-29 15:19:51.895470+00:00,,PRESENT,
5572,4dc60709-3167-41bb-aa8f-653175b97d40,f6e7d21d-ffa2-40da-a777-6cd561fc7ca2,REGISTERED,2026-03-03 07:11:49.630639+00:00,,PRESENT,
5573,4dc60709-3167-41bb-aa8f-653175b97d40,14d940d1-b6b9-46db-ad09-0f473052b4b5,REGISTERED,2026-02-11 08:41:25.655095+00:00,,ABSENT,
5574,4dc60709-3167-41bb-aa8f-653175b97d40,e1b1a83d-dc8c-4bf1-a264-f6eea0333568,REGISTERED,2026-01-24 08:30:28.535466+00:00,,PRESENT,
5575,4dc60709-3167-41bb-aa8f-653175b97d40,bd2d8a8f-cc69-4d59-9057-8cac5815b213,REGISTERED,2026-02-15 11:57:15.927309+00:00,,PRESENT,
5576,4dc60709-3167-41bb-aa8f-653175b97d40,274ae9a0-e988-401e-abd7-6ebe2287f737,REGISTERED,2026-03-01 01:38:32.543939+00:00,,ABSENT,
5577,4dc60709-3167-41bb-aa8f-653175b97d40,ea36f8c9-4d00-4fba-b63b-acf0a7b24913,REGISTERED,2026-01-22 16:07:46.698420+00:00,,PRESENT,
5578,4dc60709-3167-41bb-aa8f-653175b97d40,28ac5ef3-c8dc-4aa9-97a4-4bd90a55268b,REGISTERED,2026-01-26 03:08:01.478880+00:00,,PRESENT,
5579,4dc60709-3167-41bb-aa8f-653175b97d40,a3ff7146-5c5d-4b32-aa8d-e1dc67bae50e,REGISTERED,2026-02-18 18:04:30.171254+00:00,,PRESENT,
5580,4dc60709-3167-41bb-aa8f-653175b97d40,519b9a11-2a24-4779-b6be-e9dbde661345,REGISTERED,2026-01-22 16:31:32.006397+00:00,,PRESENT,
5581,4dc60709-3167-41bb-aa8f-653175b97d40,1f9f1987-7506-4d70-81a9-f58c2de19219,CANCELLED,2026-02-03 06:56:35.914684+00:00,2026-04-12 17:16:34.150737+00:00,PENDING,Invitation déclinée après réévaluation.
5582,4dc60709-3167-41bb-aa8f-653175b97d40,c7d4b081-bb87-4340-9a1f-0649f6113b13,REGISTERED,2026-03-05 16:46:52.885530+00:00,,PRESENT,
5583,4dc60709-3167-41bb-aa8f-653175b97d40,2a9d41e6-bbad-409a-9305-7d1453de3fff,REGISTERED,2026-01-25 18:12:06.969639+00:00,,ABSENT,
5584,4dc60709-3167-41bb-aa8f-653175b97d40,dbb62cac-e512-454a-a2dd-cd278e6b0b3e,REGISTERED,2026-01-24 22:25:38.868430+00:00,,PRESENT,
5585,4dc60709-3167-41bb-aa8f-653175b97d40,07f0e359-3ca2-4c08-b113-4b4f9ace8bfe,REGISTERED,2026-03-20 14:54:57.135059+00:00,,PRESENT,
5586,4dc60709-3167-41bb-aa8f-653175b97d40,a166e45a-4673-4033-bd08-6264c00ab024,CANCELLED,2026-03-06 17:13:02.908548+00:00,2026-04-04 03:18:22.739032+00:00,PENDING,Problème de disponibilité logistique.
5587,4dc60709-3167-41bb-aa8f-653175b97d40,edc57913-68cf-4b04-a356-052f6ffdbcff,REGISTERED,2026-02-18 02:32:50.450583+00:00,,PRESENT,
5588,4dc60709-3167-41bb-aa8f-653175b97d40,3f24b106-d0fe-4f00-822d-c9d256babef7,REGISTERED,2026-02-19 14:36:57.731855+00:00,,PRESENT,
5589,4dc60709-3167-41bb-aa8f-653175b97d40,f97a0b32-2873-4e32-aeb0-26f42cfbc29d,REGISTERED,2026-02-02 10:24:53.112858+00:00,,PRESENT,
5590,4dc60709-3167-41bb-aa8f-653175b97d40,8292224d-865d-414d-b46e-895c5152d1a0,CANCELLED,2026-03-11 11:49:17.712480+00:00,2026-04-05 00:35:48.361858+00:00,PENDING,Contrainte de planning de dernière minute.
5591,4dc60709-3167-41bb-aa8f-653175b97d40,8a3bbec3-4136-45f6-b098-bbb2be370926,CANCELLED,2026-02-17 01:58:53.085600+00:00,2026-04-03 15:01:39.749581+00:00,PENDING,Session finalement non pertinente pour le profil.
5592,4dc60709-3167-41bb-aa8f-653175b97d40,109b05da-c32d-498a-baf2-dece7d8c5d21,REGISTERED,2026-03-12 10:24:01.695492+00:00,,PRESENT,
5593,4dc60709-3167-41bb-aa8f-653175b97d40,d3db882a-0f69-4757-86d7-7684ed050599,REGISTERED,2026-01-23 22:21:18.700408+00:00,,PRESENT,
5594,4dc60709-3167-41bb-aa8f-653175b97d40,f5f28e61-f4ca-473a-8c02-7e708513646c,REGISTERED,2026-03-09 03:47:02.661648+00:00,,ABSENT,
5595,4dc60709-3167-41bb-aa8f-653175b97d40,e3a19585-197c-4218-9d75-752360108ba0,REGISTERED,2026-02-25 03:07:06.311899+00:00,,ABSENT,
5596,4dc60709-3167-41bb-aa8f-653175b97d40,3577cac5-0476-4aff-b030-5793997dce28,REGISTERED,2026-02-17 12:57:33.846635+00:00,,PRESENT,
5597,4dc60709-3167-41bb-aa8f-653175b97d40,7ff2c490-b386-436c-86c2-79a11610b881,REGISTERED,2026-02-25 21:40:07.423027+00:00,,PRESENT,
5598,4dc60709-3167-41bb-aa8f-653175b97d40,1c17e3b7-1ace-4929-8a17-4b637e56b0b6,CANCELLED,2026-03-09 09:53:30.657300+00:00,2026-04-03 05:20:25.383049+00:00,PENDING,Conflit d’horaire avec une réunion prioritaire.
5599,4dc60709-3167-41bb-aa8f-653175b97d40,efc9f989-2e92-4dbb-b001-56b7f766c6cd,REGISTERED,2026-02-17 19:15:26.086462+00:00,,PRESENT,
5600,4dc60709-3167-41bb-aa8f-653175b97d40,e51471b8-8541-4d90-8b64-727da5b9cb07,REGISTERED,2026-02-28 20:34:34.144852+00:00,,PRESENT,
5601,4dc60709-3167-41bb-aa8f-653175b97d40,be819bb5-4387-4c8b-aff9-250ac5ddc5c2,REGISTERED,2026-03-10 02:04:40.361589+00:00,,PRESENT,
5602,4dc60709-3167-41bb-aa8f-653175b97d40,5b4a4141-7738-4083-ae9c-db997fb64b4a,REGISTERED,2026-01-25 15:39:50.189228+00:00,,ABSENT,
5603,4dc60709-3167-41bb-aa8f-653175b97d40,83b7b362-55ff-44b1-870b-dd179a5fc394,REGISTERED,2026-02-05 21:07:51.709305+00:00,,ABSENT,
5604,4dc60709-3167-41bb-aa8f-653175b97d40,8006d300-c0ae-4a0d-ba53-074804f86119,REGISTERED,2026-02-05 04:02:06.524922+00:00,,PRESENT,
5605,4dc60709-3167-41bb-aa8f-653175b97d40,41417e3e-4fd4-4942-a396-ba652bde8364,REGISTERED,2026-01-28 06:21:36.717021+00:00,,PRESENT,
5606,4dc60709-3167-41bb-aa8f-653175b97d40,0b0392ac-a14f-455e-86b0-ae00fdfdf1f6,REGISTERED,2026-03-20 17:50:49.201733+00:00,,PRESENT,
5607,4dc60709-3167-41bb-aa8f-653175b97d40,7c86415e-73e1-4452-b345-730bd15fcbcf,REGISTERED,2026-02-26 07:23:10.512732+00:00,,PRESENT,
5608,4dc60709-3167-41bb-aa8f-653175b97d40,ae0998f5-ac8d-41f3-ac2d-777a7f7ca079,REGISTERED,2026-02-26 19:08:58.411718+00:00,,PRESENT,
5609,4dc60709-3167-41bb-aa8f-653175b97d40,1bdd1aba-8056-4ec1-b09d-02acb85a9eab,CANCELLED,2026-03-22 11:33:27.142258+00:00,2026-03-26 11:53:47.943412+00:00,PENDING,Erreur de choix de créneau.
5610,4dc60709-3167-41bb-aa8f-653175b97d40,eaaf4ff9-389b-4404-8570-7d2997f37220,REGISTERED,2026-01-30 23:15:14.316716+00:00,,ABSENT,
5611,4dc60709-3167-41bb-aa8f-653175b97d40,c79bf178-2ad7-46c5-a8bc-69d76f5a35b2,REGISTERED,2026-02-01 18:42:32.927803+00:00,,PRESENT,
5612,4dc60709-3167-41bb-aa8f-653175b97d40,98096adb-c347-4b91-b157-13d91467faa7,REGISTERED,2026-03-07 20:39:12.231564+00:00,,PRESENT,
5613,4dc60709-3167-41bb-aa8f-653175b97d40,4a0da242-8758-4153-94cc-b7593207978b,REGISTERED,2026-03-22 01:11:44.557515+00:00,,PRESENT,
5614,4dc60709-3167-41bb-aa8f-653175b97d40,14982b70-3b85-4fff-9449-0f42ce2dd336,REGISTERED,2026-03-13 09:22:21.630253+00:00,,PRESENT,
5615,4dc60709-3167-41bb-aa8f-653175b97d40,0198bc4b-8443-4754-8317-49b56f81ecea,REGISTERED,2026-02-11 10:06:10.956251+00:00,,PRESENT,
5616,4dc60709-3167-41bb-aa8f-653175b97d40,b273077f-41d4-4b27-99b4-fa52d85d84e2,REGISTERED,2026-03-05 04:20:52.960706+00:00,,PRESENT,
5617,4dc60709-3167-41bb-aa8f-653175b97d40,d7187d09-a013-49c8-a1b3-d822b39752f7,REGISTERED,2026-03-13 18:22:28.399837+00:00,,PRESENT,
5618,4dc60709-3167-41bb-aa8f-653175b97d40,921f32d9-32ea-4d21-8db4-7b339d13a5b6,REGISTERED,2026-03-01 07:15:57.403797+00:00,,ABSENT,
5619,4dc60709-3167-41bb-aa8f-653175b97d40,f6441207-59b2-4d0d-8e38-22e2061a049e,REGISTERED,2026-03-23 03:10:28.545174+00:00,,ABSENT,
5620,4dc60709-3167-41bb-aa8f-653175b97d40,7120f862-693b-4518-8e4c-e2bfe7963695,REGISTERED,2026-03-09 16:06:11.045292+00:00,,PRESENT,
5621,4dc60709-3167-41bb-aa8f-653175b97d40,93104829-8594-400a-b598-aff286b49018,REGISTERED,2026-02-14 21:39:35.338706+00:00,,ABSENT,
5622,4dc60709-3167-41bb-aa8f-653175b97d40,e6693802-b58f-4be6-8509-975c7975dc5b,REGISTERED,2026-01-27 04:52:00.862211+00:00,,ABSENT,
5623,4dc60709-3167-41bb-aa8f-653175b97d40,50480e44-2e0d-4139-aa9b-67dfcc405d62,CANCELLED,2026-02-02 23:27:55.628901+00:00,2026-04-02 06:53:17.684668+00:00,PENDING,Session finalement non pertinente pour le profil.
5624,4dc60709-3167-41bb-aa8f-653175b97d40,c33a2e16-11ad-42aa-86ff-912411bdea48,REGISTERED,2026-01-30 08:17:30.899697+00:00,,PRESENT,
5625,4dc60709-3167-41bb-aa8f-653175b97d40,41bbe326-5123-4001-a1ca-3c7de3d60835,REGISTERED,2026-03-05 19:41:48.744210+00:00,,PRESENT,
5626,4dc60709-3167-41bb-aa8f-653175b97d40,eb85b268-bb88-4119-939d-492d2322518f,REGISTERED,2026-02-11 22:40:02.522406+00:00,,PRESENT,
5627,4dc60709-3167-41bb-aa8f-653175b97d40,84e69d57-36b1-481d-a823-b2bb1e0eff7b,REGISTERED,2026-02-26 11:38:28.697272+00:00,,PRESENT,
5628,4dc60709-3167-41bb-aa8f-653175b97d40,2aefd1c6-5b84-45ec-ba52-ac77cc48ac56,REGISTERED,2026-02-05 09:55:31.791841+00:00,,ABSENT,
5629,4dc60709-3167-41bb-aa8f-653175b97d40,50773668-ccfb-4603-bfcb-0f0535410c84,REGISTERED,2026-02-04 08:44:48.331807+00:00,,ABSENT,
5630,4dc60709-3167-41bb-aa8f-653175b97d40,a3befb78-1e74-4bd2-88bc-ea49d60ed7d7,REGISTERED,2026-03-17 05:26:07.361009+00:00,,ABSENT,
5631,4dc60709-3167-41bb-aa8f-653175b97d40,49af6a16-f923-4210-8c56-e311e38c564d,REGISTERED,2026-03-13 17:22:45.702629+00:00,,PRESENT,
5632,4dc60709-3167-41bb-aa8f-653175b97d40,374bb2b1-7239-47b4-a7f3-42a9312229af,REGISTERED,2026-02-22 23:05:19.927032+00:00,,PRESENT,
5633,4dc60709-3167-41bb-aa8f-653175b97d40,1ee0455f-7a11-42b3-883e-1a778adfa225,REGISTERED,2026-01-26 07:53:42.768984+00:00,,ABSENT,
5634,4dc60709-3167-41bb-aa8f-653175b97d40,9246a4a8-fa4c-48db-84c1-bcec80300b95,REGISTERED,2026-02-06 15:10:06.438068+00:00,,ABSENT,
5635,4dc60709-3167-41bb-aa8f-653175b97d40,0a7c3f39-db01-4c8d-b560-eb1abdfe5054,REGISTERED,2026-02-06 10:36:05.204773+00:00,,ABSENT,
5636,4dc60709-3167-41bb-aa8f-653175b97d40,0deea514-779a-4aa2-b500-353e426c4bb8,REGISTERED,2026-03-02 22:50:27.261639+00:00,,PRESENT,
5637,4dc60709-3167-41bb-aa8f-653175b97d40,85fcc4be-726c-4bcd-9bc6-c969daa3cd3e,REGISTERED,2026-03-13 13:06:07.367413+00:00,,PRESENT,
5638,4dc60709-3167-41bb-aa8f-653175b97d40,1ba29722-dcc2-4239-905a-c56c23d4a6fb,REGISTERED,2026-01-30 20:14:24.859991+00:00,,PRESENT,
5639,4dc60709-3167-41bb-aa8f-653175b97d40,52d16be2-1e29-40b8-8bcf-0168e069291b,REGISTERED,2026-02-26 08:09:35.833434+00:00,,PRESENT,
5640,4dc60709-3167-41bb-aa8f-653175b97d40,1a5ca586-55ef-4c1b-9c5f-2f5b56931420,REGISTERED,2026-02-04 04:34:45.709006+00:00,,ABSENT,
5641,4dc60709-3167-41bb-aa8f-653175b97d40,dc77d7ee-0010-4612-9a40-e655be92d3eb,REGISTERED,2026-02-04 12:06:24.816877+00:00,,PRESENT,
5642,4dc60709-3167-41bb-aa8f-653175b97d40,cb6d8e05-1472-47ff-b732-cb920eb596dd,REGISTERED,2026-02-08 05:47:32.436479+00:00,,PRESENT,
5643,4dc60709-3167-41bb-aa8f-653175b97d40,170d2f68-2e8a-4567-81c1-cd4a0016ee2d,REGISTERED,2026-03-09 16:39:32.257564+00:00,,PRESENT,
5644,4dc60709-3167-41bb-aa8f-653175b97d40,cd925f76-6a4a-4b65-b4d7-839f7aa778fc,CANCELLED,2026-03-21 16:09:05.869726+00:00,2026-03-31 08:18:24.327227+00:00,PENDING,Indisponibilité personnelle signalée.
5645,4dc60709-3167-41bb-aa8f-653175b97d40,ef84d501-5809-42c6-811a-459fc59c8de1,CANCELLED,2026-03-03 06:38:47.992402+00:00,2026-03-05 23:13:52.256667+00:00,PENDING,Déplacement professionnel confirmé.
5646,4dc60709-3167-41bb-aa8f-653175b97d40,85480232-8d0c-45e2-bb3b-62ccdcf67029,REGISTERED,2026-01-28 14:32:51.519364+00:00,,PRESENT,
5647,4dc60709-3167-41bb-aa8f-653175b97d40,c3f44d1a-e988-4b73-a7f1-9fe2fbfeaaca,REGISTERED,2026-02-05 22:15:38.923287+00:00,,PRESENT,
5648,4dc60709-3167-41bb-aa8f-653175b97d40,d35f769d-d320-4357-a8ad-0db3cd7e1bcf,REGISTERED,2026-02-08 13:23:29.765602+00:00,,ABSENT,
5649,4dc60709-3167-41bb-aa8f-653175b97d40,ef6c19c9-41fb-4663-b095-fd6f807954ec,REGISTERED,2026-03-14 05:20:29.333411+00:00,,PRESENT,
5650,4dc60709-3167-41bb-aa8f-653175b97d40,78413987-8929-435c-b7e0-5a3fd9449489,REGISTERED,2026-01-22 06:35:38.909946+00:00,,ABSENT,
5651,4dc60709-3167-41bb-aa8f-653175b97d40,4d667ed7-ec6b-4add-aae1-3807ff1a161c,REGISTERED,2026-03-12 00:01:38.977724+00:00,,PRESENT,
5652,4dc60709-3167-41bb-aa8f-653175b97d40,2f9348fd-73c7-4bee-b63f-b880e839a3f8,REGISTERED,2026-02-27 07:30:56.035227+00:00,,PRESENT,
5653,4dc60709-3167-41bb-aa8f-653175b97d40,2924ebf4-7416-4911-9fb8-c3bd86f39111,REGISTERED,2026-02-20 05:52:09.782455+00:00,,PRESENT,
5654,4dc60709-3167-41bb-aa8f-653175b97d40,d04fc3d7-1126-4cb3-9932-981657c916cf,REGISTERED,2026-02-05 15:19:51.610718+00:00,,PRESENT,
5655,4dc60709-3167-41bb-aa8f-653175b97d40,0f89f372-8f9b-4e37-a917-95d348270c77,REGISTERED,2026-02-16 10:36:13.870032+00:00,,PRESENT,
5656,4dc60709-3167-41bb-aa8f-653175b97d40,c58bb0f6-4d0a-48af-8710-da23e9acd1d0,REGISTERED,2026-03-17 19:24:28.432342+00:00,,PRESENT,
5657,4dc60709-3167-41bb-aa8f-653175b97d40,23ce8810-f0b8-4d2e-8e2b-68771418b437,CANCELLED,2026-02-16 09:19:31.021736+00:00,2026-04-08 02:14:09.330278+00:00,PENDING,Contrainte de planning de dernière minute.
5658,4dc60709-3167-41bb-aa8f-653175b97d40,6d282e57-ae58-47d1-b0b0-71588701cd4b,REGISTERED,2026-03-12 18:26:58.345280+00:00,,PRESENT,
5659,4dc60709-3167-41bb-aa8f-653175b97d40,2b2c1a3c-9712-41b8-86c7-afa44d9e0665,REGISTERED,2026-03-17 13:49:17.754458+00:00,,PRESENT,
5660,4dc60709-3167-41bb-aa8f-653175b97d40,888502a0-6058-4702-88b8-adb03b807926,REGISTERED,2026-03-14 21:05:55.108803+00:00,,PRESENT,
5661,4dc60709-3167-41bb-aa8f-653175b97d40,dac9ce9c-3e17-44ed-ac45-a48a89ca4b8d,REGISTERED,2026-02-25 01:45:00.549276+00:00,,PRESENT,
5662,4dc60709-3167-41bb-aa8f-653175b97d40,cdceb895-35d8-4e18-b3c1-c6e0cb902595,REGISTERED,2026-03-05 20:12:45.502389+00:00,,PRESENT,
5663,4dc60709-3167-41bb-aa8f-653175b97d40,91859730-a2c4-46b6-855a-a89620a317df,REGISTERED,2026-02-24 05:02:38.375501+00:00,,PRESENT,
5664,4dc60709-3167-41bb-aa8f-653175b97d40,8e755df7-d353-4b98-b399-336164ee4a93,REGISTERED,2026-03-06 17:31:05.203793+00:00,,PRESENT,
5665,4dc60709-3167-41bb-aa8f-653175b97d40,3153eaad-facb-4e77-bf73-9a19018c032d,CANCELLED,2026-02-09 19:09:42.895307+00:00,2026-04-06 05:08:05.197709+00:00,PENDING,Indisponibilité personnelle signalée.
5666,4dc60709-3167-41bb-aa8f-653175b97d40,054fbfd5-4987-4e74-981e-7720556bff7c,REGISTERED,2026-03-06 16:03:25.580898+00:00,,ABSENT,
5667,4dc60709-3167-41bb-aa8f-653175b97d40,8f1b219c-c56a-41c1-88e4-b541304785b8,REGISTERED,2026-02-12 14:34:47.301915+00:00,,PRESENT,
5668,4dc60709-3167-41bb-aa8f-653175b97d40,16aecb05-9ec8-4d03-8476-a54437617f6a,REGISTERED,2026-02-25 16:16:12.976519+00:00,,PRESENT,
5669,8f2841ec-5eb3-4725-b0dc-67772a71c7a6,db51b55f-fef8-478b-b35a-f2511f4012c2,REGISTERED,2026-04-04 05:08:13.731193+00:00,,PENDING,
5670,8f2841ec-5eb3-4725-b0dc-67772a71c7a6,4cc0e55c-8eeb-4f90-96d2-dedd8a565e1b,REGISTERED,2026-03-16 08:11:08.647858+00:00,,PENDING,
5671,8f2841ec-5eb3-4725-b0dc-67772a71c7a6,99ce0eb9-db3b-4ba1-9d7e-a6e10271bb8c,REGISTERED,2026-04-20 18:16:21.691446+00:00,,PENDING,
5672,8f2841ec-5eb3-4725-b0dc-67772a71c7a6,10d5d40f-127e-4b4f-b286-d0a7efa50bd5,REGISTERED,2026-03-24 23:36:04.902831+00:00,,PENDING,
5673,8f2841ec-5eb3-4725-b0dc-67772a71c7a6,d264ec2d-d6b4-4a68-a16e-2ce4e95ca174,REGISTERED,2026-02-01 16:04:10.775896+00:00,,PENDING,
5674,8f2841ec-5eb3-4725-b0dc-67772a71c7a6,8d96e8da-9993-495a-a0c2-848796ac710e,CANCELLED,2026-02-08 11:17:49.856414+00:00,2026-03-28 15:14:52.930662+00:00,PENDING,Participation remplacée par un collègue.
5675,8f2841ec-5eb3-4725-b0dc-67772a71c7a6,ada33a22-047d-41f7-9001-c78a46d52ecc,REGISTERED,2026-02-12 21:10:16.997762+00:00,,PENDING,
5676,8f2841ec-5eb3-4725-b0dc-67772a71c7a6,ad077160-525d-4c40-8102-623ecef44a68,REGISTERED,2026-02-11 10:05:03.074537+00:00,,PENDING,
5677,8f2841ec-5eb3-4725-b0dc-67772a71c7a6,1d564304-c607-4b67-b00b-0c3c6644f9c6,REGISTERED,2026-04-19 04:26:50.244973+00:00,,PENDING,
5678,8f2841ec-5eb3-4725-b0dc-67772a71c7a6,a1c5d618-8d96-458c-8e77-e2adbc9f6c23,REGISTERED,2026-04-15 04:16:45.646538+00:00,,PENDING,
5679,8f2841ec-5eb3-4725-b0dc-67772a71c7a6,11e4bafe-f46f-4714-ae79-46782f98afcc,REGISTERED,2026-01-29 08:18:46.632015+00:00,,PENDING,
5680,8f2841ec-5eb3-4725-b0dc-67772a71c7a6,9ac7d884-9c16-4fa3-b896-884afda9c096,REGISTERED,2026-02-03 21:31:09.935779+00:00,,PENDING,
5681,8f2841ec-5eb3-4725-b0dc-67772a71c7a6,c3cebde2-04c5-4bd6-8742-5138c5699944,REGISTERED,2026-01-20 10:20:08.581405+00:00,,PENDING,
5682,8f2841ec-5eb3-4725-b0dc-67772a71c7a6,b9c5c31c-70c5-4d31-b5fa-06019974af0a,REGISTERED,2026-03-20 14:20:12.056273+00:00,,PENDING,
5683,8f2841ec-5eb3-4725-b0dc-67772a71c7a6,18aee4d1-ff77-49a2-bce1-9d47c65368ae,REGISTERED,2026-02-26 18:42:15.574023+00:00,,PENDING,
5684,8f2841ec-5eb3-4725-b0dc-67772a71c7a6,82015a98-3b01-41dc-9cac-7c689d1a99b7,REGISTERED,2026-03-21 17:20:19.234691+00:00,,PENDING,
5685,8f2841ec-5eb3-4725-b0dc-67772a71c7a6,8062edae-a09d-450b-b9e9-61d162542cc6,REGISTERED,2026-02-28 16:39:27.770263+00:00,,PENDING,
5686,8f2841ec-5eb3-4725-b0dc-67772a71c7a6,d2143c02-7643-4dad-9edd-73d7e485eec7,REGISTERED,2026-01-22 13:37:07.994995+00:00,,PENDING,
5687,8f2841ec-5eb3-4725-b0dc-67772a71c7a6,85fcc4be-726c-4bcd-9bc6-c969daa3cd3e,REGISTERED,2026-04-19 08:58:51.103139+00:00,,PENDING,
5688,8f2841ec-5eb3-4725-b0dc-67772a71c7a6,fe585dc9-87c1-4767-acfc-0cb180014620,REGISTERED,2026-02-02 14:15:25.542473+00:00,,PENDING,
5689,8f2841ec-5eb3-4725-b0dc-67772a71c7a6,d46bbc33-a6b9-4170-bdd9-62088f76392b,REGISTERED,2026-02-04 05:04:27.353440+00:00,,PENDING,
5690,8f2841ec-5eb3-4725-b0dc-67772a71c7a6,f2adb223-abf2-4dde-8eb2-d0e031d07e62,REGISTERED,2026-03-28 02:59:27.661805+00:00,,PENDING,
5691,8f2841ec-5eb3-4725-b0dc-67772a71c7a6,50b973db-8479-47e1-8c19-f51f4998a03c,REGISTERED,2026-03-17 23:30:57.723292+00:00,,PENDING,
5692,8f2841ec-5eb3-4725-b0dc-67772a71c7a6,124d31c9-67e3-4463-a3dc-e5d31d3560a1,REGISTERED,2026-02-23 19:12:38.582875+00:00,,PENDING,
5693,8f2841ec-5eb3-4725-b0dc-67772a71c7a6,62f0f942-5b08-4351-9bfb-920a9b2364ec,REGISTERED,2026-03-10 09:34:20.594547+00:00,,PENDING,
5694,8f2841ec-5eb3-4725-b0dc-67772a71c7a6,3ce5d8ff-3af6-4183-83e3-d0fad13a6ef1,REGISTERED,2026-03-29 02:49:21.518909+00:00,,PENDING,
5695,8f2841ec-5eb3-4725-b0dc-67772a71c7a6,9630d3c5-3a6f-4cba-bd6b-09ef4505332e,REGISTERED,2026-03-15 12:27:56.176172+00:00,,PENDING,
5696,8f2841ec-5eb3-4725-b0dc-67772a71c7a6,adf357bf-a6ea-435e-84dc-d92ef2f7cde4,REGISTERED,2026-02-28 13:19:59.541987+00:00,,PENDING,
5697,8f2841ec-5eb3-4725-b0dc-67772a71c7a6,915de5a6-4e56-45a3-9ec0-f304a3b83653,REGISTERED,2026-04-03 05:19:10.424035+00:00,,PENDING,
5698,8f2841ec-5eb3-4725-b0dc-67772a71c7a6,4284538a-2eb5-4ac7-9e74-d9148261af39,REGISTERED,2026-04-08 12:09:15.463027+00:00,,PENDING,
5699,60897eae-9013-4e77-bb9f-9dfa22d82591,cba14f0b-756c-46b4-82ed-29b71212aeae,CANCELLED,2026-04-24 19:31:10.289266+00:00,2026-04-30 04:00:36.854497+00:00,PENDING,Contrainte de planning de dernière minute.
5700,60897eae-9013-4e77-bb9f-9dfa22d82591,fd4de66f-9089-4132-b386-bcc0aed023a5,REGISTERED,2026-03-11 14:42:27.472114+00:00,,PENDING,
5701,60897eae-9013-4e77-bb9f-9dfa22d82591,dc77d7ee-0010-4612-9a40-e655be92d3eb,REGISTERED,2026-03-08 17:26:47.196302+00:00,,PENDING,
5702,60897eae-9013-4e77-bb9f-9dfa22d82591,5f776928-4b7a-41f4-a20d-06c3a6b003bf,CANCELLED,2026-05-01 06:55:37.529039+00:00,2026-05-01 11:50:32.162072+00:00,PENDING,Déplacement professionnel confirmé.
5703,60897eae-9013-4e77-bb9f-9dfa22d82591,0758c702-8abe-48eb-8498-0241319134d6,REGISTERED,2026-02-05 01:53:08.526509+00:00,,PENDING,
5704,60897eae-9013-4e77-bb9f-9dfa22d82591,317b3030-2453-480a-be7a-493d61b447f0,CANCELLED,2026-04-15 21:30:03.461996+00:00,2026-04-20 23:12:48.242574+00:00,PENDING,Changement de priorité métier.
5705,60897eae-9013-4e77-bb9f-9dfa22d82591,b47acf12-a3eb-4e7e-b774-7fd911ef71bd,REGISTERED,2026-03-12 22:51:53.291307+00:00,,PENDING,
5706,60897eae-9013-4e77-bb9f-9dfa22d82591,e1a6a44d-3130-4403-b5cb-3639929a10a0,REGISTERED,2026-04-27 22:43:46.248737+00:00,,PENDING,
5707,60897eae-9013-4e77-bb9f-9dfa22d82591,592aac8f-3efc-40e6-8749-bea31258b4be,REGISTERED,2026-02-05 06:33:46.121839+00:00,,PENDING,
5708,60897eae-9013-4e77-bb9f-9dfa22d82591,d55047e0-37be-40fb-a90b-d53653e77f3c,REGISTERED,2026-04-22 22:26:46.581332+00:00,,PENDING,
5709,60897eae-9013-4e77-bb9f-9dfa22d82591,d6fe6795-80b6-44d5-81a2-ba29873a9947,REGISTERED,2026-04-14 05:10:40.813561+00:00,,PENDING,
5710,60897eae-9013-4e77-bb9f-9dfa22d82591,586058b9-99bc-4600-9f37-87111fcaf37e,REGISTERED,2026-03-08 05:06:53.097487+00:00,,PENDING,
5711,60897eae-9013-4e77-bb9f-9dfa22d82591,f50ff8d2-296b-430d-bc2e-7a3ba13a75b7,REGISTERED,2026-02-25 15:29:45.346230+00:00,,PENDING,
5712,60897eae-9013-4e77-bb9f-9dfa22d82591,b54fdc5c-e828-48f4-8b75-28fe75c046a8,REGISTERED,2026-02-12 21:36:26.614830+00:00,,PENDING,
5713,60897eae-9013-4e77-bb9f-9dfa22d82591,ed50e871-1708-4f88-8eff-4450af6fd5de,CANCELLED,2026-02-05 14:49:52.046524+00:00,2026-02-13 19:52:53.112791+00:00,PENDING,Contrainte de planning de dernière minute.
5714,60897eae-9013-4e77-bb9f-9dfa22d82591,83fa4897-ec74-4b08-86e3-0d09187fe146,REGISTERED,2026-02-02 16:41:40.612382+00:00,,PENDING,
5715,60897eae-9013-4e77-bb9f-9dfa22d82591,ad0019b6-763f-4495-9027-62286284764a,REGISTERED,2026-03-26 13:43:58.355479+00:00,,PENDING,
5716,60897eae-9013-4e77-bb9f-9dfa22d82591,0b259536-155f-4e39-9154-32d25e0d2eca,REGISTERED,2026-04-15 14:38:28.915366+00:00,,PENDING,
5717,60897eae-9013-4e77-bb9f-9dfa22d82591,8b802ae2-7e2f-4ae3-b9db-55586c1e446d,REGISTERED,2026-02-12 04:42:50.762316+00:00,,PENDING,
5718,60897eae-9013-4e77-bb9f-9dfa22d82591,dac9ce9c-3e17-44ed-ac45-a48a89ca4b8d,REGISTERED,2026-04-25 22:53:16.154688+00:00,,PENDING,
5719,60897eae-9013-4e77-bb9f-9dfa22d82591,2237a47b-d19c-43f7-b1bb-db7310cd2750,REGISTERED,2026-04-08 08:20:30.257482+00:00,,PENDING,
5720,60897eae-9013-4e77-bb9f-9dfa22d82591,da4776f2-e6b8-4c43-abd8-a693f8b71f5f,REGISTERED,2026-04-04 08:58:37.415431+00:00,,PENDING,
5721,60897eae-9013-4e77-bb9f-9dfa22d82591,76a9bda7-4fee-4da7-a23d-97f4c3bfc3a1,REGISTERED,2026-02-24 01:45:23.409558+00:00,,PENDING,
5722,60897eae-9013-4e77-bb9f-9dfa22d82591,8a85cbcb-c372-4854-9d56-ead45338499f,REGISTERED,2026-03-06 04:22:24.548502+00:00,,PENDING,
5723,60897eae-9013-4e77-bb9f-9dfa22d82591,11938edb-7027-491c-9527-eaf7738ea9cd,REGISTERED,2026-02-11 01:41:45.950245+00:00,,PENDING,
5724,60897eae-9013-4e77-bb9f-9dfa22d82591,67ef2ce8-8158-4061-b39f-1648161b988a,REGISTERED,2026-04-24 05:23:54.200282+00:00,,PENDING,
5725,60897eae-9013-4e77-bb9f-9dfa22d82591,d1b2491c-d6e0-4961-a163-1cd855b2b145,REGISTERED,2026-02-25 22:31:35.301555+00:00,,PENDING,
5726,60897eae-9013-4e77-bb9f-9dfa22d82591,83b7b362-55ff-44b1-870b-dd179a5fc394,REGISTERED,2026-03-21 15:10:02.110006+00:00,,PENDING,
5727,60897eae-9013-4e77-bb9f-9dfa22d82591,238a56d0-1293-48e8-a2dc-dd39a1ea5a94,REGISTERED,2026-04-23 16:58:19.576589+00:00,,PENDING,
5728,60897eae-9013-4e77-bb9f-9dfa22d82591,649114ae-3449-49ab-a8e8-f4c931409e3d,CANCELLED,2026-04-16 14:10:41.458352+00:00,2026-04-30 18:27:14.487605+00:00,PENDING,Charge de travail incompatible avec l’événement.
5729,a8eb3e49-963f-41cb-b07d-9ea66ffee42f,869f5770-ffbd-42b1-9908-f61f8fbbc8ea,REGISTERED,2026-03-15 00:40:00.219037+00:00,,PENDING,
5730,a8eb3e49-963f-41cb-b07d-9ea66ffee42f,d5d7156b-757a-4b4f-9950-c3a38b7b858d,REGISTERED,2026-03-04 18:28:15.303114+00:00,,PENDING,
5731,a8eb3e49-963f-41cb-b07d-9ea66ffee42f,e94c386e-8464-4a22-be9a-6beb0e5d7a7b,REGISTERED,2026-02-08 03:44:14.997699+00:00,,PENDING,
5732,a8eb3e49-963f-41cb-b07d-9ea66ffee42f,38f613ea-5861-4cc9-b537-b6b20e606666,REGISTERED,2026-02-20 08:08:23.918385+00:00,,PENDING,
5733,a8eb3e49-963f-41cb-b07d-9ea66ffee42f,3d995ed0-a816-4b0a-8bb4-eaf99e325783,REGISTERED,2026-03-22 10:04:50.387576+00:00,,PENDING,
5734,a8eb3e49-963f-41cb-b07d-9ea66ffee42f,9246a4a8-fa4c-48db-84c1-bcec80300b95,REGISTERED,2026-04-17 09:37:26.434653+00:00,,PENDING,
5735,a8eb3e49-963f-41cb-b07d-9ea66ffee42f,18aee4d1-ff77-49a2-bce1-9d47c65368ae,REGISTERED,2026-03-17 02:55:37.764864+00:00,,PENDING,
5736,a8eb3e49-963f-41cb-b07d-9ea66ffee42f,78c254c8-e08c-423c-b031-4de7e4eb1f25,CANCELLED,2026-04-10 16:32:53.887422+00:00,2026-04-17 20:14:50.062975+00:00,PENDING,Absence validée par le manager.
5737,a8eb3e49-963f-41cb-b07d-9ea66ffee42f,c590c49a-6aa2-4b9e-b7ef-8de08d64a34f,REGISTERED,2026-03-07 12:11:26.986245+00:00,,PENDING,
5738,a8eb3e49-963f-41cb-b07d-9ea66ffee42f,d0254122-89ed-45f1-9608-36032344bddd,REGISTERED,2026-02-24 20:54:07.372069+00:00,,PENDING,
5739,a8eb3e49-963f-41cb-b07d-9ea66ffee42f,04ebe506-cbfc-450e-9f9f-21e8320c892b,REGISTERED,2026-02-22 07:44:30.952898+00:00,,PENDING,
5740,a8eb3e49-963f-41cb-b07d-9ea66ffee42f,2620e675-d3ba-4ca5-85bf-2dd08f05bca7,CANCELLED,2026-04-10 17:32:17.148140+00:00,2026-04-29 20:44:09.356840+00:00,PENDING,Invitation déclinée après réévaluation.
5741,a8eb3e49-963f-41cb-b07d-9ea66ffee42f,bfe891b4-9403-4989-a44e-4cc7c30638a2,REGISTERED,2026-02-20 06:29:21.030746+00:00,,PENDING,
5742,a8eb3e49-963f-41cb-b07d-9ea66ffee42f,368b0c1f-2b18-45ae-8c55-7445a2e631bc,REGISTERED,2026-04-05 14:10:50.461632+00:00,,PENDING,
5743,a8eb3e49-963f-41cb-b07d-9ea66ffee42f,f94cae4d-1651-4cf9-829f-4b10982ab3a1,REGISTERED,2026-04-05 13:53:12.709969+00:00,,PENDING,
5744,a8eb3e49-963f-41cb-b07d-9ea66ffee42f,c31aaa51-862f-454c-afdf-06d1d6ea07fa,REGISTERED,2026-02-01 07:24:34.971733+00:00,,PENDING,
5745,a8eb3e49-963f-41cb-b07d-9ea66ffee42f,4104f49c-666e-4c48-8185-e1ef630c83c1,REGISTERED,2026-04-13 15:45:35.556752+00:00,,PENDING,
5746,a8eb3e49-963f-41cb-b07d-9ea66ffee42f,eaaf4ff9-389b-4404-8570-7d2997f37220,REGISTERED,2026-04-05 18:18:27.331281+00:00,,PENDING,
5747,a8eb3e49-963f-41cb-b07d-9ea66ffee42f,895f01a4-b0ea-4f55-add3-d7b281d0d86e,REGISTERED,2026-04-13 16:08:30.986751+00:00,,PENDING,
5748,a8eb3e49-963f-41cb-b07d-9ea66ffee42f,54ff204c-a298-4d0d-bd0e-d9817a501b70,REGISTERED,2026-03-22 12:30:05.590864+00:00,,PENDING,
5749,a8eb3e49-963f-41cb-b07d-9ea66ffee42f,9cca5d9d-2083-45f2-baf5-a904076fa298,REGISTERED,2026-02-08 02:18:51.522459+00:00,,PENDING,
5750,72262adf-4368-4454-8fdc-33187b65ec61,8fb6c560-14f4-4ef9-bab1-bda6ae55864c,REGISTERED,2026-04-20 13:15:02.167107+00:00,,PENDING,
5751,72262adf-4368-4454-8fdc-33187b65ec61,895f01a4-b0ea-4f55-add3-d7b281d0d86e,REGISTERED,2026-04-29 18:09:40.542613+00:00,,PENDING,
5752,fc937cd7-7fab-4a8d-a852-2291c0925b8b,2529ad7b-3e69-4b87-9e44-0259ec755de2,REGISTERED,2026-02-03 11:06:40.726273+00:00,,ABSENT,
5753,fc937cd7-7fab-4a8d-a852-2291c0925b8b,320540a7-1daa-4726-b502-7fecc0270091,REGISTERED,2026-01-30 08:57:39.211872+00:00,,PRESENT,
5754,fc937cd7-7fab-4a8d-a852-2291c0925b8b,db0a6297-8193-47c9-a815-151141095ca6,REGISTERED,2026-02-22 08:36:11.546456+00:00,,PRESENT,
5755,fc937cd7-7fab-4a8d-a852-2291c0925b8b,de793784-3e9c-4a5b-a50b-5e1a0437bd90,REGISTERED,2026-02-17 22:20:08.488470+00:00,,PRESENT,
5756,d098b691-417c-42d7-9c3e-0fdfcdbfb1db,2ef6e49e-2db4-4aba-9300-2be6b73234f7,REGISTERED,2026-04-15 08:10:32.372416+00:00,,PENDING,
5757,d098b691-417c-42d7-9c3e-0fdfcdbfb1db,73c05dc0-70ad-4a8b-a6d0-3dfd6c54d1a1,CANCELLED,2026-04-18 06:34:43.523225+00:00,2026-04-19 07:24:36.410145+00:00,PENDING,Modification de l’agenda projet.
5758,d098b691-417c-42d7-9c3e-0fdfcdbfb1db,f3ee8d81-bce1-4705-a1dd-180f42249038,REGISTERED,2026-04-19 18:42:02.737451+00:00,,PENDING,
5759,d098b691-417c-42d7-9c3e-0fdfcdbfb1db,c45d7879-b91c-47e2-9f80-fe17082b34a9,REGISTERED,2026-03-21 06:08:03.835814+00:00,,PENDING,
5760,d098b691-417c-42d7-9c3e-0fdfcdbfb1db,7c907411-53e7-4a2f-9fb2-368bef893ae6,REGISTERED,2026-04-06 18:33:53.410025+00:00,,PENDING,
5761,d098b691-417c-42d7-9c3e-0fdfcdbfb1db,971f68c9-d724-4aeb-8be7-a6c87cae819c,REGISTERED,2026-03-29 08:11:48.966045+00:00,,PENDING,
5762,d098b691-417c-42d7-9c3e-0fdfcdbfb1db,16db286d-1b67-49c2-b2c8-9d4d0fa29db6,REGISTERED,2026-03-15 08:21:24.544562+00:00,,PENDING,
5763,d098b691-417c-42d7-9c3e-0fdfcdbfb1db,b67484d6-57c8-48b2-bc51-671001b1bcda,REGISTERED,2026-04-23 22:39:48.776186+00:00,,PENDING,
5764,d098b691-417c-42d7-9c3e-0fdfcdbfb1db,bc82679b-60ac-4cb8-a2c8-90cf85491d9f,REGISTERED,2026-04-23 12:57:48.873210+00:00,,PENDING,
5765,d098b691-417c-42d7-9c3e-0fdfcdbfb1db,8e39130a-e867-4106-91d8-13206ebbc96a,REGISTERED,2026-03-22 17:40:06.941967+00:00,,PENDING,
5766,d098b691-417c-42d7-9c3e-0fdfcdbfb1db,b8b374dd-9fa4-4bbd-9bb0-e00bf90d665f,REGISTERED,2026-04-07 10:22:32.177488+00:00,,PENDING,
5767,d098b691-417c-42d7-9c3e-0fdfcdbfb1db,966251e0-21da-4b33-8c4f-5acafc653771,CANCELLED,2026-03-24 15:28:20.073867+00:00,2026-04-01 10:54:24.740897+00:00,PENDING,Erreur de choix de créneau.
5768,d098b691-417c-42d7-9c3e-0fdfcdbfb1db,fbbaaa64-8cee-4669-9d6e-59242b284466,REGISTERED,2026-04-27 08:24:45.211547+00:00,,PENDING,
5769,d098b691-417c-42d7-9c3e-0fdfcdbfb1db,fd980494-269c-489f-be6e-0159fbcec461,REGISTERED,2026-04-15 14:47:42.871782+00:00,,PENDING,
5770,d098b691-417c-42d7-9c3e-0fdfcdbfb1db,ba465ba6-c272-4a1d-a2a5-154d5850d7fc,REGISTERED,2026-04-19 02:19:31.512402+00:00,,PENDING,
5771,d098b691-417c-42d7-9c3e-0fdfcdbfb1db,8fb6c560-14f4-4ef9-bab1-bda6ae55864c,REGISTERED,2026-03-14 02:57:49.161464+00:00,,PENDING,
5772,d098b691-417c-42d7-9c3e-0fdfcdbfb1db,f97a0b32-2873-4e32-aeb0-26f42cfbc29d,REGISTERED,2026-04-20 19:30:22.296369+00:00,,PENDING,
5773,d098b691-417c-42d7-9c3e-0fdfcdbfb1db,895f01a4-b0ea-4f55-add3-d7b281d0d86e,REGISTERED,2026-03-17 04:15:10.010062+00:00,,PENDING,
5774,d098b691-417c-42d7-9c3e-0fdfcdbfb1db,e3a19585-197c-4218-9d75-752360108ba0,REGISTERED,2026-04-30 21:47:17.577548+00:00,,PENDING,
5775,d098b691-417c-42d7-9c3e-0fdfcdbfb1db,38cdd74c-b750-4e7c-89b5-9d66dac401b5,REGISTERED,2026-03-17 12:04:13.972851+00:00,,PENDING,
5776,d098b691-417c-42d7-9c3e-0fdfcdbfb1db,e6b32c11-c369-4ced-9813-924c8e864732,REGISTERED,2026-04-06 01:31:33.406240+00:00,,PENDING,
5777,d098b691-417c-42d7-9c3e-0fdfcdbfb1db,8ee4e6aa-49bf-4476-8827-7c43c8576b3a,REGISTERED,2026-04-23 08:33:04.583537+00:00,,PENDING,
5778,d098b691-417c-42d7-9c3e-0fdfcdbfb1db,b5fe5b9a-eaee-4b14-8a4b-ade6055198b0,CANCELLED,2026-03-12 12:10:39.141582+00:00,2026-04-03 19:04:13.283452+00:00,PENDING,Besoin de suivre une autre session en priorité.
5779,d098b691-417c-42d7-9c3e-0fdfcdbfb1db,eb0e5714-103d-4cc9-9b7e-b0267f027196,REGISTERED,2026-04-17 17:10:36.123633+00:00,,PENDING,
5780,d098b691-417c-42d7-9c3e-0fdfcdbfb1db,6d306999-ddb5-47e6-9aec-107cca3f6bbb,REGISTERED,2026-04-06 03:26:41.603188+00:00,,PENDING,
5781,d098b691-417c-42d7-9c3e-0fdfcdbfb1db,0f332dc1-8d8c-4d07-9e8e-61e2d0086221,REGISTERED,2026-04-02 23:02:23.038260+00:00,,PENDING,
5782,d098b691-417c-42d7-9c3e-0fdfcdbfb1db,233d2989-90d7-4cf0-9bea-58a5e4bac3d2,REGISTERED,2026-03-12 19:37:38.252681+00:00,,PENDING,
5783,d098b691-417c-42d7-9c3e-0fdfcdbfb1db,1d623cd5-7c52-4925-a204-0c46c3869a1d,REGISTERED,2026-03-17 04:36:08.376320+00:00,,PENDING,
5784,d098b691-417c-42d7-9c3e-0fdfcdbfb1db,5974ae31-04b8-4503-9dea-54b6eb4c5696,REGISTERED,2026-03-24 01:08:49.672212+00:00,,PENDING,
5785,d098b691-417c-42d7-9c3e-0fdfcdbfb1db,3b146662-5da3-44f9-a3a2-be2e8ab5f602,REGISTERED,2026-03-16 14:36:52.924985+00:00,,PENDING,
5786,d098b691-417c-42d7-9c3e-0fdfcdbfb1db,ebf39313-cfca-46a7-a1ef-36e0bb511d9d,REGISTERED,2026-04-09 03:19:58.661061+00:00,,PENDING,
5787,d098b691-417c-42d7-9c3e-0fdfcdbfb1db,9164ed25-60b7-490a-8cd1-097fbea158ab,CANCELLED,2026-04-16 19:03:37.789571+00:00,2026-04-17 15:13:48.742433+00:00,PENDING,Session finalement non pertinente pour le profil.
5788,d098b691-417c-42d7-9c3e-0fdfcdbfb1db,a452b384-4d0e-4248-9c0c-37e9ddbfecde,REGISTERED,2026-04-27 09:50:09.224013+00:00,,PENDING,
5789,d098b691-417c-42d7-9c3e-0fdfcdbfb1db,d0254122-89ed-45f1-9608-36032344bddd,REGISTERED,2026-04-14 06:54:49.129845+00:00,,PENDING,
5790,d098b691-417c-42d7-9c3e-0fdfcdbfb1db,540abdf1-304b-4ae8-be52-92cdac07dce3,CANCELLED,2026-03-18 02:25:22.941950+00:00,2026-04-08 04:02:03.060430+00:00,PENDING,Charge de travail incompatible avec l’événement.
5791,d098b691-417c-42d7-9c3e-0fdfcdbfb1db,b877de62-103a-4774-b161-65d240e35474,REGISTERED,2026-04-05 16:03:29.961620+00:00,,PENDING,
5792,d098b691-417c-42d7-9c3e-0fdfcdbfb1db,f26d448f-05f1-49b5-915f-c47667f8a942,CANCELLED,2026-04-29 02:50:08.411440+00:00,2026-04-29 15:01:56.204835+00:00,PENDING,Besoin de suivre une autre session en priorité.
5793,d098b691-417c-42d7-9c3e-0fdfcdbfb1db,41417e3e-4fd4-4942-a396-ba652bde8364,REGISTERED,2026-04-21 12:43:47.837287+00:00,,PENDING,
5794,d098b691-417c-42d7-9c3e-0fdfcdbfb1db,206f3caa-e4f4-4c32-9bbe-a77b272bce88,CANCELLED,2026-03-14 14:31:01.503597+00:00,2026-04-24 04:53:44.227124+00:00,PENDING,Conflit d’horaire avec une réunion prioritaire.
5795,d098b691-417c-42d7-9c3e-0fdfcdbfb1db,54b43be3-84e0-4a95-9d97-8b3b30898bd6,REGISTERED,2026-04-24 21:23:47.831535+00:00,,PENDING,
5796,d098b691-417c-42d7-9c3e-0fdfcdbfb1db,b5327700-4b72-4e84-bd67-c0134c3733c6,REGISTERED,2026-04-04 16:20:48.894696+00:00,,PENDING,
5797,d098b691-417c-42d7-9c3e-0fdfcdbfb1db,9de64ac2-5823-48b6-ad5a-3f693fa94794,REGISTERED,2026-04-01 00:46:25.082848+00:00,,PENDING,
5798,d098b691-417c-42d7-9c3e-0fdfcdbfb1db,553f633d-4e8b-4e4b-a5c1-02de094d0933,REGISTERED,2026-03-31 19:00:18.337699+00:00,,PENDING,
5799,d098b691-417c-42d7-9c3e-0fdfcdbfb1db,c4e9879e-05ab-498a-920f-58381490c89b,REGISTERED,2026-04-11 16:14:53.384771+00:00,,PENDING,
5800,d098b691-417c-42d7-9c3e-0fdfcdbfb1db,bc157ecf-7954-494e-a055-311a276bf358,REGISTERED,2026-03-31 12:01:41.265553+00:00,,PENDING,
5801,d098b691-417c-42d7-9c3e-0fdfcdbfb1db,8292224d-865d-414d-b46e-895c5152d1a0,REGISTERED,2026-03-24 17:25:42.115489+00:00,,PENDING,
5802,73ed9e10-d7dd-4f35-812a-0836380719a5,0deea514-779a-4aa2-b500-353e426c4bb8,CANCELLED,2026-03-22 20:15:58.412007+00:00,2026-04-09 18:08:15.089790+00:00,PENDING,Conflit d’horaire avec une réunion prioritaire.
5803,73ed9e10-d7dd-4f35-812a-0836380719a5,8c98e8b0-861d-4d8c-9844-76deb537a1db,REGISTERED,2026-03-16 05:10:13.599242+00:00,,PRESENT,
5804,73ed9e10-d7dd-4f35-812a-0836380719a5,9e386737-237f-4416-ad22-3e4e59f3de3a,REGISTERED,2026-02-24 22:38:33.314155+00:00,,PRESENT,
5805,73ed9e10-d7dd-4f35-812a-0836380719a5,f43ba2e8-ea91-43b3-9232-e8fd777feb12,REGISTERED,2026-02-26 14:41:37.856364+00:00,,PRESENT,
5806,73ed9e10-d7dd-4f35-812a-0836380719a5,18461a76-23dd-484e-ac0a-37f832c9ef57,REGISTERED,2026-03-02 10:21:37.878085+00:00,,PRESENT,
5807,73ed9e10-d7dd-4f35-812a-0836380719a5,40bd5505-6dbf-49ae-817e-6ca216a5630f,REGISTERED,2026-03-10 11:53:26.581168+00:00,,PRESENT,
5808,73ed9e10-d7dd-4f35-812a-0836380719a5,017696a2-9349-44d2-85ef-da7c880e1732,REGISTERED,2026-03-20 12:06:48.940364+00:00,,PRESENT,
5809,73ed9e10-d7dd-4f35-812a-0836380719a5,be819bb5-4387-4c8b-aff9-250ac5ddc5c2,REGISTERED,2026-03-29 04:48:15.287164+00:00,,PRESENT,
5810,73ed9e10-d7dd-4f35-812a-0836380719a5,a76c196d-d55a-489a-9e41-2892f1411a8b,REGISTERED,2026-03-20 19:42:31.254795+00:00,,PRESENT,
5811,73ed9e10-d7dd-4f35-812a-0836380719a5,978615d9-0394-47fb-a990-7b91e37cbcf3,REGISTERED,2026-03-21 22:16:27.997531+00:00,,ABSENT,
5812,73ed9e10-d7dd-4f35-812a-0836380719a5,9a1159ca-5027-4cc5-acce-0e458cb282f9,REGISTERED,2026-03-24 03:00:18.795442+00:00,,PRESENT,
5813,73ed9e10-d7dd-4f35-812a-0836380719a5,a912e90c-b716-4a56-8005-1c9111759dfd,REGISTERED,2026-03-01 01:20:04.131146+00:00,,ABSENT,
5814,73ed9e10-d7dd-4f35-812a-0836380719a5,8a674818-0a1b-475b-a8c9-cbe1e87d7943,REGISTERED,2026-03-01 11:46:56.301963+00:00,,PRESENT,
5815,73ed9e10-d7dd-4f35-812a-0836380719a5,6c7cb4fb-9e6a-4fe0-b7fd-e2495b748576,REGISTERED,2026-03-13 13:57:46.007698+00:00,,PRESENT,
5816,73ed9e10-d7dd-4f35-812a-0836380719a5,d0461ae2-5c05-43f1-a230-208ef643b565,REGISTERED,2026-03-23 04:23:11.738060+00:00,,PRESENT,
5817,73ed9e10-d7dd-4f35-812a-0836380719a5,82262980-bc3c-49fb-a210-28daa74d1ba3,REGISTERED,2026-03-09 19:52:13.715413+00:00,,PRESENT,
5818,73ed9e10-d7dd-4f35-812a-0836380719a5,c98070f7-ea93-464b-9719-8e5817cb346a,REGISTERED,2026-03-01 15:33:40.829910+00:00,,PRESENT,
5819,73ed9e10-d7dd-4f35-812a-0836380719a5,ff547326-c297-4923-8b93-97313a467f80,REGISTERED,2026-03-01 11:10:20.411104+00:00,,PRESENT,
5820,73ed9e10-d7dd-4f35-812a-0836380719a5,2b1a62e7-f4c9-4a41-b2af-ca2285e01546,REGISTERED,2026-03-17 06:29:09.052939+00:00,,PRESENT,
5821,73ed9e10-d7dd-4f35-812a-0836380719a5,c848b20c-f059-4930-95e5-93f28ae465c9,REGISTERED,2026-03-17 18:49:36.937465+00:00,,ABSENT,
5822,73ed9e10-d7dd-4f35-812a-0836380719a5,e3327257-45ae-4912-b4c2-08f9cb4d8536,REGISTERED,2026-03-21 21:36:33.125532+00:00,,ABSENT,
5823,73ed9e10-d7dd-4f35-812a-0836380719a5,0e1e47d1-e0f8-4547-aa65-ac319dba27f6,REGISTERED,2026-02-25 16:43:53.574598+00:00,,PRESENT,
5824,73ed9e10-d7dd-4f35-812a-0836380719a5,80d67e75-1cd6-4308-ace2-c8929c58a1fc,REGISTERED,2026-03-13 11:01:52.956743+00:00,,PRESENT,
5825,73ed9e10-d7dd-4f35-812a-0836380719a5,0d3b9abd-2bf6-47a0-b674-e66bfbd1c058,REGISTERED,2026-02-25 15:27:18.852397+00:00,,PRESENT,
5826,73ed9e10-d7dd-4f35-812a-0836380719a5,3828eac9-779d-4dee-8a85-97444f82ce68,REGISTERED,2026-03-10 04:24:31.057362+00:00,,ABSENT,
5827,73ed9e10-d7dd-4f35-812a-0836380719a5,c31a8997-aa4f-4fcd-af44-2a2e36479c4d,REGISTERED,2026-03-24 13:58:06.224909+00:00,,PRESENT,
5828,73ed9e10-d7dd-4f35-812a-0836380719a5,2d2ef5e3-a9fa-454f-9d27-96ad5903a226,REGISTERED,2026-03-26 19:21:53.253810+00:00,,PRESENT,
5829,73ed9e10-d7dd-4f35-812a-0836380719a5,c024ae2f-747f-4e78-b09d-430b0eca3860,REGISTERED,2026-03-21 17:39:04.770653+00:00,,ABSENT,
5830,73ed9e10-d7dd-4f35-812a-0836380719a5,465f2a51-6e74-4cea-b466-c62c29193b73,REGISTERED,2026-03-09 23:29:02.897754+00:00,,PRESENT,
5831,73ed9e10-d7dd-4f35-812a-0836380719a5,8fb6c560-14f4-4ef9-bab1-bda6ae55864c,REGISTERED,2026-03-02 10:23:00.469107+00:00,,PRESENT,
5832,73ed9e10-d7dd-4f35-812a-0836380719a5,273af618-b029-48bf-9f93-07a654f545f4,REGISTERED,2026-03-10 14:27:34.771339+00:00,,PRESENT,
5833,73ed9e10-d7dd-4f35-812a-0836380719a5,fd4de66f-9089-4132-b386-bcc0aed023a5,REGISTERED,2026-02-28 18:36:42.072852+00:00,,ABSENT,
5834,73ed9e10-d7dd-4f35-812a-0836380719a5,ea40f618-7f28-4677-9945-8b26e9dad431,REGISTERED,2026-03-05 16:21:17.837683+00:00,,PRESENT,
5835,73ed9e10-d7dd-4f35-812a-0836380719a5,caca8e6f-6250-4097-921b-cd1598cb3532,REGISTERED,2026-03-14 12:55:59.534111+00:00,,PRESENT,
5836,73ed9e10-d7dd-4f35-812a-0836380719a5,083adc5e-4f88-4bb2-98cc-7d2b6713765f,REGISTERED,2026-03-01 21:24:54.269085+00:00,,PRESENT,
5837,73ed9e10-d7dd-4f35-812a-0836380719a5,d14d3d68-bc4f-4869-b1ec-aa8b4936f3cf,REGISTERED,2026-03-07 04:12:36.811991+00:00,,PRESENT,
5838,73ed9e10-d7dd-4f35-812a-0836380719a5,79813442-5e34-470e-ae19-fde9bd8d21e8,REGISTERED,2026-03-13 09:42:05.559836+00:00,,PRESENT,
5839,73ed9e10-d7dd-4f35-812a-0836380719a5,a9eb667c-0911-4e4e-955e-a556167a78c0,REGISTERED,2026-03-24 13:46:45.142901+00:00,,PRESENT,
5840,73ed9e10-d7dd-4f35-812a-0836380719a5,ab6db78b-7377-4bd2-b600-5e71d3b60e91,REGISTERED,2026-03-10 14:57:58.138247+00:00,,PRESENT,
5841,73ed9e10-d7dd-4f35-812a-0836380719a5,f2b06dee-e475-4ddf-9811-39467ec5c4b3,REGISTERED,2026-02-26 19:11:34.963926+00:00,,PRESENT,
5842,73ed9e10-d7dd-4f35-812a-0836380719a5,5e3a8bbe-4747-4f6c-a52f-e982db7f63be,REGISTERED,2026-03-14 22:16:35.843746+00:00,,PRESENT,
5843,73ed9e10-d7dd-4f35-812a-0836380719a5,ebabeeab-3d61-4de8-9cc1-9896c30de71c,CANCELLED,2026-02-26 02:32:50.847719+00:00,2026-03-14 07:38:12.167391+00:00,PENDING,Changement de priorité métier.
5844,73ed9e10-d7dd-4f35-812a-0836380719a5,4104f49c-666e-4c48-8185-e1ef630c83c1,REGISTERED,2026-02-24 19:25:53.218309+00:00,,PRESENT,
5845,73ed9e10-d7dd-4f35-812a-0836380719a5,549a7925-348b-43cd-a3b9-dd25c12212b3,REGISTERED,2026-03-20 14:50:11.040635+00:00,,PRESENT,
5846,73ed9e10-d7dd-4f35-812a-0836380719a5,82adceda-344c-469a-a34d-6c5d0776f855,REGISTERED,2026-03-21 15:48:47.905539+00:00,,PRESENT,
5847,73ed9e10-d7dd-4f35-812a-0836380719a5,241a414d-fb4b-4547-8d2a-86a522a57210,REGISTERED,2026-03-15 06:54:34.074427+00:00,,PRESENT,
5848,73ed9e10-d7dd-4f35-812a-0836380719a5,2b2c1a3c-9712-41b8-86c7-afa44d9e0665,CANCELLED,2026-03-04 18:50:07.144666+00:00,2026-04-07 06:42:37.398990+00:00,PENDING,Besoin de suivre une autre session en priorité.
5849,73ed9e10-d7dd-4f35-812a-0836380719a5,f19708c8-85b2-4faa-825b-a2fefaac0687,REGISTERED,2026-03-02 07:59:51.483598+00:00,,PRESENT,
5850,73ed9e10-d7dd-4f35-812a-0836380719a5,e9d2ff70-2c2b-4bd5-ba0f-ea608ddccc9a,REGISTERED,2026-03-01 21:06:43.212412+00:00,,PRESENT,
5851,73ed9e10-d7dd-4f35-812a-0836380719a5,519b9a11-2a24-4779-b6be-e9dbde661345,REGISTERED,2026-03-26 16:44:11.585025+00:00,,PRESENT,
5852,73ed9e10-d7dd-4f35-812a-0836380719a5,4169b80d-0f44-4692-a9e4-5a0ff1391e96,REGISTERED,2026-02-28 16:08:16.522033+00:00,,PRESENT,
5853,73ed9e10-d7dd-4f35-812a-0836380719a5,f1ea7bc8-4511-4946-992a-69c581e26bef,REGISTERED,2026-03-13 05:50:38.371775+00:00,,PRESENT,
5854,73ed9e10-d7dd-4f35-812a-0836380719a5,1601dd67-4724-4d1d-a0bc-461e96081aed,REGISTERED,2026-02-28 04:50:59.769754+00:00,,ABSENT,
5855,73ed9e10-d7dd-4f35-812a-0836380719a5,136f0269-75a4-4b80-bd35-7c42da9c9843,REGISTERED,2026-03-25 21:18:55.902408+00:00,,PRESENT,
5856,73ed9e10-d7dd-4f35-812a-0836380719a5,dfc8f475-9202-4a52-9002-24f557cc4c64,REGISTERED,2026-03-08 20:35:59.779327+00:00,,PRESENT,
5857,73ed9e10-d7dd-4f35-812a-0836380719a5,a6c81a36-4a3a-4684-8a2a-15a4167abc2c,REGISTERED,2026-03-26 04:34:44.287132+00:00,,PRESENT,
5858,73ed9e10-d7dd-4f35-812a-0836380719a5,b84486da-21ec-4b82-bf29-a0ba711862f5,REGISTERED,2026-03-13 04:24:07.024217+00:00,,ABSENT,
5859,73ed9e10-d7dd-4f35-812a-0836380719a5,0737a7a1-e7e6-43a8-ade5-027ff9fba167,CANCELLED,2026-03-18 10:17:29.410617+00:00,2026-03-30 14:51:03.307411+00:00,PENDING,Problème de disponibilité logistique.
5860,73ed9e10-d7dd-4f35-812a-0836380719a5,ae0998f5-ac8d-41f3-ac2d-777a7f7ca079,REGISTERED,2026-03-28 02:49:22.669087+00:00,,PRESENT,
5861,73ed9e10-d7dd-4f35-812a-0836380719a5,5b4a4141-7738-4083-ae9c-db997fb64b4a,REGISTERED,2026-02-27 07:10:11.967684+00:00,,PRESENT,
5862,73ed9e10-d7dd-4f35-812a-0836380719a5,124d31c9-67e3-4463-a3dc-e5d31d3560a1,REGISTERED,2026-03-26 01:10:50.541530+00:00,,PRESENT,
5863,73ed9e10-d7dd-4f35-812a-0836380719a5,5c5fb113-5843-4b29-8933-b0d016b33d25,CANCELLED,2026-03-19 01:20:45.878071+00:00,2026-03-27 16:50:19.534475+00:00,PENDING,Modification de l’agenda projet.
5864,73ed9e10-d7dd-4f35-812a-0836380719a5,3b6ac1b8-60cb-45ad-8f33-24086fa4d575,REGISTERED,2026-03-13 10:15:45.299578+00:00,,PRESENT,
5865,73ed9e10-d7dd-4f35-812a-0836380719a5,c0f17624-388d-4a76-833d-00a5d20ecc26,REGISTERED,2026-03-23 21:52:45.473695+00:00,,PRESENT,
5866,73ed9e10-d7dd-4f35-812a-0836380719a5,0deccb0f-28c2-4434-a9fc-b509e554f041,REGISTERED,2026-03-27 19:04:02.473687+00:00,,PRESENT,
5867,73ed9e10-d7dd-4f35-812a-0836380719a5,074ac71d-aafc-47a0-9056-0c48ad4084ce,REGISTERED,2026-03-01 05:00:19.579199+00:00,,PRESENT,
5868,73ed9e10-d7dd-4f35-812a-0836380719a5,cb9bfc83-d69e-4da2-b15e-b524df16c0e3,REGISTERED,2026-03-28 16:21:27.271764+00:00,,ABSENT,
5869,73ed9e10-d7dd-4f35-812a-0836380719a5,a6d83b47-4658-4d4e-833d-7ef6e7cf2e94,REGISTERED,2026-03-11 04:40:08.502452+00:00,,PRESENT,
5870,73ed9e10-d7dd-4f35-812a-0836380719a5,fd337d25-a333-4d37-94b8-71f30778f874,REGISTERED,2026-03-14 03:10:26.001082+00:00,,PRESENT,
5871,73ed9e10-d7dd-4f35-812a-0836380719a5,8a85cbcb-c372-4854-9d56-ead45338499f,REGISTERED,2026-03-03 18:20:39.839304+00:00,,ABSENT,
5872,73ed9e10-d7dd-4f35-812a-0836380719a5,b4288a6b-52f0-44ab-821f-5bb760918a76,REGISTERED,2026-03-04 10:00:19.095452+00:00,,PRESENT,
5873,73ed9e10-d7dd-4f35-812a-0836380719a5,93c2ea2c-f36b-43fb-8081-333512ad6dfe,REGISTERED,2026-03-19 18:48:55.189009+00:00,,PRESENT,
5874,73ed9e10-d7dd-4f35-812a-0836380719a5,f6441207-59b2-4d0d-8e38-22e2061a049e,CANCELLED,2026-03-26 06:59:13.320436+00:00,2026-03-30 00:43:08.329219+00:00,PENDING,Conflit d’horaire avec une réunion prioritaire.
5875,73ed9e10-d7dd-4f35-812a-0836380719a5,7120f862-693b-4518-8e4c-e2bfe7963695,REGISTERED,2026-03-13 18:37:05.947250+00:00,,PRESENT,
5876,73ed9e10-d7dd-4f35-812a-0836380719a5,00a63ee3-b72e-4d31-b5f3-e2c9113709fa,REGISTERED,2026-03-07 21:04:33.672207+00:00,,PRESENT,
5877,73ed9e10-d7dd-4f35-812a-0836380719a5,de28480c-d0d0-4780-9b2f-53c70c8b5ed5,REGISTERED,2026-03-07 16:40:21.894078+00:00,,PRESENT,
5878,73ed9e10-d7dd-4f35-812a-0836380719a5,debfdb17-41a8-47ec-a914-677fa4a8b9d1,REGISTERED,2026-03-03 15:09:27.334511+00:00,,ABSENT,
5879,73ed9e10-d7dd-4f35-812a-0836380719a5,1ba29722-dcc2-4239-905a-c56c23d4a6fb,REGISTERED,2026-03-20 00:50:31.154454+00:00,,PRESENT,
5880,73ed9e10-d7dd-4f35-812a-0836380719a5,d6fe6795-80b6-44d5-81a2-ba29873a9947,CANCELLED,2026-03-23 09:42:53.860187+00:00,2026-04-03 01:34:32.866438+00:00,PENDING,Indisponibilité personnelle signalée.
5881,73ed9e10-d7dd-4f35-812a-0836380719a5,f3ee8d81-bce1-4705-a1dd-180f42249038,CANCELLED,2026-03-03 21:18:41.998525+00:00,2026-03-31 09:20:16.741718+00:00,PENDING,Inscription faite par erreur.
5882,73ed9e10-d7dd-4f35-812a-0836380719a5,f4ff8b53-48fb-46e8-9ea0-bc7c51ea9fee,REGISTERED,2026-03-19 13:15:01.202417+00:00,,PRESENT,
5883,73ed9e10-d7dd-4f35-812a-0836380719a5,921a0f6a-b2e3-4312-947d-dbb1a59b7f17,CANCELLED,2026-03-23 22:00:03.906579+00:00,2026-04-03 18:55:28.836238+00:00,PENDING,Déplacement professionnel confirmé.
5884,73ed9e10-d7dd-4f35-812a-0836380719a5,a653f1b8-2202-491e-8b31-77d92d162949,REGISTERED,2026-03-04 03:18:10.796866+00:00,,ABSENT,
5885,73ed9e10-d7dd-4f35-812a-0836380719a5,36a7aa14-d53e-4d7a-9df0-346370185c99,REGISTERED,2026-03-14 17:48:54.618728+00:00,,PRESENT,
5886,73ed9e10-d7dd-4f35-812a-0836380719a5,e8dda1ab-4e22-4b44-b642-16d429b530e6,REGISTERED,2026-02-25 23:53:51.098484+00:00,,PRESENT,
5887,73ed9e10-d7dd-4f35-812a-0836380719a5,d55047e0-37be-40fb-a90b-d53653e77f3c,REGISTERED,2026-03-11 02:04:17.463268+00:00,,ABSENT,
5888,73ed9e10-d7dd-4f35-812a-0836380719a5,2ef6e49e-2db4-4aba-9300-2be6b73234f7,REGISTERED,2026-03-22 00:53:13.383184+00:00,,PRESENT,
5889,73ed9e10-d7dd-4f35-812a-0836380719a5,a4227edf-b1ca-4211-8668-7f5fc27b3661,REGISTERED,2026-03-21 17:58:54.567650+00:00,,ABSENT,
5890,73ed9e10-d7dd-4f35-812a-0836380719a5,8b802ae2-7e2f-4ae3-b9db-55586c1e446d,CANCELLED,2026-03-06 07:40:11.890619+00:00,2026-03-07 14:47:42.060495+00:00,PENDING,Changement de priorité métier.
5891,73ed9e10-d7dd-4f35-812a-0836380719a5,04ebe506-cbfc-450e-9f9f-21e8320c892b,REGISTERED,2026-03-21 16:04:36.194938+00:00,,PRESENT,
5892,73ed9e10-d7dd-4f35-812a-0836380719a5,57ba55cf-425f-48e2-9ed7-0fc2e1c80530,REGISTERED,2026-02-27 07:56:43.164146+00:00,,ABSENT,
5893,73ed9e10-d7dd-4f35-812a-0836380719a5,0f89f372-8f9b-4e37-a917-95d348270c77,REGISTERED,2026-03-23 09:54:40.411327+00:00,,PRESENT,
5894,73ed9e10-d7dd-4f35-812a-0836380719a5,82015a98-3b01-41dc-9cac-7c689d1a99b7,REGISTERED,2026-03-04 03:29:59.909770+00:00,,PRESENT,
5895,73ed9e10-d7dd-4f35-812a-0836380719a5,d432410f-620e-49df-9646-346e8457b3bf,REGISTERED,2026-02-27 16:26:07.278108+00:00,,PRESENT,
5896,73ed9e10-d7dd-4f35-812a-0836380719a5,8de3a1bf-0867-4629-9291-42a74caf9008,REGISTERED,2026-03-29 00:52:27.454881+00:00,,PRESENT,
5897,73ed9e10-d7dd-4f35-812a-0836380719a5,1350d9cc-bc62-4dbc-b818-0ec25656b4c8,REGISTERED,2026-02-28 11:02:10.718215+00:00,,ABSENT,
5898,73ed9e10-d7dd-4f35-812a-0836380719a5,4d667ed7-ec6b-4add-aae1-3807ff1a161c,REGISTERED,2026-03-04 23:37:07.940513+00:00,,PRESENT,
5899,73ed9e10-d7dd-4f35-812a-0836380719a5,3215d909-b0ac-4c4e-a139-afd4230fe685,REGISTERED,2026-03-05 22:33:26.527247+00:00,,ABSENT,
5900,73ed9e10-d7dd-4f35-812a-0836380719a5,bc4f2415-4186-4d74-ba12-52a4a7b18bc6,REGISTERED,2026-03-07 05:30:52.916196+00:00,,PRESENT,
5901,73ed9e10-d7dd-4f35-812a-0836380719a5,f32fdb6b-d074-4fe9-9c58-dafa738bada1,REGISTERED,2026-03-06 18:21:09.180798+00:00,,ABSENT,
5902,ef589184-1d84-47a7-8022-8c2207c92660,9d09832f-ff19-4c77-9c05-12881b06c117,REGISTERED,2026-04-01 23:08:10.938591+00:00,,PENDING,
5903,ef589184-1d84-47a7-8022-8c2207c92660,2924ebf4-7416-4911-9fb8-c3bd86f39111,REGISTERED,2026-02-20 00:30:05.024638+00:00,,PENDING,
5904,ef589184-1d84-47a7-8022-8c2207c92660,256b281f-27a3-4756-9132-21f4a6f1d868,REGISTERED,2026-04-03 20:59:58.408458+00:00,,PENDING,
5905,ef589184-1d84-47a7-8022-8c2207c92660,05ebad91-5c0a-406d-b835-141c19b231e0,REGISTERED,2026-03-17 16:35:34.326955+00:00,,PENDING,
5906,ef589184-1d84-47a7-8022-8c2207c92660,0f89f372-8f9b-4e37-a917-95d348270c77,REGISTERED,2026-02-14 20:52:03.947088+00:00,,PENDING,
5907,ef589184-1d84-47a7-8022-8c2207c92660,473aea92-b352-4816-84a6-998d6674e016,REGISTERED,2026-02-02 22:35:58.566248+00:00,,PENDING,
5908,ef589184-1d84-47a7-8022-8c2207c92660,50773668-ccfb-4603-bfcb-0f0535410c84,REGISTERED,2026-03-09 10:08:28.703197+00:00,,PENDING,
5909,ef589184-1d84-47a7-8022-8c2207c92660,0aa6c832-d272-493b-af96-e53a16a8ba84,REGISTERED,2026-01-30 03:09:52.583902+00:00,,PENDING,
5910,ef589184-1d84-47a7-8022-8c2207c92660,84e69d57-36b1-481d-a823-b2bb1e0eff7b,REGISTERED,2026-03-18 16:39:54.448146+00:00,,PENDING,
5911,ef589184-1d84-47a7-8022-8c2207c92660,d3a11e22-80f0-4ba2-bbb9-8e0549c5deb0,REGISTERED,2026-02-21 09:36:36.921119+00:00,,PENDING,
5912,ef589184-1d84-47a7-8022-8c2207c92660,c3f44d1a-e988-4b73-a7f1-9fe2fbfeaaca,REGISTERED,2026-02-14 15:27:02.413955+00:00,,PENDING,
5913,ef589184-1d84-47a7-8022-8c2207c92660,0ad2e8b9-a1e4-439b-82a6-7043befa8527,REGISTERED,2026-04-09 04:06:12.705548+00:00,,PENDING,
5914,42bb99b6-3dc9-44ff-8bfd-96b198cad1dc,3c0142b7-95e6-4f7f-b870-c04bcbdf37c3,REGISTERED,2026-02-05 02:00:24.624624+00:00,,PENDING,
5915,42bb99b6-3dc9-44ff-8bfd-96b198cad1dc,5f646712-930f-479c-89c6-657ca0f5634c,REGISTERED,2026-04-22 01:02:38.698226+00:00,,PENDING,
5916,42bb99b6-3dc9-44ff-8bfd-96b198cad1dc,a7450ed8-f67b-4a15-a99a-a9fa649b6fd6,REGISTERED,2026-04-16 03:20:06.445784+00:00,,PENDING,
5917,42bb99b6-3dc9-44ff-8bfd-96b198cad1dc,28ac5ef3-c8dc-4aa9-97a4-4bd90a55268b,REGISTERED,2026-03-04 05:47:56.851286+00:00,,PENDING,
5918,42bb99b6-3dc9-44ff-8bfd-96b198cad1dc,ebe1cbd3-513d-4852-b31c-67c8b1dbeca9,REGISTERED,2026-02-19 08:54:05.404924+00:00,,PENDING,
5919,42bb99b6-3dc9-44ff-8bfd-96b198cad1dc,9500eed0-ba6a-4e02-904a-16af00d46e3e,REGISTERED,2026-02-14 12:21:02.782420+00:00,,PENDING,
5920,42bb99b6-3dc9-44ff-8bfd-96b198cad1dc,7120f862-693b-4518-8e4c-e2bfe7963695,REGISTERED,2026-04-09 05:45:24.785287+00:00,,PENDING,
5921,42bb99b6-3dc9-44ff-8bfd-96b198cad1dc,971f68c9-d724-4aeb-8be7-a6c87cae819c,REGISTERED,2026-03-12 00:07:33.438615+00:00,,PENDING,
5922,42bb99b6-3dc9-44ff-8bfd-96b198cad1dc,7fe85746-fe19-422b-8bf2-d167d79a2d1a,REGISTERED,2026-02-20 01:30:52.780467+00:00,,PENDING,
5923,42bb99b6-3dc9-44ff-8bfd-96b198cad1dc,9a1159ca-5027-4cc5-acce-0e458cb282f9,REGISTERED,2026-03-29 22:52:30.694763+00:00,,PENDING,
5924,42bb99b6-3dc9-44ff-8bfd-96b198cad1dc,bfe891b4-9403-4989-a44e-4cc7c30638a2,REGISTERED,2026-03-24 21:10:28.296063+00:00,,PENDING,
5925,42bb99b6-3dc9-44ff-8bfd-96b198cad1dc,60d3d345-0e8d-47d9-8016-5a0a66060125,REGISTERED,2026-04-18 17:53:17.556047+00:00,,PENDING,
5926,8a03f6de-f2e4-4af6-bd65-fe4c14516956,cba14f0b-756c-46b4-82ed-29b71212aeae,REGISTERED,2026-04-16 20:29:24.230418+00:00,,PENDING,
5927,8a03f6de-f2e4-4af6-bd65-fe4c14516956,fea147a7-2981-47cc-8b65-ea434394a5f1,REGISTERED,2026-04-20 19:46:21.976467+00:00,,PENDING,
5928,8a03f6de-f2e4-4af6-bd65-fe4c14516956,2d1d0a12-4b10-45f0-b7dc-0403ac89b5a1,REGISTERED,2026-04-11 04:28:39.876423+00:00,,PENDING,
5929,8a03f6de-f2e4-4af6-bd65-fe4c14516956,0b259536-155f-4e39-9154-32d25e0d2eca,REGISTERED,2026-04-29 22:21:35.789622+00:00,,PENDING,
5930,8a03f6de-f2e4-4af6-bd65-fe4c14516956,5f776928-4b7a-41f4-a20d-06c3a6b003bf,REGISTERED,2026-04-22 09:07:27.352597+00:00,,PENDING,
5931,8a03f6de-f2e4-4af6-bd65-fe4c14516956,1ba29722-dcc2-4239-905a-c56c23d4a6fb,REGISTERED,2026-04-23 06:46:19.307295+00:00,,PENDING,
5932,8a03f6de-f2e4-4af6-bd65-fe4c14516956,13b60d08-4e39-4999-9cce-26b8ce8619c7,CANCELLED,2026-05-01 03:20:24.659507+00:00,2026-05-01 06:50:54.085054+00:00,PENDING,Session finalement non pertinente pour le profil.
5933,8a03f6de-f2e4-4af6-bd65-fe4c14516956,b3d93062-a120-4b9f-8188-3421e21ae870,REGISTERED,2026-04-22 01:11:56.785834+00:00,,PENDING,
5934,8a03f6de-f2e4-4af6-bd65-fe4c14516956,d1d788a6-dd4c-4608-94bc-b1fd10c2a24e,REGISTERED,2026-04-09 15:39:10.683464+00:00,,PENDING,
5935,8a03f6de-f2e4-4af6-bd65-fe4c14516956,76a9bda7-4fee-4da7-a23d-97f4c3bfc3a1,REGISTERED,2026-04-14 21:10:44.027552+00:00,,PENDING,
5936,8a03f6de-f2e4-4af6-bd65-fe4c14516956,e8a80a6e-ee71-4373-8db9-cb211b8b0d92,REGISTERED,2026-04-09 07:15:47.177261+00:00,,PENDING,
5937,8a03f6de-f2e4-4af6-bd65-fe4c14516956,3dded13e-5120-43d0-a063-fb98185a8252,REGISTERED,2026-04-12 17:38:55.224248+00:00,,PENDING,
5938,8a03f6de-f2e4-4af6-bd65-fe4c14516956,7dcdee17-8895-4c49-8c8b-2fe06574a692,REGISTERED,2026-04-20 01:15:31.689937+00:00,,PENDING,
5939,8a03f6de-f2e4-4af6-bd65-fe4c14516956,7271cad9-975d-443d-9dc6-13dc2769c77d,REGISTERED,2026-04-22 08:39:56.367357+00:00,,PENDING,
5940,8a03f6de-f2e4-4af6-bd65-fe4c14516956,03d3af4e-4ead-4742-b182-a0cc364ee704,REGISTERED,2026-04-25 00:17:48.925599+00:00,,PENDING,
5941,8a03f6de-f2e4-4af6-bd65-fe4c14516956,317b3030-2453-480a-be7a-493d61b447f0,REGISTERED,2026-04-21 18:45:56.027831+00:00,,PENDING,
5942,8a03f6de-f2e4-4af6-bd65-fe4c14516956,d00211fe-b443-439e-afb4-0eaa14b471eb,REGISTERED,2026-04-20 12:05:57.366954+00:00,,PENDING,
5943,8a03f6de-f2e4-4af6-bd65-fe4c14516956,0a7c3f39-db01-4c8d-b560-eb1abdfe5054,REGISTERED,2026-04-09 18:09:29.654486+00:00,,PENDING,
5944,8a03f6de-f2e4-4af6-bd65-fe4c14516956,9cca5d9d-2083-45f2-baf5-a904076fa298,REGISTERED,2026-04-17 11:33:11.952003+00:00,,PENDING,
5945,8a03f6de-f2e4-4af6-bd65-fe4c14516956,52d16be2-1e29-40b8-8bcf-0168e069291b,REGISTERED,2026-05-01 07:29:55.526260+00:00,,PENDING,
5946,8a03f6de-f2e4-4af6-bd65-fe4c14516956,5dc41219-d217-4f8f-a4d3-a9ec3b263384,REGISTERED,2026-04-20 04:28:12.065626+00:00,,PENDING,
5947,8a03f6de-f2e4-4af6-bd65-fe4c14516956,2b6d1065-0b7d-4434-8df1-5b0f01a68955,REGISTERED,2026-04-14 23:59:53.640099+00:00,,PENDING,
5948,8a03f6de-f2e4-4af6-bd65-fe4c14516956,47711962-da22-4bdd-bbff-0bab2bfb0355,REGISTERED,2026-04-18 09:31:25.692794+00:00,,PENDING,
5949,8a03f6de-f2e4-4af6-bd65-fe4c14516956,0737a7a1-e7e6-43a8-ade5-027ff9fba167,REGISTERED,2026-04-17 18:29:52.886052+00:00,,PENDING,
5950,8a03f6de-f2e4-4af6-bd65-fe4c14516956,5e61724f-7287-442f-963a-0d5dd803249c,REGISTERED,2026-04-12 21:05:23.111061+00:00,,PENDING,
5951,8a03f6de-f2e4-4af6-bd65-fe4c14516956,b47acf12-a3eb-4e7e-b774-7fd911ef71bd,REGISTERED,2026-04-16 06:49:01.973135+00:00,,PENDING,
5952,8a03f6de-f2e4-4af6-bd65-fe4c14516956,2237a47b-d19c-43f7-b1bb-db7310cd2750,REGISTERED,2026-04-23 08:57:53.508268+00:00,,PENDING,
5953,8a03f6de-f2e4-4af6-bd65-fe4c14516956,d1b2491c-d6e0-4961-a163-1cd855b2b145,REGISTERED,2026-04-11 07:34:40.327203+00:00,,PENDING,
5954,8a03f6de-f2e4-4af6-bd65-fe4c14516956,592aac8f-3efc-40e6-8749-bea31258b4be,REGISTERED,2026-04-28 16:15:08.573642+00:00,,PENDING,
5955,8a03f6de-f2e4-4af6-bd65-fe4c14516956,1a5ca586-55ef-4c1b-9c5f-2f5b56931420,REGISTERED,2026-04-23 17:07:41.520680+00:00,,PENDING,
5956,8a03f6de-f2e4-4af6-bd65-fe4c14516956,4c324c73-2dc1-425d-8e1b-f3224f6128ec,REGISTERED,2026-04-29 07:10:30.306750+00:00,,PENDING,
5957,8a03f6de-f2e4-4af6-bd65-fe4c14516956,74164678-a923-474f-9942-ef98874b21a7,REGISTERED,2026-04-27 21:29:12.815449+00:00,,PENDING,
5958,8a03f6de-f2e4-4af6-bd65-fe4c14516956,78af47a7-ad8d-4faf-a4eb-52cb18a6a2cd,REGISTERED,2026-04-26 12:48:24.002288+00:00,,PENDING,
5959,8a03f6de-f2e4-4af6-bd65-fe4c14516956,d35f769d-d320-4357-a8ad-0db3cd7e1bcf,CANCELLED,2026-04-26 00:40:54.503200+00:00,2026-04-29 17:30:43.586549+00:00,PENDING,Conflit d’horaire avec une réunion prioritaire.
5960,8a03f6de-f2e4-4af6-bd65-fe4c14516956,a5e91f29-76ad-47df-8a3c-43ad203ed9c3,REGISTERED,2026-04-18 16:20:09.595376+00:00,,PENDING,
5961,8a03f6de-f2e4-4af6-bd65-fe4c14516956,a591d7b9-6744-40ef-b79a-1c739115b99c,REGISTERED,2026-04-19 00:24:04.445899+00:00,,PENDING,
5962,8a03f6de-f2e4-4af6-bd65-fe4c14516956,e1a6a44d-3130-4403-b5cb-3639929a10a0,REGISTERED,2026-04-29 19:33:32.769566+00:00,,PENDING,
5963,8a03f6de-f2e4-4af6-bd65-fe4c14516956,8a85cbcb-c372-4854-9d56-ead45338499f,REGISTERED,2026-04-27 01:34:39.222512+00:00,,PENDING,
5964,8a03f6de-f2e4-4af6-bd65-fe4c14516956,ed50e871-1708-4f88-8eff-4450af6fd5de,REGISTERED,2026-04-14 15:22:32.530043+00:00,,PENDING,
5965,8a03f6de-f2e4-4af6-bd65-fe4c14516956,76c67646-085b-4496-a704-025ae0fbf520,REGISTERED,2026-04-17 14:36:59.616382+00:00,,PENDING,
5966,8a03f6de-f2e4-4af6-bd65-fe4c14516956,a3ff7146-5c5d-4b32-aa8d-e1dc67bae50e,REGISTERED,2026-04-18 13:14:44.007764+00:00,,PENDING,
5967,8a03f6de-f2e4-4af6-bd65-fe4c14516956,29f74c43-1a2b-4d01-b448-078c38c9e28a,REGISTERED,2026-04-27 12:41:52.386516+00:00,,PENDING,
5968,8a03f6de-f2e4-4af6-bd65-fe4c14516956,f0e0881e-5be2-4c7e-9a12-6c8d41853e5b,REGISTERED,2026-04-29 08:31:34.063169+00:00,,PENDING,
5969,8a03f6de-f2e4-4af6-bd65-fe4c14516956,d10a4f93-a536-4542-b5ff-c16717ab9f40,REGISTERED,2026-04-15 12:58:28.719414+00:00,,PENDING,
5970,8a03f6de-f2e4-4af6-bd65-fe4c14516956,d0461ae2-5c05-43f1-a230-208ef643b565,CANCELLED,2026-04-10 18:22:08.550503+00:00,2026-04-24 08:09:16.035918+00:00,PENDING,Déplacement professionnel confirmé.
5971,8a03f6de-f2e4-4af6-bd65-fe4c14516956,f94cae4d-1651-4cf9-829f-4b10982ab3a1,REGISTERED,2026-04-23 11:29:39.008511+00:00,,PENDING,
5972,8a03f6de-f2e4-4af6-bd65-fe4c14516956,cb6d8e05-1472-47ff-b732-cb920eb596dd,REGISTERED,2026-04-09 01:58:24.811202+00:00,,PENDING,
5973,8a03f6de-f2e4-4af6-bd65-fe4c14516956,83fa4897-ec74-4b08-86e3-0d09187fe146,REGISTERED,2026-04-18 05:46:50.874108+00:00,,PENDING,
5974,8a03f6de-f2e4-4af6-bd65-fe4c14516956,b54fdc5c-e828-48f4-8b75-28fe75c046a8,REGISTERED,2026-04-13 08:31:55.312585+00:00,,PENDING,
5975,8a03f6de-f2e4-4af6-bd65-fe4c14516956,bc70bf9e-59c4-4c98-a89c-92f271b748cc,REGISTERED,2026-04-27 22:49:02.611159+00:00,,PENDING,
5976,8a03f6de-f2e4-4af6-bd65-fe4c14516956,f50ff8d2-296b-430d-bc2e-7a3ba13a75b7,REGISTERED,2026-04-10 17:35:39.212895+00:00,,PENDING,
5977,8a03f6de-f2e4-4af6-bd65-fe4c14516956,0deccb0f-28c2-4434-a9fc-b509e554f041,REGISTERED,2026-04-13 17:06:35.004899+00:00,,PENDING,
5978,8a03f6de-f2e4-4af6-bd65-fe4c14516956,d6fe6795-80b6-44d5-81a2-ba29873a9947,REGISTERED,2026-04-25 02:44:22.232561+00:00,,PENDING,
5979,8a03f6de-f2e4-4af6-bd65-fe4c14516956,20ce269e-2582-410c-94a7-4694b2562699,REGISTERED,2026-04-11 14:30:11.681149+00:00,,PENDING,
5980,8a03f6de-f2e4-4af6-bd65-fe4c14516956,e1b1a83d-dc8c-4bf1-a264-f6eea0333568,REGISTERED,2026-04-27 19:48:33.453715+00:00,,PENDING,
5981,8a03f6de-f2e4-4af6-bd65-fe4c14516956,d55047e0-37be-40fb-a90b-d53653e77f3c,CANCELLED,2026-04-26 12:21:51.016989+00:00,2026-04-26 19:15:22.022364+00:00,PENDING,Changement de priorité métier.
5982,8a03f6de-f2e4-4af6-bd65-fe4c14516956,ea12320a-4a0d-419c-bf03-96d78e585918,REGISTERED,2026-04-27 02:56:54.309861+00:00,,PENDING,
5983,8a03f6de-f2e4-4af6-bd65-fe4c14516956,96c2c320-89b7-409d-a93a-aee004fcc338,CANCELLED,2026-04-19 05:39:57.397293+00:00,2026-04-23 17:02:45.421372+00:00,PENDING,Invitation déclinée après réévaluation.
5984,8a03f6de-f2e4-4af6-bd65-fe4c14516956,3e97ef54-2c80-4360-8b88-839042ab9574,REGISTERED,2026-04-10 07:06:31.371984+00:00,,PENDING,
5985,8a03f6de-f2e4-4af6-bd65-fe4c14516956,4b525688-1acd-4981-b213-0ea3aa8ecb43,REGISTERED,2026-04-23 14:44:57.167713+00:00,,PENDING,
5986,8a03f6de-f2e4-4af6-bd65-fe4c14516956,1b030e36-9144-4f9e-b30f-599f3b124204,REGISTERED,2026-04-08 14:42:45.730824+00:00,,PENDING,
5987,8a03f6de-f2e4-4af6-bd65-fe4c14516956,6ff3f4c3-324c-4f23-9667-106f6600724b,REGISTERED,2026-05-01 06:36:38.378626+00:00,,PENDING,
5988,8a03f6de-f2e4-4af6-bd65-fe4c14516956,80d67e75-1cd6-4308-ace2-c8929c58a1fc,REGISTERED,2026-04-15 02:28:36.101910+00:00,,PENDING,
5989,8a03f6de-f2e4-4af6-bd65-fe4c14516956,bcd22804-cb9b-430b-879b-fbdade368183,CANCELLED,2026-04-17 22:23:19.143593+00:00,2026-04-28 23:39:38.782230+00:00,PENDING,Indisponibilité personnelle signalée.
5990,8a03f6de-f2e4-4af6-bd65-fe4c14516956,c13abe7d-3c09-4714-9eb5-f4811cd6ae6b,REGISTERED,2026-04-14 12:15:45.602703+00:00,,PENDING,
5991,8a03f6de-f2e4-4af6-bd65-fe4c14516956,d0420627-79ac-4ec0-b46a-b70a49edb1d8,REGISTERED,2026-04-29 18:29:21.720078+00:00,,PENDING,
5992,8a03f6de-f2e4-4af6-bd65-fe4c14516956,83b7b362-55ff-44b1-870b-dd179a5fc394,REGISTERED,2026-04-08 08:34:19.438275+00:00,,PENDING,
5993,8a03f6de-f2e4-4af6-bd65-fe4c14516956,238a56d0-1293-48e8-a2dc-dd39a1ea5a94,REGISTERED,2026-04-11 11:45:07.030716+00:00,,PENDING,
5994,8a03f6de-f2e4-4af6-bd65-fe4c14516956,0758c702-8abe-48eb-8498-0241319134d6,REGISTERED,2026-04-26 23:51:11.559877+00:00,,PENDING,
5995,8a03f6de-f2e4-4af6-bd65-fe4c14516956,c31a8997-aa4f-4fcd-af44-2a2e36479c4d,REGISTERED,2026-04-09 14:52:22.949850+00:00,,PENDING,
5996,8a03f6de-f2e4-4af6-bd65-fe4c14516956,11938edb-7027-491c-9527-eaf7738ea9cd,REGISTERED,2026-04-11 23:48:17.850537+00:00,,PENDING,
5997,8a03f6de-f2e4-4af6-bd65-fe4c14516956,d2b19326-abcc-4c08-ac49-a94f14bc8481,REGISTERED,2026-04-23 15:00:16.504819+00:00,,PENDING,
5998,8a03f6de-f2e4-4af6-bd65-fe4c14516956,8954a352-4311-4f3c-a1bf-25bad61c44c0,REGISTERED,2026-04-28 16:41:11.703736+00:00,,PENDING,
5999,8a03f6de-f2e4-4af6-bd65-fe4c14516956,ae62feb9-2fe5-4f14-9abc-6d3de60551e9,REGISTERED,2026-04-17 06:59:26.188349+00:00,,PENDING,
6000,8a03f6de-f2e4-4af6-bd65-fe4c14516956,b6421516-65a2-4794-a3cf-e6d057cb9c36,REGISTERED,2026-04-27 02:02:53.548049+00:00,,PENDING,