event_id,event_title,event_start_at,event_status,event_category,event_audience,event_location_type,target_department_id,capacity,duration_minutes,day_of_week,hour,month,is_morning,is_afternoon,is_afterwork,department_size,events_same_day_count,events_same_department_same_week_count,historical_category_registration_rate,historical_category_attendance_rate,historical_department_participation_rate,historical_hour_registration_rate,historical_day_registration_rate,registered_count,present_count,invitation_count,rsvp_yes_count,rsvp_maybe_count,rsvp_no_count,feedback_count,average_rating,registration_rate,attendance_rate,rsvp_yes_rate,rsvp_no_rate,success_score,success_label,outcome_available
316a39be-c75d-4127-9918-2989a2b1f1c5,Rencontre culture interne vie d’entreprise - édition 0258,2026-03-01 13:15:00+00:00,ARCHIVED,Culture d’entreprise,GLOBAL,ONLINE,0,83,120,6,13,3,0,1,0,2,0,0,0.0,0.0,0.0,0.0,0.0,0.0,0.0,10.0,0.0,2.0,0.0,0.0,0.0,0.0,0.0,0.0,0.0,0.0,LOW,1
fc34e1fc-4661-4a79-8177-57658ee1d856,Live interne IoT et capteurs - édition 0063,2026-03-02 09:00:00+00:00,PUBLISHED,Webinaire,GLOBAL,ONLINE,0,145,45,0,9,3,1,0,0,2,3,0,0.0,0.0,0.0,0.0,0.0,58.0,48.0,13.0,0.0,4.0,2.0,36.0,3.1666666666666665,0.4,0.8275862068965517,0.0,0.15384615384615385,0.5516091954022988,MEDIUM,1
3515dc2c-e29a-4736-88d3-eac1c07c8aa7,Networking speed networking - Qualité - édition 0878,2026-03-02 11:15:00+00:00,CANCELLED,Networking,DEPARTMENT,ONSITE,8,62,60,0,11,3,1,0,0,47,3,2,0.2,0.41379310344827586,0.41379310344827586,0.2,0.4,0.0,0.0,0.0,0.0,0.0,0.0,0.0,0.0,0.0,0.0,0.0,0.0,0.0,LOW,0
be73a2ad-0c60-4ba7-b1c4-b301012d88ec,Parcours engagement onboarding culturel - édition 0196,2026-03-02 14:15:00+00:00,ARCHIVED,Culture d’entreprise,GLOBAL,ONLINE,0,81,60,0,14,3,0,1,0,2,3,0,0.0,0.0,0.41379310344827586,0.13333333333333333,0.2,2.0,2.0,6.0,0.0,2.0,0.0,1.0,3.0,0.024691358024691357,1.0,0.0,0.0,0.3748148148148148,LOW,1
42895c1e-2063-416b-8010-4b266e41cdc8,Rencontre expert qualité opérationnelle - édition 0302,2026-03-02 14:30:00+00:00,PUBLISHED,Conférence,GLOBAL,ONLINE,0,241,120,0,14,3,0,1,0,2,3,0,0.10617283950617284,0.4568965517241379,0.6091954022988505,0.024691358024691357,0.14156378600823047,0.0,0.0,7.0,0.0,1.0,0.0,0.0,0.0,0.0,0.0,0.0,0.0,0.0,LOW,1
298d7be8-b9f1-4248-99a4-a79b4692facc,Live interne protection des données - édition 0240,2026-03-03 10:15:00+00:00,PUBLISHED,Webinaire,DEPARTMENT,ONLINE,5,282,30,1,10,3,1,0,0,86,3,0,0.4,0.8275862068965517,0.3655172413793103,0.08493827160493828,0.08493827160493828,0.0,0.0,8.0,0.0,1.0,4.0,0.0,0.0,0.0,0.0,0.0,0.5,0.0,LOW,1
0a0c2bd6-9d51-441b-83d0-68db4cd99256,Rencontre culture interne onboarding culturel - édition 0105,2026-03-03 13:30:00+00:00,ARCHIVED,Culture d’entreprise,GLOBAL,ONLINE,0,205,60,1,13,3,0,1,0,2,3,0,0.012345679012345678,0.5,0.4568965517241379,0.0,0.0,124.0,104.0,13.0,1.0,4.0,2.0,72.0,3.2777777777777777,0.6048780487804878,0.8387096774193549,0.07692307692307693,0.15384615384615385,0.6800952880496547,MEDIUM,1
8cc72972-aa24-4797-ac8a-e54355aaa94f,Challenge innovation expérimentation digitale - édition 0828,2026-03-03 15:00:00+00:00,ARCHIVED,Innovation,GLOBAL,ONLINE,0,104,45,1,15,3,0,1,0,2,3,0,0.14708134382931132,0.3808994120451295,0.5332591768631814,0.14708134382931132,0.3024390243902439,0.0,0.0,13.0,0.0,2.0,4.0,0.0,0.0,0.0,0.0,0.0,0.3076923076923077,0.0,LOW,1
a12c2a6a-50b7-4a4c-bde8-b43812b619a8,Culture d’entreprise rencontre direction - Ressources humaines - édition 0880,2026-03-03 16:15:00+00:00,PUBLISHED,Culture d’entreprise,DEPARTMENT,EXTERNAL,2,38,90,1,16,3,0,1,0,105,3,0,0.20985646893505971,0.6129032258064516,0.3332869855394883,0.1286961758506474,0.2016260162601626,0.0,0.0,16.0,0.0,2.0,4.0,0.0,0.0,0.0,0.0,0.0,0.25,0.0,LOW,1
6f23c9a9-ae98-4062-bdd8-8532ff1dde3c,Parcours pratique SQL avancé - édition 0021,2026-03-04 10:00:00+00:00,PUBLISHED,Formation,DEPARTMENT,ONSITE,7,12,120,2,10,3,1,0,0,77,4,1,0.11439660075613103,0.29625509825732294,0.29625509825732294,0.0,0.11439660075613103,0.0,0.0,9.0,0.0,3.0,3.0,0.0,0.0,0.0,0.0,0.0,0.3333333333333333,0.0,LOW,1
9bde9d91-ca5a-4267-9ab0-6937934ec32a,Session de formation cloud computing - Communication interne - édition 0519,2026-03-04 11:00:00+00:00,ARCHIVED,Formation,DEPARTMENT,ONLINE,12,33,60,2,11,3,1,0,0,22,4,1,0.0,0.0,0.2666295884315907,0.0,0.0,17.0,10.0,8.0,5.0,1.0,1.0,4.0,2.75,0.5151515151515151,0.5882352941176471,0.625,0.125,0.5405614973262033,MEDIUM,1
f7a54488-0611-449e-bf85-c0398fd517a2,Workshop prise de parole - édition 0144,2026-03-04 14:00:00+00:00,ARCHIVED,Atelier,DEPARTMENT,ONLINE,11,71,90,2,14,3,0,1,0,24,4,3,0.14042917472333585,0.2958664707666867,0.2958664707666867,0.012345679012345678,0.25757575757575757,13.0,12.0,11.0,6.0,0.0,3.0,10.0,3.3,0.18309859154929578,0.9230769230769231,0.5454545454545454,0.2727272727272727,0.4527822318526544,MEDIUM,1
e80de757-21e9-4a2b-b149-b9f835ef496b,Parcours pratique cloud computing - édition 0289,2026-03-04 16:00:00+00:00,ARCHIVED,Formation,GLOBAL,ONLINE,0,80,120,2,16,3,0,1,0,2,4,0,0.25757575757575757,0.29411764705882354,0.44438264738598443,0.0,0.23275003556693696,0.0,0.0,8.0,0.0,3.0,1.0,0.0,0.0,0.0,0.0,0.0,0.125,0.0,LOW,1
59595556-48f7-4c97-8237-651070e5e8d3,Soirée réseau convivialité - édition 0802,2026-03-04 19:00:00+00:00,ARCHIVED,Afterwork,GLOBAL,ONSITE,0,20,150,2,19,3,0,0,1,2,4,0,0.13290919334661463,0.32135446934695977,0.3808994120451295,0.13290919334661463,0.17456252667520272,0.0,0.0,11.0,0.0,1.0,2.0,0.0,0.0,0.0,0.0,0.0,0.18181818181818182,0.0,LOW,1
d054626b-730a-4f72-a0ba-5cf0757bddb9,Session pratique organisation d’événement - Qualité - édition 0239,2026-03-05 11:00:00+00:00,ARCHIVED,Atelier,DEPARTMENT,ONSITE,8,14,120,3,11,3,1,0,0,47,3,2,0.18309859154929578,0.9230769230769231,0.0,0.25757575757575757,0.12341567953614216,0.0,0.0,10.0,0.0,0.0,3.0,0.0,0.0,0.0,0.0,0.0,0.3,0.0,LOW,1
7e26e7c2-9106-42f4-b316-f4e374e83380,Rencontre santé au travail nutrition et énergie - édition 0659,2026-03-05 13:30:00+00:00,ARCHIVED,Bien-être,GLOBAL,EXTERNAL,0,52,60,3,13,3,0,1,0,2,3,0,0.11518796756706601,0.2785072067673651,0.3332869855394883,0.3024390243902439,0.0,15.0,13.0,9.0,0.0,2.0,3.0,6.0,3.1666666666666665,0.28846153846153844,0.8666666666666667,0.0,0.3333333333333333,0.4964102564102564,MEDIUM,1
8947c19e-6303-4ed4-a82c-e38228e57418,Session de formation SQL avancé - édition 0936,2026-03-05 15:15:00+00:00,ARCHIVED,Formation,DEPARTMENT,ONSITE,3,80,60,3,15,3,0,1,0,108,3,1,0.1717171717171717,0.19607843137254902,0.31526717301107143,0.0,0.14423076923076922,0.0,0.0,11.0,0.0,1.0,1.0,0.0,0.0,0.0,0.0,0.0,0.09090909090909091,0.0,LOW,1
58779b71-922d-48ee-b66e-e21521a0377b,Session bien-être équilibre professionnel - édition 0566,2026-03-05 16:45:00+00:00,PUBLISHED,Bien-être,DEPARTMENT,EXTERNAL,4,39,90,3,16,3,0,1,0,71,3,0,0.28846153846153844,0.8666666666666667,0.29672204518689077,0.0,0.09615384615384615,0.0,0.0,14.0,0.0,3.0,0.0,0.0,0.0,0.0,0.0,0.0,0.0,0.0,LOW,1
4c9edf8a-fdae-4b7d-b0e6-d2c029a55ff0,Atelier RSE réduction carbone - édition 0772,2026-03-06 09:45:00+00:00,ARCHIVED,RSE,DEPARTMENT,ONSITE,6,260,60,4,9,3,1,0,0,103,5,0,0.11201561399819601,0.28023748712095237,0.28023748712095237,0.4,0.11201561399819601,0.0,0.0,13.0,0.0,4.0,3.0,0.0,0.0,0.0,0.0,0.0,0.23076923076923078,0.0,LOW,1
209bb094-cb78-48c9-a7e3-dfe1f556fd9f,Session bien-être ergonomie au travail - édition 0225,2026-03-06 11:15:00+00:00,CANCELLED,Bien-être,DEPARTMENT,ONSITE,3,16,120,4,11,3,1,0,0,108,5,1,0.14423076923076922,0.43333333333333335,0.0,0.1717171717171717,0.0,0.0,0.0,0.0,0.0,0.0,0.0,0.0,0.0,0.0,0.0,0.0,0.0,0.0,LOW,0
5cc0c0ab-2390-4078-87c5-72344a8f48f1,Atelier cohésion résolution de problèmes - édition 0908,2026-03-06 13:00:00+00:00,PUBLISHED,Team building,DEPARTMENT,ONLINE,12,59,240,4,13,3,0,1,0,22,5,1,0.10081405259837642,0.25221373840885714,0.5882352941176471,0.2977798624140087,0.0,0.0,0.0,12.0,0.0,3.0,1.0,0.0,0.0,0.0,0.0,0.0,0.08333333333333333,0.0,LOW,1
d0b6e4bb-661b-406e-abd3-60859a0d688b,Session pratique organisation d’événement - édition 0480,2026-03-06 16:45:00+00:00,ARCHIVED,Atelier,GLOBAL,EXTERNAL,0,72,60,4,16,3,0,1,0,2,5,0,0.09154929577464789,0.46153846153846156,0.39255139455361926,0.0,0.0,0.0,0.0,12.0,0.0,3.0,5.0,0.0,0.0,0.0,0.0,0.0,0.4166666666666667,0.0,LOW,1
ec82a583-604f-437f-a255-66b4a7459372,Moment convivial communauté tech - édition 0190,2026-03-06 17:00:00+00:00,ARCHIVED,Afterwork,DEPARTMENT,ONSITE,11,36,120,4,17,3,0,1,0,24,5,3,0.0,0.0,0.9230769230769231,0.09164913872579673,0.0,10.0,10.0,10.0,4.0,2.0,1.0,8.0,3.0,0.2777777777777778,1.0,0.4,0.1,0.5266666666666666,MEDIUM,1
3deed760-ae80-4ac8-814a-34abab0168ab,Rencontre informelle équipes projet - Achats - édition 0337,2026-03-06 19:00:00+00:00,CANCELLED,Afterwork,DEPARTMENT,EXTERNAL,11,86,90,4,19,3,0,0,1,24,5,3,0.1388888888888889,0.5,0.9615384615384616,0.0,0.05555555555555556,0.0,0.0,0.0,0.0,0.0,0.0,0.0,0.0,0.0,0.0,0.0,0.0,0.0,LOW,0
c97a67e9-b8a4-4672-8089-ae61bff2c935,Module d’apprentissage qualité logicielle - édition 0588,2026-03-07 14:00:00+00:00,CANCELLED,Formation,GLOBAL,ONSITE,0,41,180,5,14,3,0,1,0,2,2,0,0.12878787878787878,0.14705882352941177,0.35329625509825735,0.06926331652466237,0.09558578457272109,0.0,0.0,0.0,0.0,0.0,0.0,0.0,0.0,0.0,0.0,0.0,0.0,0.0,LOW,0
8ab14006-b776-448d-9d93-d01d7cd90426,Défi collaboratif résolution de problèmes - Informatique - édition 0463,2026-03-07 15:00:00+00:00,PUBLISHED,Team building,DEPARTMENT,ONSITE,1,12,90,5,15,3,0,1,0,194,2,0,0.0,0.0,0.24177099072708572,0.0,0.0,10.0,9.0,14.0,0.0,2.0,2.0,6.0,3.3333333333333335,0.8333333333333334,0.9,0.0,0.14285714285714285,0.8366666666666667,HIGH,1
83fa86ec-a36a-4b3d-bd10-64437f5e558c,Live interne cybersécurité au quotidien - Qualité - édition 0231,2026-03-07 15:30:00+00:00,ARCHIVED,Webinaire,DEPARTMENT,ONLINE,8,483,90,5,15,3,0,1,0,47,2,2,0.2,0.41379310344827586,0.0,0.2777777777777778,0.4166666666666667,0.0,0.0,15.0,0.0,3.0,4.0,0.0,0.0,0.0,0.0,0.0,0.26666666666666666,0.0,LOW,1
77eff7bb-309d-4c5d-bcb8-b49951ccb903,Atelier RSE achats responsables - édition 0942,2026-03-08 15:00:00+00:00,ARCHIVED,RSE,DEPARTMENT,ONSITE,11,221,60,6,15,3,0,1,0,24,1,3,0.0,0.0,0.6410256410256411,0.20833333333333334,0.0,21.0,14.0,12.0,10.0,0.0,2.0,6.0,1.5,0.09502262443438914,0.6666666666666666,0.8333333333333334,0.16666666666666666,0.2870135746606335,LOW,1
c55301a7-c74d-4ff0-8635-daafc502b6db,Webinaire reporting financier - édition 0578,2026-03-08 15:15:00+00:00,ARCHIVED,Webinaire,DEPARTMENT,ONLINE,7,471,45,6,15,3,0,1,0,77,1,1,0.13333333333333333,0.27586206896551724,0.0,0.1856711915535445,0.04751131221719457,68.0,50.0,15.0,12.0,0.0,3.0,39.0,3.051282051282051,0.14437367303609341,0.7352941176470589,0.8,0.2,0.36823808014141474,LOW,1
a779c006-7510-4048-94bc-ffdc9259f64a,Atelier innovation prototypage rapide - édition 0286,2026-03-09 10:00:00+00:00,ARCHIVED,Innovation,DEPARTMENT,ONSITE,8,73,45,0,10,3,1,0,0,47,1,0,0.0,0.0,0.0,0.0,0.10617283950617284,35.0,30.0,11.0,8.0,0.0,2.0,23.0,3.391304347826087,0.4794520547945205,0.8571428571428571,0.7272727272727273,0.18181818181818182,0.6126401769760912,MEDIUM,1
827cf4e6-c07c-4da2-bdf1-54e2760174c0,Atelier idéation produit - Juridique - édition 0442,2026-03-09 16:00:00+00:00,ARCHIVED,Atelier,DEPARTMENT,ONLINE,10,46,180,0,16,3,0,1,0,28,1,3,0.06103286384976526,0.3076923076923077,0.3067792803211242,0.0,0.18082868256384238,0.0,0.0,7.0,0.0,1.0,0.0,0.0,0.0,0.0,0.0,0.0,0.0,0.0,LOW,1
643f6e81-7c4e-499b-a90e-38c06783a5fd,Parcours engagement rencontre direction - édition 0609,2026-03-10 09:30:00+00:00,ARCHIVED,Culture d’entreprise,DEPARTMENT,ONSITE,12,105,45,1,9,3,1,0,0,22,3,1,0.15739235170129479,0.45967741935483875,0.29411764705882354,0.2,0.15121951219512195,0.0,0.0,7.0,0.0,1.0,1.0,0.0,0.0,0.0,0.0,0.0,0.14285714285714285,0.0,LOW,1
0b984b60-49d3-410c-a532-18d4908343fb,Hackathon hackathon interne - édition 0347,2026-03-10 13:15:00+00:00,CANCELLED,Innovation,DEPARTMENT,ONLINE,10,42,60,1,13,3,0,1,0,28,3,3,0.23972602739726026,0.42857142857142855,0.0,0.22333489681050656,0.12097560975609756,0.0,0.0,0.0,0.0,0.0,0.0,0.0,0.0,0.0,0.0,0.0,0.0,0.0,LOW,0
4eb31cab-9938-4750-b8f2-1534f43b968a,Networking partage d’expérience - édition 0037,2026-03-10 13:30:00+00:00,ARCHIVED,Networking,GLOBAL,ONLINE,0,51,90,1,13,3,0,1,0,2,3,0,0.0,0.0,0.3211784137256885,0.17866791744840524,0.1008130081300813,0.0,0.0,18.0,0.0,0.0,0.0,0.0,0.0,0.0,0.0,0.0,0.0,0.0,LOW,1
5d84cc0e-7e7f-4ce0-8044-9b827f236bdd,Culture d’entreprise valeurs et vision - édition 0563,2026-03-10 14:45:00+00:00,ARCHIVED,Culture d’entreprise,GLOBAL,ONLINE,0,142,120,1,14,3,0,1,0,2,3,0,0.12591388136103582,0.367741935483871,0.29441354591521446,0.051947487393496784,0.08641114982578398,0.0,0.0,7.0,0.0,1.0,3.0,0.0,0.0,0.0,0.0,0.0,0.42857142857142855,0.0,LOW,1
5c16972b-3360-4fab-9157-7a2fe4be1ed7,Table ronde marque employeur - édition 0726,2026-03-11 11:45:00+00:00,PUBLISHED,Conférence,GLOBAL,ONSITE,0,191,90,2,11,3,1,0,0,2,1,0,0.0,0.0,0.2717663500755826,0.12878787878787878,0.1396500213401622,84.0,71.0,11.0,0.0,3.0,2.0,52.0,3.25,0.4397905759162304,0.8452380952380952,0.0,0.18181818181818182,0.5824457741211668,MEDIUM,1
d7aa8e2b-ae0f-4091-86cf-3a8774d022c9,Atelier innovation hackathon interne - édition 0897,2026-03-11 13:45:00+00:00,ARCHIVED,Innovation,GLOBAL,ONSITE,0,68,60,2,13,3,0,1,0,2,1,0,0.1598173515981735,0.2857142857142857,0.3127286175871906,0.14888993120700436,0.1896734471028402,0.0,0.0,18.0,0.0,3.0,5.0,0.0,0.0,0.0,0.0,0.0,0.2777777777777778,0.0,LOW,1
97c7901c-773f-4673-9f0c-8e024411e77c,Live interne reporting financier - édition 0523,2026-03-12 15:00:00+00:00,PUBLISHED,Webinaire,DEPARTMENT,ONLINE,5,328,90,3,15,3,0,1,0,86,2,1,0.13609341825902335,0.3907200811359026,0.0,0.17878827180063597,0.07211538461538461,0.0,0.0,16.0,0.0,2.0,5.0,0.0,0.0,0.0,0.0,0.0,0.3125,0.0,LOW,1
58c345d7-c707-4350-8a43-eacf36cfa897,Session bien-être gestion du stress - édition 0077,2026-03-12 16:45:00+00:00,ARCHIVED,Bien-être,GLOBAL,ONSITE,0,7,45,3,16,3,0,1,0,2,2,0,0.09615384615384615,0.2888888888888889,0.2918800430813779,0.0,0.05769230769230769,6.0,4.0,18.0,0.0,6.0,1.0,4.0,3.5,0.8571428571428571,0.6666666666666666,0.0,0.05555555555555555,0.7842857142857141,HIGH,1
188d2e92-80ec-4887-9995-34d4a20b3f8b,Afterwork communauté tech - édition 0613,2026-03-12 17:30:00+00:00,PUBLISHED,Afterwork,DEPARTMENT,EXTERNAL,7,26,90,3,17,3,0,1,0,77,2,1,0.0925925925925926,0.3333333333333333,0.36764705882352944,0.2777777777777778,0.19093406593406592,0.0,0.0,12.0,0.0,1.0,3.0,0.0,0.0,0.0,0.0,0.0,0.25,0.0,LOW,1
546d16bd-a875-4b59-ba5e-b9c0c04b5d3f,Challenge innovation innovation ouverte - IoT - édition 0407,2026-03-13 10:30:00+00:00,ARCHIVED,Innovation,DEPARTMENT,ONSITE,7,111,90,4,10,3,1,0,0,77,4,1,0.11986301369863013,0.21428571428571427,0.2450980392156863,0.1598173515981735,0.0462962962962963,0.0,0.0,11.0,0.0,2.0,3.0,0.0,0.0,0.0,0.0,0.0,0.2727272727272727,0.0,LOW,1
cff09908-6e39-4de5-aef8-536725b8ba92,Atelier RSE solidarité locale - édition 0653,2026-03-13 10:30:00+00:00,CANCELLED,RSE,GLOBAL,EXTERNAL,0,254,120,4,10,3,1,0,0,2,4,0,0.04751131221719457,0.3333333333333333,0.3153042070554585,0.11986301369863013,0.03968253968253969,0.0,0.0,0.0,0.0,0.0,0.0,0.0,0.0,0.0,0.0,0.0,0.0,0.0,LOW,0
a4442a84-9954-4d3c-858f-38bb88cbcfc2,Session valeurs rituels d’équipe - édition 0836,2026-03-13 13:45:00+00:00,ARCHIVED,Culture d’entreprise,DEPARTMENT,ONLINE,1,171,60,4,13,3,0,1,0,194,4,0,0.10492823446752986,0.3064516129032258,0.9,0.12761994103457516,0.034722222222222224,0.0,0.0,19.0,0.0,2.0,7.0,0.0,0.0,0.0,0.0,0.0,0.3684210526315789,0.0,LOW,1
2bf86b0c-d22a-4f62-894f-818dcf351857,Module d’apprentissage SQL avancé - édition 0065,2026-03-13 14:00:00+00:00,PUBLISHED,Formation,DEPARTMENT,ONSITE,12,80,180,4,14,3,0,1,0,22,4,1,0.10303030303030303,0.11764705882352941,0.19607843137254902,0.04155798991479743,0.0308641975308642,21.0,19.0,11.0,8.0,0.0,3.0,12.0,3.25,0.2625,0.9047619047619048,0.7272727272727273,0.2727272727272727,0.49392857142857144,MEDIUM,1
073d2f2a-978c-49a6-b1c6-1e03c0a1a857,Rencontre réseau partage d’expérience - édition 0425,2026-03-13 16:00:00+00:00,ARCHIVED,Networking,DEPARTMENT,ONSITE,10,207,90,4,16,3,0,1,0,28,4,3,0.0,0.0,0.0,0.14285714285714285,0.054027777777777786,0.0,0.0,9.0,0.0,2.0,1.0,0.0,0.0,0.0,0.0,0.0,0.1111111111111111,0.0,LOW,1
0d190215-dd65-4aca-a803-d461f0c97c68,Action RSE économie d’énergie - édition 0501,2026-03-14 09:00:00+00:00,ARCHIVED,RSE,GLOBAL,EXTERNAL,0,259,60,5,9,3,1,0,0,2,4,0,0.03167420814479638,0.2222222222222222,0.2967569007580786,0.13333333333333333,0.2777777777777778,53.0,47.0,10.0,1.0,3.0,1.0,37.0,3.4324324324324325,0.20463320463320464,0.8867924528301887,0.1,0.1,0.45746630727762805,MEDIUM,1
ca8cdcc1-120e-4ce3-ba72-73946121e0d1,Team building challenge collaboratif - Support client - édition 0299,2026-03-14 09:00:00+00:00,ARCHIVED,Team building,DEPARTMENT,ONSITE,9,15,120,5,9,3,1,0,0,51,4,0,0.4166666666666667,0.45,0.27188777237240397,0.15115830115830117,0.2594916344916345,0.0,0.0,12.0,0.0,1.0,1.0,0.0,0.0,0.0,0.0,0.0,0.08333333333333333,0.0,LOW,1
7d256949-75b2-4833-a44c-2cee42b2281e,Team building résolution de problèmes - Juridique - édition 0869,2026-03-14 10:30:00+00:00,PUBLISHED,Team building,DEPARTMENT,ONSITE,10,44,90,5,10,3,1,0,0,28,4,3,0.2777777777777778,0.3,0.0,0.0958904109589041,0.20759330759330757,19.0,17.0,14.0,10.0,0.0,3.0,11.0,2.1818181818181817,0.4318181818181818,0.8947368421052632,0.7142857142857143,0.21428571428571427,0.5711483253588516,MEDIUM,1
cc75d8e0-a0dc-4653-aaac-b2060d0a463d,Lab innovation idées produit - édition 0427,2026-03-14 11:45:00+00:00,ARCHIVED,Innovation,DEPARTMENT,ONSITE,5,75,45,5,11,3,1,0,0,86,4,1,0.0958904109589041,0.17142857142857143,0.0,0.19098841821354912,0.24496411996411996,0.0,0.0,13.0,0.0,3.0,2.0,0.0,0.0,0.0,0.0,0.0,0.15384615384615385,0.0,LOW,1
b2326879-6101-41db-9112-2ef9d6e38d0c,Table ronde expérience client - édition 0238,2026-03-14 16:15:00+00:00,PUBLISHED,Conférence,GLOBAL,EXTERNAL,0,107,90,5,16,3,0,1,0,2,4,0,0.2198952879581152,0.4226190476190476,0.3295366536509736,0.12244897959183673,0.2099692456835314,0.0,0.0,13.0,0.0,2.0,6.0,0.0,0.0,0.0,0.0,0.0,0.46153846153846156,0.0,LOW,1
0d9f3375-2736-4fd8-b8cb-de9d1465a62c,Présentation digitale protection des données - édition 0505,2026-03-15 10:30:00+00:00,ARCHIVED,Webinaire,DEPARTMENT,ONLINE,11,350,30,6,10,3,1,0,0,24,2,0,0.10887473460721868,0.3125760649087221,0.6474358974358975,0.15187837276878371,0.07979876582349418,0.0,0.0,10.0,0.0,2.0,3.0,0.0,0.0,0.0,0.0,0.0,0.3,0.0,LOW,1
a585835f-1da8-4e7a-81be-8358e43a4e08,Atelier bien-être ergonomie au travail - édition 0167,2026-03-15 11:00:00+00:00,PUBLISHED,Bien-être,GLOBAL,ONLINE,0,14,60,6,11,3,1,0,0,2,2,0,0.2864010989010989,0.3833333333333333,0.3121926192482908,0.15915701517795758,0.05984907436762064,0.0,0.0,10.0,0.0,1.0,1.0,0.0,0.0,0.0,0.0,0.0,0.1,0.0,LOW,1
685eab0b-417d-4cb4-916d-1e7ea0e5e5d7,Session de formation contrats et conformité - édition 0058,2026-03-15 15:30:00+00:00,ARCHIVED,Formation,GLOBAL,ONLINE,0,9,180,6,15,3,0,1,0,2,2,0,0.12960858585858584,0.2488328664799253,0.29658298828587626,0.15324709011483084,0.04787925949409651,8.0,6.0,17.0,1.0,2.0,3.0,6.0,2.6666666666666665,0.8888888888888888,0.75,0.058823529411764705,0.17647058823529413,0.8116666666666666,HIGH,1
5861cac2-ef3e-402f-8935-c0fd307849ba,Module d’apprentissage gestion de projet - édition 0694,2026-03-16 14:30:00+00:00,PUBLISHED,Formation,DEPARTMENT,ONLINE,2,43,90,0,14,3,0,1,0,105,0,3,0.23807720057720055,0.3204281712685074,0.0,0.07838165826233119,0.15069056880320197,0.0,0.0,13.0,0.0,0.0,1.0,0.0,0.0,0.0,0.0,0.0,0.07692307692307693,0.0,LOW,1
32550296-6435-4ef2-90e1-028656282c7f,Forum d’échanges petit-déjeuner business - édition 0357,2026-03-17 10:00:00+00:00,ARCHIVED,Networking,DEPARTMENT,ONLINE,4,122,60,1,10,3,1,0,0,71,1,0,0.0,0.0,0.0,0.13018146237324318,0.07560975609756097,30.0,27.0,9.0,3.0,1.0,0.0,18.0,3.0,0.2459016393442623,0.9,0.3333333333333333,0.0,0.4775409836065574,MEDIUM,1
b3115164-4e9b-4bc2-a159-ec4bf11de6d7,Challenge collectif résolution de problèmes - Achats - édition 0045,2026-03-17 10:15:00+00:00,ARCHIVED,Team building,DEPARTMENT,ONSITE,11,56,120,1,10,3,1,0,0,24,1,1,0.3162878787878788,0.4486842105263158,0.517948717948718,0.1446464844946206,0.09453107645830555,0.0,0.0,14.0,0.0,1.0,4.0,0.0,0.0,0.0,0.0,0.0,0.2857142857142857,0.0,LOW,1
e151d746-c8a2-4d3a-bfbf-338d3e39b4b3,Session pratique gestion budgétaire - édition 0278,2026-03-18 09:00:00+00:00,CANCELLED,Atelier,DEPARTMENT,EXTERNAL,2,50,120,2,9,3,1,0,0,105,2,3,0.045774647887323945,0.23076923076923078,0.0,0.12092664092664093,0.16257724037386304,0.0,0.0,0.0,0.0,0.0,0.0,0.0,0.0,0.0,0.0,0.0,0.0,0.0,LOW,0
63b1a9bd-1766-40ca-a0f1-6d8964f0ed41,Culture d’entreprise rencontre direction - édition 0435,2026-03-18 11:15:00+00:00,CANCELLED,Culture d’entreprise,GLOBAL,ONLINE,0,46,90,2,11,3,1,0,0,2,2,0,0.08993848668645417,0.26267281105990786,0.31817427455797737,0.13642029872396363,0.14225508532713016,0.0,0.0,0.0,0.0,0.0,0.0,0.0,0.0,0.0,0.0,0.0,0.0,0.0,LOW,0
a4447490-4186-44ca-80b0-476de5ac57d8,Keynote interne transformation digitale - édition 0940,2026-03-18 11:30:00+00:00,ARCHIVED,Conférence,DEPARTMENT,ONSITE,6,154,120,2,11,3,1,0,0,103,2,1,0.14659685863874347,0.28174603174603174,0.0,0.11936776138346819,0.12644896473522682,0.0,0.0,11.0,0.0,0.0,1.0,0.0,0.0,0.0,0.0,0.0,0.09090909090909091,0.0,LOW,1
b6075cac-0d08-42ad-bb6f-72d804a4abb6,Formation contrats et conformité - édition 0071,2026-03-19 09:45:00+00:00,ARCHIVED,Formation,GLOBAL,ONLINE,0,32,180,3,9,3,1,0,0,2,6,0,0.2083175505050505,0.280374649859944,0.3037118075326148,0.10077220077220078,0.16365777080062793,7.0,7.0,11.0,1.0,2.0,2.0,4.0,3.0,0.21875,1.0,0.09090909090909091,0.18181818181818182,0.49125,MEDIUM,1
b422d938-3eee-4e8f-8dba-cbbba0cf95aa,Session bien-être yoga au bureau - Juridique - édition 0388,2026-03-19 10:15:00+00:00,ARCHIVED,Bien-être,DEPARTMENT,ONSITE,10,48,120,3,10,3,1,0,0,28,6,0,0.2291208791208791,0.30666666666666664,0.2236842105263158,0.1285746528841072,0.17054429945054944,0.0,0.0,14.0,0.0,0.0,4.0,0.0,0.0,0.0,0.0,0.0,0.2857142857142857,0.0,LOW,1
02ea6675-d77b-4946-88cd-c469d27e2e16,Atelier innovation expérimentation digitale - édition 0730,2026-03-19 11:15:00+00:00,ARCHIVED,Innovation,DEPARTMENT,ONSITE,1,67,120,3,11,3,1,0,0,194,6,1,0.07990867579908675,0.14285714285714285,0.45,0.10610467678530505,0.15159493284493283,0.0,0.0,15.0,0.0,2.0,3.0,0.0,0.0,0.0,0.0,0.0,0.2,0.0,LOW,1
9cee104c-1520-43d1-825e-1db6fd238552,Atelier collaboratif prise de parole - édition 0317,2026-03-19 11:45:00+00:00,ARCHIVED,Atelier,GLOBAL,ONSITE,0,13,120,3,11,3,1,0,0,2,6,0,0.036619718309859155,0.18461538461538463,0.33398520720510977,0.09549420910677456,0.13643543956043955,0.0,0.0,19.0,0.0,2.0,3.0,0.0,0.0,0.0,0.0,0.0,0.15789473684210525,0.0,LOW,1
7e8e00bb-f227-4be3-8b82-23a96c8c0f59,Atelier gestion des priorités - édition 0292,2026-03-19 14:15:00+00:00,PUBLISHED,Atelier,DEPARTMENT,ONSITE,2,73,180,3,14,3,0,1,0,105,6,3,0.03051643192488263,0.15384615384615385,0.0,0.0671842785105696,0.12403221778221778,0.0,0.0,21.0,0.0,1.0,6.0,0.0,0.0,0.0,0.0,0.0,0.2857142857142857,0.0,LOW,1
c29eca9b-b58c-4b1a-9839-063526676222,Keynote interne expérience client - édition 0642,2026-03-19 14:45:00+00:00,ARCHIVED,Conférence,DEPARTMENT,ONLINE,1,230,120,3,14,3,0,1,0,194,6,1,0.1099476439790576,0.2113095238095238,0.3,0.0587862436967484,0.11369619963369963,0.0,0.0,11.0,0.0,2.0,2.0,0.0,0.0,0.0,0.0,0.0,0.18181818181818182,0.0,LOW,1
2e0a99a0-5c65-406a-8b1d-7ebf4748ef84,Table ronde culture agile - édition 0961,2026-03-19 15:45:00+00:00,PUBLISHED,Conférence,DEPARTMENT,ONSITE,5,220,45,3,15,3,0,1,0,86,6,0,0.08795811518324607,0.16904761904761906,0.0,0.24520231496158812,0.10495033812341505,0.0,0.0,11.0,0.0,3.0,2.0,0.0,0.0,0.0,0.0,0.0,0.18181818181818182,0.0,LOW,1
c71b8b72-0da8-49f7-a611-4c9f2d2071a0,Module d’apprentissage cloud computing - édition 0681,2026-03-20 10:00:00+00:00,ARCHIVED,Formation,GLOBAL,ONSITE,0,79,120,4,10,3,1,0,0,2,3,0,0.20947671156004488,0.360333022097728,0.32006915690489685,0.11571718759569646,0.04911616161616162,0.0,0.0,16.0,0.0,2.0,3.0,0.0,0.0,0.0,0.0,0.0,0.1875,0.0,LOW,1
0329ecbb-c45d-4cee-8728-bae0024b2e96,Atelier RSE économie d’énergie - édition 0604,2026-03-20 11:45:00+00:00,ARCHIVED,RSE,DEPARTMENT,EXTERNAL,6,193,120,4,11,3,1,0,0,103,3,1,0.07491395726689845,0.3883647798742138,0.0,0.08681291736979505,0.04502314814814815,0.0,0.0,19.0,0.0,2.0,6.0,0.0,0.0,0.0,0.0,0.0,0.3157894736842105,0.0,LOW,1
08462c4d-412b-4f3c-b02e-1045e5d7a3a4,Pause prévention nutrition et énergie - édition 0740,2026-03-20 13:15:00+00:00,PUBLISHED,Bien-être,DEPARTMENT,ONSITE,12,69,45,4,13,3,0,1,0,22,3,0,0.19093406593406592,0.25555555555555554,0.37324929971988796,0.11166744840525328,0.041559829059829065,0.0,0.0,6.0,0.0,1.0,3.0,0.0,0.0,0.0,0.0,0.0,0.5,0.0,LOW,1
975bf567-3b8b-462f-898c-aeed68b42aeb,Rencontre expert leadership responsable - édition 0872,2026-03-20 16:00:00+00:00,PUBLISHED,Conférence,DEPARTMENT,EXTERNAL,11,96,45,4,16,3,0,1,0,24,3,1,0.07329842931937174,0.14087301587301587,0.43162393162393164,0.10714285714285714,0.03859126984126985,0.0,0.0,7.0,0.0,3.0,1.0,0.0,0.0,0.0,0.0,0.0,0.14285714285714285,0.0,LOW,1
36ce52af-8c33-4d40-8737-e5dbd467a0ef,Rencontre expert marque employeur - édition 0738,2026-03-21 09:15:00+00:00,PUBLISHED,Conférence,GLOBAL,ONSITE,0,150,120,5,9,3,1,0,0,2,1,0,0.06282722513089005,0.12074829931972789,0.307266390628701,0.11762617209045781,0.18372308997308998,0.0,0.0,11.0,0.0,2.0,2.0,0.0,0.0,0.0,0.0,0.0,0.18181818181818182,0.0,LOW,1
1aa9499c-985b-437c-be19-641187acee9a,Hackathon automatisation métier - Ressources humaines - édition 0295,2026-03-21 10:15:00+00:00,PUBLISHED,Innovation,DEPARTMENT,ONLINE,2,112,60,5,10,3,1,0,0,105,1,3,0.0684931506849315,0.12244897959183673,0.0,0.10519744326881497,0.16330941330941331,0.0,0.0,21.0,0.0,3.0,5.0,0.0,0.0,0.0,0.0,0.0,0.23809523809523808,0.0,LOW,1
412f7996-b4f2-44ec-be37-0aa199ec8998,Session pratique design thinking - édition 0892,2026-03-22 09:30:00+00:00,ARCHIVED,Atelier,GLOBAL,ONSITE,0,15,90,6,9,3,1,0,0,2,4,0,0.026156941649899398,0.13186813186813187,0.29544845252759705,0.10292290057915059,0.18804753105989525,14.0,12.0,10.0,0.0,0.0,5.0,10.0,3.0,0.9333333333333333,0.8571428571428571,0.0,0.5,0.877142857142857,HIGH,1
f5175f4f-ee87-48d5-84f7-5ca9602aab77,Atelier cohésion créativité collective - édition 0951,2026-03-22 09:30:00+00:00,ARCHIVED,Team building,DEPARTMENT,ONSITE,9,26,90,6,9,3,1,0,0,51,4,0,0.25303030303030305,0.3589473684210526,0.0,0.19519072644072644,0.29451693138467216,0.0,0.0,18.0,0.0,4.0,4.0,0.0,0.0,0.0,0.0,0.0,0.2222222222222222,0.0,LOW,1
9d3098e0-1636-4cc4-afda-35b15eccbcc4,Session valeurs collaboration transversale - édition 0127,2026-03-22 09:30:00+00:00,ARCHIVED,Culture d’entreprise,GLOBAL,ONSITE,0,174,45,6,9,3,1,0,0,2,4,0,0.07869617585064739,0.22983870967741937,0.3162519489948289,0.17567165379665378,0.2577023149615881,93.0,79.0,18.0,2.0,0.0,2.0,64.0,3.0625,0.5344827586206896,0.8494623655913979,0.1111111111111111,0.1111111111111111,0.6367783648498331,MEDIUM,1
7920eb23-af22-42fb-bbee-4c1253883ac4,Speed meeting experts internes - édition 0377,2026-03-22 14:30:00+00:00,ARCHIVED,Networking,GLOBAL,EXTERNAL,0,219,120,6,14,3,0,1,0,2,4,0,0.06147540983606557,0.225,0.33529517815899207,0.05225443884155413,0.28845569759037715,0.0,0.0,19.0,0.0,0.0,8.0,0.0,0.0,0.0,0.0,0.0,0.42105263157894735,0.0,LOW,1
a7336f7a-bf35-43cd-9586-7729f994c062,Atelier gestion des priorités - IoT - édition 0510,2026-03-22 14:45:00+00:00,ARCHIVED,Atelier,DEPARTMENT,ONLINE,7,64,60,6,14,3,0,1,0,77,4,0,0.13955399061032864,0.22252747252747251,0.18382352941176472,0.04702899495739872,0.2596101278313394,0.0,0.0,19.0,0.0,6.0,5.0,0.0,0.0,0.0,0.0,0.0,0.2631578947368421,0.0,LOW,1
2ff507a7-1a57-45cf-9957-f1b23a2d6b5f,Speed meeting rencontre métiers - édition 0372,2026-03-23 10:15:00+00:00,ARCHIVED,Networking,DEPARTMENT,ONSITE,2,177,60,0,10,3,1,0,0,105,3,4,0.04918032786885246,0.18,0.0,0.09643098966308039,0.12916334468845883,0.0,0.0,14.0,0.0,1.0,4.0,0.0,0.0,0.0,0.0,0.0,0.2857142857142857,0.0,LOW,1
4c28dda4-da10-4eb1-b54f-28d6e8fff5c4,Networking partage d’expérience - édition 0274,2026-03-23 13:45:00+00:00,ARCHIVED,Networking,GLOBAL,EXTERNAL,0,147,45,0,13,3,0,1,0,2,3,0,0.040983606557377046,0.15,0.32373327546385444,0.09925995413800291,0.11301792660240148,0.0,0.0,12.0,0.0,0.0,3.0,0.0,0.0,0.0,0.0,0.0,0.25,0.0,LOW,1
fc937cd7-7fab-4a8d-a852-2291c0925b8b,Challenge collectif challenge collaboratif - édition 0572,2026-03-23 15:00:00+00:00,PUBLISHED,Team building,DEPARTMENT,ONSITE,11,19,90,0,15,3,0,1,0,24,3,1,0.21085858585858586,0.29912280701754385,0.36996336996337,0.21795761329918945,0.10046037920213464,4.0,3.0,10.0,2.0,3.0,1.0,1.0,4.0,0.21052631578947367,0.75,0.2,0.1,0.43131578947368415,MEDIUM,1
a9cb5fc2-09f6-46ea-94ac-feea9afc3e20,Session pratique prise de parole - édition 0948,2026-03-23 16:30:00+00:00,PUBLISHED,Atelier,DEPARTMENT,ONLINE,12,68,120,0,16,3,0,1,0,22,3,1,0.12404799165362546,0.1978021978021978,0.29859943977591036,0.09523809523809523,0.11146697286086855,0.0,0.0,11.0,0.0,1.0,4.0,0.0,0.0,0.0,0.0,0.0,0.36363636363636365,0.0,LOW,1
0ca7ce34-271c-473c-b708-df96180a744e,Challenge innovation expérimentation digitale - édition 0842,2026-03-24 09:15:00+00:00,CANCELLED,Innovation,GLOBAL,ONLINE,0,102,60,1,9,3,1,0,0,2,1,0,0.059931506849315065,0.10714285714285714,0.31294216628172594,0.2082908451442934,0.08507796881247501,0.0,0.0,0.0,0.0,0.0,0.0,0.0,0.0,0.0,0.0,0.0,0.0,0.0,LOW,0
980787db-d4eb-4aa9-ab2e-45126ad1567a,Speed meeting forum projets - édition 0867,2026-03-24 14:15:00+00:00,ARCHIVED,Networking,DEPARTMENT,ONSITE,12,93,60,1,14,3,0,1,0,22,1,1,0.0351288056206089,0.1285714285714286,0.2488328664799253,0.04275363177945338,0.07734360801134091,17.0,13.0,10.0,8.0,0.0,1.0,9.0,3.4444444444444446,0.1827956989247312,0.7647058823529411,0.8,0.1,0.4079780729496099,MEDIUM,1
e7d44a4c-847a-43b9-9912-20c747a0c5de,Webinaire bien-être au travail - édition 0479,2026-03-25 09:15:00+00:00,ARCHIVED,Webinaire,DEPARTMENT,ONLINE,3,402,45,2,9,3,1,0,0,108,2,1,0.09072894550601557,0.26048005409060176,0.0,0.19093327471560229,0.11380406826170412,0.0,0.0,6.0,0.0,1.0,2.0,0.0,0.0,0.0,0.0,0.0,0.3333333333333333,0.0,LOW,1
39bfc35e-8bb4-403e-b418-4d800493599f,Atelier collaboratif gestion budgétaire - édition 0888,2026-03-25 10:15:00+00:00,ARCHIVED,Atelier,GLOBAL,ONSITE,0,76,60,2,10,3,1,0,0,2,2,0,0.1116431924882629,0.178021978021978,0.30284725769199283,0.08901322122745882,0.10345824387427648,24.0,18.0,11.0,0.0,0.0,2.0,11.0,3.1818181818181817,0.3157894736842105,0.75,0.0,0.18181818181818182,0.47811004784688993,MEDIUM,1
ebd07186-4e25-4152-9eb7-88e5503c0a34,Session pratique gestion budgétaire - édition 0304,2026-03-25 16:00:00+00:00,ARCHIVED,Atelier,GLOBAL,EXTERNAL,0,52,180,2,16,3,0,1,0,2,2,0,0.13020194532425816,0.23001998001998,0.3168207808891181,0.08571428571428572,0.12115251302510432,0.0,0.0,10.0,0.0,1.0,3.0,0.0,0.0,0.0,0.0,0.0,0.3,0.0,LOW,1
24a521e2-e0cb-4d62-a66c-fcb597f93bf9,Challenge collectif résolution de problèmes - édition 0719,2026-03-26 13:00:00+00:00,ARCHIVED,Team building,GLOBAL,ONSITE,0,13,180,3,13,3,0,1,0,2,5,0,0.21081111870585553,0.36353383458646615,0.3072201511652054,0.08933395872420262,0.09745388540031397,0.0,0.0,13.0,0.0,2.0,4.0,0.0,0.0,0.0,0.0,0.0,0.3076923076923077,0.0,LOW,1
d67136b8-55c7-416e-adb2-58da02ae9819,Keynote interne risques cyber - édition 0143,2026-03-26 13:15:00+00:00,ARCHIVED,Conférence,GLOBAL,ONSITE,0,257,90,3,13,3,0,1,0,2,5,0,0.0549738219895288,0.1056547619047619,0.2981842643662288,0.0812126897492751,0.0909569597069597,0.0,0.0,0.0,0.0,0.0,0.0,0.0,0.0,0.0,0.0,0.0,0.0,0.0,LOW,0
d018f0f3-81f1-4125-8073-386f3bbb1ff4,Hackathon idées produit - Informatique - édition 0154,2026-03-26 14:45:00+00:00,ARCHIVED,Innovation,DEPARTMENT,ONSITE,1,49,60,3,14,3,0,1,0,194,5,1,0.0532724505327245,0.09523809523809523,0.225,0.054423804041559866,0.08527214972527472,0.0,0.0,12.0,0.0,2.0,2.0,0.0,0.0,0.0,0.0,0.0,0.16666666666666666,0.0,LOW,1
b167b175-2f55-4442-983f-01c6b5ff8455,Atelier amélioration continue - Support client - édition 0683,2026-03-26 15:30:00+00:00,ARCHIVED,Atelier,DEPARTMENT,ONSITE,9,70,120,3,15,3,0,1,0,51,5,2,0.11935178321390331,0.21085164835164835,0.0,0.21721448354821787,0.08025614091790562,0.0,0.0,10.0,0.0,3.0,2.0,0.0,0.0,0.0,0.0,0.0,0.2,0.0,LOW,1
9c310c8a-230b-4fa5-83e3-97417739fdd1,Rencontre informelle finance et business - Développement - édition 0886,2026-03-26 18:00:00+00:00,ARCHIVED,Afterwork,DEPARTMENT,ONSITE,6,90,90,3,18,3,0,0,1,103,5,1,0.06944444444444445,0.25,0.0,0.1063621493715523,0.07579746642246642,55.0,41.0,15.0,4.0,2.0,4.0,26.0,3.1153846153846154,0.6111111111111112,0.7454545454545455,0.26666666666666666,0.26666666666666666,0.6526107226107226,MEDIUM,1
ca296d96-1efb-403a-af11-a5133143c991,Rencontre informelle convivialité - édition 0234,2026-03-26 19:00:00+00:00,ARCHIVED,Afterwork,DEPARTMENT,EXTERNAL,2,120,120,3,19,3,0,0,1,105,5,4,0.17777777777777778,0.3490909090909091,0.0,0.0,0.10397186877450035,0.0,0.0,13.0,0.0,1.0,2.0,0.0,0.0,0.0,0.0,0.0,0.15384615384615385,0.0,LOW,1
bb83982e-c8cc-4fda-98aa-0a54f2b673c1,Atelier RSE réduction carbone - édition 0399,2026-03-27 11:15:00+00:00,PUBLISHED,RSE,DEPARTMENT,EXTERNAL,1,74,90,4,11,3,1,0,0,194,1,1,0.05993116581351876,0.31069182389937106,0.18,0.07957850758897879,0.036018518518518526,41.0,33.0,12.0,3.0,1.0,1.0,23.0,3.130434782608696,0.5540540540540541,0.8048780487804879,0.25,0.08333333333333333,0.6365045427187526,MEDIUM,1
7aedf1ae-61bb-42f7-8ec8-079f2402fb35,Lab innovation automatisation métier - édition 0397,2026-03-27 14:15:00+00:00,ARCHIVED,Innovation,DEPARTMENT,ONSITE,9,94,60,4,14,3,0,1,0,51,1,2,0.04794520547945205,0.08571428571428572,0.0,0.050237357576824494,0.06839573948948949,0.0,0.0,10.0,0.0,3.0,1.0,0.0,0.0,0.0,0.0,0.0,0.1,0.0,LOW,1
b0d997cc-e9eb-4ac2-8ffc-2b3ebabaaeaf,Parcours pratique gestion de projet - Ventes - édition 0761,2026-03-28 09:00:00+00:00,CANCELLED,Formation,DEPARTMENT,ONLINE,5,26,180,5,9,3,1,0,0,86,7,0,0.1885290404040404,0.3242997198879552,0.0,0.17624609973747904,0.14697847197847197,0.0,0.0,0.0,0.0,0.0,0.0,0.0,0.0,0.0,0.0,0.0,0.0,0.0,LOW,0
123c1477-ac3f-4a08-83d2-eef0b42660c3,Workshop feedback constructif - édition 0749,2026-03-28 14:00:00+00:00,PUBLISHED,Atelier,DEPARTMENT,ONLINE,7,16,90,5,14,3,0,1,0,77,7,0,0.11017087681283383,0.19463229078613692,0.14705882352941177,0.0466489748927656,0.1336167927077018,0.0,0.0,14.0,0.0,2.0,3.0,0.0,0.0,0.0,0.0,0.0,0.21428571428571427,0.0,LOW,1
abf32af2-e35f-4b07-af36-278cd1c95202,Forum d’échanges experts internes - édition 0272,2026-03-28 15:30:00+00:00,PUBLISHED,Networking,DEPARTMENT,EXTERNAL,11,258,90,5,15,3,0,1,0,24,7,1,0.053587167283624185,0.20808823529411763,0.41746794871794873,0.1974677123165617,0.12248205998205998,18.0,15.0,7.0,5.0,0.0,1.0,8.0,2.625,0.06976744186046512,0.8333333333333334,0.7142857142857143,0.14285714285714285,0.34436046511627905,LOW,1
4ef7bf54-90a3-4c63-a922-3a6f5b37becb,Formation gestion de projet - Ressources humaines - édition 0236,2026-03-28 16:00:00+00:00,ARCHIVED,Formation,DEPARTMENT,EXTERNAL,2,18,180,5,16,3,0,1,0,105,7,4,0.1713900367309458,0.29481792717086835,0.0,0.07792207792207792,0.11842708935732191,0.0,0.0,12.0,0.0,1.0,4.0,0.0,0.0,0.0,0.0,0.0,0.3333333333333333,0.0,LOW,1
79147e98-6b9a-446b-becd-95005a255012,Atelier gestion budgétaire - édition 0840,2026-03-28 16:15:00+00:00,ARCHIVED,Atelier,GLOBAL,ONSITE,0,75,120,5,16,3,0,1,0,2,7,0,0.10230152846905997,0.18072998430141288,0.2896647139557651,0.07142857142857142,0.10996801154608463,0.0,0.0,21.0,0.0,3.0,4.0,0.0,0.0,0.0,0.0,0.0,0.19047619047619047,0.0,LOW,1
785cfbf1-488c-41df-aacd-31498c90fb44,Speed meeting communautés internes - Ressources humaines - édition 0449,2026-03-28 16:15:00+00:00,ARCHIVED,Networking,DEPARTMENT,ONLINE,2,59,60,5,16,3,0,1,0,105,7,4,0.05538497556993985,0.2775599128540305,0.0,0.06593406593406594,0.10263681077634565,21.0,16.0,20.0,4.0,2.0,2.0,10.0,2.3,0.3559322033898305,0.7619047619047619,0.2,0.1,0.4881307506053268,MEDIUM,1
f239e923-a9f4-4c35-af24-474195c61414,Atelier innovation lab IA - édition 0634,2026-03-28 16:30:00+00:00,ARCHIVED,Innovation,DEPARTMENT,ONLINE,6,20,60,5,16,3,0,1,0,103,7,1,0.043586550435865505,0.07792207792207792,0.18636363636363637,0.08664821860947769,0.11846777281468845,0.0,0.0,14.0,0.0,3.0,6.0,0.0,0.0,0.0,0.0,0.0,0.42857142857142855,0.0,LOW,1
bd1a3473-a2be-43bf-9f69-fbd42e9fb520,Rencontre informelle réseau interne - édition 0224,2026-03-28 19:30:00+00:00,ARCHIVED,Afterwork,DEPARTMENT,EXTERNAL,8,69,150,5,19,3,0,0,1,47,7,1,0.14814814814814817,0.29090909090909095,0.21428571428571427,0.0,0.11149908029617737,18.0,17.0,13.0,4.0,3.0,4.0,14.0,3.0714285714285716,0.2608695652173913,0.9444444444444444,0.3076923076923077,0.3076923076923077,0.5012836438923395,MEDIUM,1
dc2e6c9b-b3d0-4f14-8063-87d336a0d4ed,Session pratique gestion budgétaire - Ressources humaines - édition 0839,2026-03-29 09:00:00+00:00,ARCHIVED,Atelier,DEPARTMENT,ONSITE,2,34,90,6,9,3,1,0,0,105,4,4,0.09548142657112264,0.16868131868131866,0.08465608465608465,0.16365709261337338,0.23600920711939946,0.0,0.0,12.0,0.0,1.0,3.0,0.0,0.0,0.0,0.0,0.0,0.25,0.0,LOW,1
7dd6c375-bc30-4b54-9918-bfaebbc54d99,Formation cybersécurité - édition 0507,2026-03-29 09:30:00+00:00,PUBLISHED,Formation,DEPARTMENT,ONSITE,8,28,60,6,9,3,1,0,0,47,4,1,0.15710753367003366,0.27024976657329597,0.36031746031746026,0.15274661977248183,0.21634177319278283,13.0,12.0,18.0,4.0,1.0,5.0,9.0,2.888888888888889,0.4642857142857143,0.9230769230769231,0.2222222222222222,0.2777777777777778,0.6132722832722833,MEDIUM,1
aa13bdcb-c179-4f0b-8f92-5caf34496ab3,Rencontre réseau petit-déjeuner business - Support client - édition 0426,2026-03-29 10:15:00+00:00,PUBLISHED,Networking,DEPARTMENT,ONSITE,9,90,60,6,10,3,1,0,0,51,4,2,0.08543969835192891,0.32599439775910366,0.0,0.10521152497436967,0.23541438404608528,0.0,0.0,13.0,0.0,1.0,1.0,0.0,0.0,0.0,0.0,0.0,0.07692307692307693,0.0,LOW,1
92f4daee-6f44-4942-ae13-22e1505abb8b,Session bien-être santé mentale - Finance - édition 0491,2026-03-29 11:00:00+00:00,ARCHIVED,Bien-être,DEPARTMENT,ONSITE,3,41,45,6,11,3,1,0,0,108,4,1,0.16365777080062793,0.21904761904761902,0.0,0.11607662654783074,0.21859907089993633,0.0,0.0,13.0,0.0,2.0,5.0,0.0,0.0,0.0,0.0,0.0,0.38461538461538464,0.0,LOW,1
40d339c6-9f7e-4c65-80aa-eeed3589bc0a,Rencontre culture interne ambassadeurs culture - édition 0406,2026-03-29 15:15:00+00:00,ARCHIVED,Culture d’entreprise,GLOBAL,ONLINE,0,173,120,6,15,3,0,1,0,2,4,0,0.1293391294917632,0.2986857825567503,0.2816184719014383,0.186826023111887,0.20402579950660724,84.0,68.0,17.0,0.0,2.0,4.0,56.0,3.1607142857142856,0.48554913294797686,0.8095238095238095,0.0,0.23529411764705882,0.5974009083402146,MEDIUM,1
7756501b-60b7-4e44-99e4-c40cd2d0297e,Atelier collaboratif feedback constructif - édition 0935,2026-03-30 10:45:00+00:00,ARCHIVED,Atelier,GLOBAL,ONSITE,0,53,90,0,10,3,1,0,0,2,1,0,0.08951383741042748,0.15813873626373626,0.29588618372906994,0.09819742330941168,0.10133361169169869,0.0,0.0,12.0,0.0,1.0,1.0,0.0,0.0,0.0,0.0,0.0,0.08333333333333333,0.0,LOW,1
df9061ce-768a-48f5-85fa-9e84b27f3c82,Workshop gestion budgétaire - édition 0104,2026-03-30 11:30:00+00:00,ARCHIVED,Atelier,GLOBAL,EXTERNAL,0,52,180,0,11,3,1,0,0,2,1,0,0.08424831756275528,0.14883645765998707,0.2880997052098839,0.10778543893727141,0.0928891440507238,44.0,35.0,12.0,2.0,0.0,3.0,26.0,2.923076923076923,0.8461538461538461,0.7954545454545454,0.16666666666666666,0.25,0.8047902097902098,HIGH,1
2889f7a5-c66f-4fbd-bdb9-414935805d06,Initiative durable inclusion - édition 0753,2026-03-31 10:00:00+00:00,ARCHIVED,RSE,DEPARTMENT,ONSITE,9,167,45,1,10,3,1,0,0,51,4,1,0.14228498052027463,0.3930561947128905,0.0,0.09206008435257344,0.08613128225412343,6.0,6.0,13.0,2.0,2.0,1.0,4.0,2.5,0.03592814371257485,1.0,0.15384615384615385,0.07692307692307693,0.3715568862275449,LOW,1
3d511cb8-71cf-4f9c-9e3e-2243ccc0c3ba,Workshop prise de parole - édition 0784,2026-03-31 10:30:00+00:00,PUBLISHED,Atelier,GLOBAL,ONSITE,0,55,180,1,10,3,1,0,0,2,4,0,0.12657640248448254,0.18475968475968474,0.3011088036776957,0.08875820549139705,0.08226950236631202,17.0,13.0,10.0,0.0,2.0,2.0,9.0,2.7777777777777777,0.3090909090909091,0.7647058823529411,0.0,0.2,0.4704218657159833,MEDIUM,1
6f7b2808-127d-497a-a7da-e1ba4e22eb76,Team building confiance et coopération - édition 0575,2026-03-31 14:30:00+00:00,PUBLISHED,Team building,GLOBAL,ONSITE,0,12,90,1,14,3,0,1,0,2,4,0,0.1844597288676236,0.3180921052631579,0.31269873064457687,0.04353904323324789,0.09847103141806894,0.0,0.0,7.0,0.0,0.0,4.0,0.0,0.0,0.0,0.0,0.0,0.5714285714285714,0.0,LOW,1
7fe2252b-36f4-4da7-80e4-6ac72b4eeb71,Parcours pratique analyse de données - édition 0109,2026-03-31 16:45:00+00:00,ARCHIVED,Formation,DEPARTMENT,ONLINE,7,26,60,1,16,3,0,1,0,77,4,0,0.18073662448662448,0.3204672401504981,0.12254901960784315,0.08087167070217918,0.09190629599019769,6.0,3.0,8.0,0.0,2.0,3.0,3.0,2.3333333333333335,0.23076923076923078,0.5,0.0,0.375,0.3351282051282051,LOW,1
4734d518-c76a-41ee-8295-565dc7977d68,Culture d’entreprise rencontre direction - Qualité - édition 0149,2026-03-31 16:45:00+00:00,ARCHIVED,Culture d’entreprise,DEPARTMENT,ONSITE,8,229,45,1,16,3,0,1,0,47,4,1,0.16496012983738456,0.34976958525345625,0.45411070411070414,0.0902402682063699,0.10058522941388726,0.0,0.0,12.0,0.0,1.0,2.0,0.0,0.0,0.0,0.0,0.0,0.16666666666666666,0.0,LOW,1
85b47055-2b20-4170-9342-0a6e368e2d23,Challenge collectif créativité collective - édition 0418,2026-04-01 11:45:00+00:00,PUBLISHED,Team building,GLOBAL,ONLINE,0,44,180,2,11,4,1,0,0,2,1,0,0.16396420343788765,0.2827485380116959,0.3050719323361725,0.1570099994183764,0.11183308894625014,0.0,0.0,23.0,0.0,3.0,3.0,0.0,0.0,0.0,0.0,0.0,0.13043478260869565,0.0,LOW,1
767acd40-98fe-4445-a87c-c305a27c1ea6,Journée responsable solidarité locale - Communication interne - édition 0586,2026-04-01 13:15:00+00:00,ARCHIVED,RSE,DEPARTMENT,EXTERNAL,12,239,120,2,13,4,0,1,0,22,1,0,0.12709114669060323,0.479762452611049,0.32252901160464187,0.07444496560350218,0.10384501116437514,0.0,0.0,14.0,0.0,1.0,3.0,0.0,0.0,0.0,0.0,0.0,0.21428571428571427,0.0,LOW,1
d67cfd96-1aac-49fd-84d4-b0613ea1d9ce,Atelier collaboratif feedback constructif - édition 0100,2026-04-02 11:15:00+00:00,ARCHIVED,Atelier,GLOBAL,ONSITE,0,38,180,3,11,4,1,0,0,2,1,0,0.13618242914797868,0.21528316884354032,0.297808314899597,0.14719687445472784,0.09877327533577533,0.0,0.0,13.0,0.0,3.0,4.0,0.0,0.0,0.0,0.0,0.0,0.3076923076923077,0.0,LOW,1
35aa3585-3880-466e-a4f8-b30d6b45c62b,Soirée réseau finance et business - édition 0858,2026-04-02 18:00:00+00:00,ARCHIVED,Afterwork,GLOBAL,EXTERNAL,0,33,150,3,18,4,0,0,1,2,1,0,0.1642512077294686,0.38427128427128426,0.2908825401344901,0.6111111111111112,0.09406978603407175,15.0,14.0,21.0,0.0,2.0,8.0,12.0,4.0,0.45454545454545453,0.9333333333333333,0.0,0.38095238095238093,0.6327272727272728,MEDIUM,1
9213d23d-3be1-4ac8-b074-0c9225610db6,Session en ligne cybersécurité au quotidien - édition 0017,2026-04-03 14:00:00+00:00,PUBLISHED,Webinaire,DEPARTMENT,ONLINE,1,381,60,4,14,4,0,1,0,194,0,0,0.07776766757658478,0.22326861779194435,0.28414634146341466,0.0408178530311699,0.0643724606959901,0.0,0.0,15.0,0.0,5.0,0.0,0.0,0.0,0.0,0.0,0.0,0.0,0.0,LOW,1
43c5ec7e-1f19-4c55-98c7-a902009e58a8,Speed meeting forum projets - édition 0023,2026-04-04 13:15:00+00:00,ARCHIVED,Networking,DEPARTMENT,ONLINE,8,182,60,5,13,4,0,1,0,47,2,1,0.0776724530472081,0.29635854341736695,0.38923774638060354,0.06871842978784817,0.11979744056957814,0.0,0.0,11.0,0.0,0.0,3.0,0.0,0.0,0.0,0.0,0.0,0.2727272727272727,0.0,LOW,1
ced6a030-caa8-4772-976f-d0c26f95ff13,Session bien-être nutrition et énergie - édition 0441,2026-04-04 13:30:00+00:00,ARCHIVED,Bien-être,GLOBAL,EXTERNAL,0,45,60,5,13,4,0,1,0,2,2,0,0.14320054945054944,0.19166666666666665,0.3054836945253729,0.06380997051728758,0.11349231211854771,0.0,0.0,11.0,0.0,3.0,4.0,0.0,0.0,0.0,0.0,0.0,0.36363636363636365,0.0,LOW,1
bfc592b9-56fd-4cb8-9d45-f4fc59f47a80,Atelier RSE bénévolat entreprise - édition 0096,2026-04-04 16:30:00+00:00,ARCHIVED,RSE,DEPARTMENT,EXTERNAL,11,93,120,5,16,4,0,1,0,24,2,0,0.11120475335427783,0.41979214603466786,0.4636752136752137,0.08493201713540698,0.10781769651262033,0.0,0.0,14.0,0.0,3.0,2.0,0.0,0.0,0.0,0.0,0.0,0.14285714285714285,0.0,LOW,1
34e967e2-0842-4433-93c1-f62b9fc23d32,Challenge collectif confiance et coopération - édition 0434,2026-04-05 15:45:00+00:00,PUBLISHED,Team building,DEPARTMENT,ONSITE,9,10,240,6,15,4,0,1,0,51,1,1,0.14756778309409888,0.2544736842105263,0.16666666666666666,0.2098047238685093,0.22162100784669284,2.0,2.0,11.0,0.0,1.0,4.0,1.0,3.0,0.2,1.0,0.0,0.36363636363636365,0.48,MEDIUM,1
e8f87855-c44f-4eaf-9963-c4db8e9838d4,Module d’apprentissage communication professionnelle - édition 0641,2026-04-05 15:45:00+00:00,CANCELLED,Formation,GLOBAL,ONSITE,0,20,120,6,15,4,0,1,0,2,1,0,0.18431038207823922,0.3332910087111768,0.2986951679803646,0.20910438644933008,0.22034918385571092,0.0,0.0,0.0,0.0,0.0,0.0,0.0,0.0,0.0,0.0,0.0,0.0,0.0,LOW,0
01885779-265b-4e26-a331-e4da398cb5c2,Atelier bien-être ergonomie au travail - Finance - édition 0468,2026-04-06 09:15:00+00:00,ARCHIVED,Bien-être,DEPARTMENT,ONSITE,3,46,90,0,9,4,1,0,0,108,4,2,0.12728937728937728,0.17037037037037037,0.0,0.1722178131795589,0.1508325826740409,0.0,0.0,12.0,0.0,1.0,4.0,0.0,0.0,0.0,0.0,0.0,0.3333333333333333,0.0,LOW,1
760cad90-d961-4ebf-8585-316dc95212ab,Challenge collectif créativité collective - Ventes - édition 0445,2026-04-06 13:00:00+00:00,CANCELLED,Team building,DEPARTMENT,ONLINE,5,52,240,0,13,4,0,1,0,86,4,0,0.1523343482673626,0.3222488038277512,0.0,0.05955597248280175,0.14005882676875228,0.0,0.0,0.0,0.0,0.0,0.0,0.0,0.0,0.0,0.0,0.0,0.0,0.0,LOW,0
073632f0-6ae9-43c8-a230-33ce61439f77,Atelier innovation hackathon interne - édition 0799,2026-04-06 14:00:00+00:00,PUBLISHED,Innovation,GLOBAL,ONSITE,0,114,90,0,14,4,0,1,0,2,4,0,0.03995433789954338,0.07142857142857142,0.2922017947634002,0.03841680285286579,0.13072157165083545,0.0,0.0,15.0,0.0,1.0,6.0,0.0,0.0,0.0,0.0,0.0,0.4,0.0,LOW,1
ccd46cab-c742-472f-8b66-729694b1c18b,Initiative durable inclusion - édition 0736,2026-04-06 15:45:00+00:00,ARCHIVED,RSE,GLOBAL,ONLINE,0,175,120,0,15,4,0,1,0,2,4,0,0.09884866964824696,0.3731485742530381,0.2859847353003491,0.19516409401937473,0.12255147342265824,81.0,62.0,17.0,2.0,2.0,4.0,47.0,3.1914893617021276,0.46285714285714286,0.7654320987654321,0.11764705882352941,0.23529411764705882,0.5711737025779579,MEDIUM,1
402afcba-7d10-4e57-9879-e12dcf6a8d2f,Rencontre santé au travail nutrition et énergie - Finance - édition 0763,2026-04-06 15:45:00+00:00,CANCELLED,Bien-être,DEPARTMENT,EXTERNAL,3,60,45,0,15,4,0,1,0,108,4,2,0.11456043956043956,0.15333333333333332,0.0,0.2118949095717352,0.14256945397762794,0.0,0.0,0.0,0.0,0.0,0.0,0.0,0.0,0.0,0.0,0.0,0.0,0.0,LOW,0
359e99c9-a8e0-464c-a3e4-0cf90413eda0,Keynote interne finance durable - IoT - édition 0998,2026-04-07 09:30:00+00:00,PUBLISHED,Conférence,DEPARTMENT,ONSITE,7,196,60,1,9,4,1,0,0,77,3,1,0.048865619546247824,0.09391534391534391,0.17647058823529413,0.16208735358076132,0.09466845121307035,34.0,28.0,9.0,7.0,1.0,0.0,22.0,2.8181818181818183,0.17346938775510204,0.8235294117647058,0.7777777777777778,0.0,0.40750409254610936,MEDIUM,1
90673501-00f3-4876-acf0-b3609f7c8b75,Formation gestion de projet - édition 0925,2026-04-07 10:15:00+00:00,PUBLISHED,Formation,DEPARTMENT,ONSITE,7,77,180,1,10,4,1,0,0,77,3,1,0.17202302327302327,0.31107160813043166,0.25735294117647056,0.1009989112469255,0.09904628102096101,0.0,0.0,10.0,0.0,0.0,4.0,0.0,0.0,0.0,0.0,0.0,0.4,0.0,LOW,1
c4efc1d0-011b-4cf7-96dd-797a6236ac35,Rencontre santé au travail respiration et concentration - édition 0600,2026-04-07 11:00:00+00:00,CANCELLED,Bien-être,DEPARTMENT,ONSITE,12,22,45,1,11,4,1,0,0,22,3,0,0.10414585414585414,0.13939393939393938,0.2822128851540616,0.1385382347809203,0.09383331886196307,0.0,0.0,0.0,0.0,0.0,0.0,0.0,0.0,0.0,0.0,0.0,0.0,0.0,LOW,0
0ecd8622-7de2-4bd2-83ae-31ca4925c47e,Rencontre santé au travail équilibre professionnel - édition 0312,2026-04-07 11:45:00+00:00,ARCHIVED,Bien-être,DEPARTMENT,EXTERNAL,6,21,90,1,11,4,1,0,0,103,3,2,0.09546703296703296,0.12777777777777777,0.1490909090909091,0.13084166618198032,0.08914165291886492,18.0,16.0,16.0,3.0,4.0,1.0,12.0,3.6666666666666665,0.8571428571428571,0.8888888888888888,0.1875,0.0625,0.8542857142857142,HIGH,1
97f2b69d-548c-477b-b40b-2d20ea7b7b87,Rencontre expert leadership responsable - Développement - édition 0590,2026-04-08 09:30:00+00:00,ARCHIVED,Conférence,DEPARTMENT,ONSITE,6,93,120,2,9,4,1,0,0,103,4,2,0.06132599636713324,0.1668767507002801,0.2723905723905724,0.16271968881266913,0.09692201042008346,0.0,0.0,15.0,0.0,1.0,7.0,0.0,0.0,0.0,0.0,0.0,0.4666666666666667,0.0,LOW,1
e936975b-d0ad-4bd9-93b2-974d424a5a1b,Parcours pratique cybersécurité - édition 0630,2026-04-08 11:15:00+00:00,ARCHIVED,Formation,GLOBAL,ONSITE,0,36,180,2,11,4,1,0,0,2,4,0,0.1612715843184593,0.2916296326222797,0.295973222039205,0.1690680446536054,0.09086438476882823,0.0,0.0,18.0,0.0,1.0,7.0,0.0,0.0,0.0,0.0,0.0,0.3888888888888889,0.0,LOW,1
e8762dcf-9e1e-4867-bf3d-806eca86e54b,Journée responsable recyclage - édition 0359,2026-04-08 13:00:00+00:00,CANCELLED,RSE,GLOBAL,EXTERNAL,0,153,60,2,13,4,0,1,0,2,4,0,0.13524951696913656,0.4123769267042775,0.2899329522016702,0.05583372420262664,0.08551942095889715,0.0,0.0,0.0,0.0,0.0,0.0,0.0,0.0,0.0,0.0,0.0,0.0,0.0,LOW,0
2662f2f2-e147-4bfb-a3b6-41a7cba757de,Rencontre santé au travail équilibre professionnel - édition 0453,2026-04-08 13:15:00+00:00,ARCHIVED,Bien-être,DEPARTMENT,EXTERNAL,10,21,90,2,13,4,0,1,0,28,4,1,0.1540574809805579,0.1863247863247863,0.17894736842105263,0.05254938748482507,0.0807683420167362,15.0,11.0,14.0,6.0,1.0,1.0,9.0,3.0,0.7142857142857143,0.7333333333333333,0.42857142857142855,0.07142857142857142,0.7085714285714286,HIGH,1
0aef3463-992d-4725-a40f-5929adc12b09,Initiative durable solidarité locale - édition 0776,2026-04-08 13:45:00+00:00,ARCHIVED,RSE,GLOBAL,EXTERNAL,0,225,90,2,13,4,0,1,0,2,4,0,0.1229541063355787,0.3748881151857068,0.2841342931576368,0.08931251675154114,0.11411136160984031,0.0,0.0,5.0,0.0,0.0,3.0,0.0,0.0,0.0,0.0,0.0,0.6,0.0,LOW,1
b9b10e8c-9c17-4e79-96fb-3d1173c0a09c,Webinaire outils collaboratifs - Développement - édition 0375,2026-04-09 11:30:00+00:00,ARCHIVED,Webinaire,DEPARTMENT,ONLINE,6,184,30,3,11,4,1,0,0,103,2,2,0.06804670912951168,0.1953600405679513,0.23347763347763348,0.16061464242092513,0.11045504369368006,0.0,0.0,0.0,0.0,0.0,0.0,0.0,0.0,0.0,0.0,0.0,0.0,0.0,LOW,0
3c67c7b8-587b-4176-aaab-2524eedda433,Présentation digitale reporting financier - édition 0349,2026-04-09 16:30:00+00:00,PUBLISHED,Webinaire,DEPARTMENT,ONLINE,11,446,60,3,16,4,0,1,0,24,2,1,0.060485963670677045,0.1736533693937345,0.4173076923076923,0.08021357173899547,0.10565265048960701,0.0,0.0,7.0,0.0,1.0,3.0,0.0,0.0,0.0,0.0,0.0,0.42857142857142855,0.0,LOW,1
6480731d-d95e-4da5-a203-f5b64c63aca3,Afterwork communauté tech - Achats - édition 0655,2026-04-09 17:00:00+00:00,PUBLISHED,Afterwork,DEPARTMENT,ONSITE,11,100,90,3,17,4,0,1,0,24,2,1,0.20053798858146682,0.4529040404040404,0.3793706293706294,0.1388888888888889,0.10125045671920672,0.0,0.0,6.0,0.0,1.0,1.0,0.0,0.0,0.0,0.0,0.0,0.16666666666666666,0.0,LOW,1
07ccc906-fbad-45ef-be7d-e14df761ded1,Team building créativité collective - Support client - édition 0715,2026-04-10 13:15:00+00:00,PUBLISHED,Team building,DEPARTMENT,ONSITE,9,67,120,4,13,4,0,1,0,51,1,1,0.1396398192450824,0.29539473684210527,0.2857142857142857,0.08461185797514424,0.06079621287954621,0.0,0.0,11.0,0.0,2.0,4.0,0.0,0.0,0.0,0.0,0.0,0.36363636363636365,0.0,LOW,1
3ff1c3c3-f889-4aef-9d80-957c24457ed4,Parcours engagement valeurs et vision - édition 0721,2026-04-10 16:00:00+00:00,PUBLISHED,Culture d’entreprise,DEPARTMENT,EXTERNAL,3,167,60,4,16,4,0,1,0,108,1,2,0.14996375439762233,0.31797235023041476,0.0,0.07599180480536413,0.05759641220167536,0.0,0.0,16.0,0.0,2.0,4.0,0.0,0.0,0.0,0.0,0.0,0.25,0.0,LOW,1
73ed9e10-d7dd-4f35-812a-0836380719a5,Session en ligne bien-être au travail - édition 0366,2026-04-11 09:00:00+00:00,ARCHIVED,Webinaire,GLOBAL,ONLINE,0,375,60,5,9,4,1,0,0,2,1,0,0.05443736730360934,0.15628803245436104,0.27856303250748704,0.1541554946646339,0.10268352048820983,90.0,71.0,12.0,0.0,3.0,4.0,49.0,3.1020408163265305,0.24,0.7888888888888889,0.0,0.3333333333333333,0.44270748299319723,MEDIUM,1
fe7bf7f8-cc6e-4eaa-b66f-09fa2dd769a6,Session bien-être prévention fatigue numérique - édition 0186,2026-04-11 16:00:00+00:00,ARCHIVED,Bien-être,GLOBAL,ONSITE,0,52,45,5,16,4,0,1,0,2,1,0,0.19407378335949765,0.2253968253968254,0.2883769912840525,0.07219221456509592,0.10892517864783664,0.0,0.0,14.0,0.0,1.0,5.0,0.0,0.0,0.0,0.0,0.0,0.35714285714285715,0.0,LOW,1
53b72b57-ba17-47d8-ba23-2382ac956667,Atelier amélioration continue - édition 0117,2026-04-12 09:15:00+00:00,ARCHIVED,Atelier,DEPARTMENT,EXTERNAL,10,32,60,6,9,4,1,0,0,28,3,1,0.12937330769057975,0.2045190104013633,0.27134502923976606,0.15844771993140222,0.20810756253039364,16.0,12.0,9.0,4.0,0.0,0.0,7.0,3.142857142857143,0.5,0.75,0.4444444444444444,0.0,0.5878571428571427,MEDIUM,1
35d639cc-03f2-4ad4-8291-090f1906e872,Culture d’entreprise collaboration transversale - Informatique - édition 0060,2026-04-12 09:45:00+00:00,CANCELLED,Culture d’entreprise,DEPARTMENT,ONSITE,1,162,120,6,9,4,1,0,0,194,3,0,0.13746677486448713,0.29147465437788017,0.24355400696864113,0.17471211422038307,0.22347032239721507,0.0,0.0,0.0,0.0,0.0,0.0,0.0,0.0,0.0,0.0,0.0,0.0,0.0,LOW,0
20381396-b550-4218-898a-872e373af9ec,Rencontre expert expérience client - édition 0472,2026-04-12 14:45:00+00:00,ARCHIVED,Conférence,DEPARTMENT,ONSITE,8,232,45,6,14,4,0,1,0,47,3,0,0.05575090578830295,0.15170613700025462,0.3405830280830281,0.03628253602770658,0.2122968062773543,23.0,20.0,17.0,11.0,1.0,2.0,14.0,3.0,0.09913793103448276,0.8695652173913043,0.6470588235294118,0.11764705882352941,0.38035232383808093,LOW,1
fb518144-8d76-42a9-a016-6da13e385137,Forum d’échanges partage d’expérience - Support client - édition 0533,2026-04-12 16:45:00+00:00,ARCHIVED,Networking,DEPARTMENT,EXTERNAL,9,238,60,6,16,4,0,1,0,51,3,1,0.07119974862660743,0.27166199813258635,0.25,0.06875449006199612,0.20690828840864614,27.0,22.0,16.0,8.0,1.0,2.0,20.0,3.35,0.1134453781512605,0.8148148148148148,0.5,0.125,0.3795116713352007,LOW,1
e0acd6e5-2b5d-4215-921d-88e1f7145f7c,Initiative durable recyclage - édition 0487,2026-04-13 11:30:00+00:00,ARCHIVED,RSE,GLOBAL,EXTERNAL,0,209,120,0,11,4,1,0,0,2,1,0,0.11270793080761381,0.34364743892023125,0.28293591597680623,0.1529663261151668,0.1346489287566486,0.0,0.0,13.0,0.0,2.0,5.0,0.0,0.0,0.0,0.0,0.0,0.38461538461538464,0.0,LOW,1
d880be32-4a6a-45a5-8673-4464c22cee52,Workshop gestion budgétaire - Informatique - édition 0970,2026-04-13 16:15:00+00:00,PUBLISHED,Atelier,DEPARTMENT,ONSITE,1,22,180,0,16,4,0,1,0,194,1,4,0.14702219780055215,0.230494295620346,0.213109756097561,0.0707858940660536,0.12756214303261446,0.0,0.0,12.0,0.0,3.0,4.0,0.0,0.0,0.0,0.0,0.0,0.3333333333333333,0.0,LOW,1
c5c4a4d2-3be6-4164-8e1f-83f5211a8353,Speed meeting réseau inter-départements - édition 0567,2026-04-14 09:45:00+00:00,PUBLISHED,Networking,GLOBAL,ONSITE,0,162,60,1,9,4,1,0,0,2,4,0,0.07444941243619613,0.31344298403121934,0.27769636197723574,0.16677065448309294,0.1257131388342931,0.0,0.0,10.0,0.0,0.0,4.0,0.0,0.0,0.0,0.0,0.0,0.4,0.0,LOW,1
c2426799-0668-421a-b7c6-cbddb665e60d,Rencontre culture interne onboarding culturel - édition 0845,2026-04-14 10:30:00+00:00,CANCELLED,Culture d’entreprise,DEPARTMENT,ONLINE,9,231,45,1,10,4,1,0,0,51,4,1,0.1268924075672189,0.26905352711804326,0.31275720164609055,0.09568317907603469,0.11999890525091615,0.0,0.0,0.0,0.0,0.0,0.0,0.0,0.0,0.0,0.0,0.0,0.0,0.0,LOW,0
e0d1c2cb-4701-4fdf-bdab-498a825ecba3,Speed meeting forum projets - édition 0648,2026-04-14 11:45:00+00:00,PUBLISHED,Networking,GLOBAL,EXTERNAL,0,239,45,1,11,4,1,0,0,2,4,0,0.06913159726218211,0.2910541994575608,0.27264733721401324,0.14601331129175013,0.11478156154435458,0.0,0.0,12.0,0.0,4.0,2.0,0.0,0.0,0.0,0.0,0.0,0.16666666666666666,0.0,LOW,1
65661a08-9c20-4260-b2ae-dab621c67d08,Culture d’entreprise rituels d’équipe - édition 0490,2026-04-14 15:30:00+00:00,PUBLISHED,Culture d’entreprise,DEPARTMENT,ONSITE,12,200,120,1,15,4,0,1,0,22,4,1,0.11782866416956041,0.24983541803818302,0.25085589791472146,0.19943050312633903,0.10999899648000648,0.0,0.0,10.0,0.0,0.0,1.0,0.0,0.0,0.0,0.0,0.0,0.1,0.0,LOW,1
d54a6f3b-25b1-45fb-89f2-6a37558580a7,Rencontre culture interne feedback et transparence - édition 0050,2026-04-14 15:45:00+00:00,CANCELLED,Culture d’entreprise,GLOBAL,EXTERNAL,0,62,45,1,15,4,0,1,0,2,4,0,0.10997341989158972,0.23317972350230415,0.267778634763763,0.1883510307304313,0.10559903662080622,0.0,0.0,0.0,0.0,0.0,0.0,0.0,0.0,0.0,0.0,0.0,0.0,0.0,LOW,0
203bcb43-6342-46f7-8b31-08fae27245cc,Module d’apprentissage analyse de données - édition 1000,2026-04-15 10:15:00+00:00,ARCHIVED,Formation,DEPARTMENT,ONSITE,1,23,60,2,10,4,1,0,0,194,3,4,0.15178502053502052,0.2744749483503809,0.1894308943089431,0.09089902012223296,0.10840579352934829,0.0,0.0,0.0,0.0,0.0,0.0,0.0,0.0,0.0,0.0,0.0,0.0,0.0,LOW,0
40d5d584-0d67-4efa-905c-1514dac01f21,Atelier design thinking - Informatique - édition 0522,2026-04-15 11:00:00+00:00,ARCHIVED,Atelier,DEPARTMENT,EXTERNAL,1,56,180,2,11,4,1,0,0,194,3,4,0.14033937062779978,0.22001728218305755,0.1704878048780488,0.13966490645297838,0.10324361288509361,0.0,0.0,8.0,0.0,0.0,1.0,0.0,0.0,0.0,0.0,0.0,0.125,0.0,LOW,1
4dc60709-3167-41bb-aa8f-653175b97d40,Speed meeting forum projets - édition 0900,2026-04-15 13:45:00+00:00,ARCHIVED,Networking,GLOBAL,ONLINE,0,246,120,2,13,4,0,1,0,2,3,0,0.06452282411136998,0.27165058616039006,0.26308076397843383,0.08038126507638703,0.09855072139031663,102.0,79.0,14.0,0.0,2.0,1.0,55.0,2.8363636363636364,0.4146341463414634,0.7745098039215687,0.0,0.07142857142857142,0.5378607017086213,MEDIUM,1
c69cf8b1-c1a4-408f-833f-7f413583eabc,Workshop organisation d’événement - Qualité - édition 0285,2026-04-15 16:45:00+00:00,PUBLISHED,Atelier,DEPARTMENT,EXTERNAL,8,19,120,2,16,4,0,1,0,47,3,1,0.1342376588613737,0.21045131339248985,0.39935882689505875,0.06770824649796431,0.11229347899688823,0.0,0.0,11.0,0.0,1.0,1.0,0.0,0.0,0.0,0.0,0.0,0.09090909090909091,0.0,LOW,1
c9a732be-5800-47d3-ad7a-16bbea76b88c,Forum d’échanges réseau inter-départements - Ventes - édition 0804,2026-04-16 13:15:00+00:00,ARCHIVED,Networking,DEPARTMENT,ONSITE,5,119,60,3,13,4,0,1,0,86,2,1,0.08640478175075081,0.30307928727046374,0.0,0.09629806894615257,0.09720043845043845,6.0,5.0,18.0,1.0,0.0,5.0,4.0,3.25,0.05042016806722689,0.8333333333333334,0.05555555555555555,0.2777777777777778,0.34525210084033614,LOW,1
62928efd-6ea0-46c3-8b5a-7705b155fbc0,Pause prévention respiration et concentration - édition 0476,2026-04-16 14:15:00+00:00,ARCHIVED,Bien-être,DEPARTMENT,ONLINE,1,30,120,3,14,4,0,1,0,194,2,4,0.18113553113553113,0.21037037037037037,0.1549889135254989,0.039590714712273746,0.09540119728185338,0.0,0.0,20.0,0.0,0.0,11.0,0.0,0.0,0.0,0.0,0.0,0.55,0.0,LOW,1
646022b8-e623-40a7-a2e0-85158facdae7,Hackathon lab IA - édition 0384,2026-04-16 16:00:00+00:00,ARCHIVED,Innovation,GLOBAL,ONSITE,0,110,45,3,16,4,0,1,0,2,2,0,0.0368809272918862,0.06593406593406594,0.2718985060464189,0.06488706956054913,0.0918678196047477,0.0,0.0,15.0,0.0,3.0,4.0,0.0,0.0,0.0,0.0,0.0,0.26666666666666666,0.0,LOW,1
080e254b-d476-439b-9584-9dd32c9b3ae1,Speed meeting petit-déjeuner business - édition 0847,2026-04-17 11:30:00+00:00,ARCHIVED,Networking,GLOBAL,EXTERNAL,0,199,120,4,11,4,1,0,0,2,3,0,0.08428803976936705,0.33427070174475015,0.26729005679139484,0.13384553535077096,0.05471659159159159,0.0,0.0,8.0,0.0,1.0,2.0,0.0,0.0,0.0,0.0,0.0,0.25,0.0,LOW,1
558f4ece-d28f-4f60-a1ed-0fc59ecd077f,Pause prévention santé mentale - édition 0717,2026-04-17 14:30:00+00:00,PUBLISHED,Bien-être,GLOBAL,ONSITE,0,50,90,4,14,4,0,1,0,2,3,0,0.16981456043956045,0.19722222222222222,0.2628352225115383,0.03761117897666006,0.05211103961103961,27.0,25.0,13.0,0.0,1.0,2.0,20.0,3.5,0.54,0.9259259259259259,0.0,0.15384615384615385,0.6717777777777777,MEDIUM,1
7e4dfcd4-6e9d-4080-a1d0-67be7cf670f0,Initiative durable économie d’énergie - édition 0344,2026-04-17 15:45:00+00:00,CANCELLED,RSE,GLOBAL,EXTERNAL,0,124,120,4,15,4,0,1,0,2,3,0,0.1040380899762589,0.31721302054175193,0.27370556191177414,0.1784378185867244,0.07428781053781054,0.0,0.0,0.0,0.0,0.0,0.0,0.0,0.0,0.0,0.0,0.0,0.0,0.0,LOW,0
2a993f2e-58c0-4268-a821-34a46d9e99b3,Moment convivial équipes projet - édition 0073,2026-04-17 18:45:00+00:00,ARCHIVED,Afterwork,GLOBAL,EXTERNAL,0,118,150,4,18,4,0,0,1,2,3,0,0.17825598985019273,0.40258136924803595,0.26929095607448744,0.5328282828282829,0.07105790573181878,31.0,27.0,19.0,0.0,5.0,5.0,22.0,3.3181818181818183,0.2627118644067797,0.8709677419354839,0.0,0.2631578947368421,0.4852810775883494,MEDIUM,1
b081655a-41fa-49b1-865b-a13755980cd8,Forum d’échanges petit-déjeuner business - édition 0147,2026-04-18 14:00:00+00:00,ARCHIVED,Networking,DEPARTMENT,EXTERNAL,8,84,90,5,14,4,0,1,0,47,2,1,0.0796053708932911,0.31570010720337516,0.3594229442055529,0.06153445616824768,0.104189301315322,0.0,0.0,0.0,0.0,0.0,0.0,0.0,0.0,0.0,0.0,0.0,0.0,0.0,LOW,0
7c599268-f746-4e6a-9127-104998e1ca41,Formation SQL avancé - édition 0860,2026-04-18 14:00:00+00:00,PUBLISHED,Formation,GLOBAL,EXTERNAL,0,70,90,5,14,4,0,1,0,2,2,0,0.14335251939418606,0.25922634010869305,0.27884138124688423,0.05873743543332733,0.09984808042718363,7.0,5.0,17.0,0.0,2.0,4.0,3.0,3.6666666666666665,0.1,0.7142857142857143,0.0,0.23529411764705882,0.3476190476190476,LOW,1
505f695d-9135-4ffe-8381-ea0b6bb42c9a,Atelier bien-être respiration et concentration - Ventes - édition 0540,2026-04-18 14:15:00+00:00,ARCHIVED,Bien-être,DEPARTMENT,EXTERNAL,5,40,60,5,14,4,0,1,0,86,2,1,0.19159017453135102,0.2400871459694989,0.11904761904761905,0.06053145997970441,0.09985415721009629,0.0,0.0,9.0,0.0,0.0,3.0,0.0,0.0,0.0,0.0,0.0,0.3333333333333333,0.0,LOW,1
95a4b9cd-8864-47a8-971c-19c97635dffc,Défi collaboratif défi inter-départements - édition 0863,2026-04-19 09:30:00+00:00,ARCHIVED,Team building,DEPARTMENT,ONSITE,12,65,240,6,9,4,1,0,0,22,4,1,0.12889829468776837,0.2726720647773279,0.2257703081232493,0.1595197564620889,0.2026599743060377,0.0,0.0,9.0,0.0,2.0,3.0,0.0,0.0,0.0,0.0,0.0,0.3333333333333333,0.0,LOW,1
00005856-d581-4a6c-ad7e-865016e38865,Team building cohésion d’équipe - édition 0743,2026-04-19 10:30:00+00:00,ARCHIVED,Team building,GLOBAL,ONSITE,0,69,180,6,10,4,1,0,0,2,4,0,0.11969127363864206,0.25319548872180453,0.28564519895061596,0.08657049535450757,0.1938486710753404,0.0,0.0,11.0,0.0,2.0,3.0,0.0,0.0,0.0,0.0,0.0,0.2727272727272727,0.0,LOW,1
4dfd9a7c-50c9-41e3-9125-2ebbe63e128b,Défi collaboratif résolution de problèmes - édition 0162,2026-04-19 11:30:00+00:00,ARCHIVED,Team building,DEPARTMENT,ONSITE,1,51,180,6,11,4,1,0,0,194,4,4,0.11171185539606591,0.2363157894736842,0.14207317073170733,0.12849171393674014,0.18577164311386785,11.0,8.0,9.0,0.0,1.0,2.0,6.0,2.6666666666666665,0.21568627450980393,0.7272727272727273,0.0,0.2222222222222222,0.4009269162210339,MEDIUM,1
b22a565b-8fff-497d-a61d-83781fd9a616,Soirée réseau nouveaux arrivants - édition 0201,2026-04-19 17:15:00+00:00,PUBLISHED,Afterwork,DEPARTMENT,ONSITE,6,45,90,6,17,4,0,1,0,103,4,0,0.1867015773058514,0.4494200065167807,0.2042929292929293,0.0925925925925926,0.18696822836970528,3.0,3.0,18.0,0.0,3.0,2.0,3.0,4.666666666666667,0.06666666666666667,1.0,0.0,0.1111111111111111,0.4333333333333333,MEDIUM,1
79e4e9e1-01be-46d8-bd8c-84a914c0397a,Soirée réseau convivialité - édition 0011,2026-04-19 18:45:00+00:00,ARCHIVED,Afterwork,DEPARTMENT,ONSITE,9,43,90,6,18,4,0,0,1,51,4,1,0.17578931270228917,0.4994727331970734,0.2814814814814815,0.4427894766877818,0.18234124522728073,22.0,19.0,10.0,7.0,0.0,1.0,13.0,3.1538461538461537,0.5116279069767442,0.8636363636363636,0.7,0.1,0.6291445763538787,MEDIUM,1
ea73df44-b3b6-4819-89de-4c7fb982ba9a,Rencontre culture interne vie d’entreprise - édition 0097,2026-04-20 09:30:00+00:00,PUBLISHED,Culture d’entreprise,GLOBAL,ONSITE,0,132,120,0,9,4,1,0,0,2,3,0,0.10310008114836536,0.21860599078341014,0.2812506574282988,0.15287309994283518,0.12118403588098374,0.0,0.0,14.0,0.0,1.0,6.0,0.0,0.0,0.0,0.0,0.0,0.42857142857142855,0.0,LOW,1
79422d57-4ee5-4236-81d7-926c537c9e8c,Session de formation finance pour non financiers - Communication interne - édition 0846,2026-04-20 11:00:00+00:00,ARCHIVED,Formation,DEPARTMENT,ONSITE,12,32,180,0,11,4,1,0,0,22,3,0,0.14107080784712364,0.283176833486431,0.20524573465749937,0.13184535088185798,0.1154133675056988,0.0,0.0,12.0,0.0,1.0,1.0,0.0,0.0,0.0,0.0,0.0,0.08333333333333333,0.0,LOW,1
e7b000ce-f716-40ea-8be9-7d2c2a79ffda,Journée responsable achats responsables - édition 0871,2026-04-20 11:15:00+00:00,ARCHIVED,RSE,DEPARTMENT,ONSITE,5,251,120,0,11,4,1,0,0,86,3,1,0.09660679783509754,0.2945549476459125,0.10416666666666667,0.12696218973808546,0.11016730534634886,0.0,0.0,9.0,0.0,0.0,3.0,0.0,0.0,0.0,0.0,0.0,0.3333333333333333,0.0,LOW,1
f1dabf18-145f-43fd-991b-848f97989638,Workshop feedback constructif - Qualité - édition 0350,2026-04-20 15:30:00+00:00,PUBLISHED,Atelier,DEPARTMENT,ONSITE,8,32,120,0,15,4,0,1,0,47,3,2,0.1286444230754831,0.20168250866780277,0.3267481310959572,0.16951592765738815,0.10537742250520325,0.0,0.0,12.0,0.0,1.0,6.0,0.0,0.0,0.0,0.0,0.0,0.5,0.0,LOW,1
abea8c82-24a5-42d2-9931-57963f9a5cce,Forum d’échanges experts internes - Finance - édition 0898,2026-04-21 09:00:00+00:00,ARCHIVED,Networking,DEPARTMENT,EXTERNAL,3,155,120,1,9,4,1,0,0,108,1,1,0.07541561453048631,0.29908431208740804,0.0,0.14675817594512178,0.10153753521231366,0.0,0.0,12.0,0.0,4.0,3.0,0.0,0.0,0.0,0.0,0.0,0.25,0.0,LOW,1
2e52bfb2-58a1-4f5f-90d8-390f1a349202,Atelier RSE achats responsables - édition 0621,2026-04-21 13:30:00+00:00,ARCHIVED,RSE,DEPARTMENT,ONSITE,5,109,120,1,13,4,0,1,0,86,1,1,0.09016634464609104,0.274917951136185,0.0925925925925926,0.0942127098152923,0.09777688576000576,0.0,0.0,9.0,0.0,1.0,2.0,0.0,0.0,0.0,0.0,0.0,0.2222222222222222,0.0,LOW,1
ecfd8c01-278d-4ac1-970b-260a97fa19f9,Parcours engagement vie d’entreprise - édition 0689,2026-04-22 09:15:00+00:00,PUBLISHED,Culture d’entreprise,GLOBAL,ONSITE,0,206,45,2,9,4,1,0,0,2,1,0,0.09703537049257915,0.20574681485497426,0.2769892838309003,0.14111363071646324,0.10761458403868455,0.0,0.0,11.0,0.0,3.0,2.0,0.0,0.0,0.0,0.0,0.0,0.18181818181818182,0.0,LOW,1
ac26fd8d-c517-4688-bef2-c5c201e2ff96,Lab innovation automatisation métier - édition 0066,2026-04-22 10:00:00+00:00,ARCHIVED,Innovation,GLOBAL,EXTERNAL,0,26,45,2,10,4,1,0,0,2,1,0,0.03424657534246575,0.061224489795918366,0.27285511541551377,0.08263547283839359,0.10331000067713716,13.0,13.0,8.0,1.0,1.0,3.0,11.0,2.1818181818181817,0.5,1.0,0.125,0.375,0.6436363636363636,MEDIUM,1
f5317cde-e677-46e1-9803-a3c83fdd38a0,Journée responsable réduction carbone - édition 0645,2026-04-23 14:30:00+00:00,ARCHIVED,RSE,GLOBAL,EXTERNAL,0,161,60,3,14,4,0,1,0,2,0,0,0.08453094810571035,0.2577355791901734,0.2835484225417562,0.058009315813883376,0.08858682604743529,0.0,0.0,13.0,0.0,1.0,5.0,0.0,0.0,0.0,0.0,0.0,0.38461538461538464,0.0,LOW,1
e55aa1f4-5ea3-40ef-881c-fcb4d593914b,Rencontre réseau petit-déjeuner business - édition 0270,2026-04-24 11:30:00+00:00,CANCELLED,Networking,DEPARTMENT,ONLINE,3,142,90,4,11,4,1,0,0,108,0,1,0.071644833803962,0.28413009648303766,0.0,0.12242782581886812,0.07904348734327547,0.0,0.0,0.0,0.0,0.0,0.0,0.0,0.0,0.0,0.0,0.0,0.0,0.0,LOW,0
b4460a6b-789c-4b16-bca0-3794329f0ab3,Pause prévention équilibre professionnel - édition 0249,2026-04-25 09:30:00+00:00,ARCHIVED,Bien-être,GLOBAL,EXTERNAL,0,56,45,5,9,4,1,0,0,2,3,0,0.18094627594627596,0.22674897119341564,0.2794390251136148,0.13588719994918683,0.09601361270201567,16.0,11.0,11.0,1.0,3.0,0.0,8.0,3.375,0.2857142857142857,0.6875,0.09090909090909091,0.0,0.4451785714285714,MEDIUM,1
6fa4473a-ea77-4780-8e50-fef069e589b2,Journée responsable économie d’énergie - édition 0564,2026-04-25 11:00:00+00:00,ARCHIVED,RSE,DEPARTMENT,ONSITE,8,37,90,5,11,4,1,0,0,47,3,2,0.07955853939360974,0.24257466276722206,0.29951912017129406,0.11820617665270025,0.10303956355432195,0.0,0.0,7.0,0.0,1.0,1.0,0.0,0.0,0.0,0.0,0.0,0.14285714285714285,0.0,LOW,1
14a26d46-5b31-499f-ad00-fc30c8e863e4,Atelier RSE économie d’énergie - édition 0966,2026-04-25 14:15:00+00:00,ARCHIVED,RSE,GLOBAL,EXTERNAL,0,139,60,5,14,4,0,1,0,2,3,0,0.0751386205384092,0.2290982926134875,0.28526846761199176,0.05568894318132804,0.0993595791416676,117.0,102.0,16.0,1.0,3.0,6.0,77.0,3.3636363636363638,0.841726618705036,0.8717948717948718,0.0625,0.375,0.8338471600342104,HIGH,1
b4070ecc-52b1-4db0-9f28-f3a89f1ba4eb,Challenge collectif défi inter-départements - édition 0525,2026-04-25 15:15:00+00:00,CANCELLED,Team building,GLOBAL,ONSITE,0,34,240,5,15,4,0,1,0,2,3,0,0.11821025659067455,0.2670005980861244,0.29352940288217316,0.16144374062608396,0.1249584425748872,0.0,0.0,0.0,0.0,0.0,0.0,0.0,0.0,0.0,0.0,0.0,0.0,0.0,LOW,0
c935cc57-9c66-40af-ac24-b29433536070,Challenge collectif créativité collective - édition 0756,2026-04-26 09:00:00+00:00,ARCHIVED,Team building,DEPARTMENT,ONSITE,1,49,240,6,9,4,1,0,0,194,3,0,0.11125671208534076,0.2512946805516465,0.18708852123486272,0.14123816729794034,0.1945370475142979,0.0,0.0,8.0,0.0,1.0,2.0,0.0,0.0,0.0,0.0,0.0,0.25,0.0,LOW,1
26fa31eb-4a5c-46d1-ae4d-08f60fac2632,Challenge collectif créativité collective - édition 0173,2026-04-26 13:15:00+00:00,PUBLISHED,Team building,GLOBAL,EXTERNAL,0,65,180,6,13,4,0,1,0,2,3,0,0.10507578363615516,0.23733386496544392,0.28945260561992076,0.09011650504071438,0.18758929581735867,0.0,0.0,13.0,0.0,3.0,2.0,0.0,0.0,0.0,0.0,0.0,0.15384615384615385,0.0,LOW,1
ab6b2b3a-83d4-40ca-826d-b307061c4daf,Webinaire marketing digital - Qualité - édition 0093,2026-04-26 14:00:00+00:00,PUBLISHED,Webinaire,DEPARTMENT,ONLINE,8,181,30,6,14,4,0,1,0,47,3,2,0.07130669754873577,0.2137972012211363,0.2764791878504253,0.08592116147070142,0.18112069940986356,2.0,2.0,14.0,0.0,3.0,4.0,0.0,0.0,0.011049723756906077,1.0,0.0,0.2857142857142857,0.30662983425414364,LOW,1
82a0a1d7-4b04-4a8b-9230-83cd7fecec92,Afterwork réseau interne - édition 0163,2026-04-26 18:30:00+00:00,PUBLISHED,Afterwork,GLOBAL,EXTERNAL,0,50,150,6,18,4,0,0,1,2,3,0,0.20377586222516042,0.5298197024003476,0.2854875014333465,0.4599990842600224,0.1754516668880983,0.0,0.0,7.0,0.0,0.0,1.0,0.0,0.0,0.0,0.0,0.0,0.14285714285714285,0.0,LOW,1
80e24236-735f-4ce3-928a-33d470087a50,Culture d’entreprise valeurs et vision - Juridique - édition 0616,2026-04-27 13:30:00+00:00,PUBLISHED,Culture d’entreprise,DEPARTMENT,ONSITE,10,149,90,0,13,4,0,1,0,28,3,3,0.09164451657632476,0.19431643625192013,0.3397243107769423,0.08636165066401795,0.10098669656748645,0.0,0.0,12.0,0.0,0.0,4.0,0.0,0.0,0.0,0.0,0.0,0.3333333333333333,0.0,LOW,1
30d64185-c6bb-450e-ac01-7cca5f18f5d7,Session en ligne outils collaboratifs - édition 0937,2026-04-27 16:15:00+00:00,PUBLISHED,Webinaire,GLOBAL,ONLINE,0,255,60,0,16,4,0,1,0,2,3,0,0.06628528306608329,0.27931410111937494,0.28162956222478774,0.06229158677812716,0.09694722870478699,0.0,0.0,16.0,0.0,3.0,3.0,0.0,0.0,0.0,0.0,0.0,0.1875,0.0,LOW,1
10440011-36d1-45cd-b0f9-29469dc42429,Table ronde leadership responsable - édition 0678,2026-04-27 16:15:00+00:00,PUBLISHED,Conférence,GLOBAL,EXTERNAL,0,163,120,0,16,4,0,1,0,2,3,0,0.0593664912254846,0.2115277270328421,0.27787450139512393,0.05989575651742996,0.09321848913921826,54.0,47.0,12.0,1.0,0.0,1.0,35.0,3.057142857142857,0.3312883435582822,0.8703703703703703,0.08333333333333333,0.08333333333333333,0.5210269743889375,MEDIUM,1
1d3e5d1f-ac99-4f20-92fb-db860e780050,Session valeurs rituels d’équipe - édition 0095,2026-04-27 16:30:00+00:00,ARCHIVED,Culture d’entreprise,DEPARTMENT,ONSITE,5,75,45,0,16,4,0,1,0,86,3,1,0.08682112096704452,0.1840892553965559,0.08333333333333334,0.06994733381523931,0.10203589115473914,0.0,0.0,10.0,0.0,2.0,2.0,0.0,0.0,0.0,0.0,0.0,0.2,0.0,LOW,1
e8818a7d-7944-4c3f-83c0-1930200ec174,Networking communautés internes - Marketing - édition 0885,2026-04-28 09:00:00+00:00,CANCELLED,Networking,DEPARTMENT,EXTERNAL,4,78,45,1,9,4,1,0,0,71,3,2,0.06823317505139237,0.2706000918886073,0.45,0.13636788566697688,0.09428485412571984,0.0,0.0,0.0,0.0,0.0,0.0,0.0,0.0,0.0,0.0,0.0,0.0,0.0,LOW,0
6bdd10d0-95c8-44ca-8c68-2af9f76c05e9,Initiative durable réduction carbone - Qualité - édition 0145,2026-04-28 09:30:00+00:00,PUBLISHED,RSE,DEPARTMENT,ONSITE,8,199,90,1,9,4,1,0,0,47,3,2,0.11548535728402114,0.26292442835987617,0.3281592458611092,0.13182228947807767,0.0910336522593157,0.0,0.0,12.0,0.0,1.0,0.0,0.0,0.0,0.0,0.0,0.0,0.0,0.0,LOW,1
01d62fb6-7a47-4004-9d0e-0f67c1cdbfc2,Session pratique feedback constructif - Développement - édition 0416,2026-04-28 10:30:00+00:00,CANCELLED,Atelier,DEPARTMENT,ONLINE,6,50,120,1,10,4,1,0,0,103,3,1,0.12349864615246378,0.19361520832109064,0.2927048260381594,0.10078175662802867,0.08799919718400519,0.0,0.0,0.0,0.0,0.0,0.0,0.0,0.0,0.0,0.0,0.0,0.0,0.0,LOW,0
f417cae9-99a3-4001-9226-c83e63fda347,Workshop design thinking - Juridique - édition 0069,2026-04-28 15:00:00+00:00,PUBLISHED,Atelier,DEPARTMENT,ONSITE,10,70,180,1,15,4,0,1,0,28,3,3,0.11874869822352287,0.18616846953951025,0.2972587719298246,0.1541053887794438,0.08516051340387598,0.0,0.0,8.0,0.0,1.0,2.0,0.0,0.0,0.0,0.0,0.0,0.25,0.0,LOW,1
ab26d383-f377-446d-ba9c-43a38f47967d,Pause prévention gestion du stress - édition 0394,2026-04-29 09:00:00+00:00,PUBLISHED,Bien-être,DEPARTMENT,ONSITE,11,42,90,2,9,4,1,0,0,24,4,0,0.18646038172353963,0.2509990253411306,0.3477564102564103,0.12756995755943,0.11856730834340112,4.0,4.0,12.0,2.0,1.0,3.0,3.0,3.6666666666666665,0.09523809523809523,1.0,0.16666666666666666,0.25,0.43047619047619046,MEDIUM,1
7c74f05d-bfb8-4726-8c16-e95b17f5e4be,Défi collaboratif confiance et coopération - édition 0331,2026-04-29 09:15:00+00:00,PUBLISHED,Team building,GLOBAL,EXTERNAL,0,30,180,2,9,4,1,0,0,2,4,0,0.09954547923425225,0.2248426089146311,0.285670499671114,0.12655958686188828,0.11770326341357498,8.0,7.0,15.0,0.0,5.0,2.0,5.0,2.2,0.26666666666666666,0.875,0.0,0.13333333333333333,0.4665,MEDIUM,1
5ff18732-a544-4072-9bc4-0c498534be68,Forum d’échanges petit-déjeuner business - IoT - édition 0164,2026-04-29 11:30:00+00:00,PUBLISHED,Networking,DEPARTMENT,ONSITE,7,175,90,2,11,4,1,0,0,77,4,1,0.0651316670945109,0.2583000877118524,0.2287581699346405,0.1142659707642769,0.12302338495832825,0.0,0.0,11.0,0.0,1.0,3.0,0.0,0.0,0.0,0.0,0.0,0.2727272727272727,0.0,LOW,1
24f4372e-1015-43ad-a5bd-a2627d56ef68,Speed meeting communautés internes - édition 0851,2026-04-29 15:45:00+00:00,PUBLISHED,Networking,DEPARTMENT,ONLINE,2,67,90,2,15,4,0,1,0,105,4,3,0.06229985548170608,0.2470696491156849,0.07619047619047618,0.14740515448468536,0.11878119927011004,0.0,0.0,9.0,0.0,2.0,2.0,0.0,0.0,0.0,0.0,0.0,0.2222222222222222,0.0,LOW,1
c63b2370-25af-4d8f-9320-7226692b196b,Table ronde finance durable - édition 0697,2026-04-29 16:15:00+00:00,ARCHIVED,Conférence,DEPARTMENT,EXTERNAL,4,153,60,2,16,4,0,1,0,71,4,2,0.08028355678954596,0.2622079303664981,0.3,0.06744921475040933,0.11482182596110638,57.0,52.0,15.0,10.0,0.0,1.0,38.0,3.1578947368421053,0.37254901960784315,0.9122807017543859,0.6666666666666666,0.06666666666666667,0.5603715170278637,MEDIUM,1
7107468d-2282-4f66-8d0e-95cacbbee516,Action RSE mobilité durable - Finance - édition 0084,2026-04-30 10:00:00+00:00,CANCELLED,RSE,DEPARTMENT,EXTERNAL,3,188,45,3,10,4,1,0,0,108,3,1,0.10971108941982008,0.24977820694188235,0.0,0.09658251676852747,0.08553210790786855,0.0,0.0,0.0,0.0,0.0,0.0,0.0,0.0,0.0,0.0,0.0,0.0,0.0,LOW,0
b5a07b22-e8b4-4066-9f47-dfab0796c1c3,Networking experts internes - édition 0810,2026-04-30 10:15:00+00:00,PUBLISHED,Networking,DEPARTMENT,ONSITE,4,148,90,3,10,4,1,0,0,71,3,2,0.05970402816996833,0.2367750804025314,0.4530701754385965,0.09271921609778637,0.08268103764427294,48.0,43.0,7.0,5.0,0.0,2.0,27.0,3.2962962962962963,0.32432432432432434,0.8958333333333334,0.7142857142857143,0.2857142857142857,0.5292705205205205,MEDIUM,1
5337a936-7659-46d6-b40e-55d2dbec406d,Rencontre culture interne onboarding culturel - Ressources humaines - édition 0226,2026-04-30 10:30:00+00:00,ARCHIVED,Culture d’entreprise,DEPARTMENT,ONSITE,2,248,90,3,10,4,1,0,0,105,3,3,0.08248006491869228,0.17488479262672812,0.06926406926406926,0.10162710487573015,0.09047598237588748,0.0,0.0,10.0,0.0,0.0,3.0,0.0,0.0,0.0,0.0,0.0,0.3,0.0,LOW,1
b4892046-240a-4d06-8b44-1204409918ba,Afterwork communauté tech - Qualité - édition 0086,2026-04-30 19:45:00+00:00,ARCHIVED,Afterwork,DEPARTMENT,ONSITE,8,38,120,3,19,4,0,0,1,47,3,2,0.18810079590014808,0.4890643406772439,0.3062819628037019,0.06521739130434782,0.087648607926641,0.0,0.0,17.0,0.0,2.0,3.0,0.0,0.0,0.0,0.0,0.0,0.17647058823529413,0.0,LOW,1
84c0f7ff-2ccc-4b5c-9961-19f071283eda,Initiative durable bénévolat entreprise - édition 0927,2026-05-01 13:00:00+00:00,PUBLISHED,RSE,DEPARTMENT,EXTERNAL,7,162,90,4,13,5,0,1,0,77,3,1,0.10448675182840009,0.23788400661131653,0.20588235294117646,0.08290718463745722,0.07588174784954446,37.0,0.0,8.0,6.0,0.0,0.0,0.0,0.0,0.22839506172839505,0.0,0.75,0.0,0.137037037037037,LOW,1
d8004b2c-ed31-48fd-963d-11d0ee56b1d2,Session bien-être nutrition et énergie - édition 0687,2026-05-01 14:00:00+00:00,PUBLISHED,Bien-être,GLOBAL,EXTERNAL,0,6,45,4,14,5,0,1,0,2,3,0,0.1818992673992674,0.28844907407407405,0.2933241295455151,0.08314814525907938,0.08174764453719255,0.0,0.0,13.0,3.0,2.0,1.0,0.0,0.0,0.0,0.0,0.23076923076923078,0.07692307692307693,0.0,LOW,1
dde4f442-056e-4918-8ed4-69c10109e072,Module d’apprentissage DevOps - édition 0649,2026-05-01 14:00:00+00:00,REJECTED,Formation,DEPARTMENT,ONLINE,3,47,180,4,14,5,0,1,0,108,3,1,0.13401726745476744,0.2690179918121095,0.0,0.08017856864268369,0.07871995399877801,0.0,0.0,0.0,0.0,0.0,0.0,0.0,0.0,0.0,0.0,0.0,0.0,0.0,LOW,0
25a3fcfe-0cff-4036-a5c9-84a8c77e598d,Keynote interne transformation digitale - édition 0027,2026-05-01 15:15:00+00:00,PUBLISHED,Conférence,DEPARTMENT,ONSITE,8,41,90,4,15,5,0,1,0,47,3,2,0.10115966127656718,0.30864169975134725,0.28713934012847053,0.14126327304782346,0.07590852707025023,0.0,0.0,13.0,4.0,4.0,0.0,0.0,0.0,0.0,0.0,0.3076923076923077,0.0,0.0,LOW,1
37cd9162-543f-4a21-be7e-e08de2d5bc0f,Rencontre santé au travail prévention fatigue numérique - édition 0489,2026-05-02 11:45:00+00:00,PUBLISHED,Bien-être,GLOBAL,EXTERNAL,0,16,120,5,11,5,1,0,0,2,6,0,0.17323739752311182,0.27471340388007054,0.28956356378211107,0.11057997170736475,0.12079316115572429,0.0,0.0,16.0,1.0,5.0,1.0,0.0,0.0,0.0,0.0,0.0625,0.0625,0.0,LOW,1
7780067e-9ebe-4475-abc1-c2f04a442358,Lab innovation prototypage rapide - édition 0644,2026-05-02 13:45:00+00:00,DRAFT,Innovation,DEPARTMENT,ONSITE,2,83,120,5,13,5,0,1,0,105,6,3,0.06529680365296803,0.12380952380952381,0.06349206349206349,0.08850287221787792,0.11689660757005577,0.0,0.0,0.0,0.0,0.0,0.0,0.0,0.0,0.0,0.0,0.0,0.0,0.0,LOW,0
8bd3500e-6ef1-40e4-91e0-e1b6284d7170,Session en ligne cybersécurité au quotidien - édition 0152,2026-05-02 15:00:00+00:00,PUBLISHED,Webinaire,GLOBAL,ONLINE,0,401,45,5,15,5,0,1,0,2,6,0,0.061186415137923035,0.25782840103326915,0.2858982022152489,0.13561274212591054,0.11324358858349151,100.0,0.0,10.0,3.0,0.0,1.0,0.0,0.0,0.24937655860349128,0.0,0.3,0.1,0.14962593516209477,LOW,1
bd5cbf28-7d18-4977-900e-4cee863e1773,Team building escape game interne - Ventes - édition 0710,2026-05-02 15:30:00+00:00,PUBLISHED,Team building,DEPARTMENT,ONSITE,5,9,90,5,15,5,0,1,0,86,6,1,0.10790153860587297,0.2573504784688995,0.07575757575757576,0.1399882735288944,0.11736883009924907,5.0,0.0,10.0,4.0,0.0,0.0,0.0,0.0,0.5555555555555556,0.0,0.4,0.0,0.3333333333333333,LOW,1
42bb99b6-3dc9-44ff-8bfd-96b198cad1dc,Parcours engagement valeurs et vision - édition 0882,2026-05-02 15:45:00+00:00,PUBLISHED,Culture d’entreprise,GLOBAL,ONLINE,0,79,45,5,15,5,0,1,0,2,6,0,0.07855244277970694,0.16655694535878868,0.2823244746875583,0.1553796543446967,0.13025667496561102,12.0,0.0,14.0,2.0,4.0,1.0,0.0,0.0,0.1518987341772152,0.0,0.14285714285714285,0.07142857142857142,0.09113924050632911,LOW,1
c0182337-39bd-4501-96fa-66756a1e1111,Rencontre informelle innovation - Communication interne - édition 0419,2026-05-02 17:30:00+00:00,PUBLISHED,Afterwork,DEPARTMENT,ONSITE,12,102,150,5,17,5,0,1,0,22,6,1,0.17466502476442322,0.4541311734860122,0.18814192343604108,0.08611111111111111,0.130875019514514,0.0,0.0,6.0,0.0,0.0,1.0,0.0,0.0,0.0,0.0,0.0,0.16666666666666666,0.0,LOW,1
c3b24c74-7c82-4d0a-b8a8-897bfbfca8be,Afterwork innovation - édition 0010,2026-05-02 18:15:00+00:00,DRAFT,Afterwork,DEPARTMENT,EXTERNAL,1,73,150,5,18,5,0,0,1,194,6,0,0.16302068978012835,0.423855761920278,0.17372505543237254,0.3679992674080179,0.1272396023057775,0.0,0.0,0.0,0.0,0.0,0.0,0.0,0.0,0.0,0.0,0.0,0.0,0.0,LOW,0
7f971974-ac5c-4a9e-aa07-d3cfe24bd39e,Team building créativité collective - Développement - édition 0774,2026-05-03 09:45:00+00:00,PENDING,Team building,DEPARTMENT,EXTERNAL,6,59,180,6,9,5,1,0,0,103,5,1,0.12921839655585787,0.2450956937799043,0.26343434343434347,0.13080525594688155,0.16979193569815965,0.0,0.0,0.0,0.0,0.0,0.0,0.0,0.0,0.0,0.0,0.0,0.0,0.0,LOW,0
8f2841ec-5eb3-4725-b0dc-67772a71c7a6,Challenge innovation hackathon interne - édition 0150,2026-05-03 14:15:00+00:00,PUBLISHED,Innovation,DEPARTMENT,ONSITE,10,45,45,6,14,5,0,1,0,28,5,3,0.06121575342465753,0.11607142857142858,0.2642300194931774,0.07741379041362563,0.16448593770759218,29.0,0.0,13.0,12.0,0.0,0.0,0.0,0.0,0.6444444444444445,0.0,0.9230769230769231,0.0,0.38666666666666666,LOW,1
a28763d6-b434-4e8c-8de2-425a1911f30b,Initiative durable recyclage - édition 0764,2026-05-03 15:15:00+00:00,PUBLISHED,RSE,DEPARTMENT,EXTERNAL,10,77,120,6,15,5,0,1,0,28,5,3,0.11011894773294531,0.22707109721989305,0.23780701754385966,0.15525533576728662,0.1790301348814362,0.0,0.0,7.0,2.0,1.0,0.0,0.0,0.0,0.0,0.0,0.2857142857142857,0.0,0.0,LOW,1
391511c9-f31d-4c5a-b046-f93125f00200,Session bien-être nutrition et énergie - édition 0794,2026-05-03 15:30:00+00:00,DRAFT,Bien-être,DEPARTMENT,ONLINE,2,35,120,6,15,5,0,1,0,105,5,3,0.16536297036297037,0.262226430976431,0.05860805860805861,0.14990170349944915,0.173764542679041,0.0,0.0,0.0,0.0,0.0,0.0,0.0,0.0,0.0,0.0,0.0,0.0,0.0,LOW,0
ef2cb6f2-25e7-44fd-a839-25b9093cfbc6,Formation finance pour non financiers - édition 0030,2026-05-03 15:45:00+00:00,DRAFT,Formation,DEPARTMENT,ONSITE,12,59,60,6,15,5,0,1,0,22,5,1,0.12763549281406425,0.2562076112496281,0.17366946778711484,0.14490498004946753,0.16879984145963983,0.0,0.0,0.0,0.0,0.0,0.0,0.0,0.0,0.0,0.0,0.0,0.0,0.0,LOW,0
543157a8-cee7-47fe-9c1d-496e941e9632,Moment convivial réseau interne - édition 0125,2026-05-03 17:00:00+00:00,PUBLISHED,Afterwork,GLOBAL,EXTERNAL,0,28,120,6,17,5,0,1,0,2,5,0,0.15283189666887032,0.3973647768002607,0.27883898734573653,0.06888888888888889,0.16411095697464984,0.0,0.0,10.0,1.0,0.0,0.0,0.0,0.0,0.0,0.0,0.1,0.0,0.0,LOW,1
4860e8eb-ddfc-4520-8ca4-e86a6ce28ec7,Lab innovation prototypage rapide - Juridique - édition 0401,2026-05-04 09:15:00+00:00,DRAFT,Innovation,DEPARTMENT,ONLINE,10,91,120,0,9,5,1,0,0,28,2,1,0.095523323484645,0.1092436974789916,0.21618819776714515,0.12695804253667917,0.09839175218492703,0.0,0.0,0.0,0.0,0.0,0.0,0.0,0.0,0.0,0.0,0.0,0.0,0.0,LOW,0
af589d7b-c9ce-41f2-bd90-57e48435ec68,Workshop feedback constructif - édition 0137,2026-05-04 10:30:00+00:00,PUBLISHED,Atelier,DEPARTMENT,ONLINE,5,32,90,0,10,5,1,0,0,86,2,0,0.11435059828931832,0.1792733410380469,0.06944444444444445,0.09786313802848089,0.09499893314406747,0.0,0.0,8.0,1.0,0.0,3.0,0.0,0.0,0.0,0.0,0.125,0.375,0.0,LOW,1
4c6d316a-1d2a-4f4d-b8fe-7db6da10cf66,Rencontre réseau réseau inter-départements - édition 0386,2026-05-04 16:00:00+00:00,PUBLISHED,Networking,DEPARTMENT,EXTERNAL,6,134,120,0,16,5,0,1,0,103,2,1,0.07028884001614256,0.26313741051976347,0.23948576675849403,0.07796989767652773,0.09183230203926523,0.0,0.0,8.0,2.0,0.0,1.0,0.0,0.0,0.0,0.0,0.25,0.125,0.0,LOW,1
56bb6c3b-10f4-4ea2-9fd4-21daa2bbd373,Atelier feedback constructif - édition 0792,2026-05-05 09:30:00+00:00,PUBLISHED,Atelier,DEPARTMENT,ONLINE,8,52,90,1,9,5,1,0,0,47,7,2,0.1102666483504141,0.1728707217152595,0.27024879070914876,0.12333066989277405,0.08249924736000486,0.0,0.0,14.0,3.0,1.0,1.0,0.0,0.0,0.0,0.0,0.21428571428571427,0.07142857142857142,0.0,LOW,1
3ce0b66a-b112-4439-a4e7-9e814523254b,Atelier innovation automatisation métier - Marketing - édition 0887,2026-05-05 10:45:00+00:00,CANCELLED,Innovation,DEPARTMENT,ONSITE,4,16,120,1,10,5,1,0,0,71,7,0,0.0902164721799425,0.10317460317460318,0.541622807017544,0.09436802595603513,0.07999927016727744,0.0,0.0,0.0,0.0,0.0,0.0,0.0,0.0,0.0,0.0,0.0,0.0,0.0,LOW,0
414b29f1-be85-445c-a3f9-da4e3634cb2a,Hackathon idées produit - édition 0033,2026-05-05 11:00:00+00:00,DRAFT,Innovation,DEPARTMENT,ONSITE,6,63,90,1,11,5,1,0,0,103,7,1,0.08546823680205079,0.09774436090225565,0.21952861952861955,0.10712434759150959,0.07764635045647517,0.0,0.0,0.0,0.0,0.0,0.0,0.0,0.0,0.0,0.0,0.0,0.0,0.0,LOW,0
c62ef5e8-8052-4387-8eda-2b041d17374c,Journée responsable bénévolat entreprise - Ressources humaines - édition 0498,2026-05-05 13:00:00+00:00,PUBLISHED,RSE,DEPARTMENT,EXTERNAL,2,49,60,1,13,5,0,1,0,105,7,2,0.1053311673967303,0.21719844081902814,0.05442176870748299,0.08522498806166022,0.07542788330057587,0.0,0.0,16.0,3.0,1.0,2.0,0.0,0.0,0.0,0.0,0.1875,0.125,0.0,LOW,1
23980cff-c2ed-491d-a185-76d35cc1d91a,Session valeurs rencontre direction - édition 0820,2026-05-05 13:00:00+00:00,PUBLISHED,Culture d’entreprise,GLOBAL,ONLINE,0,170,120,1,13,5,0,1,0,2,7,0,0.08188636511595732,0.15898617511520738,0.2754385118903007,0.0821812384880295,0.07333266432000432,0.0,0.0,14.0,1.0,1.0,2.0,0.0,0.0,0.0,0.0,0.07142857142857142,0.14285714285714285,0.0,LOW,1
bb92fd99-7d4f-471f-ad8e-8f69110d9ae1,Speed meeting rencontre métiers - Juridique - édition 0450,2026-05-05 13:15:00+00:00,PUBLISHED,Networking,DEPARTMENT,ONSITE,10,217,90,1,13,5,0,1,0,28,7,1,0.06758542309244478,0.25301674088438797,0.19817251461988306,0.07934740267809745,0.07135070041946366,0.0,0.0,7.0,2.0,1.0,0.0,0.0,0.0,0.0,0.0,0.2857142857142857,0.0,0.0,LOW,1
9fc7b5d4-8851-4edd-8273-8dc057e5f51a,Session en ligne IoT et capteurs - édition 0026,2026-05-05 14:00:00+00:00,PUBLISHED,Webinaire,DEPARTMENT,ONLINE,11,498,60,1,14,5,0,1,0,24,7,0,0.07462856824260647,0.23941208667374994,0.39792899408284027,0.09631481221465292,0.06947305040842515,0.0,0.0,12.0,1.0,2.0,1.0,0.0,0.0,0.0,0.0,0.08333333333333333,0.08333333333333333,0.0,LOW,1
a8f3bd41-a65b-4266-98d5-01932b80fcba,Action RSE mobilité durable - édition 0383,2026-05-05 16:30:00+00:00,PUBLISHED,RSE,GLOBAL,ONSITE,0,135,90,1,16,5,0,1,0,2,7,0,0.10094236875519985,0.20814850578490196,0.2721199756024658,0.07537090108731014,0.06769169014154244,0.0,0.0,15.0,3.0,2.0,0.0,0.0,0.0,0.0,0.0,0.2,0.0,0.0,LOW,1
7e23b2ce-e55d-49c1-91fd-045a28a2b616,Module d’apprentissage contrats et conformité - édition 0247,2026-05-06 10:30:00+00:00,DRAFT,Formation,DEPARTMENT,ONSITE,2,15,60,2,10,5,1,0,0,105,5,2,0.12183387950433405,0.24456181073828134,0.050793650793650794,0.0911139560954822,0.12313560640132369,0.0,0.0,0.0,0.0,0.0,0.0,0.0,0.0,0.0,0.0,0.0,0.0,0.0,LOW,0
34b9498d-775d-41a7-a8be-b17c1bf5cbc8,Table ronde leadership responsable - Qualité - édition 0447,2026-05-06 10:45:00+00:00,PUBLISHED,Conférence,DEPARTMENT,EXTERNAL,8,52,45,2,10,5,1,0,0,47,5,2,0.09441568385812937,0.2880655864345908,0.2552349690030849,0.0880768242256328,0.11928761870128232,18.0,0.0,11.0,3.0,0.0,2.0,0.0,0.0,0.34615384615384615,0.0,0.2727272727272727,0.18181818181818182,0.20769230769230768,LOW,1
24d5df35-17b3-4fab-a981-5dd8ae5a7d02,Webinaire outils collaboratifs - édition 0744,2026-05-06 11:30:00+00:00,PENDING,Webinaire,GLOBAL,ONLINE,0,316,90,2,11,5,1,0,0,2,5,0,0.06965333035976604,0.22345128089549995,0.26888045208338884,0.10387815524025172,0.1261623528665115,0.0,0.0,0.0,0.0,0.0,0.0,0.0,0.0,0.0,0.0,0.0,0.0,0.0,LOW,0
36730804-e754-45b2-adb5-e819ea14a7eb,Team building challenge collaboratif - édition 0189,2026-05-06 16:00:00+00:00,PUBLISHED,Team building,GLOBAL,ONSITE,0,29,90,2,16,5,0,1,0,2,5,0,0.12334483307604614,0.2339549804262723,0.26571715264711365,0.07293958169739691,0.12245169542926118,7.0,0.0,17.0,0.0,4.0,1.0,0.0,0.0,0.2413793103448276,0.0,0.0,0.058823529411764705,0.14482758620689656,LOW,1
52cbf5a8-4fa4-40ea-8478-24d6f34dff38,Module d’apprentissage DevOps - édition 0343,2026-05-06 16:00:00+00:00,PUBLISHED,Formation,DEPARTMENT,ONSITE,2,55,180,2,16,5,0,1,0,105,5,2,0.11653675430849343,0.2339286885322691,0.047619047619047616,0.07820332321762911,0.12584962728399166,0.0,0.0,16.0,4.0,3.0,1.0,0.0,0.0,0.0,0.0,0.25,0.0625,0.0,LOW,1
196546de-04a1-4596-8ed8-427782dc268c,Session valeurs collaboration transversale - Finance - édition 0382,2026-05-06 16:15:00+00:00,PUBLISHED,Culture d’entreprise,DEPARTMENT,ONSITE,3,49,45,2,16,5,0,1,0,108,5,1,0.07832608837178526,0.15207373271889402,0.0,0.07583352554436762,0.12235380430388076,0.0,0.0,13.0,2.0,1.0,2.0,0.0,0.0,0.0,0.0,0.15384615384615385,0.15384615384615385,0.0,LOW,1
e46f3940-218d-4bd6-9b21-99b9f9599cb4,Journée responsable économie d’énergie - édition 0139,2026-05-07 15:00:00+00:00,CANCELLED,RSE,GLOBAL,ONSITE,0,254,60,3,15,5,0,1,0,2,1,0,0.09690467400499186,0.1998225655535059,0.26262741831400765,0.14023062585432342,0.08499258950462157,0.0,0.0,0.0,0.0,0.0,0.0,0.0,0.0,0.0,0.0,0.0,0.0,0.0,LOW,0
ef589184-1d84-47a7-8022-8c2207c92660,Session en ligne IoT et capteurs - Support client - édition 0325,2026-05-07 16:45:00+00:00,PUBLISHED,Webinaire,DEPARTMENT,ONLINE,9,347,30,3,16,5,0,1,0,51,1,1,0.06529999721228068,0.2094855758395312,0.3344046525864708,0.07360312773423916,0.08249280746036801,12.0,0.0,18.0,6.0,1.0,0.0,0.0,0.0,0.0345821325648415,0.0,0.3333333333333333,0.0,0.0207492795389049,LOW,1
da965dae-756d-441b-8936-f8440e08a8bd,Atelier cohésion résolution de problèmes - édition 0984,2026-05-09 11:15:00+00:00,PUBLISHED,Team building,DEPARTMENT,ONSITE,3,50,120,5,11,5,1,0,0,108,3,1,0.12847676687034099,0.2237830247555648,0.0,0.10082291538024432,0.12380069413535108,0.0,0.0,20.0,7.0,2.0,1.0,0.0,0.0,0.0,0.0,0.35,0.05,0.0,LOW,1
64e79e28-2bc2-4760-803d-f6015b594df7,Session valeurs valeurs et vision - édition 0924,2026-05-09 14:00:00+00:00,DRAFT,Culture d’entreprise,GLOBAL,ONSITE,0,227,60,5,14,5,0,1,0,2,3,0,0.0750625013562942,0.14573732718894009,0.2596087123563754,0.0932078827883738,0.12054278113178922,0.0,0.0,0.0,0.0,0.0,0.0,0.0,0.0,0.0,0.0,0.0,0.0,0.0,LOW,0
d10dbb5d-cb93-4d17-bf87-6a7ad9e99f05,Lab innovation prototypage rapide - édition 0521,2026-05-09 15:15:00+00:00,PUBLISHED,Innovation,GLOBAL,ONSITE,0,66,120,5,15,5,0,1,0,2,3,0,0.08119482496194826,0.09285714285714286,0.2566586133523257,0.1358484187963758,0.11745194058994847,0.0,0.0,9.0,3.0,2.0,1.0,0.0,0.0,0.0,0.0,0.3333333333333333,0.1111111111111111,0.0,LOW,1
c1a6bd7d-3c45-4662-ac40-9b328b63a094,Session de formation analyse de données - édition 0488,2026-05-09 16:30:00+00:00,PUBLISHED,Formation,DEPARTMENT,EXTERNAL,8,76,180,5,16,5,0,1,0,47,3,2,0.11168105621230622,0.22418165984342453,0.24180154958186992,0.07248824215797067,0.11451564207519975,25.0,0.0,7.0,6.0,0.0,0.0,0.0,0.0,0.32894736842105265,0.0,0.8571428571428571,0.0,0.19736842105263158,LOW,1
ddf1f034-02f8-4102-adf1-506f953dacab,Session de formation Power BI - Support client - édition 0714,2026-05-10 11:45:00+00:00,DRAFT,Formation,DEPARTMENT,ONSITE,9,52,90,6,11,5,1,0,0,51,2,1,0.12037170870065607,0.21521439344968754,0.3065375982042649,0.09794226065509448,0.1596755257050647,0.0,0.0,0.0,0.0,0.0,0.0,0.0,0.0,0.0,0.0,0.0,0.0,0.0,LOW,0
44dd8351-5010-4a95-8ed1-a21652855e50,Moment convivial nouveaux arrivants - édition 0699,2026-05-10 19:15:00+00:00,REJECTED,Afterwork,GLOBAL,ONSITE,0,55,120,6,19,5,0,0,1,2,2,0,0.14384178510011325,0.3739903781649513,0.2537748087079175,0.05217391304347826,0.15547353818651038,0.0,0.0,0.0,0.0,0.0,0.0,0.0,0.0,0.0,0.0,0.0,0.0,0.0,LOW,0
6d00330d-bfd2-481d-a91c-bf1a52452289,Soirée réseau culture interne - édition 0591,2026-05-10 19:45:00+00:00,PUBLISHED,Afterwork,DEPARTMENT,EXTERNAL,7,26,90,6,19,5,0,0,1,77,2,0,0.13585057481677362,0.3532131349335651,0.1871657754010695,0.043478260869565216,0.15148703720736909,0.0,0.0,13.0,0.0,5.0,0.0,0.0,0.0,0.0,0.0,0.0,0.0,0.0,LOW,1
db224a69-f29c-47ad-8c3b-3d21f2b05b7c,Lab innovation hackathon interne - Développement - édition 0848,2026-05-11 15:15:00+00:00,PUBLISHED,Innovation,DEPARTMENT,EXTERNAL,6,96,60,0,15,5,0,1,0,103,0,2,0.077328404725665,0.08843537414965986,0.20264180264180265,0.13173180004497048,0.08886996971541797,8.0,0.0,18.0,4.0,5.0,4.0,0.0,0.0,0.08333333333333333,0.0,0.2222222222222222,0.2222222222222222,0.049999999999999996,LOW,1
56b96c96-5d7b-4947-ad8d-2a21b22d4e3a,Atelier collaboratif idéation produit - Finance - édition 0040,2026-05-12 10:00:00+00:00,PUBLISHED,Atelier,DEPARTMENT,ONSITE,3,21,180,1,10,5,1,0,0,108,2,0,0.1064643501314343,0.1669096623457678,0.0,0.09640188944912355,0.06599939788800388,12.0,0.0,17.0,4.0,2.0,0.0,0.0,0.0,0.5714285714285714,0.0,0.23529411764705882,0.0,0.3428571428571428,LOW,1
33009069-3d0a-4a5e-9229-c4e4178d49a7,Live interne marketing digital - édition 0414,2026-05-12 11:45:00+00:00,PUBLISHED,Webinaire,DEPARTMENT,ONLINE,9,484,30,1,11,5,1,0,0,51,2,1,0.06349306399772543,0.19716289490779407,0.28295778295778296,0.09522164230356407,0.0783269387060665,0.0,0.0,8.0,2.0,1.0,0.0,0.0,0.0,0.0,0.0,0.25,0.0,0.0,LOW,1
91d84e8b-66e1-469a-b5e8-ddf49c43965f,Conférence culture agile - édition 0381,2026-05-12 14:30:00+00:00,PUBLISHED,Conférence,GLOBAL,ONLINE,0,94,45,1,14,5,0,1,0,2,2,0,0.11014931900161166,0.27006148728242885,0.2509550886111629,0.09029513645123712,0.0764620115940173,41.0,0.0,18.0,1.0,2.0,0.0,0.0,0.0,0.43617021276595747,0.0,0.05555555555555555,0.0,0.26170212765957446,LOW,1
dc3f4035-7fb4-44d6-86b0-667688d3e195,Soirée réseau réseau interne - édition 0170,2026-05-13 17:00:00+00:00,DRAFT,Afterwork,DEPARTMENT,ONSITE,12,69,150,2,17,5,0,1,0,22,1,3,0.12870054456325922,0.33462296993706164,0.16126450580232093,0.05740740740740741,0.1190469447281002,0.0,0.0,0.0,0.0,0.0,0.0,0.0,0.0,0.0,0.0,0.0,0.0,0.0,LOW,0
9c626364-6cd5-4ec4-8ade-fcb877751981,Afterwork culture interne - édition 0332,2026-05-13 17:30:00+00:00,DRAFT,Afterwork,GLOBAL,ONSITE,0,74,120,2,17,5,0,1,0,2,1,0,0.12226551733509625,0.31789182144020856,0.2481973403846666,0.049206349206349205,0.1159141303931502,0.0,0.0,0.0,0.0,0.0,0.0,0.0,0.0,0.0,0.0,0.0,0.0,0.0,LOW,0
489ce33b-fc9a-45e5-bde3-1a10041da249,Parcours pratique contrats et conformité - Communication interne - édition 0928,2026-05-14 11:15:00+00:00,PUBLISHED,Formation,DEPARTMENT,ONSITE,12,49,90,3,11,5,1,0,0,22,2,3,0.11574202759678467,0.20693691677854573,0.15051353874883286,0.09264808440346775,0.08112393103478154,0.0,0.0,10.0,0.0,2.0,0.0,0.0,0.0,0.0,0.0,0.0,0.0,0.0,LOW,1
id,Présentation digitale reporting financier - édition 0053,2026-05-14 15:15:00+00:00,PUBLISHED,Webinaire,DEPARTMENT,ONLINE,4,314,60,3,15,5,0,1,0,71,2,1,0.059965671553407346,0.18620940074624995,0.4513523391812866,0.1303083157299223,0.0788704885060376,47.0,0.0,16.0,12.0,0.0,2.0,0.0,0.0,0.14968152866242038,0.0,0.75,0.125,0.08980891719745222,LOW,1
dd245dd5-878a-429a-a1f0-98baa5026422,Speed meeting réseau inter-départements - édition 0690,2026-05-14 16:45:00+00:00,PUBLISHED,Networking,DEPARTMENT,ONSITE,10,93,120,3,16,5,0,1,0,28,2,1,0.06508225927420608,0.24364575048126247,0.1829284750337382,0.07961210677638961,0.08078430040215605,0.0,0.0,8.0,0.0,1.0,1.0,0.0,0.0,0.0,0.0,0.0,0.125,0.0,LOW,1
52830984-edb8-4f2f-8dc6-5019ba4dfd9e,Atelier cohésion cohésion d’équipe - édition 0752,2026-05-15 09:15:00+00:00,PENDING,Team building,GLOBAL,ONSITE,0,32,240,4,9,5,1,0,0,2,3,0,0.12312356825074344,0.21445873205741628,0.24549954320657238,0.1199048179513081,0.0732909916540347,0.0,0.0,0.0,0.0,0.0,0.0,0.0,0.0,0.0,0.0,0.0,0.0,0.0,LOW,0
7ec3f37d-6e52-4e8e-a922-aa701d36ae0f,Team building escape game interne - Marketing - édition 0737,2026-05-15 10:45:00+00:00,CANCELLED,Team building,DEPARTMENT,EXTERNAL,4,64,180,4,10,5,1,0,0,71,3,1,0.11819862552071371,0.20588038277511964,0.3868734335839599,0.11124647326098128,0.07084795859890021,0.0,0.0,0.0,0.0,0.0,0.0,0.0,0.0,0.0,0.0,0.0,0.0,0.0,LOW,0
3cb1025c-f447-469e-89ee-f1cf5a678881,Pause prévention équilibre professionnel - Ventes - édition 0241,2026-05-15 16:00:00+00:00,PUBLISHED,Bien-être,DEPARTMENT,ONSITE,5,37,120,4,16,5,0,1,0,86,3,0,0.15817327599936296,0.2508252818035427,0.06410256410256411,0.07746042821486557,0.06856254057958085,0.0,0.0,16.0,4.0,2.0,1.0,0.0,0.0,0.0,0.0,0.25,0.0625,0.0,LOW,1
f656297a-977a-4f77-ab2b-d94c57b2033c,Défi collaboratif créativité collective - édition 0952,2026-05-15 16:15:00+00:00,DRAFT,Team building,DEPARTMENT,EXTERNAL,6,29,120,4,16,5,0,1,0,103,3,2,0.11365252453914779,0.1979619065145381,0.18816738816738818,0.07542199589342173,0.06641996118646895,0.0,0.0,0.0,0.0,0.0,0.0,0.0,0.0,0.0,0.0,0.0,0.0,0.0,LOW,0
3c6d240b-6697-466c-9fa5-1348ee58de95,Conférence transformation digitale - Support client - édition 0473,2026-05-16 10:30:00+00:00,PUBLISHED,Conférence,DEPARTMENT,EXTERNAL,9,55,90,5,10,5,1,0,0,51,3,1,0.1293270186348085,0.25417551744228595,0.2627465127465128,0.10787536801064851,0.11974568418119616,0.0,0.0,12.0,1.0,0.0,1.0,0.0,0.0,0.0,0.0,0.08333333333333333,0.08333333333333333,0.0,LOW,1
bb42c1fc-f18e-4326-a89f-56f5163f3e74,Networking communautés internes - édition 0608,2026-05-16 11:45:00+00:00,CANCELLED,Networking,DEPARTMENT,ONSITE,12,181,60,5,11,5,1,0,0,22,3,3,0.06275789287155586,0.2349441165355031,0.1411064425770308,0.09020997691916596,0.11689459646259624,0.0,0.0,0.0,0.0,0.0,0.0,0.0,0.0,0.0,0.0,0.0,0.0,0.0,LOW,0
5d614d42-fbb1-42f0-a8f7-2a9827229432,Challenge innovation automatisation métier - édition 0559,2026-05-16 13:00:00+00:00,PUBLISHED,Innovation,DEPARTMENT,ONLINE,10,85,120,5,13,5,0,1,0,28,3,1,0.07760135602601356,0.08441558441558442,0.1698621553884712,0.0767024892554942,0.11417611747509401,0.0,0.0,9.0,2.0,1.0,0.0,0.0,0.0,0.0,0.0,0.2222222222222222,0.0,0.0,LOW,1
bb3fee61-4630-42c2-a8eb-2e5e48a281d7,Networking réseau inter-départements - Communication interne - édition 0674,2026-05-16 15:45:00+00:00,PUBLISHED,Networking,DEPARTMENT,EXTERNAL,12,130,60,5,15,5,0,1,0,22,3,3,0.060593827600122906,0.22684259527565817,0.13280606360191136,0.13086183609942226,0.11158120571429642,0.0,0.0,13.0,1.0,1.0,0.0,0.0,0.0,0.0,0.0,0.07692307692307693,0.0,0.0,LOW,1
f22cfef6-1b59-4695-a04a-f935a7666d25,Afterwork communauté tech - édition 0462,2026-05-17 17:00:00+00:00,PUBLISHED,Afterwork,GLOBAL,ONSITE,0,106,120,6,17,5,0,1,0,2,1,0,0.11644334984294881,0.3027541156573415,0.24285976317209312,0.043055555555555555,0.14769986127718485,51.0,0.0,14.0,2.0,0.0,0.0,0.0,0.0,0.4811320754716981,0.0,0.14285714285714285,0.0,0.28867924528301886,LOW,1
11b08828-5c85-4e37-a2e6-519f0db10774,Rencontre informelle culture interne - Développement - édition 0454,2026-05-17 19:30:00+00:00,DRAFT,Afterwork,DEPARTMENT,EXTERNAL,6,100,150,6,19,5,0,0,1,103,1,2,0.13302011009880105,0.2889925649456442,0.17562289562289563,0.037267080745341616,0.1558323543063193,0.0,0.0,0.0,0.0,0.0,0.0,0.0,0.0,0.0,0.0,0.0,0.0,0.0,LOW,0
86ff6e8e-82fd-4212-9c34-4e6c7b1169ad,Rencontre santé au travail respiration et concentration - Qualité - édition 0996,2026-05-18 09:30:00+00:00,PUBLISHED,Bien-être,DEPARTMENT,ONSITE,8,43,90,0,9,5,1,0,0,47,3,1,0.1515827228327228,0.2403742283950617,0.22971147210277643,0.11666414719586735,0.08869694982847781,9.0,0.0,10.0,3.0,0.0,0.0,0.0,0.0,0.20930232558139536,0.0,0.3,0.0,0.12558139534883722,LOW,1
18e62ceb-5190-4efe-9fd8-6e3c11ff9ff5,Action RSE mobilité durable - édition 0934,2026-05-18 11:15:00+00:00,DRAFT,RSE,DEPARTMENT,EXTERNAL,2,156,45,0,11,5,1,0,0,105,3,2,0.09317757115864601,0.19213708226298643,0.04481792717086835,0.08789690058790531,0.09235165818462683,0.0,0.0,0.0,0.0,0.0,0.0,0.0,0.0,0.0,0.0,0.0,0.0,0.0,LOW,0
a795bfd6-fbc9-4f45-9b13-242d10a07849,Webinaire marketing digital - Informatique - édition 0265,2026-05-18 11:15:00+00:00,PUBLISHED,Webinaire,DEPARTMENT,ONLINE,1,322,90,0,11,5,1,0,0,194,3,0,0.0646875587696712,0.17640890597013154,0.16214338507021436,0.08569947807320767,0.08963543294390251,0.0,0.0,14.0,3.0,2.0,0.0,0.0,0.0,0.0,0.0,0.21428571428571427,0.0,0.0,LOW,1
93d080b3-375c-474d-b280-6fd8503fdc49,Culture d’entreprise onboarding culturel - Finance - édition 0629,2026-05-18 11:30:00+00:00,DRAFT,Culture d’entreprise,DEPARTMENT,ONSITE,3,75,60,0,11,5,1,0,0,108,3,2,0.07206000130204243,0.1399078341013825,0.0,0.08360924690069041,0.08707442057407672,0.0,0.0,0.0,0.0,0.0,0.0,0.0,0.0,0.0,0.0,0.0,0.0,0.0,LOW,0
cc13928f-e4ab-4959-ae2c-49b6e026cea3,Atelier bien-être respiration et concentration - IoT - édition 0803,2026-05-19 13:30:00+00:00,PUBLISHED,Bien-être,DEPARTMENT,ONSITE,7,27,60,1,13,5,0,1,0,77,0,3,0.15389150694266973,0.23075925925925922,0.17156862745098037,0.07422821540854277,0.08482731859801591,0.0,0.0,17.0,1.0,3.0,0.0,0.0,0.0,0.0,0.0,0.058823529411764705,0.0,0.0,LOW,1
93c7742c-1cd3-48df-9aab-afcdcc303cc0,Workshop idéation produit - édition 0432,2026-05-20 09:15:00+00:00,PENDING,Atelier,GLOBAL,ONLINE,0,28,90,2,9,5,1,0,0,2,4,0,0.12196315750800553,0.1613460069342422,0.24027614867026234,0.11910199399548652,0.11294197320358225,0.0,0.0,0.0,0.0,0.0,0.0,0.0,0.0,0.0,0.0,0.0,0.0,0.0,LOW,0
d596b677-661d-4daa-91d2-5b24dfb649fd,Conférence culture agile - Développement - édition 0422,2026-05-20 13:45:00+00:00,PUBLISHED,Conférence,DEPARTMENT,EXTERNAL,6,172,120,2,13,5,0,1,0,103,4,0,0.12214218426620801,0.24005465536215898,0.16464646464646465,0.0719085836770258,0.11011842387349272,0.0,0.0,17.0,4.0,2.0,1.0,0.0,0.0,0.0,0.0,0.23529411764705882,0.058823529411764705,0.0,LOW,1
610b1601-b881-4a17-9947-14bd481a944d,Formation cybersécurité - IoT - édition 0993,2026-05-20 14:15:00+00:00,PUBLISHED,Formation,DEPARTMENT,ONSITE,7,65,60,2,14,5,0,1,0,77,4,3,0.1114552858339408,0.19927258652748847,0.1583710407239819,0.10077619936986501,0.10743260865706605,22.0,0.0,14.0,8.0,1.0,2.0,0.0,0.0,0.3384615384615385,0.0,0.5714285714285714,0.14285714285714285,0.20307692307692307,LOW,1
26ecf96c-fc59-434d-b997-711495c80de6,Speed meeting petit-déjeuner business - édition 0819,2026-05-20 14:45:00+00:00,DRAFT,Networking,DEPARTMENT,ONSITE,10,166,45,2,14,5,0,1,0,28,4,0,0.05857403334678547,0.21928117543313622,0.15853801169590645,0.10776694463726717,0.11293329746193444,0.0,0.0,0.0,0.0,0.0,0.0,0.0,0.0,0.0,0.0,0.0,0.0,0.0,LOW,0
e62665a7-78e4-4279-85e7-d7a37fe30594,Rencontre informelle communauté tech - Finance - édition 0979,2026-05-20 19:45:00+00:00,PUBLISHED,Afterwork,DEPARTMENT,ONSITE,3,44,150,2,19,5,0,0,1,108,4,2,0.1272366270510271,0.2764276708175727,0.0,0.03260869565217391,0.11030694170700574,5.0,0.0,16.0,3.0,2.0,1.0,0.0,0.0,0.11363636363636363,0.0,0.1875,0.0625,0.06818181818181818,LOW,1
12a1237e-a136-4489-819a-e2583ab2d12d,Parcours pratique analyse de données - édition 0876,2026-05-21 10:45:00+00:00,PENDING,Formation,GLOBAL,ONSITE,0,32,180,3,10,5,1,0,0,2,6,0,0.11956265199921215,0.19215570843722102,0.23774692605268063,0.10470256306915884,0.07865839775999406,0.0,0.0,0.0,0.0,0.0,0.0,0.0,0.0,0.0,0.0,0.0,0.0,0.0,LOW,0
c6296145-7149-4c07-942a-328720b61a2d,Lab innovation prototypage rapide - Finance - édition 0992,2026-05-21 11:15:00+00:00,PUBLISHED,Innovation,DEPARTMENT,ONLINE,3,55,90,3,11,5,1,0,0,108,6,2,0.07422738402488253,0.08074534161490683,0.0,0.08161855054591206,0.07664151576614806,10.0,0.0,12.0,1.0,2.0,1.0,0.0,0.0,0.18181818181818182,0.0,0.08333333333333333,0.08333333333333333,0.10909090909090909,LOW,1
8acf73ec-f027-4d33-9e95-54dea80fd229,Formation contrats et conformité - Communication interne - édition 0361,2026-05-21 15:30:00+00:00,DRAFT,Formation,DEPARTMENT,ONSITE,12,47,90,3,15,5,0,1,0,22,6,1,0.1154398019302738,0.18552964952559273,0.12542794895736073,0.12722678509666052,0.07927093241744891,0.0,0.0,0.0,0.0,0.0,0.0,0.0,0.0,0.0,0.0,0.0,0.0,0.0,LOW,0
65b4594a-eefd-44f2-a85b-5e803901832b,Pause prévention respiration et concentration - édition 0833,2026-05-21 15:45:00+00:00,PUBLISHED,Bien-être,GLOBAL,ONSITE,0,60,60,3,15,5,0,1,0,2,6,0,0.14797260282949012,0.2218839031339031,0.23527039557296522,0.12378822333729134,0.07733749504141357,0.0,0.0,9.0,3.0,0.0,0.0,0.0,0.0,0.0,0.0,0.3333333333333333,0.0,0.0,LOW,1
82d47c85-a566-44e3-b906-7a928f4c2452,Workshop amélioration continue - édition 0919,2026-05-21 16:15:00+00:00,PUBLISHED,Atelier,GLOBAL,ONSITE,0,44,180,3,16,5,0,1,0,2,6,0,0.11802886210452147,0.15614129703313762,0.23284492757736763,0.07348809856282118,0.0754961261118561,17.0,0.0,9.0,2.0,2.0,0.0,0.0,0.0,0.38636363636363635,0.0,0.2222222222222222,0.0,0.2318181818181818,LOW,1
a3dec61f-f204-483a-96f0-1c68bd38ecf2,Rencontre informelle nouveaux arrivants - édition 0099,2026-05-21 18:00:00+00:00,PENDING,Afterwork,GLOBAL,EXTERNAL,0,89,90,3,18,5,0,0,1,2,6,0,0.12666994940874945,0.2649098512001738,0.230468958928619,0.30666605617334824,0.08272560309445565,0.0,0.0,0.0,0.0,0.0,0.0,0.0,0.0,0.0,0.0,0.0,0.0,0.0,LOW,0
4d997fe0-6d7e-4e0f-bee9-416ab8e4714e,Afterwork convivialité - édition 0398,2026-05-21 19:45:00+00:00,PUBLISHED,Afterwork,DEPARTMENT,ONSITE,5,45,90,3,19,5,0,0,1,86,6,0,0.12160315143239948,0.25431345715216686,0.05952380952380953,0.04161176987263944,0.08084547575139983,0.0,0.0,13.0,1.0,1.0,0.0,0.0,0.0,0.0,0.0,0.07692307692307693,0.0,0.0,LOW,1
eee21ca3-e4fc-4382-9154-9f3bca6c7589,Atelier RSE inclusion - édition 0618,2026-05-22 11:15:00+00:00,PUBLISHED,RSE,DEPARTMENT,EXTERNAL,2,191,45,4,11,5,1,0,0,105,3,2,0.0897265500046221,0.18502089403102395,0.042328042328042326,0.08394877452898811,0.06440723508990928,0.0,0.0,11.0,2.0,1.0,0.0,0.0,0.0,0.0,0.0,0.18181818181818182,0.0,0.0,LOW,1
67053f85-7a0e-450f-b6a6-939c1d5e30d7,Live interne IA générative - IoT - édition 0864,2026-05-22 11:15:00+00:00,PUBLISHED,Webinaire,DEPARTMENT,ONLINE,7,220,60,4,11,5,1,0,0,77,3,3,0.061453180831187636,0.16758846067162497,0.14705882352941174,0.08204084783514747,0.06251290464608843,13.0,0.0,13.0,5.0,0.0,0.0,0.0,0.0,0.05909090909090909,0.0,0.38461538461538464,0.0,0.035454545454545454,LOW,1
6e484911-c649-4292-a87c-698f370eac7b,Rencontre santé au travail ergonomie au travail - édition 0420,2026-05-22 15:15:00+00:00,CANCELLED,Bien-être,DEPARTMENT,EXTERNAL,9,45,90,4,15,5,0,1,0,51,3,1,0.14249213605802752,0.2136659807956104,0.24523007856341192,0.12053063851262577,0.062415133344511875,0.0,0.0,0.0,0.0,0.0,0.0,0.0,0.0,0.0,0.0,0.0,0.0,0.0,LOW,0
36b983c0-d67a-468a-a8c7-bc43cb011a1c,Initiative durable mobilité durable - édition 0352,2026-05-22 16:00:00+00:00,DRAFT,RSE,DEPARTMENT,ONSITE,9,198,120,4,16,5,0,1,0,51,3,1,0.08652203036159987,0.1784130049584874,0.22990319865319864,0.08130998700784156,0.060681379640497655,0.0,0.0,0.0,0.0,0.0,0.0,0.0,0.0,0.0,0.0,0.0,0.0,0.0,LOW,0
20d3a062-bf25-485b-a031-78bb2c0f8dab,Session pratique idéation produit - édition 0338,2026-05-23 09:00:00+00:00,PUBLISHED,Atelier,GLOBAL,ONLINE,0,17,180,5,9,5,1,0,0,2,5,0,0.12641432380011886,0.15126188150085207,0.22814098964651172,0.11604809671355096,0.10910162336508983,9.0,0.0,12.0,3.0,2.0,0.0,0.0,0.0,0.5294117647058824,0.0,0.25,0.0,0.3176470588235294,LOW,1
dd9a4f21-bfb1-4a18-b0cf-aa5853d85ca5,Rencontre santé au travail prévention fatigue numérique - édition 0741,2026-05-23 09:00:00+00:00,PUBLISHED,Bien-être,DEPARTMENT,ONSITE,12,21,45,5,9,5,1,0,0,22,5,1,0.13740313119881226,0.2060350529100529,0.1188264779596049,0.12638218841335924,0.11823880035075923,0.0,0.0,10.0,0.0,2.0,0.0,0.0,0.0,0.0,0.0,0.0,0.0,0.0,LOW,1
40d54d79-34d4-4d11-86bb-c5d5bda886db,Rencontre santé au travail yoga au bureau - édition 0151,2026-05-23 09:15:00+00:00,PUBLISHED,Bien-être,GLOBAL,ONSITE,0,67,120,5,9,5,1,0,0,2,5,0,0.13266509219195666,0.1989303959131545,0.2258595797500466,0.12329969601303341,0.1157230811943601,2.0,0.0,14.0,1.0,1.0,0.0,0.0,0.0,0.029850746268656716,0.0,0.07142857142857142,0.0,0.017910447761194027,LOW,1
235878cd-ac3b-473b-8f9f-dd03f2e66eb5,Live interne marketing digital - édition 0527,2026-05-23 09:15:00+00:00,PUBLISHED,Webinaire,GLOBAL,ONLINE,0,83,60,5,9,5,1,0,0,2,5,0,0.06134069170069818,0.15960805778249995,0.22362334628717487,0.12107472101911967,0.11393407421674129,0.0,0.0,8.0,0.0,1.0,0.0,0.0,0.0,0.0,0.0,0.0,0.0,0.0,LOW,1
c098c88a-9127-40aa-9f8d-d2a1646ad1c1,Module d’apprentissage qualité logicielle - édition 0334,2026-05-23 15:30:00+00:00,PUBLISHED,Formation,DEPARTMENT,ONSITE,8,47,180,5,15,5,0,1,0,47,5,1,0.11159180853259801,0.1793453278747396,0.2187728305740728,0.11744010931999434,0.11160888902864452,11.0,0.0,13.0,5.0,2.0,0.0,0.0,0.0,0.23404255319148937,0.0,0.38461538461538464,0.0,0.14042553191489363,LOW,1
00a14724-34d9-43a8-a123-7fec31fc7f66,Rencontre santé au travail prévention fatigue numérique - édition 0351,2026-05-23 16:00:00+00:00,PUBLISHED,Bien-être,GLOBAL,EXTERNAL,0,25,45,5,16,5,0,1,0,2,5,0,0.12923794732784666,0.19229938271604935,0.22143096053926137,0.07932681659301616,0.11405756231190142,0.0,0.0,13.0,3.0,3.0,0.0,0.0,0.0,0.0,0.0,0.23076923076923078,0.0,0.0,LOW,1
f7282720-9c28-4860-a660-4e081669ae79,Rencontre santé au travail nutrition et énergie - Ressources humaines - édition 0570,2026-05-24 09:30:00+00:00,PUBLISHED,Bien-être,DEPARTMENT,ONSITE,2,69,60,6,9,5,1,0,0,105,1,2,0.1250689812850129,0.18609617682198323,0.040100250626566414,0.11825902983262851,0.15212206015616886,19.0,0.0,18.0,6.0,3.0,1.0,0.0,0.0,0.2753623188405797,0.0,0.3333333333333333,0.05555555555555555,0.16521739130434782,LOW,1
84839441-6dc2-453a-9297-8014ecdf1743,Culture d’entreprise ambassadeurs culture - IoT - édition 0542,2026-05-24 13:30:00+00:00,PUBLISHED,Culture d’entreprise,DEPARTMENT,EXTERNAL,7,37,90,6,13,5,0,1,0,77,1,3,0.06928846279042541,0.13452676355902163,0.1372549019607843,0.0697295356868129,0.1549881126837133,0.0,0.0,15.0,1.0,3.0,2.0,0.0,0.0,0.0,0.0,0.06666666666666667,0.13333333333333333,0.0,LOW,1
dd751286-d03a-4b80-802e-da3b26015d3c,Initiative durable économie d’énergie - édition 0161,2026-05-25 14:15:00+00:00,DRAFT,RSE,GLOBAL,EXTERNAL,0,76,60,0,14,5,0,1,0,2,1,0,0.08353851207326884,0.17226083237371198,0.21928114538839477,0.1046878890762024,0.08465568666924125,0.0,0.0,0.0,0.0,0.0,0.0,0.0,0.0,0.0,0.0,0.0,0.0,0.0,LOW,0
6c87bdd5-c3cc-47e9-beb2-5f214e8aecdc,Workshop gestion budgétaire - édition 0947,2026-05-25 16:15:00+00:00,CANCELLED,Atelier,DEPARTMENT,ONLINE,11,76,180,0,16,5,0,1,0,24,1,0,0.13862636746392987,0.14667818812203837,0.3695054945054945,0.077438082864611,0.08236769513764014,0.0,0.0,0.0,0.0,0.0,0.0,0.0,0.0,0.0,0.0,0.0,0.0,0.0,LOW,0
84d19e40-4a28-4c63-beb7-c8d48ea6289d,Live interne reporting financier - Marketing - édition 0746,2026-05-26 10:30:00+00:00,CANCELLED,Webinaire,DEPARTMENT,ONLINE,4,371,60,1,10,5,1,0,0,71,0,1,0.05855247844157554,0.1523531460651136,0.33851425438596494,0.10171106126718288,0.08289942499351555,0.0,0.0,0.0,0.0,0.0,0.0,0.0,0.0,0.0,0.0,0.0,0.0,0.0,LOW,0
a4686edb-8c4c-4a44-853f-9cafd456cf87,Forum d’échanges experts internes - édition 0464,2026-05-27 09:00:00+00:00,REJECTED,Networking,GLOBAL,EXTERNAL,0,167,90,2,9,5,1,0,0,2,4,0,0.05668454840011498,0.2122075891288415,0.21717267283658329,0.12182955912826378,0.1103826103872184,0.0,0.0,0.0,0.0,0.0,0.0,0.0,0.0,0.0,0.0,0.0,0.0,0.0,LOW,0
aec93e90-e6d2-487f-a83f-c0168afa27b6,Atelier innovation expérimentation digitale - édition 0516,2026-05-27 09:15:00+00:00,PUBLISHED,Innovation,DEPARTMENT,ONLINE,2,15,90,2,9,5,1,0,0,105,4,0,0.07871033393293668,0.07738095238095238,0.03809523809523809,0.11912223559208014,0.10792966348972466,0.0,0.0,16.0,2.0,5.0,2.0,0.0,0.0,0.0,0.0,0.125,0.125,0.0,LOW,1
1ee7a0e7-d8d0-492f-a5ec-3a43a12d6fc8,Session en ligne bien-être au travail - édition 0596,2026-05-27 10:15:00+00:00,PUBLISHED,Webinaire,DEPARTMENT,ONLINE,8,293,90,2,10,5,1,0,0,47,4,1,0.05600671850933312,0.14572909623619562,0.20882861100252403,0.09888575400976113,0.10558336645733934,0.0,0.0,16.0,1.0,2.0,0.0,0.0,0.0,0.0,0.0,0.0625,0.0,0.0,LOW,1
7f9f7e69-c39a-43c5-98c5-0d7e0b1b9a14,Speed meeting speed networking - Support client - édition 0252,2026-05-27 16:15:00+00:00,PUBLISHED,Networking,DEPARTMENT,EXTERNAL,9,104,60,2,16,5,0,1,0,51,4,0,0.05491315626261138,0.2055761019685652,0.21637948108536342,0.0756371972165968,0.10333691185186404,48.0,0.0,12.0,9.0,0.0,3.0,0.0,0.0,0.46153846153846156,0.0,0.75,0.25,0.27692307692307694,LOW,1
9fda2f56-e4cf-476d-b400-21a0efd4c57e,Soirée réseau finance et business - IoT - édition 0390,2026-05-27 18:15:00+00:00,PENDING,Afterwork,DEPARTMENT,ONSITE,7,90,150,2,18,5,0,0,1,77,4,0,0.11692610714653796,0.24453217033862198,0.12867647058823528,0.26285661957715567,0.1107994441370015,0.0,0.0,0.0,0.0,0.0,0.0,0.0,0.0,0.0,0.0,0.0,0.0,0.0,LOW,0
431e7992-ce23-4ae2-8cb8-704473322bd3,Module d’apprentissage finance pour non financiers - édition 0075,2026-05-28 14:15:00+00:00,PUBLISHED,Formation,GLOBAL,ONSITE,0,24,60,3,14,5,0,1,0,2,1,0,0.11554183255385257,0.17355999471748995,0.21510436166671104,0.10177989215741899,0.07904890962359096,6.0,0.0,15.0,0.0,3.0,0.0,0.0,0.0,0.25,0.0,0.0,0.0,0.15,LOW,1
48313a89-a3a8-437b-8d4e-32d1137ce252,Pause prévention respiration et concentration - Finance - édition 0597,2026-05-28 15:15:00+00:00,PUBLISHED,Bien-être,DEPARTMENT,EXTERNAL,3,53,60,3,15,5,0,1,0,108,1,0,0.12976564808362437,0.18028067129629627,0.0,0.12035517041678172,0.08276523767525201,0.0,0.0,16.0,2.0,3.0,0.0,0.0,0.0,0.0,0.0,0.125,0.0,0.0,LOW,1
022c26da-b0a6-4366-8e7f-4617d97be281,Session de formation qualité logicielle - édition 0376,2026-05-29 10:30:00+00:00,DRAFT,Formation,GLOBAL,ONSITE,0,22,60,4,10,5,1,0,0,2,4,0,0.11974365028654468,0.1681362448825684,0.21307507523589303,0.09621316606355138,0.05904134235291664,0.0,0.0,0.0,0.0,0.0,0.0,0.0,0.0,0.0,0.0,0.0,0.0,0.0,LOW,0
704a1b85-84b8-420f-95a0-221c92f42bf7,Speed meeting communautés internes - édition 0573,2026-05-29 13:15:00+00:00,REJECTED,Networking,GLOBAL,EXTERNAL,0,90,90,4,13,5,0,1,0,2,4,0,0.06723513521036442,0.19934652312103293,0.21108371939256693,0.06767866699014193,0.057487622817313566,0.0,0.0,0.0,0.0,0.0,0.0,0.0,0.0,0.0,0.0,0.0,0.0,0.0,LOW,0
8e0811ad-073b-484e-aaa1-acc3a8882503,Team building escape game interne - édition 0724,2026-05-29 13:30:00+00:00,PUBLISHED,Team building,GLOBAL,ONSITE,0,47,120,4,13,5,0,1,0,2,4,0,0.10944317177843861,0.1906299840510367,0.2091292405093024,0.06574499079042358,0.05601358120661322,0.0,0.0,12.0,2.0,1.0,2.0,0.0,0.0,0.0,0.0,0.16666666666666666,0.16666666666666666,0.0,LOW,1
eefd166a-5857-4161-a6dd-bd5d2e311ba5,Session valeurs rituels d’équipe - édition 0639,2026-05-29 14:00:00+00:00,PUBLISHED,Culture d’entreprise,DEPARTMENT,ONLINE,4,108,60,4,14,5,0,1,0,71,4,1,0.06672222342781707,0.1295442908346134,0.30090155945419106,0.10578584101802929,0.05461324167644789,0.0,0.0,6.0,0.0,0.0,1.0,0.0,0.0,0.0,0.0,0.0,0.16666666666666666,0.0,LOW,1
de29fc94-9d2b-45c9-9eab-7757fe76e8cd,Challenge collectif cohésion d’équipe - Communication interne - édition 0485,2026-05-29 15:45:00+00:00,DRAFT,Team building,DEPARTMENT,ONSITE,12,60,90,4,15,5,0,1,0,22,4,0,0.10553448707206581,0.18382177033492825,0.11288515406162465,0.1174196784553968,0.05328121139165647,0.0,0.0,0.0,0.0,0.0,0.0,0.0,0.0,0.0,0.0,0.0,0.0,0.0,LOW,0
590b2357-9068-4e8f-bf38-5e5c3a4b0b3b,Rencontre santé au travail équilibre professionnel - édition 0024,2026-05-30 10:45:00+00:00,PUBLISHED,Bien-être,DEPARTMENT,ONSITE,8,19,120,5,10,5,1,0,0,47,0,1,0.12583335571745394,0.17481762065095396,0.19974910617632732,0.09368124064082634,0.11182113952147199,0.0,0.0,10.0,0.0,2.0,0.0,0.0,0.0,0.0,0.0,0.0,0.0,0.0,LOW,1
7c0befe7-adb6-4282-88cb-8e69170824c3,Atelier RSE mobilité durable - édition 0991,2026-05-31 09:00:00+00:00,DRAFT,RSE,GLOBAL,ONSITE,0,249,90,6,9,5,1,0,0,2,3,0,0.08075389500415989,0.16651880462792157,0.20721062362389597,0.116532621774861,0.15146565557726527,0.0,0.0,0.0,0.0,0.0,0.0,0.0,0.0,0.0,0.0,0.0,0.0,0.0,LOW,0
bb01b4be-5818-47e9-a61c-257fa1b07110,Parcours engagement collaboration transversale - Ventes - édition 0773,2026-05-31 09:15:00+00:00,CANCELLED,Culture d’entreprise,DEPARTMENT,ONSITE,5,101,45,6,9,5,1,0,0,86,3,1,0.0643392868768236,0.12491770901909151,0.05555555555555556,0.11405320429028949,0.1480997521199927,0.0,0.0,0.0,0.0,0.0,0.0,0.0,0.0,0.0,0.0,0.0,0.0,0.0,LOW,0
6e9887ee-ce17-4aca-a6c0-d5dbba12eeb5,Action RSE bénévolat entreprise - édition 0692,2026-05-31 11:00:00+00:00,PUBLISHED,RSE,DEPARTMENT,ONSITE,6,115,120,6,11,5,1,0,0,103,3,0,0.07814893064918699,0.1611472302850854,0.15496137849079025,0.08153084919638662,0.1448801922912972,0.0,0.0,15.0,0.0,2.0,1.0,0.0,0.0,0.0,0.0,0.0,0.06666666666666667,0.0,LOW,1
d7809c80-6b1d-4fea-9228-f230d331e8cf,Hackathon expérimentation digitale - Ventes - édition 0917,2026-05-31 11:45:00+00:00,PUBLISHED,Innovation,DEPARTMENT,ONSITE,5,46,60,6,11,5,1,0,0,86,3,1,0.07556192057561921,0.07428571428571429,0.052083333333333336,0.07975843943124777,0.14179763500850365,4.0,0.0,9.0,1.0,1.0,1.0,0.0,0.0,0.08695652173913043,0.0,0.1111111111111111,0.1111111111111111,0.05217391304347826,LOW,1
8f9c345b-30b7-4f97-92b7-95660b12ec36,Défi collaboratif escape game interne - édition 0353,2026-06-01 11:45:00+00:00,REJECTED,Team building,GLOBAL,ONSITE,0,54,180,0,11,6,1,0,0,2,3,0,0.10189536682820147,0.17748308859924106,0.20532689068186055,0.07991159011864953,0.0802001242129654,0.0,0.0,0.0,0.0,0.0,0.0,0.0,0.0,0.0,0.0,0.0,0.0,0.0,LOW,0
3e7b3334-b6ca-4eb4-bf94-17adb68ba247,Atelier cohésion défi inter-départements - édition 0356,2026-06-01 14:15:00+00:00,DRAFT,Team building,DEPARTMENT,ONSITE,12,35,240,0,14,6,0,1,0,22,3,3,0.09849885460059475,0.17156698564593303,0.10750967053488061,0.1030020030965022,0.07814371077160731,0.0,0.0,0.0,0.0,0.0,0.0,0.0,0.0,0.0,0.0,0.0,0.0,0.0,LOW,0
ea1fb951-3954-4f24-8f53-c2d93d58b342,Présentation digitale protection des données - édition 0421,2026-06-01 14:15:00+00:00,PUBLISHED,Webinaire,GLOBAL,ONLINE,0,171,30,0,14,6,0,1,0,2,3,0,0.05367310523811091,0.13965705055968747,0.20347709887391585,0.10036092609402779,0.07619011800231715,0.0,0.0,11.0,1.0,1.0,0.0,0.0,0.0,0.0,0.0,0.09090909090909091,0.0,0.0,LOW,1
9ff2206d-42d1-47a1-9a76-b4d02666d6bb,Rencontre informelle convivialité - Finance - édition 0576,2026-06-01 17:45:00+00:00,CANCELLED,Afterwork,DEPARTMENT,ONLINE,3,54,120,0,17,6,0,1,0,108,3,3,0.11259551058555507,0.2354754232890434,0.0,0.09173072443512695,0.07433182244128501,0.0,0.0,0.0,0.0,0.0,0.0,0.0,0.0,0.0,0.0,0.0,0.0,0.0,LOW,0
e3710186-11a0-4ab6-ab2e-0823259e08bb,Atelier collaboratif gestion budgétaire - édition 0914,2026-06-02 09:00:00+00:00,PUBLISHED,Atelier,DEPARTMENT,ONSITE,11,33,60,1,9,6,1,0,0,24,8,0,0.13454912136204958,0.14236412376550783,0.34487179487179487,0.11167709586757513,0.0810572155492152,0.0,0.0,10.0,0.0,4.0,0.0,0.0,0.0,0.0,0.0,0.0,0.0,0.0,LOW,1
4a26effb-f346-4dbb-b52c-7e82e826ecda,Webinaire marketing digital - édition 0990,2026-06-02 09:15:00+00:00,PUBLISHED,Webinaire,GLOBAL,ONLINE,0,55,60,1,9,6,1,0,0,2,8,0,0.05152618102858647,0.13407076853729996,0.2016603390625416,0.10939797146211441,0.07929510216771052,0.0,0.0,15.0,1.0,1.0,0.0,0.0,0.0,0.0,0.0,0.06666666666666667,0.0,0.0,LOW,1
0b473b00-e7c4-4499-8c85-ccfb07d64727,Formation analyse de données - édition 0496,2026-06-02 11:00:00+00:00,PUBLISHED,Formation,GLOBAL,ONLINE,0,62,180,1,11,6,1,0,0,2,8,0,0.11611505482331606,0.1630412071588542,0.19987573429207664,0.07824676532451101,0.07760797233435499,0.0,0.0,18.0,1.0,5.0,0.0,0.0,0.0,0.0,0.0,0.05555555555555555,0.0,0.0,LOW,1
2523bbb1-6be5-4eca-9941-ae8a06f3a609,Journée responsable bénévolat entreprise - édition 0002,2026-06-02 11:00:00+00:00,REJECTED,RSE,GLOBAL,EXTERNAL,0,125,45,1,11,6,1,0,0,2,8,0,0.07570677656639989,0.15611137933867647,0.19812243837723387,0.07664989256278629,0.07599113957738925,0.0,0.0,0.0,0.0,0.0,0.0,0.0,0.0,0.0,0.0,0.0,0.0,0.0,LOW,0
7e483021-c725-4a6a-9410-a04abf5f6514,Live interne cybersécurité au quotidien - édition 0219,2026-06-02 11:00:00+00:00,PUBLISHED,Webinaire,GLOBAL,ONLINE,0,284,30,1,11,6,1,0,0,2,8,0,0.0495444048351793,0.12891420051663458,0.1963996345652579,0.07511689471153056,0.07444029999417723,0.0,0.0,14.0,1.0,2.0,0.0,0.0,0.0,0.0,0.0,0.07142857142857142,0.0,0.0,LOW,1
c5827f8f-5d4d-449d-9b58-2304e316d3af,Atelier cohésion challenge collaboratif - édition 0574,2026-06-02 11:30:00+00:00,PUBLISHED,Team building,GLOBAL,ONLINE,0,66,90,1,11,6,1,0,0,2,8,0,0.09532147219412396,0.16603256675412872,0.19470653426728154,0.07364401442306918,0.07295149399429368,0.0,0.0,12.0,3.0,1.0,0.0,0.0,0.0,0.0,0.0,0.25,0.0,0.0,LOW,1
518833bf-c37e-4d32-ae42-f1a45766ba8d,Défi collaboratif confiance et coopération - édition 0879,2026-06-02 11:45:00+00:00,PUBLISHED,Team building,GLOBAL,ONSITE,0,35,90,1,11,6,1,0,0,2,8,0,0.09234267618805758,0.1608440490430622,0.19304237585474068,0.0722277833764717,0.07152107254342517,17.0,0.0,13.0,1.0,1.0,0.0,0.0,0.0,0.4857142857142857,0.0,0.07692307692307693,0.0,0.2914285714285714,LOW,1
b5faadcb-6290-40f7-9223-a77ecc978af7,Module d’apprentissage cloud computing - édition 0429,2026-06-02 11:45:00+00:00,PUBLISHED,Formation,DEPARTMENT,ONSITE,3,25,120,1,11,6,1,0,0,108,8,3,0.11269990615204206,0.15824587753653496,0.0,0.0800294154960531,0.0794863266428648,13.0,0.0,15.0,4.0,2.0,0.0,0.0,0.0,0.52,0.0,0.26666666666666666,0.0,0.312,LOW,1
d038ef31-ff82-4662-9453-831f5e6e9087,Parcours pratique finance pour non financiers - édition 0207,2026-06-02 16:15:00+00:00,PUBLISHED,Formation,DEPARTMENT,ONSITE,12,12,180,1,16,6,0,1,0,22,8,3,0.12433705169055516,0.15372456674977683,0.10262286732874969,0.08440768049663917,0.08779790538545226,0.0,0.0,8.0,2.0,4.0,1.0,0.0,0.0,0.0,0.0,0.25,0.125,0.0,LOW,1
e2a0f028-8eb5-4f22-95d2-8d1582a29536,Challenge collectif escape game interne - Finance - édition 0778,2026-06-03 10:00:00+00:00,PUBLISHED,Team building,DEPARTMENT,ONSITE,3,58,180,2,10,6,1,0,0,108,1,3,0.10426302799188268,0.1559699869508482,0.0,0.09127915754747182,0.10853823099134842,0.0,0.0,14.0,2.0,2.0,1.0,0.0,0.0,0.0,0.0,0.14285714285714285,0.07142857142857142,0.0,LOW,1
16fd55b8-5dd8-474a-a8bd-d400b874f67a,Atelier cohésion cohésion d’équipe - édition 0039,2026-06-03 11:30:00+00:00,CANCELLED,Team building,GLOBAL,ONSITE,0,26,90,2,11,6,1,0,0,2,1,0,0.1011964683450626,0.15138263439347033,0.19140642351698864,0.08817701891279286,0.10636746637152145,0.0,0.0,0.0,0.0,0.0,0.0,0.0,0.0,0.0,0.0,0.0,0.0,0.0,LOW,0
9242d95e-aaa3-43d1-a8ca-62efd1a2e084,Pause prévention équilibre professionnel - édition 0333,2026-06-04 11:00:00+00:00,DRAFT,Bien-être,GLOBAL,ONSITE,0,9,90,3,11,6,1,0,0,2,1,0,0.12213237466694059,0.1696759259259259,0.18979796617650976,0.08657380038710571,0.08100427517152325,0.0,0.0,0.0,0.0,0.0,0.0,0.0,0.0,0.0,0.0,0.0,0.0,0.0,LOW,0
cd63bdb1-0f72-4812-9faf-a3f087b427ea,Rencontre expert expérience client - Développement - édition 0038,2026-06-04 13:15:00+00:00,PENDING,Conférence,DEPARTMENT,ONLINE,6,215,45,3,13,6,0,1,0,103,1,2,0.11571364825219707,0.2274201998167822,0.1463524130190797,0.06391874104624515,0.07931668610544984,0.0,0.0,0.0,0.0,0.0,0.0,0.0,0.0,0.0,0.0,0.0,0.0,0.0,LOW,0
657e8846-daba-4343-8553-9a4f5072e3a8,Atelier innovation lab IA - édition 0048,2026-06-05 10:30:00+00:00,CANCELLED,Innovation,GLOBAL,ONSITE,0,104,90,4,10,6,1,0,0,2,3,0,0.07600017446652349,0.07142857142857142,0.18821631645837217,0.08899717860878502,0.05201261112042656,0.0,0.0,0.0,0.0,0.0,0.0,0.0,0.0,0.0,0.0,0.0,0.0,0.0,LOW,0
42f6a4f7-4af9-4075-8332-364855051345,Table ronde marque employeur - édition 0906,2026-06-05 15:30:00+00:00,PUBLISHED,Conférence,GLOBAL,EXTERNAL,0,72,90,4,15,6,0,1,0,2,3,0,0.10992796583958722,0.21604918982594307,0.18666080971078233,0.1146239718255064,0.05080301551297478,0.0,0.0,19.0,2.0,2.0,1.0,0.0,0.0,0.0,0.0,0.10526315789473684,0.05263157894736842,0.0,LOW,1
bb9a42ab-0a75-4029-93a8-c42b519ac612,Action RSE solidarité locale - édition 0303,2026-06-05 16:00:00+00:00,REJECTED,RSE,DEPARTMENT,EXTERNAL,9,234,60,4,16,6,0,1,0,51,3,0,0.07341263182196353,0.1513807314799287,0.20435839880284323,0.08253195426338053,0.04964840152404353,0.0,0.0,0.0,0.0,0.0,0.0,0.0,0.0,0.0,0.0,0.0,0.0,0.0,LOW,0
f03e6588-f50c-4fe8-a083-bb372fdf0a30,Afterwork finance et business - Qualité - édition 0959,2026-06-05 17:45:00+00:00,PENDING,Afterwork,DEPARTMENT,EXTERNAL,8,24,120,4,17,6,0,1,0,47,3,1,0.10857424235035669,0.22706558674300611,0.1914262267523137,0.08255765199161426,0.048545103712398126,0.0,0.0,0.0,0.0,0.0,0.0,0.0,0.0,0.0,0.0,0.0,0.0,0.0,LOW,0
1372e465-dc95-4c58-b483-7606dd2494c1,Networking speed networking - édition 0631,2026-06-06 10:45:00+00:00,PUBLISHED,Networking,DEPARTMENT,EXTERNAL,10,209,45,5,10,6,1,0,0,28,3,0,0.06525763123358899,0.19348339008806137,0.1486293859649123,0.08682651571588783,0.10967073299221292,0.0,0.0,8.0,0.0,1.0,1.0,0.0,0.0,0.0,0.0,0.0,0.125,0.0,LOW,1
c38990c1-be92-4ba2-9241-6b5b4686be8f,Lab innovation idées produit - Ventes - édition 0707,2026-06-06 11:30:00+00:00,PUBLISHED,Innovation,DEPARTMENT,ONSITE,5,74,60,5,11,6,1,0,0,86,3,0,0.07318535318998558,0.06878306878306878,0.049019607843137254,0.0850278396659074,0.1076014738791523,6.0,0.0,14.0,4.0,2.0,0.0,0.0,0.0,0.08108108108108109,0.0,0.2857142857142857,0.0,0.04864864864864865,LOW,1
050e842b-f062-4b5d-adba-9c84aad5dad3,Rencontre réseau petit-déjeuner business - Finance - édition 0535,2026-06-06 14:45:00+00:00,PUBLISHED,Networking,DEPARTMENT,ONSITE,3,178,60,5,14,6,0,1,0,108,3,3,0.06339312748405788,0.1879552932284025,0.0,0.09785190294167709,0.10711035549400282,22.0,0.0,13.0,4.0,1.0,2.0,0.0,0.0,0.12359550561797752,0.0,0.3076923076923077,0.15384615384615385,0.0741573033707865,LOW,1
40a96c53-bfd8-4925-99a9-b8cd3e0cdb3a,Conférence expérience client - Développement - édition 0184,2026-06-06 15:45:00+00:00,REJECTED,Conférence,DEPARTMENT,EXTERNAL,6,172,60,5,15,6,0,1,0,103,3,2,0.10469330079960687,0.20576113316756484,0.13864965443912813,0.11195829806212253,0.1074100854962569,0.0,0.0,0.0,0.0,0.0,0.0,0.0,0.0,0.0,0.0,0.0,0.0,0.0,LOW,0
ce0bd021-dce2-477b-becd-c3040c5422b0,Action RSE recyclage - édition 0896,2026-06-07 09:45:00+00:00,PUBLISHED,RSE,DEPARTMENT,ONSITE,1,174,90,6,9,6,1,0,0,194,4,0,0.07125343676837637,0.1469283570246367,0.15200942350332594,0.10721001203287212,0.14065511181539173,0.0,0.0,15.0,0.0,4.0,1.0,0.0,0.0,0.0,0.0,0.0,0.06666666666666667,0.0,LOW,1
1bf2db86-3c8d-497c-a0ed-8d6322e1e869,Formation cloud computing - Communication interne - édition 0470,2026-06-07 11:00:00+00:00,PUBLISHED,Formation,DEPARTMENT,ONLINE,12,36,90,6,11,6,1,0,0,22,4,3,0.12088324469915085,0.14945443989561635,0.09816100353184752,0.08495859828722624,0.13778459932936332,0.0,0.0,12.0,0.0,0.0,0.0,0.0,0.0,0.0,0.0,0.0,0.0,0.0,LOW,1
40c386ae-fac2-481c-900c-12bd499e250a,Lab innovation innovation client - Développement - édition 0881,2026-06-07 13:15:00+00:00,PUBLISHED,Innovation,DEPARTMENT,ONLINE,6,98,90,6,13,6,0,1,0,103,4,2,0.07346734347181041,0.0663265306122449,0.13171717171717173,0.06219120750445474,0.13502890734277606,0.0,0.0,10.0,1.0,0.0,1.0,0.0,0.0,0.0,0.0,0.1,0.1,0.0,LOW,1
4725daa5-e75f-489b-977d-9e1a52d5d6f0,Pause prévention santé mentale - Communication interne - édition 0044,2026-06-07 15:45:00+00:00,REJECTED,Bien-être,DEPARTMENT,ONLINE,12,14,90,6,15,6,0,1,0,22,4,3,0.11864287824788514,0.1648280423280423,0.09407096171802054,0.10941379128798338,0.13238128170860397,0.0,0.0,0.0,0.0,0.0,0.0,0.0,0.0,0.0,0.0,0.0,0.0,0.0,LOW,0
69d10548-b1f8-40f4-b68c-9398dab1aaca,Afterwork innovation - Qualité - édition 0933,2026-06-07 17:15:00+00:00,PUBLISHED,Afterwork,DEPARTMENT,ONSITE,8,29,90,6,17,6,0,1,0,47,4,1,0.10483030295896507,0.21923573892428178,0.18376917768222115,0.07505241090146751,0.12983548782959237,4.0,0.0,12.0,1.0,1.0,0.0,0.0,0.0,0.13793103448275862,0.0,0.08333333333333333,0.0,0.08275862068965517,LOW,1
476b8a57-a47f-4957-98c6-1d80cbdfce28,Journée responsable inclusion - édition 0557,2026-06-08 11:15:00+00:00,PUBLISHED,RSE,GLOBAL,EXTERNAL,0,50,90,0,11,6,1,0,0,2,3,0,0.0692176242892799,0.1427304039667899,0.1851308030738087,0.08349379486848095,0.07256201714506394,0.0,0.0,14.0,2.0,2.0,2.0,0.0,0.0,0.0,0.0,0.14285714285714285,0.14285714285714285,0.0,LOW,1
02ec2ba9-b783-418e-b51c-6325dab4b7c8,Formation finance pour non financiers - édition 0779,2026-06-08 16:45:00+00:00,PUBLISHED,Formation,GLOBAL,ONLINE,0,23,120,0,16,6,0,1,0,2,3,0,0.11761612997755218,0.14541513070924833,0.18362567459353382,0.08073778134461139,0.0708745283742485,0.0,0.0,12.0,3.0,3.0,1.0,0.0,0.0,0.0,0.0,0.25,0.08333333333333333,0.0,LOW,1
d521bfb9-b9c9-451f-8f3f-b6a598358d5c,Afterwork nouveaux arrivants - édition 0324,2026-06-08 17:00:00+00:00,CANCELLED,Afterwork,GLOBAL,ONSITE,0,19,90,0,17,6,0,1,0,2,3,0,0.10593366067642486,0.21192788096013906,0.18214482237906984,0.08029229619990842,0.06926374363847013,0.0,0.0,0.0,0.0,0.0,0.0,0.0,0.0,0.0,0.0,0.0,0.0,0.0,LOW,0
871c9efd-3dbd-49bd-8dd1-feb88a4a330c,Rencontre informelle communauté tech - Juridique - édition 0742,2026-06-08 17:15:00+00:00,PUBLISHED,Afterwork,DEPARTMENT,ONSITE,10,31,150,0,17,6,0,1,0,28,3,1,0.10251644581589502,0.20509149770336038,0.13988648090815275,0.0741159657229924,0.06772454933539301,0.0,0.0,12.0,0.0,6.0,0.0,0.0,0.0,0.0,0.0,0.0,0.0,0.0,LOW,1
1ff5c2de-aac4-464e-9dd2-9e9b72b53f66,Session pratique amélioration continue - IoT - édition 0599,2026-06-09 16:30:00+00:00,PUBLISHED,Atelier,DEPARTMENT,ONSITE,7,16,120,1,16,6,0,1,0,77,0,0,0.13070486075170532,0.1382965773722076,0.12110726643598614,0.07901995620961966,0.08617201824868463,0.0,0.0,12.0,2.0,4.0,2.0,0.0,0.0,0.0,0.0,0.16666666666666666,0.16666666666666666,0.0,LOW,1
61704030-0a72-4b31-9078-dc225b22df58,Rencontre réseau partage d’expérience - Support client - édition 0671,2026-06-10 09:45:00+00:00,PUBLISHED,Networking,DEPARTMENT,EXTERNAL,9,56,90,2,9,6,1,0,0,51,3,1,0.06506541576555565,0.18273431286094685,0.19360269360269358,0.10510785493418835,0.10428182977600142,0.0,0.0,13.0,3.0,0.0,0.0,0.0,0.0,0.0,0.0,0.23076923076923078,0.0,0.0,LOW,1
1056d451-6e2c-4e0b-ab8d-961e38beb84d,Parcours engagement onboarding culturel - Juridique - édition 0465,2026-06-10 10:30:00+00:00,CANCELLED,Culture d’entreprise,DEPARTMENT,EXTERNAL,10,245,90,2,10,6,1,0,0,28,3,1,0.062120690777622785,0.12061020181153663,0.1321150097465887,0.08475921772265241,0.10227640997261678,0.0,0.0,0.0,0.0,0.0,0.0,0.0,0.0,0.0,0.0,0.0,0.0,0.0,LOW,0
f75355fb-3584-4691-9163-4b6514c70813,Module d’apprentissage communication professionnelle - édition 0617,2026-06-10 11:15:00+00:00,PUBLISHED,Formation,DEPARTMENT,ONLINE,12,19,180,2,11,6,1,0,0,22,3,2,0.11452096866235344,0.14158841674321548,0.09030812324929972,0.08207864580291348,0.10034666638822778,0.0,0.0,13.0,3.0,1.0,0.0,0.0,0.0,0.0,0.0,0.23076923076923078,0.0,0.0,LOW,1
c0ec105f-6bd9-4ed8-a85f-36bac83c69d2,Session en ligne protection des données - édition 0770,2026-06-10 14:30:00+00:00,PUBLISHED,Webinaire,GLOBAL,ONLINE,0,61,30,2,14,6,0,1,0,2,3,0,0.04770942687832081,0.12413960049749997,0.18068766380003728,0.09847979568987955,0.09848839478844579,0.0,0.0,13.0,1.0,4.0,0.0,0.0,0.0,0.0,0.0,0.07692307692307693,0.0,0.0,LOW,1
a1c913dd-a8e7-40ce-ab91-55f2ac950992,Action RSE solidarité locale - édition 0215,2026-06-11 09:00:00+00:00,PENDING,RSE,DEPARTMENT,EXTERNAL,12,157,45,3,9,6,1,0,0,22,3,2,0.06729491250346657,0.13876567052326796,0.08683473389355742,0.10308655003160781,0.07769797822574678,0.0,0.0,0.0,0.0,0.0,0.0,0.0,0.0,0.0,0.0,0.0,0.0,0.0,LOW,0
022d15d7-0c48-452e-a724-f23c714ab3cb,Table ronde finance durable - édition 0931,2026-06-11 13:00:00+00:00,PUBLISHED,Conférence,GLOBAL,ONLINE,0,216,120,3,13,6,0,1,0,2,3,0,0.09993451439962474,0.19640835438722098,0.17925363472225922,0.0605545967806533,0.07614401866123184,0.0,0.0,13.0,3.0,4.0,0.0,0.0,0.0,0.0,0.0,0.23076923076923078,0.0,0.0,LOW,1
60897eae-9013-4e77-bb9f-9dfa22d82591,Networking rencontre métiers - Développement - édition 0115,2026-06-11 15:30:00+00:00,PUBLISHED,Networking,DEPARTMENT,ONLINE,6,158,45,3,15,6,0,1,0,103,3,1,0.06330689101513523,0.17779554764848884,0.12544492544492544,0.10698237370380598,0.0746509986874822,25.0,0.0,12.0,4.0,1.0,2.0,0.0,0.0,0.15822784810126583,0.0,0.3333333333333333,0.16666666666666666,0.0949367088607595,LOW,1
ed1a0f86-11e8-48fd-a5b7-1beef8e7499a,Afterwork finance et business - édition 0124,2026-06-11 17:15:00+00:00,CANCELLED,Afterwork,DEPARTMENT,ONSITE,8,24,120,3,17,6,0,1,0,47,3,0,0.09931280688414831,0.19868238840013036,0.1767011323867511,0.06882196817135008,0.07625824579159343,0.0,0.0,0.0,0.0,0.0,0.0,0.0,0.0,0.0,0.0,0.0,0.0,0.0,LOW,0
53c15269-f0cd-4e63-bd78-7aa8afcc6d46,Workshop design thinking - édition 0282,2026-06-12 11:30:00+00:00,PUBLISHED,Atelier,GLOBAL,ONSITE,0,41,120,4,11,6,1,0,0,2,2,0,0.12707417017526904,0.13445500577853517,0.17784218877956426,0.08071066837286492,0.04748977537082425,0.0,0.0,17.0,4.0,1.0,0.0,0.0,0.0,0.0,0.0,0.23529411764705882,0.0,0.0,LOW,1
8e83b2b3-f5d6-4e3f-b45f-832be490eea1,Module d’apprentissage analyse de données - édition 0128,2026-06-12 15:00:00+00:00,PUBLISHED,Formation,GLOBAL,ONLINE,0,44,180,4,15,6,0,1,0,2,2,0,0.11158453356844693,0.13795794451903048,0.1764527966797239,0.10809640575592466,0.04647935461825352,5.0,0.0,13.0,4.0,2.0,1.0,0.0,0.0,0.11363636363636363,0.0,0.3076923076923077,0.07692307692307693,0.06818181818181818,LOW,1
671d4c34-b02f-402a-bec6-25044f839525,Défi collaboratif résolution de problèmes - Développement - édition 0329,2026-06-12 15:15:00+00:00,PUBLISHED,Team building,DEPARTMENT,EXTERNAL,6,36,90,4,15,6,0,1,0,103,2,1,0.09830514067806082,0.14705741626794258,0.11974288337924702,0.10821427720018932,0.04787845897279749,0.0,0.0,10.0,2.0,2.0,1.0,0.0,0.0,0.0,0.0,0.2,0.1,0.0,LOW,1
f7c17814-13ad-41b8-9310-66cb2468c615,Speed meeting partage d’expérience - Support client - édition 0410,2026-06-13 10:30:00+00:00,PENDING,Networking,DEPARTMENT,EXTERNAL,9,253,90,5,10,6,1,0,0,51,2,1,0.06580481093845446,0.1731167174472128,0.1839225589225589,0.08278807312445119,0.10549204825525231,0.0,0.0,0.0,0.0,0.0,0.0,0.0,0.0,0.0,0.0,0.0,0.0,0.0,LOW,0
2673bd5f-2df3-44cb-bda1-021c4c39998b,Workshop amélioration continue - édition 0801,2026-06-13 15:00:00+00:00,DRAFT,Atelier,GLOBAL,ONSITE,0,34,180,5,15,6,0,1,0,2,2,0,0.12363973314350502,0.13082108670343962,0.17508494554267182,0.10595981309185204,0.10364131056656369,0.0,0.0,0.0,0.0,0.0,0.0,0.0,0.0,0.0,0.0,0.0,0.0,0.0,LOW,0
bb3030d5-512b-4717-9b63-cea116f7c837,Team building cohésion d’équipe - Communication interne - édition 0451,2026-06-13 16:30:00+00:00,PUBLISHED,Team building,DEPARTMENT,ONSITE,12,14,180,5,16,6,0,1,0,22,2,2,0.09557444232589246,0.14297248803827753,0.08361863263824049,0.07737370712191925,0.1018543914188643,9.0,0.0,9.0,3.0,0.0,2.0,0.0,0.0,0.6428571428571429,0.0,0.3333333333333333,0.2222222222222222,0.38571428571428573,LOW,1
d80c78c8-0d48-48b5-b5f8-320420207913,Culture d’entreprise rituels d’équipe - édition 0809,2026-06-14 11:45:00+00:00,PENDING,Culture d’entreprise,GLOBAL,EXTERNAL,0,138,45,6,11,6,1,0,0,2,1,0,0.06005000108503536,0.11658986175115207,0.17373813826926665,0.07938754266183434,0.12998823399285964,0.0,0.0,0.0,0.0,0.0,0.0,0.0,0.0,0.0,0.0,0.0,0.0,0.0,LOW,0
8d9c6d59-5a7d-4218-816c-53273525a605,Moment convivial communauté tech - édition 0675,2026-06-14 17:30:00+00:00,PUBLISHED,Afterwork,DEPARTMENT,EXTERNAL,11,109,150,6,17,6,0,1,0,24,1,0,0.09630332788765897,0.19266170996376278,0.3233173076923077,0.06423383695992674,0.12758104447447335,0.0,0.0,10.0,0.0,1.0,0.0,0.0,0.0,0.0,0.0,0.0,0.0,0.0,LOW,1
a9fa5e08-8447-4af6-8172-9cd8e2c7796f,Session en ligne cybersécurité au quotidien - édition 0598,2026-06-15 10:00:00+00:00,PUBLISHED,Webinaire,GLOBAL,ONLINE,0,182,90,0,10,6,1,0,0,2,2,0,0.046005518775523634,0.11970604333687497,0.17241189293896692,0.08090652600798638,0.06625227652375404,0.0,0.0,18.0,0.0,6.0,0.0,0.0,0.0,0.0,0.0,0.0,0.0,0.0,LOW,1
454f775c-605e-4972-9730-3e0d1c22b90d,Lab innovation idées produit - édition 0482,2026-06-15 13:15:00+00:00,DRAFT,Innovation,GLOBAL,ONSITE,0,92,120,0,13,6,0,1,0,2,2,0,0.07093398680036868,0.06403940886699508,0.1711057422348838,0.0590019148119186,0.06484265361899332,0.0,0.0,0.0,0.0,0.0,0.0,0.0,0.0,0.0,0.0,0.0,0.0,0.0,LOW,0
f75f76e1-e560-4a24-a1d2-40a469ed3cdf,Workshop design thinking - édition 0235,2026-06-15 14:30:00+00:00,REJECTED,Atelier,GLOBAL,EXTERNAL,0,73,60,0,14,6,0,1,0,2,2,0,0.12038605595551805,0.12737842652703332,0.1698192328947719,0.09613503864964432,0.06349176500193095,0.0,0.0,0.0,0.0,0.0,0.0,0.0,0.0,0.0,0.0,0.0,0.0,0.0,LOW,0
a894f308-8365-4ac2-b90d-3d55405fcc3d,Webinaire marketing digital - édition 0043,2026-06-16 09:00:00+00:00,PENDING,Webinaire,DEPARTMENT,ONLINE,11,439,60,1,9,6,1,0,0,24,3,0,0.04441912157636765,0.1155782487390517,0.3042986425339367,0.10114152078572841,0.08460525428052673,0.0,0.0,0.0,0.0,0.0,0.0,0.0,0.0,0.0,0.0,0.0,0.0,0.0,LOW,0
a5720b7c-8d0a-457a-8fca-53a0579229fc,Speed meeting réseau inter-départements - édition 0811,2026-06-16 10:00:00+00:00,PENDING,Networking,DEPARTMENT,ONSITE,3,197,120,1,10,6,1,0,0,108,3,1,0.0641175080938787,0.16867782725625863,0.0,0.07910860320780891,0.08309444616837446,0.0,0.0,0.0,0.0,0.0,0.0,0.0,0.0,0.0,0.0,0.0,0.0,0.0,LOW,0
95de39c5-7a4d-4b15-9ce9-a4e614964ab4,Webinaire outils collaboratifs - édition 0672,2026-06-16 11:15:00+00:00,REJECTED,Webinaire,GLOBAL,ONLINE,0,68,60,1,11,6,1,0,0,2,3,0,0.04293848419048873,0.11172564044774998,0.16855192518660198,0.07810709842535316,0.08163664886717491,0.0,0.0,0.0,0.0,0.0,0.0,0.0,0.0,0.0,0.0,0.0,0.0,0.0,LOW,0
6e185b9d-a907-44cd-8338-189e574c513d,Action RSE recyclage - édition 0921,2026-06-16 15:30:00+00:00,DRAFT,RSE,GLOBAL,ONSITE,0,201,45,1,15,6,0,1,0,2,3,0,0.06547613108445396,0.13501524699561207,0.16730339240744196,0.10379736792671221,0.0802291204384305,0.0,0.0,0.0,0.0,0.0,0.0,0.0,0.0,0.0,0.0,0.0,0.0,0.0,LOW,0
7498bf2c-f02f-4768-b29e-70a1359b7a49,Team building escape game interne - édition 0606,2026-06-17 11:45:00+00:00,REJECTED,Team building,GLOBAL,EXTERNAL,0,62,120,2,11,6,1,0,0,2,2,0,0.1103658666645749,0.1391083667399457,0.16607322040444605,0.07686730321225231,0.09669769670138313,0.0,0.0,0.0,0.0,0.0,0.0,0.0,0.0,0.0,0.0,0.0,0.0,0.0,LOW,0
6063acb9-f7b9-49bf-b8a7-a0318e0fca4c,Live interne IA générative - édition 0660,2026-06-17 16:15:00+00:00,PUBLISHED,Webinaire,GLOBAL,ONLINE,0,90,90,2,16,6,0,1,0,2,2,0,0.041553371797247156,0.10812158753008062,0.16486100711682236,0.08891418540222994,0.09497095211742987,0.0,0.0,15.0,2.0,0.0,1.0,0.0,0.0,0.0,0.0,0.13333333333333333,0.06666666666666667,0.0,LOW,1
dc4a978e-2c5f-4f19-8bbb-af6f4e10eac9,Moment convivial communauté tech - édition 0777,2026-06-17 19:45:00+00:00,REJECTED,Afterwork,DEPARTMENT,ONSITE,5,38,150,2,19,6,0,0,1,86,2,1,0.0934708770674337,0.18699518908247564,0.0462962962962963,0.03745059288537549,0.09330479506273812,0.0,0.0,0.0,0.0,0.0,0.0,0.0,0.0,0.0,0.0,0.0,0.0,0.0,LOW,0
57a22fbd-fb3d-4183-b17e-a631b6f5c5fe,Session bien-être gestion du stress - édition 0800,2026-06-18 09:45:00+00:00,DRAFT,Bien-être,GLOBAL,ONSITE,0,60,120,3,9,6,1,0,0,2,3,0,0.11534724274099944,0.1602494855967078,0.16366636213771496,0.09926852966006677,0.07481941096533695,0.0,0.0,0.0,0.0,0.0,0.0,0.0,0.0,0.0,0.0,0.0,0.0,0.0,LOW,0
3dc0ac63-c3bb-404a-8563-1310650d1445,Conférence culture agile - édition 0456,2026-06-18 11:00:00+00:00,PUBLISHED,Conférence,GLOBAL,ONSITE,0,120,60,3,11,6,1,0,0,2,3,0,0.09558953551268454,0.18786886071821138,0.16248890629499757,0.07566625159956086,0.0734338663178307,9.0,0.0,14.0,1.0,0.0,0.0,0.0,0.0,0.075,0.0,0.07142857142857142,0.0,0.045,LOW,1
f1b8bb23-8d66-4e52-b752-67192c43d50d,Challenge collectif créativité collective - édition 0101,2026-06-18 13:30:00+00:00,DRAFT,Team building,DEPARTMENT,ONSITE,12,15,240,3,13,6,0,1,0,22,3,2,0.10746150175234925,0.13544762024678922,0.08063225290116047,0.05752686694162064,0.07346234147568834,0.0,0.0,0.0,0.0,0.0,0.0,0.0,0.0,0.0,0.0,0.0,0.0,0.0,LOW,0
8ce0f756-4250-4d96-823d-f23fffa653d8,Rencontre réseau rencontre métiers - édition 0509,2026-06-18 15:00:00+00:00,PUBLISHED,Networking,DEPARTMENT,EXTERNAL,12,209,45,3,15,6,0,1,0,22,3,2,0.06251457039153172,0.16446088157485217,0.07785183038732735,0.10172142056817796,0.07215051394933676,10.0,0.0,12.0,7.0,0.0,0.0,0.0,0.0,0.04784688995215311,0.0,0.5833333333333334,0.0,0.028708133971291863,LOW,1
d9b896b4-64da-47a2-869c-fc2b76a37539,Session de formation SQL avancé - édition 0826,2026-06-19 11:45:00+00:00,PUBLISHED,Formation,DEPARTMENT,ONSITE,2,8,120,4,11,6,1,0,0,105,2,0,0.11163582932014482,0.13450899590605472,0.036281179138321996,0.07565600157495224,0.04690134756518937,0.0,0.0,11.0,1.0,1.0,1.0,0.0,0.0,0.0,0.0,0.09090909090909091,0.09090909090909091,0.0,LOW,1
de42b0c2-957c-43a6-ade5-13c123da28cc,Forum d’échanges forum projets - édition 0217,2026-06-19 13:00:00+00:00,PUBLISHED,Networking,GLOBAL,ONSITE,0,55,120,4,13,6,0,1,0,2,2,0,0.062156822088132245,0.16044964056083139,0.16132827125003332,0.05612377262597135,0.04596332061388558,0.0,0.0,11.0,1.0,2.0,1.0,0.0,0.0,0.0,0.0,0.09090909090909091,0.09090909090909091,0.0,LOW,1
a2b3b8cf-bd9c-43be-af17-212fb0f24e0a,Session de formation contrats et conformité - IoT - édition 0246,2026-06-19 15:45:00+00:00,PUBLISHED,Formation,DEPARTMENT,ONSITE,7,23,120,4,15,6,0,1,0,77,2,1,0.10891300421477543,0.13122828868883388,0.11437908496732024,0.1006650572227657,0.04506207903322116,3.0,0.0,14.0,2.0,2.0,0.0,0.0,0.0,0.13043478260869565,0.0,0.14285714285714285,0.0,0.07826086956521738,LOW,1
435b25d0-1615-4477-9b67-f397fdded607,Atelier prise de parole - édition 0283,2026-06-20 09:45:00+00:00,PENDING,Atelier,GLOBAL,ONSITE,0,19,180,5,9,6,1,0,0,2,2,0,0.11729923400794065,0.12411231302634015,0.16018409911350825,0.09746364730261102,0.11102392957883514,0.0,0.0,0.0,0.0,0.0,0.0,0.0,0.0,0.0,0.0,0.0,0.0,0.0,LOW,0
ad2e50c2-1771-47ad-b9b5-fcaafafee36f,Pause prévention respiration et concentration - édition 0074,2026-06-20 11:30:00+00:00,PUBLISHED,Bien-être,DEPARTMENT,ONSITE,8,7,45,5,11,6,1,0,0,47,2,0,0.1122297496939454,0.1559184184184184,0.1701566460020566,0.07450969852078629,0.10917353075252122,0.0,0.0,15.0,0.0,4.0,1.0,0.0,0.0,0.0,0.0,0.0,0.06666666666666667,0.0,LOW,1
e63308c4-1e2d-4c98-be48-d37b7b748506,Session pratique gestion des priorités - édition 0862,2026-06-20 14:15:00+00:00,CANCELLED,Atelier,GLOBAL,ONLINE,0,8,90,5,14,6,0,1,0,2,2,0,0.11436675315774214,0.12100950520068166,0.15905604207749763,0.09389934007639678,0.1073838007401848,0.0,0.0,0.0,0.0,0.0,0.0,0.0,0.0,0.0,0.0,0.0,0.0,0.0,LOW,0
d2541a10-9973-4656-8df3-4d62f0403a71,Session valeurs feedback et transparence - édition 0615,2026-06-21 11:45:00+00:00,PUBLISHED,Culture d’entreprise,DEPARTMENT,ONSITE,7,238,45,6,11,6,1,0,0,77,3,1,0.05811290427584067,0.11282889846885685,0.10835913312693497,0.07339761346823724,0.12526138912039203,0.0,0.0,18.0,2.0,4.0,0.0,0.0,0.0,0.0,0.0,0.1111111111111111,0.0,0.0,LOW,1
fa49e32f-86f1-4580-8685-d9d6d3613c26,Pause prévention respiration et concentration - édition 0760,2026-06-21 14:15:00+00:00,PUBLISHED,Bien-être,DEPARTMENT,ONLINE,5,31,60,6,14,6,0,1,0,86,3,1,0.10927633522831526,0.1518153021442495,0.04385964912280702,0.09176526416556957,0.12302457860038503,0.0,0.0,16.0,3.0,2.0,0.0,0.0,0.0,0.0,0.0,0.1875,0.0,0.0,LOW,1
2872a251-8e7c-4720-a8a3-d5e7b49432e1,Challenge collectif défi inter-départements - Communication interne - édition 0605,2026-06-21 16:15:00+00:00,DRAFT,Team building,DEPARTMENT,ONSITE,12,52,180,6,16,6,0,1,0,22,3,2,0.10470607863049415,0.1319746043430254,0.07525676937441643,0.08713590169418534,0.12086625266002739,0.0,0.0,0.0,0.0,0.0,0.0,0.0,0.0,0.0,0.0,0.0,0.0,0.0,LOW,0
cd2dfac3-7fe1-4edc-9241-30a280b5a20d,Soirée réseau innovation - Finance - édition 0079,2026-06-21 19:15:00+00:00,PUBLISHED,Afterwork,DEPARTMENT,ONSITE,3,87,120,6,19,6,0,0,1,108,3,1,0.09080028057979274,0.1816524693944049,0.0,0.03404599353215954,0.11878235175209588,35.0,0.0,14.0,5.0,1.0,0.0,0.0,0.0,0.40229885057471265,0.0,0.35714285714285715,0.0,0.24137931034482757,LOW,1
cf4d3adc-c65e-421f-a41d-2b48d15a35ed,Session valeurs ambassadeurs culture - édition 0893,2026-06-22 09:00:00+00:00,REJECTED,Culture d’entreprise,DEPARTMENT,ONLINE,12,82,90,0,9,6,1,0,0,22,4,3,0.05629687601722065,0.10930299539170507,0.07282913165266107,0.09572322502935011,0.062196014695769096,0.0,0.0,0.0,0.0,0.0,0.0,0.0,0.0,0.0,0.0,0.0,0.0,0.0,LOW,0
fc54b27b-c16a-4d89-9220-dbe242dd8791,Module d’apprentissage communication professionnelle - édition 0581,2026-06-22 09:00:00+00:00,PUBLISHED,Formation,DEPARTMENT,ONSITE,10,50,90,0,9,6,1,0,0,28,4,1,0.10942542750986876,0.12810380562481402,0.12516158818097878,0.0940438702042738,0.060952094401853715,0.0,0.0,13.0,4.0,2.0,1.0,0.0,0.0,0.0,0.0,0.3076923076923077,0.07692307692307693,0.0,LOW,1
08a66393-7f7c-4737-8da1-71c6f72f340c,Atelier RSE achats responsables - édition 0323,2026-06-22 10:15:00+00:00,PUBLISHED,RSE,GLOBAL,ONSITE,0,151,60,0,10,6,1,0,0,2,4,0,0.06375307500328412,0.13146221417993809,0.15794376206296967,0.07738885096416089,0.05975695529593501,0.0,0.0,9.0,2.0,2.0,0.0,0.0,0.0,0.0,0.0,0.2222222222222222,0.0,0.0,LOW,1
b392e6a7-971b-48a9-b46a-e3bf764cfdd9,Formation cybersécurité - édition 0168,2026-06-22 15:00:00+00:00,PUBLISHED,Formation,GLOBAL,ONSITE,0,75,180,0,15,6,0,1,0,2,4,0,0.10688065012591833,0.12512464735446951,0.15684693038197683,0.10123755194172589,0.0586077830787055,0.0,0.0,12.0,2.0,2.0,0.0,0.0,0.0,0.0,0.0,0.16666666666666666,0.0,0.0,LOW,1
f53d95cf-d7de-4deb-91dc-8dd8bd6d3821,Lab innovation innovation ouverte - édition 0138,2026-06-22 15:45:00+00:00,PUBLISHED,Innovation,GLOBAL,ONSITE,0,90,120,0,15,6,0,1,0,2,4,0,0.06856952057368973,0.06190476190476191,0.15576522741382526,0.09932740945225936,0.05750197585080539,0.0,0.0,17.0,1.0,0.0,0.0,0.0,0.0,0.0,0.0,0.058823529411764705,0.0,0.0,LOW,1
89e63b1c-1544-4b2e-a258-3b90348d4022,Keynote interne expérience client - Finance - édition 0153,2026-06-23 09:45:00+00:00,CANCELLED,Conférence,DEPARTMENT,ONLINE,3,173,60,1,9,6,1,0,0,108,1,0,0.09473163819965598,0.18004099152161923,0.0,0.09242242416626907,0.07886930483777914,0.0,0.0,0.0,0.0,0.0,0.0,0.0,0.0,0.0,0.0,0.0,0.0,0.0,LOW,0
bbdff216-f0bc-45b9-b441-6a20671cd1b2,Atelier collaboratif gestion budgétaire - édition 0403,2026-06-23 16:00:00+00:00,PUBLISHED,Atelier,DEPARTMENT,ONSITE,8,36,60,1,16,6,0,1,0,47,1,0,0.11157732015389477,0.11805805385432357,0.1640796229305546,0.0854273546021425,0.07755481642381616,0.0,0.0,15.0,4.0,3.0,0.0,0.0,0.0,0.0,0.0,0.26666666666666666,0.0,0.0,LOW,1
88afc1a0-a52d-4e22-9e66-ee302f27df17,Conférence transformation digitale - édition 0379,2026-06-24 09:45:00+00:00,PENDING,Conférence,GLOBAL,ONLINE,0,137,120,2,9,6,1,0,0,2,4,0,0.09094237267166974,0.17283935186075447,0.15469834229455248,0.09085594240073909,0.09169609169958745,0.0,0.0,0.0,0.0,0.0,0.0,0.0,0.0,0.0,0.0,0.0,0.0,0.0,LOW,0
ac514cb3-9a08-45aa-9111-f46d265bf62f,Pause prévention ergonomie au travail - Communication interne - édition 0248,2026-06-24 10:00:00+00:00,PUBLISHED,Bien-être,DEPARTMENT,ONSITE,12,59,60,2,10,6,1,0,0,22,4,3,0.10647437791476871,0.14792260208926875,0.0705532212885154,0.07574227966705108,0.09014192065383174,0.0,0.0,11.0,1.0,0.0,0.0,0.0,0.0,0.0,0.0,0.09090909090909091,0.0,0.0,LOW,1
b86f0384-24f6-46df-93c3-86be246fbab3,Module d’apprentissage cybersécurité - Ventes - édition 0415,2026-06-24 11:45:00+00:00,PUBLISHED,Formation,DEPARTMENT,ONSITE,5,29,120,2,11,6,1,0,0,86,4,0,0.10445154444123837,0.12228090536914066,0.04166666666666667,0.0723182367995867,0.0886395553096012,16.0,0.0,17.0,5.0,1.0,2.0,0.0,0.0,0.5517241379310345,0.0,0.29411764705882354,0.11764705882352941,0.3310344827586207,LOW,1
658e02f3-c88a-48e7-9cf0-23d49cadbc0e,Présentation digitale outils collaboratifs - édition 0121,2026-06-24 16:30:00+00:00,DRAFT,Webinaire,GLOBAL,ONLINE,0,455,90,2,16,6,0,1,0,2,4,0,0.04025482892858318,0.1047427879197656,0.15364597261907934,0.0837845208597936,0.0962311058443788,0.0,0.0,0.0,0.0,0.0,0.0,0.0,0.0,0.0,0.0,0.0,0.0,0.0,LOW,0
7107a2b6-2374-4d39-8142-66f4bc5c0e94,Moment convivial finance et business - édition 0520,2026-06-24 17:30:00+00:00,PUBLISHED,Afterwork,GLOBAL,ONSITE,0,70,120,2,17,6,0,1,0,2,4,0,0.09945301863520718,0.17660656746678255,0.15260782415543692,0.06021922214993132,0.0946789912339856,33.0,0.0,19.0,1.0,2.0,1.0,0.0,0.0,0.4714285714285714,0.0,0.05263157894736842,0.05263157894736842,0.28285714285714286,LOW,1
3f064adf-423b-4b65-b800-8cbdeebc74b6,Parcours pratique SQL avancé - édition 0538,2026-06-25 09:15:00+00:00,PUBLISHED,Formation,DEPARTMENT,ONLINE,12,23,90,3,9,6,1,0,0,22,4,3,0.11439093540767828,0.11956355191649308,0.06841524488583312,0.0893416766940601,0.0717241345809651,2.0,0.0,12.0,2.0,0.0,3.0,0.0,0.0,0.08695652173913043,0.0,0.16666666666666666,0.25,0.05217391304347826,LOW,1
d9e6e336-7cef-4f7f-b0fb-17eb2f494362,Atelier prise de parole - édition 0534,2026-06-25 11:45:00+00:00,CANCELLED,Atelier,GLOBAL,ONLINE,0,37,60,3,11,6,1,0,0,2,4,0,0.10892071729308775,0.115247147810173,0.1515836105705011,0.07926614841018739,0.07198676194576106,0.0,0.0,0.0,0.0,0.0,0.0,0.0,0.0,0.0,0.0,0.0,0.0,0.0,LOW,0
6bca5fa5-7831-4b21-991b-2bf2caa02dd7,Pause prévention nutrition et énergie - édition 0094,2026-06-25 16:15:00+00:00,PENDING,Bien-être,GLOBAL,EXTERNAL,0,28,45,3,16,6,0,1,0,2,4,0,0.1038125184668995,0.14422453703703703,0.15057305316669775,0.08220368084357108,0.07076664733651088,0.0,0.0,0.0,0.0,0.0,0.0,0.0,0.0,0.0,0.0,0.0,0.0,0.0,LOW,0
9a9a188f-6e26-4151-954b-6e36fc2de01e,Formation DevOps - édition 0706,2026-06-25 16:45:00+00:00,PUBLISHED,Formation,GLOBAL,ONSITE,0,9,120,3,16,6,0,1,0,2,4,0,0.11379453511053594,0.11696434426613454,0.14957588062916996,0.08068139045757902,0.0695872032142357,0.0,0.0,13.0,0.0,3.0,0.0,0.0,0.0,0.0,0.0,0.0,0.0,0.0,LOW,1
47dd6aba-71ee-413c-9e89-1201e9c52892,Rencontre informelle convivialité - édition 0028,2026-06-25 19:00:00+00:00,PUBLISHED,Afterwork,DEPARTMENT,ONSITE,12,69,90,3,19,6,0,0,1,22,4,3,0.10950641195394675,0.17183341699470733,0.06640303180095568,0.06473373161903896,0.0684464293910515,0.0,0.0,11.0,1.0,2.0,0.0,0.0,0.0,0.0,0.0,0.09090909090909091,0.0,0.0,LOW,1
a68d1d6d-78d0-419e-add9-752e32804859,Hackathon expérimentation digitale - Support client - édition 0015,2026-06-26 09:30:00+00:00,DRAFT,Innovation,DEPARTMENT,ONSITE,9,66,60,4,9,6,1,0,0,51,2,0,0.06635760055518361,0.05990783410138249,0.17516434183100849,0.08930257579315962,0.04670386179428798,0.0,0.0,0.0,0.0,0.0,0.0,0.0,0.0,0.0,0.0,0.0,0.0,0.0,LOW,0
4df048b1-328d-4e4e-94fc-9c165c10890d,Networking petit-déjeuner business - édition 0506,2026-06-26 14:45:00+00:00,PENDING,Networking,DEPARTMENT,ONLINE,4,169,90,4,14,6,0,1,0,71,2,0,0.06067689775270052,0.15662941102366873,0.270811403508772,0.08972603607300136,0.04582265685477312,0.0,0.0,0.0,0.0,0.0,0.0,0.0,0.0,0.0,0.0,0.0,0.0,0.0,LOW,0
20e375da-b8ae-4f7d-bf94-de852a6d05dd,Soirée réseau réseau interne - édition 0369,2026-06-26 17:00:00+00:00,DRAFT,Afterwork,GLOBAL,ONLINE,0,104,90,4,17,6,0,1,0,2,2,0,0.10662466427094815,0.16731148496853082,0.14859182878292543,0.08440800740161603,0.04497408913524028,0.0,0.0,0.0,0.0,0.0,0.0,0.0,0.0,0.0,0.0,0.0,0.0,0.0,LOW,0
ab44a7f3-cd0e-4510-9087-f61a9a4118f5,Rencontre santé au travail respiration et concentration - Ressources humaines - édition 0114,2026-06-27 09:00:00+00:00,DRAFT,Bien-être,DEPARTMENT,EXTERNAL,2,23,45,5,9,6,1,0,0,105,2,0,0.10128050582136536,0.14070686540198732,0.03463203463203463,0.0878622116674635,0.10565180395405278,0.0,0.0,0.0,0.0,0.0,0.0,0.0,0.0,0.0,0.0,0.0,0.0,0.0,LOW,0
fba90d2b-47c6-4942-b669-012f46bcb1d5,Rencontre santé au travail gestion du stress - édition 0978,2026-06-27 11:00:00+00:00,PUBLISHED,Bien-être,GLOBAL,ONSITE,0,10,45,5,11,6,1,0,0,2,2,0,0.09886906520657095,0.13735670194003524,0.14762064035950762,0.07813377486147043,0.10397479119287735,0.0,0.0,11.0,1.0,1.0,1.0,0.0,0.0,0.0,0.0,0.09090909090909091,0.09090909090909091,0.0,LOW,1
94ddbe2f-ee92-4552-910a-af4a72feffe1,Atelier RSE économie d’énergie - édition 0665,2026-06-27 16:45:00+00:00,PUBLISHED,RSE,GLOBAL,ONSITE,0,95,90,5,16,6,0,1,0,2,2,0,0.062118380772430676,0.12809138817532428,0.14666206477275756,0.07921445608562304,0.10235018508048865,0.0,0.0,11.0,1.0,2.0,0.0,0.0,0.0,0.0,0.0,0.09090909090909091,0.0,0.0,LOW,1
01a46f68-4817-488b-951a-78b9eb42f5b5,Rencontre expert finance durable - édition 0640,2026-06-28 09:15:00+00:00,PENDING,Conférence,GLOBAL,EXTERNAL,0,58,120,6,9,6,1,0,0,2,3,0,0.08744458910737475,0.16619168448149468,0.1457158579032559,0.08646757338702757,0.1235877161389199,0.0,0.0,0.0,0.0,0.0,0.0,0.0,0.0,0.0,0.0,0.0,0.0,0.0,LOW,0
8af54406-4b29-4c2a-8ecd-9baaf0006dcc,Formation contrats et conformité - édition 0543,2026-06-28 11:30:00+00:00,PUBLISHED,Formation,DEPARTMENT,ONSITE,7,12,90,6,11,6,1,0,0,77,3,0,0.11137337478903518,0.11447574119664232,0.10294117647058823,0.0770332991591962,0.1215279208699379,0.0,0.0,16.0,3.0,2.0,1.0,0.0,0.0,0.0,0.0,0.1875,0.0625,0.0,LOW,1
85576ff6-bdf1-47ff-9955-c3c3f57fbcc1,Culture d’entreprise valeurs et vision - édition 0624,2026-06-28 13:00:00+00:00,PUBLISHED,Culture d’entreprise,GLOBAL,ONLINE,0,135,60,6,13,6,0,1,0,2,3,0,0.05459091007730488,0.10599078341013825,0.14478178189105553,0.05478749232535299,0.11953565987207007,18.0,0.0,12.0,2.0,4.0,1.0,0.0,0.0,0.13333333333333333,0.0,0.16666666666666666,0.08333333333333333,0.08,LOW,1
d136bb84-d2a1-46da-a37a-033437431788,Challenge innovation hackathon interne - édition 0938,2026-06-28 15:30:00+00:00,PUBLISHED,Innovation,DEPARTMENT,ONSITE,10,61,120,6,15,6,0,1,0,28,3,1,0.06428392553783412,0.05803571428571429,0.11890350877192983,0.09748801298092122,0.11975820299241303,0.0,0.0,13.0,2.0,1.0,0.0,0.0,0.0,0.0,0.0,0.15384615384615385,0.0,0.0,LOW,1
fe471105-6b05-4bb1-b4ee-21e4f88bc519,Team building challenge collaboratif - édition 0734,2026-06-29 09:00:00+00:00,PUBLISHED,Team building,DEPARTMENT,EXTERNAL,5,15,90,0,9,6,1,0,0,86,4,0,0.10208842666473177,0.12867523923444976,0.03968253968253969,0.08511651755285526,0.05643712444616084,3.0,0.0,17.0,2.0,3.0,0.0,0.0,0.0,0.2,0.0,0.11764705882352941,0.0,0.12,LOW,1
3783fdce-4a8c-4a31-8fee-23b415086ef7,Journée responsable réduction carbone - Développement - édition 0300,2026-06-29 09:15:00+00:00,PENDING,RSE,DEPARTMENT,ONSITE,6,56,90,0,9,6,1,0,0,103,4,1,0.06056542125311991,0.12488910347094118,0.11453667105841019,0.0868839557443498,0.059047358547139744,0.0,0.0,0.0,0.0,0.0,0.0,0.0,0.0,0.0,0.0,0.0,0.0,0.0,LOW,0
2620e7aa-e2ac-48cd-b55a-9caacb0a7b29,Atelier innovation lab IA - édition 0894,2026-06-29 11:15:00+00:00,CANCELLED,Innovation,GLOBAL,ONSITE,0,58,120,0,11,6,1,0,0,2,4,0,0.062335927794263384,0.05627705627705628,0.14385960493633543,0.07596339222642959,0.057992941430226534,0.0,0.0,0.0,0.0,0.0,0.0,0.0,0.0,0.0,0.0,0.0,0.0,0.0,LOW,0
c0735008-8ac7-4fe4-88c9-117f68ce15af,Atelier amélioration continue - édition 0183,2026-06-29 16:45:00+00:00,REJECTED,Atelier,GLOBAL,ONLINE,0,31,60,0,16,6,0,1,0,2,4,0,0.1063876773560392,0.11256698158202945,0.14294910110762446,0.07779991222695119,0.05697552140513484,0.0,0.0,0.0,0.0,0.0,0.0,0.0,0.0,0.0,0.0,0.0,0.0,0.0,LOW,0
06163252-93fc-40f0-bab8-75129d5bea11,Webinaire IA générative - édition 0090,2026-06-29 16:45:00+00:00,PUBLISHED,Webinaire,DEPARTMENT,ONLINE,6,176,90,0,16,6,0,1,0,103,4,1,0.039034985627717025,0.10156876404340907,0.10976430976430977,0.07643500148612749,0.05599318482918424,0.0,0.0,11.0,1.0,0.0,0.0,0.0,0.0,0.0,0.0,0.09090909090909091,0.0,0.0,LOW,1
95565a14-fd85-44c6-89f6-56877f9ef4e9,Session pratique idéation produit - édition 0677,2026-06-30 10:00:00+00:00,PUBLISHED,Atelier,DEPARTMENT,ONLINE,1,48,120,1,10,6,1,0,0,194,1,2,0.1039697755979474,0.11000864109152877,0.14306769270901265,0.07416431550732085,0.07628342599063884,18.0,0.0,14.0,2.0,1.0,0.0,0.0,0.0,0.375,0.0,0.14285714285714285,0.0,0.22499999999999998,LOW,1
963de632-17f0-4822-85a5-47f1d8fe9a10,Atelier innovation innovation ouverte - édition 0029,2026-06-30 15:30:00+00:00,DRAFT,Innovation,DEPARTMENT,ONLINE,7,13,90,1,15,6,0,1,0,77,1,0,0.060502518153255636,0.0546218487394958,0.0980392156862745,0.09571550365399538,0.08110143524885434,0.0,0.0,0.0,0.0,0.0,0.0,0.0,0.0,0.0,0.0,0.0,0.0,0.0,LOW,0
693231ef-bb2f-408c-be9f-eee0768b9255,Défi collaboratif escape game interne - édition 0199,2026-07-01 09:00:00+00:00,PUBLISHED,Team building,GLOBAL,ONLINE,0,24,240,2,9,7,1,0,0,2,1,0,0.10447651381925051,0.12553681876531686,0.14205005015726205,0.08556753217246571,0.10065914330056633,3.0,0.0,22.0,2.0,6.0,1.0,0.0,0.0,0.125,0.0,0.09090909090909091,0.045454545454545456,0.075,LOW,1
d07fd5cb-44a5-49bd-918c-e14029eb1a30,Session bien-être respiration et concentration - édition 0973,2026-07-01 14:30:00+00:00,DRAFT,Bien-être,GLOBAL,ONSITE,0,44,45,2,14,7,0,1,0,2,1,0,0.09656978462037162,0.13416236003445303,0.14116223734377914,0.08777547007141438,0.10103946918649498,0.0,0.0,0.0,0.0,0.0,0.0,0.0,0.0,0.0,0.0,0.0,0.0,0.0,LOW,0
b795d19a-2804-45fe-9430-4a0d0abdbda2,Parcours pratique gestion de projet - Informatique - édition 0939,2026-07-02 15:45:00+00:00,DRAFT,Formation,DEPARTMENT,ONSITE,1,77,120,3,15,7,0,1,0,194,0,2,0.10905309614759695,0.11209082992171227,0.13511948755851194,0.09400629823160263,0.0673424547234539,0.0,0.0,0.0,0.0,0.0,0.0,0.0,0.0,0.0,0.0,0.0,0.0,0.0,LOW,0
6272412f-88a3-4ecc-b97d-dd3179d8bb18,Challenge collectif défi inter-départements - Support client - édition 0034,2026-07-03 09:45:00+00:00,PUBLISHED,Team building,DEPARTMENT,ONSITE,9,34,120,4,9,7,1,0,0,51,1,1,0.1049651682521255,0.12254784688995216,0.16720232629323536,0.08615607646839907,0.044156378423690454,0.0,0.0,8.0,3.0,2.0,2.0,0.0,0.0,0.0,0.0,0.375,0.25,0.0,LOW,1
188d1d7b-4047-456e-aa21-9a02c8aef7f7,Parcours engagement valeurs et vision - Informatique - édition 0365,2026-07-03 11:15:00+00:00,CANCELLED,Culture d’entreprise,DEPARTMENT,ONSITE,1,210,45,4,11,7,1,0,0,194,1,2,0.05690686370248218,0.10287340742748713,0.12800793558174817,0.07492279781236891,0.043367871666124554,0.0,0.0,0.0,0.0,0.0,0.0,0.0,0.0,0.0,0.0,0.0,0.0,0.0,LOW,0
afb200a6-0db9-47d9-81dc-668cf0ffd251,Webinaire reporting financier - édition 0553,2026-07-04 09:00:00+00:00,PUBLISHED,Webinaire,DEPARTMENT,ONLINE,10,219,30,5,9,7,1,0,0,28,3,0,0.03788689781513711,0.09858144745389703,0.11324143692564746,0.08488907534386378,0.10077556684848113,19.0,0.0,12.0,7.0,1.0,0.0,0.0,0.0,0.0867579908675799,0.0,0.5833333333333334,0.0,0.05205479452054794,LOW,1
59d6066c-cf48-4f77-8c18-e7d46be72a04,Challenge collectif escape game interne - Qualité - édition 0544,2026-07-04 11:00:00+00:00,PUBLISHED,Team building,DEPARTMENT,ONSITE,8,40,120,5,11,7,1,0,0,47,3,0,0.10252411782765747,0.11969789696227885,0.1584217048984665,0.07391032757166122,0.100563179333619,0.0,0.0,8.0,1.0,0.0,0.0,0.0,0.0,0.0,0.0,0.125,0.0,0.0,LOW,1
ac12dac1-15b9-4ac5-9dd0-52cc9c25cf13,Live interne IA générative - édition 0513,2026-07-04 11:45:00+00:00,PUBLISHED,Webinaire,DEPARTMENT,ONLINE,3,461,60,5,11,7,1,0,0,108,3,0,0.039283214759492625,0.09576483466949998,0.0,0.0729248565373724,0.09906223635849035,0.0,0.0,10.0,2.0,4.0,0.0,0.0,0.0,0.0,0.0,0.2,0.0,0.0,LOW,1
13a426df-3f85-4704-8d38-6f0f72a348da,Rencontre réseau experts internes - édition 0103,2026-07-04 15:45:00+00:00,CANCELLED,Networking,DEPARTMENT,ONLINE,9,42,90,5,15,7,0,1,0,51,3,1,0.05926580710728888,0.15298686658125782,0.15993265993265993,0.0923570649292938,0.09760543876498314,0.0,0.0,0.0,0.0,0.0,0.0,0.0,0.0,0.0,0.0,0.0,0.0,0.0,LOW,0
55b011e8-96ef-456b-a43f-e9c50fb357b2,Workshop feedback constructif - édition 0166,2026-07-05 09:00:00+00:00,CANCELLED,Atelier,GLOBAL,EXTERNAL,0,67,120,6,9,7,1,0,0,2,0,0,0.10999266947354856,0.10756400462282814,0.1402854532608985,0.08491616107609154,0.1178572791353906,0.0,0.0,0.0,0.0,0.0,0.0,0.0,0.0,0.0,0.0,0.0,0.0,0.0,LOW,0
0f5fb016-b023-4cb2-92d1-aef3c93d6fe7,Rencontre expert finance durable - édition 0859,2026-07-06 13:00:00+00:00,PENDING,Conférence,DEPARTMENT,ONSITE,3,227,60,0,13,7,0,1,0,108,3,2,0.08420590062191644,0.16003643690810598,0.0,0.056614139790654855,0.05504414779818111,0.0,0.0,0.0,0.0,0.0,0.0,0.0,0.0,0.0,0.0,0.0,0.0,0.0,LOW,0
e5e8e107-d2ec-4718-850f-26f28a79aa2d,Table ronde transformation digitale - édition 0276,2026-07-06 13:45:00+00:00,PUBLISHED,Conférence,GLOBAL,ONSITE,0,213,45,0,13,7,0,1,0,2,3,0,0.08119854702827656,0.15432084987567363,0.13941949367286827,0.0553274547954127,0.054126745334878094,54.0,0.0,9.0,1.0,2.0,1.0,0.0,0.0,0.2535211267605634,0.0,0.1111111111111111,0.1111111111111111,0.15211267605633802,LOW,1
6dfa4b6c-5b6a-4343-a1e0-99c86507b4a2,Hackathon prototypage rapide - édition 0041,2026-07-06 14:45:00+00:00,PUBLISHED,Innovation,GLOBAL,EXTERNAL,0,40,45,0,14,7,0,1,0,2,3,0,0.05877387477744833,0.05306122448979592,0.1385641593558568,0.08590790687840556,0.05739550568611884,2.0,0.0,7.0,0.0,1.0,0.0,0.0,0.0,0.05,0.0,0.0,0.0,0.03,LOW,1
232fbcbe-bd4b-4153-8f4d-8e9a0c4232ac,Table ronde IoT industriel - édition 0767,2026-07-06 15:30:00+00:00,REJECTED,Conférence,DEPARTMENT,ONSITE,12,208,45,0,15,7,0,1,0,22,3,0,0.08714070495007956,0.1489994412592711,0.06450580232092837,0.0907647017408577,0.057276223336342726,0.0,0.0,0.0,0.0,0.0,0.0,0.0,0.0,0.0,0.0,0.0,0.0,0.0,LOW,0
201891f5-9c35-42da-8474-89570e1c8a07,Challenge collectif défi inter-départements - édition 0539,2026-07-07 11:30:00+00:00,PENDING,Team building,GLOBAL,ONSITE,0,51,90,1,11,7,1,0,0,2,1,0,0.10019402424066524,0.11697749021313615,0.13771925594515036,0.07196531895135434,0.07981411087982491,0.0,0.0,0.0,0.0,0.0,0.0,0.0,0.0,0.0,0.0,0.0,0.0,0.0,LOW,0
692c4084-6937-47d1-87a6-30c7aa02f087,Atelier cohésion créativité collective - édition 0971,2026-07-07 13:30:00+00:00,PUBLISHED,Team building,GLOBAL,EXTERNAL,0,32,90,1,13,7,0,1,0,2,1,0,0.09796749036865046,0.11437799043062201,0.13688459378790704,0.059731758616860496,0.07856701539732766,13.0,0.0,15.0,2.0,1.0,0.0,0.0,0.0,0.40625,0.0,0.13333333333333333,0.0,0.24375,LOW,1
96d02c0d-4080-4522-909b-5b97fea7b4f7,Afterwork nouveaux arrivants - Support client - édition 0233,2026-07-08 18:00:00+00:00,PUBLISHED,Afterwork,DEPARTMENT,EXTERNAL,9,99,150,2,18,7,0,0,1,51,0,1,0.10389069852041101,0.16302144689241466,0.15326879910213242,0.2299995421300112,0.09948501581439506,0.0,0.0,9.0,4.0,1.0,0.0,0.0,0.0,0.0,0.0,0.4444444444444444,0.0,0.0,LOW,1
0f44ec14-e8d6-4a67-9723-de29c44b9fb4,Atelier RSE inclusion - Finance - édition 0371,2026-07-09 11:45:00+00:00,DRAFT,RSE,DEPARTMENT,ONLINE,3,141,120,3,11,7,1,0,0,108,0,2,0.059088215856702354,0.12184302777652797,0.0,0.07103070441951857,0.06627352687070066,0.0,0.0,0.0,0.0,0.0,0.0,0.0,0.0,0.0,0.0,0.0,0.0,0.0,LOW,0
19957834-8320-4fe6-b7ae-e18903e54acb,Webinaire protection des données - édition 0920,2026-07-10 10:15:00+00:00,PUBLISHED,Webinaire,GLOBAL,ONLINE,0,178,90,4,10,7,1,0,0,2,4,0,0.03819201434950672,0.09310470037312497,0.1360599878012329,0.08030381927247757,0.0426070318123329,0.0,0.0,14.0,4.0,2.0,0.0,0.0,0.0,0.0,0.0,0.2857142857142857,0.0,0.0,LOW,1
5dc337da-1964-4bb6-91bf-e70cc0f2c12c,Workshop prise de parole - édition 0380,2026-07-10 10:15:00+00:00,PUBLISHED,Atelier,GLOBAL,EXTERNAL,0,74,90,4,10,7,1,0,0,2,4,0,0.10760152448499316,0.10522565669624492,0.13524525733535725,0.07869774288702802,0.04187242781556853,25.0,0.0,7.0,0.0,0.0,1.0,0.0,0.0,0.33783783783783783,0.0,0.0,0.14285714285714285,0.2027027027027027,LOW,1
ed994be6-c5ff-4cc2-9971-f4e35b96ac21,Challenge collectif confiance et coopération - Support client - édition 0580,2026-07-10 10:15:00+00:00,PENDING,Team building,DEPARTMENT,ONSITE,9,26,180,4,10,7,1,0,0,51,4,1,0.1046692840562885,0.1118915123777824,0.14713804713804712,0.08377892121939684,0.04688879069730191,0.0,0.0,0.0,0.0,0.0,0.0,0.0,0.0,0.0,0.0,0.0,0.0,0.0,LOW,0
b5e0f44e-3011-4bd8-a218-f802536f8ce6,Atelier innovation hackathon interne - Finance - édition 0786,2026-07-10 14:45:00+00:00,PUBLISHED,Innovation,DEPARTMENT,ONLINE,3,34,45,4,14,7,0,1,0,108,4,2,0.05853015603363032,0.05158730158730159,0.0,0.08515982548510544,0.04610731085234688,0.0,0.0,8.0,2.0,0.0,1.0,0.0,0.0,0.0,0.0,0.25,0.125,0.0,LOW,1
758ff227-9cbb-4afd-9df0-d5342433a330,Rencontre réseau rencontre métiers - édition 0729,2026-07-10 14:45:00+00:00,PUBLISHED,Networking,GLOBAL,ONLINE,0,178,120,4,14,7,0,1,0,2,4,0,0.05791885694575959,0.1495098923407747,0.13444022604169442,0.08342186986296043,0.045351453297390376,0.0,0.0,22.0,6.0,4.0,2.0,0.0,0.0,0.0,0.0,0.2727272727272727,0.09090909090909091,0.0,LOW,1
9e3368ce-c38e-48c7-9dad-399e86a0e12f,Culture d’entreprise ambassadeurs culture - édition 0904,2026-07-11 11:15:00+00:00,PUBLISHED,Culture d’entreprise,GLOBAL,EXTERNAL,0,106,60,5,11,7,1,0,0,2,2,0,0.05528095331098269,0.0999341672152732,0.1336447217455897,0.07012005436285808,0.09619086718867903,37.0,0.0,10.0,0.0,3.0,1.0,0.0,0.0,0.3490566037735849,0.0,0.0,0.1,0.20943396226415092,LOW,1
ab2ce376-28e6-49bb-ad6b-a99bf765862d,Parcours engagement rituels d’équipe - édition 0012,2026-07-11 14:15:00+00:00,PENDING,Culture d’entreprise,DEPARTMENT,ONSITE,10,88,120,5,14,7,0,1,0,28,2,0,0.06344138804605498,0.09715821812596007,0.10809409888357258,0.08175343246570123,0.09980323485417769,0.0,0.0,0.0,0.0,0.0,0.0,0.0,0.0,0.0,0.0,0.0,0.0,0.0,LOW,0
5a36874b-683f-4765-8804-3d5480458aeb,Atelier cohésion sport d’équipe - édition 0430,2026-07-11 16:30:00+00:00,PUBLISHED,Team building,GLOBAL,EXTERNAL,0,67,90,5,16,7,0,1,0,2,2,0,0.10244227801253768,0.10951084190165937,0.13285857632355683,0.0751171566329184,0.09839755549003434,0.0,0.0,13.0,3.0,2.0,0.0,0.0,0.0,0.0,0.0,0.23076923076923078,0.0,0.0,LOW,1
70403c43-592e-4e81-9109-c43b88eaa9b9,Formation SQL avancé - édition 0091,2026-07-12 09:30:00+00:00,PUBLISHED,Formation,GLOBAL,ONSITE,0,49,60,6,9,7,1,0,0,2,1,0,0.10682752275682966,0.1098032619641263,0.1320816255848226,0.08370307306071881,0.11601575914890011,0.0,0.0,6.0,3.0,0.0,0.0,0.0,0.0,0.0,0.0,0.5,0.0,0.0,LOW,1
7e3718b0-8ccf-4b36-bcfa-8b0806164e59,Action RSE économie d’énergie - édition 0889,2026-07-12 14:15:00+00:00,PENDING,RSE,DEPARTMENT,EXTERNAL,5,130,90,6,14,7,0,1,0,86,1,0,0.057681353574399914,0.11894200330565827,0.03787878787878788,0.08015042398598159,0.11423090131584011,0.0,0.0,0.0,0.0,0.0,0.0,0.0,0.0,0.0,0.0,0.0,0.0,0.0,LOW,0
a4af9628-02f4-4a70-84a4-28a2383e731c,Atelier cohésion sport d’équipe - édition 0759,2026-07-14 15:00:00+00:00,PENDING,Team building,GLOBAL,EXTERNAL,0,66,240,1,15,7,0,1,0,2,0,0,0.10030806388727649,0.10722936602870814,0.13131370915700383,0.08922631696558893,0.08360829208352262,0.0,0.0,0.0,0.0,0.0,0.0,0.0,0.0,0.0,0.0,0.0,0.0,0.0,LOW,0
a49afded-e41a-4c61-bd33-50f76db8f1ba,Atelier collaboratif organisation d’événement - édition 0905,2026-07-15 10:30:00+00:00,DRAFT,Atelier,DEPARTMENT,ONSITE,7,20,90,2,10,7,1,0,0,77,0,0,0.1125001694499473,0.10298681293675034,0.09358288770053474,0.08216778811902382,0.09797766708993452,0.0,0.0,0.0,0.0,0.0,0.0,0.0,0.0,0.0,0.0,0.0,0.0,0.0,LOW,0
cec745a3-974a-45ba-ae64-12cfa304076f,Présentation digitale marketing digital - édition 0986,2026-07-16 09:45:00+00:00,CANCELLED,Webinaire,GLOBAL,ONLINE,0,329,60,3,9,7,1,0,0,2,4,0,0.037159797745465996,0.09058835711979728,0.13055467037574947,0.08252415653873685,0.06523800301334597,0.0,0.0,0.0,0.0,0.0,0.0,0.0,0.0,0.0,0.0,0.0,0.0,0.0,LOW,0
b60215c8-77c7-4876-ba07-7e27b6d93ba9,Networking réseau inter-départements - édition 0611,2026-07-16 09:45:00+00:00,REJECTED,Networking,DEPARTMENT,ONLINE,8,155,120,3,9,7,1,0,0,47,4,2,0.05663177123585382,0.1461874502887575,0.15314098140185095,0.08137798769792107,0.06423434142852526,0.0,0.0,0.0,0.0,0.0,0.0,0.0,0.0,0.0,0.0,0.0,0.0,0.0,LOW,0
4cedd96c-8f97-41f3-a67f-2aeb082c3053,Action RSE mobilité durable - édition 0134,2026-07-16 10:30:00+00:00,PUBLISHED,RSE,DEPARTMENT,ONLINE,11,41,120,3,10,7,1,0,0,24,4,0,0.05633992674708829,0.11617591020552667,0.2873931623931624,0.08061745249413657,0.06326109383112336,0.0,0.0,12.0,2.0,1.0,0.0,0.0,0.0,0.0,0.0,0.16666666666666666,0.0,0.0,LOW,1
bac5b13c-3c0a-42a8-865b-f5b85f569adc,Speed meeting communautés internes - édition 0785,2026-07-16 15:15:00+00:00,PUBLISHED,Networking,GLOBAL,ONSITE,0,86,120,3,15,7,0,1,0,2,4,0,0.055400645774204824,0.14300946223900188,0.1298043561781877,0.08773921168282911,0.062316898400808084,0.0,0.0,14.0,0.0,2.0,0.0,0.0,0.0,0.0,0.0,0.0,0.0,0.0,LOW,1
c073d2e6-0e9b-4b9d-980c-bba9b920c28c,Rencontre réseau partage d’expérience - édition 0316,2026-07-16 15:30:00+00:00,PUBLISHED,Networking,GLOBAL,EXTERNAL,0,229,90,3,15,7,0,1,0,2,4,0,0.054221908630072806,0.13996670772327843,0.12906261700002664,0.08630086395032371,0.06140047342432561,0.0,0.0,23.0,2.0,2.0,2.0,0.0,0.0,0.0,0.0,0.08695652173913043,0.08695652173913043,0.0,LOW,1
31760e12-8fb2-4fcc-8cce-419d0921ba78,Table ronde risques cyber - édition 0198,2026-07-17 09:45:00+00:00,PUBLISHED,Conférence,DEPARTMENT,ONLINE,8,62,120,4,9,7,1,0,0,47,1,2,0.0842360147850769,0.1440327932172954,0.14820094974372672,0.08026322074315502,0.04461997824420666,0.0,0.0,10.0,1.0,1.0,1.0,0.0,0.0,0.0,0.0,0.1,0.1,0.0,LOW,1
a3a9cf13-0c74-45b6-a588-751f50caeb45,Session de formation cybersécurité - édition 0119,2026-07-17 14:30:00+00:00,PUBLISHED,Formation,GLOBAL,ONSITE,0,27,180,4,14,7,0,1,0,2,1,0,0.10469097230169307,0.10760719672484377,0.12832930667616285,0.07860906967855887,0.04391172462128274,0.0,0.0,17.0,2.0,2.0,0.0,0.0,0.0,0.0,0.0,0.11764705882352941,0.0,0.0,LOW,1
61ca9e18-a13d-4e71-b0fb-9a8ac26dd465,Atelier collaboratif design thinking - édition 0549,2026-07-18 09:15:00+00:00,PUBLISHED,Atelier,DEPARTMENT,ONLINE,3,72,120,5,9,7,1,0,0,108,6,1,0.11015641591974006,0.10084125433390138,0.0,0.07917858262500428,0.09703092277489496,0.0,0.0,13.0,3.0,2.0,1.0,0.0,0.0,0.0,0.0,0.23076923076923078,0.07692307692307693,0.0,LOW,1
4a18e99d-3fd7-4da5-b927-fef8c483e502,Formation analyse de données - édition 0870,2026-07-18 10:00:00+00:00,PUBLISHED,Formation,GLOBAL,ONSITE,0,79,120,5,10,7,1,0,0,2,6,0,0.10263820813891478,0.10549725169102331,0.1276042823446591,0.07912453670720812,0.09570173205195119,0.0,0.0,17.0,2.0,6.0,0.0,0.0,0.0,0.0,0.0,0.11764705882352941,0.0,0.0,LOW,1
678e5c49-2025-44bb-a17b-e28c158799b9,Session valeurs valeurs et vision - édition 0915,2026-07-18 11:00:00+00:00,PUBLISHED,Culture d’entreprise,GLOBAL,ONSITE,0,94,90,5,11,7,1,0,0,2,6,0,0.06172675593670214,0.09453232033877196,0.12688740435395876,0.07365089676046221,0.0944084654026005,52.0,0.0,20.0,1.0,3.0,2.0,0.0,0.0,0.5531914893617021,0.0,0.05,0.1,0.33191489361702126,LOW,1
0d9c3e32-3abc-475a-99e3-ee36fc5c8ab5,Lab innovation prototypage rapide - édition 0448,2026-07-18 14:45:00+00:00,REJECTED,Innovation,GLOBAL,EXTERNAL,0,26,90,5,14,7,0,1,0,2,6,0,0.05694825992461328,0.0501930501930502,0.1261785361732104,0.0771258796846238,0.10052557238872187,0.0,0.0,0.0,0.0,0.0,0.0,0.0,0.0,0.0,0.0,0.0,0.0,0.0,LOW,0
49385b04-9810-4260-afd8-645c23541e8d,Forum d’échanges communautés internes - édition 0322,2026-07-18 14:45:00+00:00,PUBLISHED,Networking,DEPARTMENT,ONSITE,2,115,90,5,14,7,0,1,0,105,6,0,0.05309228553361297,0.13705073464571013,0.03312629399585921,0.07569762265342705,0.09920286748887026,0.0,0.0,15.0,2.0,4.0,1.0,0.0,0.0,0.0,0.0,0.13333333333333333,0.06666666666666667,0.0,LOW,1
08056ed1-31b8-47cb-95ef-39299d322e50,Formation Power BI - édition 0587,2026-07-18 15:15:00+00:00,PUBLISHED,Formation,GLOBAL,ONSITE,0,59,60,5,15,7,0,1,0,2,6,0,0.10066439644393564,0.10346845838927286,0.12547754430558145,0.08490891453177012,0.09791451856044338,0.0,0.0,10.0,1.0,0.0,0.0,0.0,0.0,0.0,0.0,0.1,0.0,0.0,LOW,1
cb472ff3-47ee-4a30-93c9-71aecaf3e3ec,Soirée réseau convivialité - édition 0550,2026-07-18 18:15:00+00:00,PUBLISHED,Afterwork,GLOBAL,ONSITE,0,52,150,5,18,7,0,0,1,2,6,0,0.10129343105740074,0.15894591072010428,0.12478429820444564,0.20444403744889883,0.09665920421992487,0.0,0.0,13.0,1.0,1.0,2.0,0.0,0.0,0.0,0.0,0.07692307692307693,0.15384615384615385,0.0,LOW,1
9901affb-bd11-4829-95c7-fe9adc56f64f,Speed meeting communautés internes - édition 0461,2026-07-19 09:45:00+00:00,CANCELLED,Networking,DEPARTMENT,EXTERNAL,8,50,120,6,9,7,1,0,0,47,4,2,0.05200876950231474,0.13425378087743034,0.14356967006423527,0.07812286819000422,0.11250013008378193,0.0,0.0,0.0,0.0,0.0,0.0,0.0,0.0,0.0,0.0,0.0,0.0,0.0,LOW,0
4de1e888-05a7-4371-85e8-2940177dbaaa,Atelier RSE mobilité durable - édition 0922,2026-07-19 13:15:00+00:00,PUBLISHED,RSE,DEPARTMENT,EXTERNAL,9,114,120,6,13,7,0,1,0,51,4,0,0.05505947386647265,0.11353554860994652,0.14147889147889148,0.06726476386432005,0.110821023664621,0.0,0.0,15.0,2.0,1.0,0.0,0.0,0.0,0.0,0.0,0.13333333333333333,0.0,0.0,LOW,1
ba3c7f3a-a213-4aeb-88d0-0bd4cd5e09ab,Challenge innovation idées produit - Communication interne - édition 0755,2026-07-19 13:15:00+00:00,PUBLISHED,Innovation,DEPARTMENT,ONSITE,12,89,120,6,13,7,0,1,0,22,4,0,0.055449621505544514,0.048872180451127824,0.06271397447868036,0.06583359867571749,0.10919130272837657,0.0,0.0,7.0,1.0,1.0,0.0,0.0,0.0,0.0,0.0,0.14285714285714285,0.0,0.0,LOW,1
d1e1b560-67b3-472c-b76c-03ae9bcdcef2,Challenge collectif défi inter-départements - Finance - édition 0976,2026-07-19 15:00:00+00:00,DRAFT,Team building,DEPARTMENT,ONSITE,3,29,240,6,15,7,0,1,0,108,4,1,0.0982609605426382,0.10504101161995899,0.0,0.08356115398364677,0.10760882008013924,0.0,0.0,0.0,0.0,0.0,0.0,0.0,0.0,0.0,0.0,0.0,0.0,0.0,LOW,0
4d8782b0-3c2d-4296-bef5-7377fb833010,Soirée réseau finance et business - édition 0310,2026-07-19 17:15:00+00:00,PUBLISHED,Afterwork,GLOBAL,ONSITE,0,17,120,6,17,7,0,1,0,2,4,0,0.09882285956819585,0.15506918119034566,0.1240986701923333,0.0797186736570818,0.10607155122185152,2.0,0.0,13.0,2.0,2.0,1.0,0.0,0.0,0.11764705882352941,0.0,0.15384615384615385,0.07692307692307693,0.07058823529411765,LOW,1
c7a72375-8ec5-494e-92dd-e78f748ec527,Session pratique organisation d’événement - édition 0373,2026-07-21 14:15:00+00:00,PUBLISHED,Atelier,DEPARTMENT,ONSITE,11,22,120,1,14,7,0,1,0,24,1,1,0.10790832579892903,0.09878326955157686,0.2722672064777328,0.07432130224154657,0.08234149977922682,0.0,0.0,9.0,1.0,1.0,0.0,0.0,0.0,0.0,0.0,0.1111111111111111,0.0,0.0,LOW,1
9d20d6bd-f364-4208-a439-dc89bbed4a97,Webinaire marketing digital - édition 0708,2026-07-21 16:00:00+00:00,CANCELLED,Webinaire,DEPARTMENT,ONLINE,2,483,30,1,16,7,0,1,0,105,1,4,0.03618190833111162,0.08820445298506577,0.031746031746031744,0.07384398448659775,0.08111252217058165,0.0,0.0,0.0,0.0,0.0,0.0,0.0,0.0,0.0,0.0,0.0,0.0,0.0,LOW,0
9744267b-93aa-4e81-bf6e-3a49ff2c188c,Session pratique design thinking - édition 0853,2026-07-22 11:30:00+00:00,PUBLISHED,Atelier,GLOBAL,ONSITE,0,15,90,2,11,7,1,0,0,2,3,0,0.10575015928295045,0.09680760416054532,0.12342053538253912,0.07964515416797771,0.09651531384978625,0.0,0.0,17.0,2.0,2.0,1.0,0.0,0.0,0.0,0.0,0.11764705882352941,0.058823529411764705,0.0,LOW,1
6d124b08-3425-4cc1-8735-c9934347b6a2,Parcours pratique qualité logicielle - édition 0720,2026-07-22 14:15:00+00:00,PUBLISHED,Formation,DEPARTMENT,ONLINE,5,78,180,2,14,7,0,1,0,86,3,1,0.09876506820914441,0.10151622332532431,0.036231884057971016,0.07299413613009038,0.09509597099905409,0.0,0.0,11.0,2.0,0.0,0.0,0.0,0.0,0.0,0.0,0.18181818181818182,0.0,0.0,LOW,1
f6c3105b-8ec6-440e-b2e4-dd8234a55832,Networking speed networking - Finance - édition 0389,2026-07-22 16:00:00+00:00,PENDING,Networking,DEPARTMENT,ONSITE,3,93,60,2,16,7,0,1,0,108,3,0,0.05096859411226845,0.13156870525988174,0.0,0.07261325141182112,0.09371776852080693,0.0,0.0,0.0,0.0,0.0,0.0,0.0,0.0,0.0,0.0,0.0,0.0,0.0,LOW,0
dfa939af-6607-43a0-b543-8cfa5904ccd0,Moment convivial culture interne - Support client - édition 0228,2026-07-22 18:30:00+00:00,PUBLISHED,Afterwork,DEPARTMENT,EXTERNAL,9,27,150,2,18,7,0,0,1,51,3,3,0.09927105478856092,0.15137705782867075,0.1362389325352288,0.18399963370400896,0.09237894325622398,14.0,0.0,12.0,5.0,0.0,0.0,0.0,0.0,0.5185185185185185,0.0,0.4166666666666667,0.0,0.31111111111111106,LOW,1
a5ed6c38-e898-4ec6-b07d-cb3916c55f75,Culture d’entreprise valeurs et vision - édition 0517,2026-07-23 11:15:00+00:00,PUBLISHED,Culture d’entreprise,DEPARTMENT,ONSITE,2,93,60,3,11,7,1,0,0,105,2,4,0.07466003839525477,0.09204462769827795,0.030476190476190476,0.07866188065973108,0.060510611490639736,39.0,0.0,13.0,6.0,1.0,3.0,0.0,0.0,0.41935483870967744,0.0,0.46153846153846156,0.23076923076923078,0.25161290322580643,LOW,1
240f8070-1bd8-4360-8edf-ed44be17af36,Table ronde leadership responsable - Ressources humaines - édition 0830,2026-07-23 11:30:00+00:00,PUBLISHED,Conférence,DEPARTMENT,ONLINE,2,222,120,3,11,7,1,0,0,105,2,4,0.08151872398555829,0.1393865740812536,0.029304029304029304,0.08281667283107189,0.06563695759376884,0.0,0.0,13.0,4.0,3.0,0.0,0.0,0.0,0.0,0.0,0.3076923076923077,0.0,0.0,LOW,1
60bea73a-0d4b-441f-8513-d878d93aedc7,Présentation digitale protection des données - Informatique - édition 0280,2026-07-23 14:30:00+00:00,REJECTED,Webinaire,DEPARTMENT,ONLINE,1,367,60,3,14,7,0,1,0,194,2,1,0.035254167091852355,0.08594280034442306,0.12160753880266076,0.0717135372506151,0.06471249340230731,0.0,0.0,0.0,0.0,0.0,0.0,0.0,0.0,0.0,0.0,0.0,0.0,0.0,LOW,0
72397e68-fa9b-417f-917b-05f6e564ee76,Networking partage d’expérience - édition 0408,2026-07-24 10:45:00+00:00,PUBLISHED,Networking,DEPARTMENT,ONSITE,11,131,120,4,10,7,1,0,0,24,4,1,0.04996920991398868,0.12898892672537424,0.2586538461538462,0.07768590876707707,0.0432256039240752,0.0,0.0,8.0,0.0,2.0,0.0,0.0,0.0,0.0,0.0,0.0,0.0,0.0,LOW,1
8f803258-fb46-4b53-af0e-08ffd7a6d837,Session valeurs rencontre direction - édition 0459,2026-07-24 13:15:00+00:00,PUBLISHED,Culture d’entreprise,GLOBAL,ONSITE,0,55,120,4,13,7,0,1,0,2,4,0,0.0834983666084451,0.08968450903934776,0.12274977160328619,0.06446206536997338,0.04256059463293558,0.0,0.0,15.0,3.0,4.0,0.0,0.0,0.0,0.0,0.0,0.2,0.0,0.0,LOW,1
010d16ef-31f2-48f4-8103-c913b64efb2a,Hackathon innovation ouverte - Ressources humaines - édition 0409,2026-07-24 13:30:00+00:00,PUBLISHED,Innovation,DEPARTMENT,ONSITE,2,78,120,4,13,7,0,1,0,105,4,4,0.05402783633873568,0.04761904761904762,0.02821869488536155,0.06314651301548413,0.04191573713849717,0.0,0.0,15.0,2.0,2.0,1.0,0.0,0.0,0.0,0.0,0.13333333333333333,0.06666666666666667,0.0,LOW,1
f9c73580-29e2-4b9f-95b5-ca644fbf6287,Session valeurs feedback et transparence - Support client - édition 0004,2026-07-24 15:30:00+00:00,PUBLISHED,Culture d’entreprise,DEPARTMENT,ONLINE,9,81,90,4,15,7,0,1,0,51,4,3,0.08141090744323397,0.08744239631336406,0.13137325637325636,0.0822555109526523,0.04129012912150467,0.0,0.0,12.0,1.0,1.0,0.0,0.0,0.0,0.0,0.0,0.08333333333333333,0.0,0.0,LOW,1
b50aace0-eb21-428e-ba41-bcc486468751,Parcours pratique communication professionnelle - édition 0404,2026-07-24 16:00:00+00:00,PUBLISHED,Formation,DEPARTMENT,EXTERNAL,1,41,90,4,16,7,0,1,0,194,4,1,0.09693608546453063,0.09963629326374424,0.11581670362158167,0.07142287024113553,0.04068292134030607,14.0,0.0,16.0,3.0,2.0,1.0,0.0,0.0,0.34146341463414637,0.0,0.1875,0.0625,0.20487804878048782,LOW,1
f89024fa-7498-4a32-9bda-b85fd8e85d44,Conférence stratégie commerciale - édition 0393,2026-07-25 09:15:00+00:00,CANCELLED,Conférence,GLOBAL,EXTERNAL,0,184,90,5,9,7,1,0,0,2,8,0,0.07897126386100961,0.13503074364121442,0.12208625932434952,0.07709493571381995,0.09543566998929291,0.0,0.0,0.0,0.0,0.0,0.0,0.0,0.0,0.0,0.0,0.0,0.0,0.0,LOW,0
4729ae1b-3d52-45bc-be04-546ee2c7761c,Conférence IoT industriel - Marketing - édition 0873,2026-07-25 09:15:00+00:00,PENDING,Conférence,DEPARTMENT,ONLINE,4,259,120,5,9,7,1,0,0,71,8,0,0.07657819525916083,0.130938902924814,0.2461921850079745,0.07609370278247164,0.09424272411442676,0.0,0.0,0.0,0.0,0.0,0.0,0.0,0.0,0.0,0.0,0.0,0.0,0.0,LOW,0
af860918-69b7-48fb-833b-901be2c25ab1,Webinaire IoT et capteurs - édition 0577,2026-07-25 09:45:00+00:00,PUBLISHED,Webinaire,GLOBAL,ONLINE,0,450,45,5,9,7,1,0,0,2,8,0,0.03437281291455604,0.08379423033581249,0.12142988158604656,0.07511814249038867,0.09307923369326099,0.0,0.0,12.0,2.0,1.0,1.0,0.0,0.0,0.0,0.0,0.16666666666666666,0.08333333333333333,0.0,LOW,1
0064ed31-ce7a-459c-a9a4-c5b5d26a4dd3,Atelier cohésion cohésion d’équipe - édition 0200,2026-07-25 10:15:00+00:00,PUBLISHED,Team building,GLOBAL,EXTERNAL,0,7,90,5,10,7,1,0,0,2,8,0,0.09629574133178544,0.10294019138755982,0.1207805239305062,0.07629866039623641,0.09194412108724562,3.0,0.0,9.0,0.0,3.0,0.0,0.0,0.0,0.42857142857142855,0.0,0.0,0.0,0.2571428571428571,LOW,1
afbea373-e496-44fe-b18e-3abb08d2ece0,Rencontre expert transformation digitale - édition 0055,2026-07-25 10:45:00+00:00,PUBLISHED,Conférence,DEPARTMENT,ONSITE,8,231,120,5,10,7,1,0,0,47,8,0,0.07432589539859728,0.12708775872114297,0.13921907400168268,0.08247888439930995,0.09599987177982613,0.0,0.0,12.0,5.0,0.0,2.0,0.0,0.0,0.0,0.0,0.4166666666666667,0.16666666666666666,0.0,LOW,1
dac174be-e2df-44f1-a83c-ebe30070954e,Networking experts internes - Support client - édition 0667,2026-07-25 13:15:00+00:00,PUBLISHED,Networking,DEPARTMENT,ONLINE,9,107,90,5,13,7,0,1,0,51,8,3,0.04900826356948889,0.12650837044219398,0.12684314408452338,0.06188358275517444,0.09485701616339963,40.0,0.0,9.0,6.0,0.0,2.0,0.0,0.0,0.37383177570093457,0.0,0.6666666666666666,0.2222222222222222,0.22429906542056074,LOW,1
835fa0c0-b1ce-4197-9d8c-462ff4d38ee0,Rencontre culture interne feedback et transparence - Ressources humaines - édition 0466,2026-07-25 15:00:00+00:00,PUBLISHED,Culture d’entreprise,DEPARTMENT,EXTERNAL,2,212,120,5,15,7,0,1,0,105,8,4,0.0794252755543746,0.08530965493986738,0.027210884353741496,0.08099004155338071,0.09813907215795886,0.0,0.0,12.0,3.0,3.0,1.0,0.0,0.0,0.0,0.0,0.25,0.08333333333333333,0.0,LOW,1
c58dd56d-be6c-4d7c-907c-7326d80a5b96,Session de formation gestion de projet - Support client - édition 0929,2026-07-25 15:45:00+00:00,PUBLISHED,Formation,DEPARTMENT,ONSITE,9,55,180,5,15,7,0,1,0,51,8,3,0.10138203690397819,0.09782472429531253,0.12261503928170595,0.07976291971166283,0.09699792015612213,0.0,0.0,11.0,0.0,4.0,0.0,0.0,0.0,0.0,0.0,0.0,0.0,0.0,LOW,1
149382f3-a712-4450-84fe-495a749c9ce8,Atelier prise de parole - édition 0255,2026-07-25 16:00:00+00:00,PUBLISHED,Atelier,GLOBAL,ONSITE,0,36,90,5,16,7,0,1,0,2,8,0,0.10367662674799064,0.0949094158436719,0.12013807433513117,0.0757783628926357,0.09588300153363796,0.0,0.0,10.0,1.0,5.0,0.0,0.0,0.0,0.0,0.0,0.1,0.0,0.0,LOW,1
0c8d8d3d-56d7-4417-a3dd-7d40e6c1d898,Session de formation Power BI - édition 0857,2026-07-26 14:30:00+00:00,REJECTED,Formation,GLOBAL,ONSITE,0,80,180,6,14,7,0,1,0,2,2,0,0.09957164338783572,0.09607785421861051,0.1195024231481728,0.07047709695319071,0.10623458654018501,0.0,0.0,0.0,0.0,0.0,0.0,0.0,0.0,0.0,0.0,0.0,0.0,0.0,LOW,0
a366eae2-03cd-4763-8d27-30aec9de98b9,Atelier collaboratif gestion budgétaire - édition 0080,2026-07-26 14:45:00+00:00,PUBLISHED,Atelier,DEPARTMENT,ONSITE,12,48,120,6,14,7,0,1,0,22,2,0,0.10168284546437543,0.09308423476975512,0.06101900219547278,0.06928256988618747,0.10475910617157135,0.0,0.0,7.0,1.0,1.0,1.0,0.0,0.0,0.0,0.0,0.14285714285714285,0.14285714285714285,0.0,LOW,1
bc6e0f14-d4ac-40b1-b52d-4e5239845049,Atelier innovation expérimentation digitale - édition 0467,2026-07-26 16:30:00+00:00,PUBLISHED,Innovation,DEPARTMENT,ONSITE,5,46,60,6,16,7,0,1,0,86,2,1,0.05267714043026729,0.04642857142857143,0.034722222222222224,0.07457553173560974,0.10332404992264571,0.0,0.0,15.0,2.0,0.0,0.0,0.0,0.0,0.0,0.0,0.13333333333333333,0.0,0.0,LOW,1
1edd9f4b-0406-4344-8394-80bf84da34b7,Session bien-être respiration et concentration - édition 0688,2026-07-27 15:45:00+00:00,PUBLISHED,Bien-être,DEPARTMENT,ONSITE,10,13,45,0,15,7,0,1,0,28,0,0,0.09437501678809045,0.13111321548821547,0.10339435545385203,0.07857242837268279,0.056367076934178556,0.0,0.0,7.0,2.0,1.0,0.0,0.0,0.0,0.0,0.0,0.2857142857142857,0.0,0.0,LOW,1
01dfbdf6-ef15-47d2-92e2-1f4a9297c791,Atelier RSE mobilité durable - Achats - édition 0370,2026-07-28 15:15:00+00:00,PUBLISHED,RSE,DEPARTMENT,ONLINE,11,36,60,1,15,7,0,1,0,24,1,2,0.05383593000277325,0.11101253641861437,0.24633699633699635,0.07741695148484921,0.07991969096219075,0.0,0.0,9.0,2.0,1.0,0.0,0.0,0.0,0.0,0.0,0.2222222222222222,0.0,0.0,LOW,1
e5b2957d-2193-4632-b662-61e50c7da267,Session valeurs valeurs et vision - édition 0511,2026-07-28 15:45:00+00:00,PUBLISHED,Culture d’entreprise,GLOBAL,EXTERNAL,0,136,45,1,15,7,0,1,0,2,1,0,0.07753419756498474,0.08327847267939434,0.11887346302634032,0.07629496668072097,0.07876143457143435,48.0,0.0,22.0,3.0,6.0,1.0,0.0,0.0,0.35294117647058826,0.0,0.13636363636363635,0.045454545454545456,0.21176470588235294,LOW,1
d3e3c7f4-22b5-4b2c-a067-dba6d6023a9d,Session de formation analyse de données - Ressources humaines - édition 0623,2026-07-29 10:00:00+00:00,PENDING,Formation,DEPARTMENT,EXTERNAL,2,37,120,2,10,7,1,0,0,105,1,0,0.09782477245120702,0.09439227782881032,0.026272577996715927,0.08105683466828736,0.09838090910498869,0.0,0.0,0.0,0.0,0.0,0.0,0.0,0.0,0.0,0.0,0.0,0.0,0.0,LOW,0
0940e45c-a38f-414d-9798-4a371dfc614e,Action RSE solidarité locale - édition 0348,2026-07-29 15:00:00+00:00,DRAFT,RSE,DEPARTMENT,ONSITE,9,172,120,2,15,7,0,1,0,51,1,0,0.05266558369836514,0.10859922040951407,0.11865971543390898,0.08024705539200479,0.09701450758964163,0.0,0.0,0.0,0.0,0.0,0.0,0.0,0.0,0.0,0.0,0.0,0.0,0.0,LOW,0
4bdcdda1-bf86-438e-8b5a-4b82df6d5cb7,Atelier RSE achats responsables - édition 0250,2026-07-30 09:00:00+00:00,PUBLISHED,RSE,GLOBAL,ONLINE,0,184,45,3,9,7,1,0,0,2,2,0,0.05154503936435737,0.10628859869867334,0.11825108887436996,0.07416727992721919,0.06381370877171971,0.0,0.0,12.0,0.0,2.0,0.0,0.0,0.0,0.0,0.0,0.0,0.0,0.0,LOW,1
e7f257e3-9c20-4c33-9dfc-ba7283486e69,Webinaire cybersécurité au quotidien - édition 0395,2026-07-30 09:30:00+00:00,PUBLISHED,Webinaire,GLOBAL,ONLINE,0,151,60,3,9,7,1,0,0,2,2,0,0.03353445162395711,0.08175046862030486,0.11763519778648261,0.07324018892812896,0.06293954837758657,0.0,0.0,18.0,1.0,4.0,1.0,0.0,0.0,0.0,0.0,0.05555555555555555,0.05555555555555555,0.0,LOW,1
8e30fd36-26f4-4f1e-a6b5-a1e9e035156a,Rencontre expert stratégie commerciale - Ventes - édition 0110,2026-07-30 11:00:00+00:00,CANCELLED,Conférence,DEPARTMENT,ONSITE,5,204,90,3,11,7,1,0,0,86,2,1,0.07220229838720879,0.12345667990053891,0.03333333333333333,0.0818188815921433,0.06208901394005162,0.0,0.0,0.0,0.0,0.0,0.0,0.0,0.0,0.0,0.0,0.0,0.0,0.0,LOW,0
15c3006d-10ce-4c54-a7f1-eacd5be59821,Atelier cohésion défi inter-départements - édition 0638,2026-07-31 13:15:00+00:00,DRAFT,Team building,GLOBAL,EXTERNAL,0,67,90,4,13,7,0,1,0,2,2,0,0.10281095088550393,0.10092175626231355,0.11702568898966145,0.06800021398940503,0.04504205892427477,0.0,0.0,0.0,0.0,0.0,0.0,0.0,0.0,0.0,0.0,0.0,0.0,0.0,LOW,0
46129971-51c8-46ac-8170-e8517321874d,Rencontre expert IoT industriel - édition 0178,2026-07-31 15:15:00+00:00,PUBLISHED,Conférence,DEPARTMENT,EXTERNAL,5,74,120,4,15,7,0,1,0,86,2,1,0.0701966789875641,0.12002732768107949,0.032051282051282055,0.07911681517521599,0.04439860093964227,0.0,0.0,16.0,0.0,2.0,0.0,0.0,0.0,0.0,0.0,0.0,0.0,0.0,LOW,1
fdd9e8fa-ed5e-4c04-8c74-e6c720001f1b,Atelier amélioration continue - édition 0985,2026-07-31 16:45:00+00:00,PUBLISHED,Atelier,DEPARTMENT,EXTERNAL,11,33,180,4,16,7,0,1,0,24,2,2,0.09976430121033061,0.09132792845334464,0.23513986013986016,0.07341028905224084,0.04377326853204168,11.0,0.0,13.0,8.0,2.0,0.0,0.0,0.0,0.3333333333333333,0.0,0.6153846153846154,0.0,0.19999999999999998,LOW,1
097c6ffa-7c1d-46f5-aa6d-81902705707e,Action RSE inclusion - Achats - édition 0680,2026-08-01 10:30:00+00:00,REJECTED,RSE,DEPARTMENT,ONSITE,11,176,60,5,10,8,1,0,0,24,2,2,0.050471184377599926,0.10407425289245098,0.22491638795986624,0.07968299001289267,0.09479342197075571,0.0,0.0,0.0,0.0,0.0,0.0,0.0,0.0,0.0,0.0,0.0,0.0,0.0,LOW,0
9dc86d47-c0e9-423f-87c6-a5afe9ee2d83,Workshop gestion budgétaire - Marketing - édition 0405,2026-08-01 14:30:00+00:00,PUBLISHED,Atelier,DEPARTMENT,ONSITE,4,63,60,5,14,8,0,1,0,71,2,0,0.10408965365705287,0.08963667051902345,0.2256761695906433,0.06812786038808435,0.09372832734187082,36.0,0.0,11.0,8.0,0.0,1.0,0.0,0.0,0.5714285714285714,0.0,0.7272727272727273,0.09090909090909091,0.3428571428571428,LOW,1
256bfed6-2be0-4e5c-9ab8-bbe3761eacb3,Keynote interne finance durable - édition 0155,2026-08-01 14:45:00+00:00,PUBLISHED,Conférence,GLOBAL,ONLINE,0,135,90,5,14,8,0,1,0,2,2,0,0.06829947144735966,0.11678334585186112,0.11642246378868382,0.07637869171661692,0.09903610783172305,0.0,0.0,10.0,3.0,1.0,0.0,0.0,0.0,0.0,0.0,0.3,0.0,0.0,LOW,1
9d19f3da-64eb-4d10-a1cf-58bb9a902c14,Présentation digitale IoT et capteurs - édition 0703,2026-08-02 14:45:00+00:00,PENDING,Webinaire,DEPARTMENT,ONLINE,1,306,90,6,14,8,0,1,0,194,0,0,0.03273601229957718,0.07980402889124998,0.11055230800241887,0.07514677733409085,0.10192777897774509,0.0,0.0,0.0,0.0,0.0,0.0,0.0,0.0,0.0,0.0,0.0,0.0,0.0,LOW,0
846f9654-fa8d-4220-a926-047e5f53d1a8,Présentation digitale reporting financier - édition 0704,2026-08-03 09:15:00+00:00,PUBLISHED,Webinaire,DEPARTMENT,ONLINE,5,130,60,0,9,8,1,0,0,86,0,3,0.0319747096879591,0.07794812124261626,0.0308641975308642,0.07233598906481872,0.05548634135708201,0.0,0.0,6.0,4.0,0.0,0.0,0.0,0.0,0.0,0.0,0.6666666666666666,0.0,0.0,LOW,1
ce554c33-ebb2-4e99-b337-6b852d3e1248,Team building confiance et coopération - édition 0185,2026-08-04 14:00:00+00:00,PUBLISHED,Team building,DEPARTMENT,ONSITE,6,15,120,1,14,8,0,1,0,103,1,1,0.10083381721462886,0.09898095325726905,0.10537373737373738,0.07395397134466083,0.08267828802713655,10.0,0.0,8.0,2.0,1.0,0.0,0.0,0.0,0.6666666666666666,0.0,0.25,0.0,0.39999999999999997,LOW,1
e1c250ba-e8d1-4fec-ab47-c03a3e1b89b4,Session bien-être gestion du stress - édition 0855,2026-08-04 14:45:00+00:00,PUBLISHED,Bien-être,DEPARTMENT,ONSITE,5,56,90,1,14,8,0,1,0,86,1,3,0.09227779419279955,0.12819958847736623,0.029761904761904764,0.08321510720906718,0.09090347645867923,0.0,0.0,7.0,2.0,1.0,0.0,0.0,0.0,0.0,0.0,0.2857142857142857,0.0,0.0,LOW,1
fd804a9f-0737-405c-96d6-35551ec2420d,Rencontre expert transformation digitale - édition 0663,2026-08-05 15:00:00+00:00,PUBLISHED,Conférence,DEPARTMENT,ONSITE,11,162,60,2,15,8,0,1,0,24,0,0,0.06650211693558704,0.1137100999083911,0.2155448717948718,0.07801797052000466,0.09568554173224927,0.0,0.0,13.0,3.0,3.0,1.0,0.0,0.0,0.0,0.0,0.23076923076923078,0.07692307692307693,0.0,LOW,1
785ceae4-a966-45a4-9a69-d935bcdcc46c,Atelier collaboratif gestion budgétaire - édition 0081,2026-08-06 09:30:00+00:00,DRAFT,Atelier,DEPARTMENT,ONLINE,5,20,60,3,9,8,1,0,0,86,4,3,0.1125867248892623,0.08800691287322303,0.028735632183908046,0.07145384285671118,0.06126116042085093,0.0,0.0,0.0,0.0,0.0,0.0,0.0,0.0,0.0,0.0,0.0,0.0,0.0,LOW,0
a5953fe9-dee4-4ed8-b866-294824a3b893,Session de formation cybersécurité - édition 0148,2026-08-06 11:15:00+00:00,DRAFT,Formation,DEPARTMENT,ONSITE,7,27,120,3,11,8,1,0,0,77,4,0,0.09613813844342758,0.09276482476279636,0.08951406649616367,0.08084484728747493,0.06045509252057658,0.0,0.0,0.0,0.0,0.0,0.0,0.0,0.0,0.0,0.0,0.0,0.0,0.0,LOW,0
cc7dff94-9cfc-48c9-93be-92ac8b70e99e,Module d’apprentissage qualité logicielle - édition 0875,2026-08-06 11:30:00+00:00,PUBLISHED,Formation,GLOBAL,ONLINE,0,38,60,3,11,8,1,0,0,2,4,0,0.09450867846981018,0.09119253959732523,0.11582542551284442,0.07989373143703406,0.05966996144888077,11.0,0.0,12.0,2.0,1.0,1.0,0.0,0.0,0.2894736842105263,0.0,0.16666666666666666,0.08333333333333333,0.1736842105263158,LOW,1
a7992941-ac5b-4923-985f-b8be3e23a195,Workshop idéation produit - édition 0165,2026-08-06 11:45:00+00:00,PUBLISHED,Atelier,GLOBAL,ONLINE,0,30,120,3,11,8,1,0,0,2,4,0,0.11057624765909692,0.08643536085762975,0.1152344794643095,0.08233070763207466,0.06261616302274803,2.0,0.0,13.0,1.0,3.0,0.0,0.0,0.0,0.06666666666666667,0.0,0.07692307692307693,0.0,0.04,LOW,1
7687306c-714e-46c6-8860-76b572e18f8b,Module d’apprentissage Git professionnel - Qualité - édition 0431,2026-08-06 15:15:00+00:00,REJECTED,Formation,DEPARTMENT,ONLINE,8,49,60,3,15,8,0,1,0,47,4,1,0.09775809523215545,0.0896726639373698,0.13512439535457438,0.07694923119781281,0.06266743522077231,0.0,0.0,0.0,0.0,0.0,0.0,0.0,0.0,0.0,0.0,0.0,0.0,0.0,LOW,0
7559f8d5-ce10-400c-8390-e728808e199d,Session pratique design thinking - édition 0279,2026-08-07 14:00:00+00:00,PUBLISHED,Atelier,DEPARTMENT,EXTERNAL,1,29,120,4,14,8,0,1,0,194,3,0,0.10980590413291393,0.08491895101802222,0.10574568591535717,0.08193487479046614,0.04779493609872629,0.0,0.0,8.0,0.0,2.0,2.0,0.0,0.0,0.0,0.0,0.0,0.25,0.0,LOW,1
660562e1-b72c-4e8f-bdc6-4362b6ba0774,Session de formation cloud computing - édition 0452,2026-08-07 15:45:00+00:00,PUBLISHED,Formation,GLOBAL,ONSITE,0,18,120,4,15,8,0,1,0,2,3,0,0.09615550350703815,0.0882026202662654,0.11464953286804397,0.0759093767221667,0.04714021094668894,8.0,0.0,17.0,2.0,1.0,1.0,0.0,0.0,0.4444444444444444,0.0,0.11764705882352941,0.058823529411764705,0.26666666666666666,LOW,1
b531ce21-8d59-41b9-beed-70982e613728,Rencontre informelle réseau interne - Ventes - édition 0930,2026-08-07 18:45:00+00:00,PUBLISHED,Afterwork,DEPARTMENT,EXTERNAL,5,27,90,4,18,8,0,0,1,86,3,3,0.10902099580553667,0.14785666113498072,0.02777777777777778,0.2144104414144189,0.05250918707503698,0.0,0.0,13.0,3.0,1.0,0.0,0.0,0.0,0.0,0.0,0.23076923076923078,0.0,0.0,LOW,1
4b91f2e3-cfe9-4772-a76a-8d75476d6508,Rencontre informelle culture interne - Marketing - édition 0484,2026-08-07 19:30:00+00:00,PUBLISHED,Afterwork,DEPARTMENT,ONSITE,4,18,120,4,19,8,0,0,1,71,3,0,0.10654324590086538,0.1444962824728221,0.20831646423751687,0.059754213802189815,0.051809064580703154,0.0,0.0,14.0,3.0,3.0,2.0,0.0,0.0,0.0,0.0,0.21428571428571427,0.14285714285714285,0.0,LOW,1
9fd14df2-a2c4-48bc-bc92-afffcdafd793,Parcours engagement rencontre direction - édition 0378,2026-08-08 09:15:00+00:00,REJECTED,Culture d’entreprise,DEPARTMENT,ONLINE,8,254,120,5,9,8,1,0,0,47,2,1,0.08393901102790574,0.08134176401243168,0.13126369834444368,0.07059295318373876,0.09794779895445137,0.0,0.0,0.0,0.0,0.0,0.0,0.0,0.0,0.0,0.0,0.0,0.0,0.0,LOW,0
582f8fb2-9e92-49bb-bf71-9bcf48efc20d,Forum d’échanges partage d’expérience - édition 0524,2026-08-08 09:45:00+00:00,PENDING,Networking,DEPARTMENT,ONLINE,6,159,90,5,9,8,1,0,0,103,2,1,0.05513700908140296,0.12412142005649221,0.10132090132090132,0.06975256088393234,0.09688314896581603,0.0,0.0,0.0,0.0,0.0,0.0,0.0,0.0,0.0,0.0,0.0,0.0,0.0,LOW,0
e32b43b8-ccea-4637-aace-baf82f872f28,Session de formation contrats et conformité - édition 0342,2026-08-08 16:45:00+00:00,PENDING,Formation,GLOBAL,EXTERNAL,0,48,90,5,16,8,0,1,0,2,2,0,0.1017730670705447,0.08677999735874498,0.11407049482325586,0.0774091051181038,0.09584139467586102,0.0,0.0,0.0,0.0,0.0,0.0,0.0,0.0,0.0,0.0,0.0,0.0,0.0,LOW,0
57907724-8fca-4046-8bd9-b487fba20026,Rencontre culture interne feedback et transparence - édition 0595,2026-08-09 11:30:00+00:00,PUBLISHED,Culture d’entreprise,GLOBAL,ONLINE,0,134,90,6,11,8,1,0,0,2,0,0,0.08203130623181698,0.07949308755760369,0.11349727625630483,0.08215066118419641,0.1005687419247085,0.0,0.0,8.0,0.0,1.0,0.0,0.0,0.0,0.0,0.0,0.0,0.0,0.0,LOW,1
d40ae1f6-f798-427f-a3da-9c2a9b3af4af,Hackathon hackathon interne - Support client - édition 0668,2026-08-10 09:15:00+00:00,PENDING,Innovation,DEPARTMENT,ONLINE,9,103,120,0,9,8,1,0,0,51,2,1,0.05139233212709004,0.04529616724738676,0.11495159932659932,0.06893194252059195,0.054632705336203825,0.0,0.0,0.0,0.0,0.0,0.0,0.0,0.0,0.0,0.0,0.0,0.0,0.0,LOW,0
ad9f0c18-b62d-47cd-a11c-de4221504aa3,Pause prévention ergonomie au travail - édition 0831,2026-08-10 11:15:00+00:00,PUBLISHED,Bien-être,GLOBAL,ONSITE,0,26,90,0,11,8,1,0,0,2,2,0,0.09027175518860826,0.12541264090177132,0.1129297898750233,0.08121713094346689,0.05380493707353407,0.0,0.0,13.0,3.0,1.0,2.0,0.0,0.0,0.0,0.0,0.23076923076923078,0.15384615384615385,0.0,LOW,1
b3bc584d-c65f-4321-977f-19df483cdb38,Session pratique gestion des priorités - Marketing - édition 0335,2026-08-10 11:30:00+00:00,CANCELLED,Atelier,DEPARTMENT,ONSITE,4,79,180,0,11,8,1,0,0,71,2,0,0.107912698889243,0.0834548311728839,0.19343671679197996,0.08030457891039423,0.05300187831124252,0.0,0.0,0.0,0.0,0.0,0.0,0.0,0.0,0.0,0.0,0.0,0.0,0.0,LOW,0
946cd857-f31c-4057-a650-4c0897c6e1c1,Atelier RSE réduction carbone - édition 0222,2026-08-11 10:30:00+00:00,PUBLISHED,RSE,DEPARTMENT,ONLINE,12,43,60,1,10,8,1,0,0,22,4,1,0.0494411602066285,0.10195028854770709,0.05941323897980245,0.07835494017934445,0.0896409281745309,0.0,0.0,9.0,2.0,2.0,0.0,0.0,0.0,0.0,0.0,0.2222222222222222,0.0,0.0,LOW,1
a9fa85b7-b670-4801-9455-5a31e1324072,Hackathon expérimentation digitale - édition 0816,2026-08-11 10:45:00+00:00,PUBLISHED,Innovation,DEPARTMENT,EXTERNAL,1,50,45,1,10,8,1,0,0,194,4,1,0.050168705171683134,0.04421768707482993,0.10133961566888396,0.07707043296328962,0.08841297025433184,20.0,0.0,11.0,4.0,1.0,1.0,0.0,0.0,0.4,0.0,0.36363636363636365,0.09090909090909091,0.24,LOW,1
4cef1a31-ebac-406f-8bb7-a0a99ffd08dc,Workshop amélioration continue - édition 0262,2026-08-11 11:30:00+00:00,PENDING,Atelier,DEPARTMENT,ONSITE,12,56,180,1,11,8,1,0,0,22,4,1,0.10608367009451007,0.08204034250893671,0.05788982259570495,0.07941230581138985,0.09262360579143547,0.0,0.0,0.0,0.0,0.0,0.0,0.0,0.0,0.0,0.0,0.0,0.0,0.0,LOW,0
8a57d4c0-cdf2-4691-bc29-4237f6ef0a06,Atelier innovation innovation ouverte - Support client - édition 0798,2026-08-11 16:30:00+00:00,PUBLISHED,Innovation,DEPARTMENT,ONSITE,9,32,45,1,16,8,0,1,0,51,4,1,0.05830431667931841,0.04318936877076412,0.11146821752882358,0.07623623988904162,0.091388624380883,0.0,0.0,8.0,1.0,2.0,1.0,0.0,0.0,0.0,0.0,0.125,0.125,0.0,LOW,1
d89732cc-ed82-48f8-a079-b96683b0e660,Moment convivial réseau interne - Juridique - édition 0293,2026-08-11 17:30:00+00:00,PUBLISHED,Afterwork,DEPARTMENT,ONSITE,10,27,90,1,17,8,0,1,0,28,4,1,0.10417561821417948,0.14128525397342603,0.09908625730994153,0.08171490445531589,0.09018614248113453,14.0,0.0,8.0,6.0,0.0,0.0,0.0,0.0,0.5185185185185185,0.0,0.75,0.0,0.31111111111111106,LOW,1
039483b7-e1f1-4253-85d2-b9d830af53f1,Soirée réseau communauté tech - édition 0392,2026-08-12 17:30:00+00:00,PUBLISHED,Afterwork,GLOBAL,ONSITE,0,43,90,2,17,8,0,1,0,2,0,0,0.11318307256862163,0.13821383540878635,0.1123679501244013,0.10355508515847603,0.09439249387100265,0.0,0.0,12.0,3.0,2.0,0.0,0.0,0.0,0.0,0.0,0.25,0.0,0.0,LOW,1
2f659969-e184-4e7c-8cb9-0be7c958ae07,Speed meeting communautés internes - édition 0537,2026-08-13 14:00:00+00:00,DRAFT,Networking,DEPARTMENT,ONLINE,2,82,45,3,14,8,0,1,0,105,1,1,0.05411595335767328,0.12182287524063123,0.025396825396825397,0.0806934372936409,0.061884092280512656,0.0,0.0,0.0,0.0,0.0,0.0,0.0,0.0,0.0,0.0,0.0,0.0,0.0,LOW,0
5093c388-0c6c-421f-ae8b-adbdaa899a25,Initiative durable mobilité durable - édition 0977,2026-08-13 14:30:00+00:00,REJECTED,RSE,GLOBAL,ONSITE,0,154,120,3,14,8,0,1,0,2,1,0,0.04845233700249593,0.09991128277675294,0.11181167314358743,0.07948905763254178,0.06112009114124707,0.0,0.0,0.0,0.0,0.0,0.0,0.0,0.0,0.0,0.0,0.0,0.0,0.0,LOW,0
706d91f9-c37d-42cd-9569-01b9ee2f3a5e,Formation Power BI - édition 0243,2026-08-14 10:00:00+00:00,PUBLISHED,Formation,GLOBAL,ONSITE,0,33,60,4,10,8,1,0,0,2,2,0,0.10015762156148844,0.08540253708320934,0.11126087672416089,0.08227897436710754,0.05112736636253601,0.0,0.0,18.0,2.0,4.0,1.0,0.0,0.0,0.0,0.0,0.1111111111111111,0.05555555555555555,0.0,LOW,1
123dc7c3-f464-4a29-a129-f02a80acdaca,Challenge innovation lab IA - Juridique - édition 0583,2026-08-14 11:45:00+00:00,REJECTED,Innovation,DEPARTMENT,EXTERNAL,10,116,45,4,11,8,1,0,0,28,2,1,0.05697921857297026,0.04220779220779221,0.09512280701754387,0.07853964311016579,0.05046337459159398,0.0,0.0,0.0,0.0,0.0,0.0,0.0,0.0,0.0,0.0,0.0,0.0,0.0,LOW,0
3883fd0a-10cb-4135-8923-cc63b0c68031,Présentation digitale marketing digital - Informatique - édition 0793,2026-08-14 15:30:00+00:00,DRAFT,Webinaire,DEPARTMENT,ONLINE,1,175,45,4,15,8,0,1,0,194,2,1,0.03124801174050549,0.0761765730325568,0.0972860310421286,0.0808231776251304,0.04981640825067611,0.0,0.0,0.0,0.0,0.0,0.0,0.0,0.0,0.0,0.0,0.0,0.0,0.0,LOW,0
56762f85-ec2d-4370-b8f1-936cdab3df41,Rencontre santé au travail gestion du stress - Ressources humaines - édition 0814,2026-08-15 10:00:00+00:00,PUBLISHED,Bien-être,DEPARTMENT,ONSITE,2,17,120,5,10,8,1,0,0,105,1,1,0.08835107954629744,0.1227442868400315,0.02457757296466974,0.08097295890096298,0.09482180537079866,0.0,0.0,14.0,2.0,2.0,0.0,0.0,0.0,0.0,0.0,0.14285714285714285,0.0,0.0,LOW,1
e5c170cc-e9e1-4d42-9844-ea9c75bee0aa,Keynote interne leadership responsable - Finance - édition 0901,2026-08-15 11:00:00+00:00,PUBLISHED,Conférence,DEPARTMENT,ONLINE,3,37,60,5,11,8,1,0,0,108,1,0,0.06479693445005917,0.11079445632099645,0.0,0.0776859513372292,0.09382368110373762,0.0,0.0,17.0,1.0,1.0,3.0,0.0,0.0,0.0,0.0,0.058823529411764705,0.17647058823529413,0.0,LOW,1
16e84873-9b73-4ac3-8f9f-2866eb392d96,Présentation digitale reporting financier - édition 0290,2026-08-16 10:45:00+00:00,PUBLISHED,Webinaire,GLOBAL,ONLINE,0,241,45,6,10,8,1,0,0,2,0,0,0.030553611479605367,0.07448376029849998,0.11071548026963068,0.07970775641813543,0.09924546900464654,0.0,0.0,9.0,2.0,1.0,0.0,0.0,0.0,0.0,0.0,0.2222222222222222,0.0,0.0,LOW,1
db5dadee-806c-47c7-bb6f-984ee560ad4a,Atelier organisation d’événement - édition 0548,2026-08-17 11:00:00+00:00,PENDING,Atelier,GLOBAL,ONSITE,0,29,180,0,11,8,1,0,0,2,1,0,0.10431560892626823,0.0806730034671211,0.1101754047561203,0.07685061852715147,0.052222438924312484,0.0,0.0,0.0,0.0,0.0,0.0,0.0,0.0,0.0,0.0,0.0,0.0,0.0,LOW,0
3dfa7a52-9682-4c4b-b9e9-a774176b43c3,Rencontre informelle réseau interne - édition 0545,2026-08-17 18:15:00+00:00,PUBLISHED,Afterwork,GLOBAL,EXTERNAL,0,71,120,0,18,8,0,0,1,2,1,0,0.11077492208843819,0.13527311550647173,0.10964057269419739,0.196542904629884,0.05146559198338042,0.0,0.0,15.0,0.0,1.0,3.0,0.0,0.0,0.0,0.0,0.0,0.2,0.0,LOW,1
3de38ce4-8332-4ea6-ac76-ff1cc00b40e4,Module d’apprentissage Power BI - édition 0981,2026-08-18 10:15:00+00:00,PUBLISHED,Formation,GLOBAL,ONLINE,0,10,120,1,10,8,1,0,0,2,3,0,0.09859265872459017,0.0840681224412842,0.10911090809180995,0.07848148324247181,0.09574890061149016,0.0,0.0,18.0,3.0,4.0,1.0,0.0,0.0,0.0,0.0,0.16666666666666666,0.05555555555555555,0.0,LOW,1
9d5c6d3c-0291-4953-85ef-43ad5ac26d95,Session en ligne IA générative - édition 0614,2026-08-18 11:15:00+00:00,DRAFT,Webinaire,GLOBAL,ONLINE,0,420,30,1,11,8,1,0,0,2,3,0,0.029889402534396557,0.07286454811809781,0.10858633641829164,0.07603305875558602,0.09452135060365055,0.0,0.0,0.0,0.0,0.0,0.0,0.0,0.0,0.0,0.0,0.0,0.0,0.0,LOW,0
fc79f76a-4b98-4bb9-ab15-860513b08168,Conférence risques cyber - édition 0141,2026-08-18 13:00:00+00:00,PUBLISHED,Conférence,DEPARTMENT,ONLINE,2,243,120,1,13,8,0,1,0,105,3,0,0.06317701108880769,0.10802459491297153,0.023809523809523808,0.06669251756653186,0.09332487781119927,0.0,0.0,10.0,1.0,1.0,0.0,0.0,0.0,0.0,0.0,0.1,0.0,0.0,LOW,1
5d83012d-37d4-43c1-9864-3b1d57609d13,Parcours pratique gestion de projet - Achats - édition 0504,2026-08-18 14:45:00+00:00,PUBLISHED,Formation,DEPARTMENT,ONSITE,11,18,120,1,14,8,0,1,0,24,3,0,0.09707584859036571,0.08277476671141829,0.20692307692307693,0.07832010090265146,0.09215831683855928,10.0,0.0,8.0,1.0,1.0,1.0,0.0,0.0,0.5555555555555556,0.0,0.125,0.125,0.3333333333333333,LOW,1
35792e83-9140-4e2b-a199-6e378151f4a8,Session de formation SQL avancé - édition 0829,2026-08-19 10:45:00+00:00,PUBLISHED,Formation,DEPARTMENT,ONLINE,3,61,180,2,10,8,1,0,0,108,1,1,0.104022510817111,0.0815206035794271,0.0,0.07729236986001012,0.09313392728605596,0.0,0.0,12.0,3.0,0.0,1.0,0.0,0.0,0.0,0.0,0.25,0.08333333333333333,0.0,LOW,1
5fed21d9-b15a-4c3f-9133-91649e7293f6,Rencontre réseau communautés internes - édition 0013,2026-08-19 15:30:00+00:00,REJECTED,Networking,GLOBAL,ONSITE,0,94,45,2,15,8,0,1,0,2,1,0,0.05313202693298831,0.11960791387261976,0.10806678456940029,0.07975971476164184,0.09190848087439733,0.0,0.0,0.0,0.0,0.0,0.0,0.0,0.0,0.0,0.0,0.0,0.0,0.0,LOW,0
3994655c-08b7-43ac-8c5e-43cd06abe517,Présentation digitale protection des données - édition 0305,2026-08-20 09:00:00+00:00,PUBLISHED,Webinaire,DEPARTMENT,ONLINE,7,238,30,3,9,8,1,0,0,77,2,1,0.02925345779962216,0.0713142385836702,0.08578431372549018,0.06813040830523624,0.06037472417610991,0.0,0.0,9.0,1.0,1.0,0.0,0.0,0.0,0.0,0.0,0.1111111111111111,0.0,0.0,LOW,1
eb02ccca-1537-46f0-9651-2c34a32ad660,Initiative durable économie d’énergie - édition 0790,2026-08-20 14:30:00+00:00,PUBLISHED,RSE,GLOBAL,ONSITE,0,163,90,3,14,8,0,1,0,2,2,0,0.04750229117891758,0.09795223801642446,0.10755218083335552,0.0852365567671863,0.05964731786073509,0.0,0.0,10.0,1.0,2.0,3.0,0.0,0.0,0.0,0.0,0.1,0.3,0.0,LOW,1
d15fc0ba-7db6-48ee-8242-fa87d9ecd8c5,Session de formation Power BI - édition 0336,2026-08-20 16:30:00+00:00,PUBLISHED,Formation,GLOBAL,ONSITE,0,25,90,3,16,8,0,1,0,2,2,0,0.10246993602879591,0.08030387815286849,0.10704245485784199,0.0750983855623395,0.05893723074334539,8.0,0.0,12.0,1.0,1.0,0.0,0.0,0.0,0.32,0.0,0.08333333333333333,0.0,0.192,LOW,1
349ca628-4649-46eb-8917-713f0b8872b2,Keynote interne culture agile - Support client - édition 0821,2026-08-21 09:00:00+00:00,PUBLISHED,Conférence,DEPARTMENT,ONSITE,9,171,120,4,9,8,1,0,0,51,7,0,0.061636108379324574,0.10538984869558199,0.10818974054268171,0.06734730016379674,0.04918582080446502,0.0,0.0,13.0,2.0,2.0,0.0,0.0,0.0,0.0,0.0,0.15384615384615385,0.0,0.0,LOW,1
b9905d6c-2db6-4c9a-b935-c706ccad7987,Atelier cohésion créativité collective - édition 0571,2026-08-21 11:15:00+00:00,PUBLISHED,Team building,DEPARTMENT,ONSITE,12,12,90,4,11,8,1,0,0,22,7,1,0.11150990871372392,0.09711338810147152,0.056442577030812326,0.07523271076868512,0.04857099804440922,0.0,0.0,8.0,0.0,1.0,0.0,0.0,0.0,0.0,0.0,0.0,0.0,0.0,LOW,1
f770a84d-ce63-418e-802d-0968d4ae5ba3,Action RSE mobilité durable - édition 0589,2026-08-21 11:30:00+00:00,PUBLISHED,RSE,GLOBAL,ONSITE,0,86,45,4,11,8,1,0,0,2,7,0,0.04658878557932301,0.09606854113149321,0.10653753761794652,0.07444903669817798,0.04797135609324367,44.0,0.0,12.0,3.0,1.0,1.0,0.0,0.0,0.5116279069767442,0.0,0.25,0.08333333333333333,0.30697674418604654,LOW,1
dbf081c0-a428-47b0-aca2-557b94f4216e,Speed meeting petit-déjeuner business - édition 0211,2026-08-21 11:30:00+00:00,DRAFT,Networking,GLOBAL,ONSITE,0,49,90,4,11,8,1,0,0,2,7,0,0.052183240737756376,0.11747205826775155,0.1060373613849984,0.07895603536084361,0.053625704274749775,0.0,0.0,0.0,0.0,0.0,0.0,0.0,0.0,0.0,0.0,0.0,0.0,0.0,LOW,0
bea91322-9ea4-4494-89b9-36f392aaa187,Live interne protection des données - édition 0385,2026-08-21 14:45:00+00:00,PENDING,Webinaire,GLOBAL,ONLINE,0,280,60,4,14,8,0,1,0,2,7,0,0.028644010762130034,0.06982852527984373,0.10554185969628346,0.08401889167051221,0.05297961145216243,0.0,0.0,0.0,0.0,0.0,0.0,0.0,0.0,0.0,0.0,0.0,0.0,0.0,LOW,0
a87cea4f-934c-4a75-9d70-4524e24d6276,Session pratique gestion des priorités - Informatique - édition 0120,2026-08-21 14:45:00+00:00,REJECTED,Atelier,DEPARTMENT,ONSITE,1,66,90,4,14,8,0,1,0,194,7,1,0.10260551697665728,0.07935049521356174,0.09354426061743135,0.08283552699909655,0.05234890179201764,0.0,0.0,0.0,0.0,0.0,0.0,0.0,0.0,0.0,0.0,0.0,0.0,0.0,LOW,0
9baea18f-dd79-4d1a-9a95-7deead901b5e,Rencontre santé au travail ergonomie au travail - édition 0713,2026-08-21 16:45:00+00:00,DRAFT,Bien-être,DEPARTMENT,ONSITE,3,61,45,4,16,8,0,1,0,108,7,1,0.08651043205574958,0.12018711419753085,0.0,0.0786998798923051,0.05173303235917037,0.0,0.0,0.0,0.0,0.0,0.0,0.0,0.0,0.0,0.0,0.0,0.0,0.0,LOW,0
f4233553-3ac7-45e3-9614-d3290e6de861,Atelier innovation prototypage rapide - Développement - édition 0607,2026-08-21 16:45:00+00:00,DRAFT,Innovation,DEPARTMENT,ONLINE,6,76,90,4,16,8,0,1,0,103,7,0,0.055713013715793146,0.04126984126984127,0.09756827534605313,0.0775593019228514,0.051131485471273046,0.0,0.0,0.0,0.0,0.0,0.0,0.0,0.0,0.0,0.0,0.0,0.0,0.0,LOW,0
02e97a95-a427-4f8e-8852-dfa058c3daaa,Formation DevOps - Communication interne - édition 0400,2026-08-22 11:30:00+00:00,REJECTED,Formation,DEPARTMENT,ONSITE,12,26,90,5,11,8,1,0,0,22,2,1,0.10566890755778421,0.07912293876826748,0.05506592881054861,0.07815036153063093,0.09284635109224036,0.0,0.0,0.0,0.0,0.0,0.0,0.0,0.0,0.0,0.0,0.0,0.0,0.0,LOW,0
e28bbd10-d8d3-42ed-bb1c-ffe5f137b958,Lab innovation innovation ouverte - édition 0260,2026-08-22 15:30:00+00:00,CANCELLED,Innovation,GLOBAL,ONSITE,0,99,120,5,15,8,0,1,0,2,2,0,0.05450186124371068,0.040372670807453416,0.10505096732560307,0.07872387431019195,0.09188917221500077,0.0,0.0,0.0,0.0,0.0,0.0,0.0,0.0,0.0,0.0,0.0,0.0,0.0,LOW,0
d009127f-7454-4bc0-8581-c5715a9fc88c,Rencontre informelle équipes projet - édition 0797,2026-08-22 19:00:00+00:00,PUBLISHED,Afterwork,DEPARTMENT,ONSITE,5,61,150,5,19,8,0,0,1,86,2,1,0.10846711121159576,0.1324549256000869,0.026881720430107527,0.05548605567346197,0.09095152760056198,0.0,0.0,16.0,3.0,2.0,1.0,0.0,0.0,0.0,0.0,0.1875,0.0625,0.0,LOW,1
4036edfd-e819-4516-ac7d-1dd302b0e2bc,Culture d’entreprise rencontre direction - Informatique - édition 0711,2026-08-23 10:15:00+00:00,DRAFT,Culture d’entreprise,DEPARTMENT,ONLINE,1,171,45,6,10,8,1,0,0,194,2,1,0.08020838831555438,0.07772657450076804,0.0900796583723413,0.07613875239941295,0.097956566809781,0.0,0.0,0.0,0.0,0.0,0.0,0.0,0.0,0.0,0.0,0.0,0.0,0.0,LOW,0
7d4f7e1b-0ba3-4436-b1b3-559df678c84c,Initiative durable économie d’énergie - édition 0982,2026-08-23 11:30:00+00:00,PUBLISHED,RSE,DEPARTMENT,ONLINE,5,121,120,6,11,8,1,0,0,86,2,1,0.05536310862455737,0.09425592714788013,0.026041666666666668,0.07736096393941243,0.09670071338914278,64.0,0.0,10.0,6.0,1.0,1.0,0.0,0.0,0.5289256198347108,0.0,0.6,0.1,0.31735537190082647,LOW,1
6bbe9ea4-ad18-4c93-ac54-d4cbbd5d1d7b,Afterwork nouveaux arrivants - édition 0918,2026-08-23 18:45:00+00:00,PENDING,Afterwork,DEPARTMENT,EXTERNAL,7,78,120,6,18,8,0,0,1,77,2,1,0.1062534966970734,0.12975176385314635,0.08235294117647057,0.18142421965835445,0.10217191473655504,0.0,0.0,0.0,0.0,0.0,0.0,0.0,0.0,0.0,0.0,0.0,0.0,0.0,LOW,0
b927869c-402a-4000-b2ca-46281223aa86,Rencontre culture interne feedback et transparence - édition 0259,2026-08-24 11:45:00+00:00,CANCELLED,Culture d’entreprise,DEPARTMENT,EXTERNAL,4,92,120,0,11,8,1,0,0,71,1,1,0.07846472769999885,0.07603686635944701,0.18054093567251464,0.08187661049836542,0.050730369240760693,0.0,0.0,0.0,0.0,0.0,0.0,0.0,0.0,0.0,0.0,0.0,0.0,0.0,LOW,0
0bd1af03-8f68-480c-8a4a-57e23c682bcb,Rencontre informelle culture interne - édition 0113,2026-08-24 18:15:00+00:00,PENDING,Afterwork,DEPARTMENT,EXTERNAL,12,64,90,0,18,8,0,0,1,22,1,0,0.10412842676313193,0.12715672857608343,0.05375483526744031,0.16846534682561484,0.05001585699793308,0.0,0.0,0.0,0.0,0.0,0.0,0.0,0.0,0.0,0.0,0.0,0.0,0.0,LOW,0
d30e54ca-2370-4b4d-a024-0c07f0a5d5d4,Live interne IA générative - Informatique - édition 0987,2026-08-25 09:00:00+00:00,PUBLISHED,Webinaire,DEPARTMENT,ONLINE,1,367,60,1,9,8,1,0,0,194,3,2,0.028059439113923296,0.06840345333535713,0.08686252771618626,0.06658198993466269,0.09787927040296664,0.0,0.0,15.0,2.0,2.0,1.0,0.0,0.0,0.0,0.0,0.13333333333333333,0.06666666666666667,0.0,LOW,1
b9453029-a560-443f-b304-0ed85a4b82d1,Session en ligne protection des données - Achats - édition 0457,2026-08-25 14:00:00+00:00,PUBLISHED,Webinaire,DEPARTMENT,ONLINE,11,329,90,1,14,8,0,1,0,24,3,0,0.02749825033164483,0.06703538426864998,0.19896449704142014,0.08168503356855354,0.09668562076390608,0.0,0.0,14.0,0.0,2.0,2.0,0.0,0.0,0.0,0.0,0.0,0.14285714285714285,0.0,LOW,1
79583501-ee6a-4ef7-b486-cd6f35c4d46d,Atelier feedback constructif - Qualité - édition 0242,2026-08-25 16:00:00+00:00,PUBLISHED,Atelier,DEPARTMENT,ONSITE,8,41,60,1,16,8,0,1,0,47,3,2,0.10095058928348538,0.07807064851656881,0.12761748450154245,0.0764513118953821,0.09552073376675058,0.0,0.0,9.0,1.0,1.0,1.0,0.0,0.0,0.0,0.0,0.1111111111111111,0.1111111111111111,0.0,LOW,1
b25220ab-7faf-4f36-a609-4af699fa57e3,Forum d’échanges speed networking - édition 0546,2026-08-25 16:45:00+00:00,PENDING,Networking,GLOBAL,EXTERNAL,0,54,120,1,16,8,0,1,0,2,3,0,0.05126774528621679,0.11541114496480855,0.1045646202546512,0.07537453285460208,0.09438358217428926,0.0,0.0,0.0,0.0,0.0,0.0,0.0,0.0,0.0,0.0,0.0,0.0,0.0,LOW,0
415c7e94-a9aa-4864-8800-0743b58005bb,Atelier collaboratif amélioration continue - Développement - édition 0135,2026-08-26 09:00:00+00:00,PUBLISHED,Atelier,DEPARTMENT,ONSITE,6,71,180,2,9,8,1,0,0,103,8,0,0.09934819897739831,0.07683143187344867,0.09408369408369409,0.06583387768820581,0.09071486423966489,0.0,0.0,14.0,2.0,0.0,1.0,0.0,0.0,0.0,0.0,0.14285714285714285,0.07142857142857142,0.0,LOW,1
8cb42ffd-1a1e-4e8a-a095-265e8e89ba75,Atelier cohésion challenge collaboratif - édition 0676,2026-08-26 10:00:00+00:00,PUBLISHED,Team building,GLOBAL,EXTERNAL,0,70,180,2,10,8,1,0,0,2,8,0,0.1094449104042105,0.09531499202551835,0.10408275564518277,0.07501906486412746,0.0895518531596692,0.0,0.0,13.0,2.0,2.0,0.0,0.0,0.0,0.0,0.0,0.15384615384615385,0.0,0.0,LOW,1
6af31655-bd57-4de3-9593-b7e1decf369e,Rencontre santé au travail gestion du stress - édition 0160,2026-08-26 10:00:00+00:00,PUBLISHED,Bien-être,DEPARTMENT,EXTERNAL,4,46,45,2,10,8,1,0,0,71,8,1,0.08474491303420367,0.11773431594860165,0.16925712719298247,0.07393183204000968,0.08841828539815438,20.0,0.0,12.0,5.0,0.0,0.0,0.0,0.0,0.43478260869565216,0.0,0.4166666666666667,0.0,0.2608695652173913,LOW,1
00c32fcf-b2c3-4e7c-af3e-91185a508d45,Atelier design thinking - édition 0827,2026-08-26 14:30:00+00:00,DRAFT,Atelier,GLOBAL,ONLINE,0,12,90,2,14,8,0,1,0,2,8,0,0.09779588336837647,0.07563094075042603,0.10360531181194799,0.08056606050597061,0.0927478394393731,0.0,0.0,0.0,0.0,0.0,0.0,0.0,0.0,0.0,0.0,0.0,0.0,0.0,LOW,0
92ddad17-4595-483d-86db-d175927efbee,Speed meeting rencontre métiers - édition 0530,2026-08-26 15:30:00+00:00,CANCELLED,Networking,DEPARTMENT,EXTERNAL,9,132,90,2,15,8,0,1,0,51,8,2,0.05038381864335098,0.11342129763782909,0.1050986050986051,0.07771459387031769,0.09160280438456603,0.0,0.0,0.0,0.0,0.0,0.0,0.0,0.0,0.0,0.0,0.0,0.0,0.0,LOW,0
3a55cd6a-c838-404a-9def-21cd03de60ac,Action RSE inclusion - édition 0582,2026-08-26 15:45:00+00:00,PUBLISHED,RSE,GLOBAL,EXTERNAL,0,185,90,2,15,8,0,1,0,2,8,0,0.06413278475807872,0.09251044701551198,0.10313222819636832,0.07673086483398456,0.09048569701402254,0.0,0.0,19.0,2.0,5.0,0.0,0.0,0.0,0.0,0.0,0.10526315789473684,0.0,0.0,LOW,1
3f06ad94-6888-41ef-8c91-a251af79b4bb,Atelier collaboratif feedback constructif - Informatique - édition 0963,2026-08-26 16:15:00+00:00,PUBLISHED,Atelier,DEPARTMENT,ONSITE,1,53,180,2,16,8,0,1,0,194,8,2,0.09629133131655529,0.0744673878158041,0.08386726813976604,0.07432766434273258,0.08939550789337167,0.0,0.0,14.0,3.0,2.0,2.0,0.0,0.0,0.0,0.0,0.21428571428571427,0.14285714285714285,0.0,LOW,1
c8999109-865e-4c78-9880-84c55f8117a5,Rencontre informelle équipes projet - Ventes - édition 0727,2026-08-26 17:30:00+00:00,PUBLISHED,Afterwork,DEPARTMENT,EXTERNAL,5,68,90,2,17,8,0,1,0,86,8,2,0.1020866929050313,0.12466345938831709,0.025252525252525252,0.09862389062712003,0.08833127565654582,0.0,0.0,9.0,2.0,0.0,1.0,0.0,0.0,0.0,0.0,0.2222222222222222,0.1111111111111111,0.0,LOW,1
b065bd43-9147-4cbb-81cf-0a54ed8da5f3,Rencontre informelle finance et business - édition 0204,2026-08-26 19:45:00+00:00,PUBLISHED,Afterwork,DEPARTMENT,ONSITE,9,13,150,2,19,8,0,0,1,51,8,2,0.10012348727224224,0.12226608516931099,0.10217919940142162,0.051786985295231173,0.0872920841782335,0.0,0.0,13.0,1.0,1.0,1.0,0.0,0.0,0.0,0.0,0.07692307692307693,0.07692307692307693,0.0,LOW,1
4efe8fc8-a25d-4202-8d75-43a002e81f79,Atelier cohésion confiance et coopération - édition 0718,2026-08-27 10:30:00+00:00,PUBLISHED,Team building,DEPARTMENT,ONSITE,1,21,240,3,10,8,1,0,0,194,1,2,0.10745500294231577,0.09358199217050892,0.08107169253510717,0.07908684313509029,0.062008557440482504,0.0,0.0,12.0,1.0,1.0,0.0,0.0,0.0,0.0,0.0,0.08333333333333333,0.0,0.0,LOW,1
a5836216-4904-4dbf-a3e7-3fb9a39ec2dc,Module d’apprentissage Power BI - Support client - édition 0601,2026-08-27 14:30:00+00:00,PUBLISHED,Formation,DEPARTMENT,ONSITE,9,11,90,3,14,8,0,1,0,51,1,2,0.10413747411491778,0.07797622951075636,0.09941759941759941,0.07947732995859264,0.06128752770280248,4.0,0.0,11.0,2.0,1.0,2.0,0.0,0.0,0.36363636363636365,0.0,0.18181818181818182,0.18181818181818182,0.21818181818181817,LOW,1
a557f518-e677-4dfd-8651-19057fd9cba8,Hackathon expérimentation digitale - édition 0126,2026-08-28 11:30:00+00:00,PUBLISHED,Innovation,DEPARTMENT,EXTERNAL,10,20,45,4,11,8,1,0,0,28,3,0,0.053342247174695566,0.03951367781155015,0.0914642375168691,0.08106595098848061,0.05054376724746531,4.0,0.0,7.0,1.0,0.0,3.0,0.0,0.0,0.2,0.0,0.14285714285714285,0.42857142857142855,0.12,LOW,1
eb17a1a0-38a2-4c30-8fc1-37c4a1315e81,Team building sport d’équipe - édition 0112,2026-08-28 13:00:00+00:00,PUBLISHED,Team building,GLOBAL,ONSITE,0,15,90,4,13,8,0,1,0,2,3,0,0.10553616360406012,0.09191088516746412,0.10266344534093028,0.06543416817848409,0.0522421335287441,0.0,0.0,18.0,5.0,1.0,3.0,0.0,0.0,0.0,0.0,0.2777777777777778,0.16666666666666666,0.0,LOW,1
d1b1ad5c-1b42-4e80-9790-51439b58c5b9,Webinaire bien-être au travail - édition 0946,2026-08-28 16:00:00+00:00,PUBLISHED,Webinaire,GLOBAL,ONLINE,0,419,90,4,16,8,0,1,0,2,3,0,0.026959068952592972,0.06572096496926469,0.10219890486427448,0.07330947715995542,0.05165514326437619,59.0,0.0,21.0,3.0,1.0,2.0,0.0,0.0,0.14081145584725538,0.0,0.14285714285714285,0.09523809523809523,0.08448687350835322,LOW,1
915e8b4c-4dd9-470a-aad2-2e884db4cb8d,Moment convivial réseau interne - édition 0806,2026-08-28 19:00:00+00:00,PENDING,Afterwork,DEPARTMENT,ONSITE,5,112,90,4,19,8,0,0,1,86,3,2,0.09823436487087918,0.1199591779019655,0.024509803921568627,0.048550298714279225,0.05264576895974152,0.0,0.0,0.0,0.0,0.0,0.0,0.0,0.0,0.0,0.0,0.0,0.0,0.0,LOW,0
bdea1cca-9015-43ed-a79e-8b9a766324e1,Parcours pratique Power BI - édition 0085,2026-08-29 09:30:00+00:00,PUBLISHED,Formation,DEPARTMENT,ONSITE,8,78,180,5,9,8,1,0,0,47,0,2,0.10784460110808128,0.07686228337488842,0.12416836329879807,0.06510239015833685,0.09003282530156641,12.0,0.0,8.0,4.0,0.0,1.0,0.0,0.0,0.15384615384615385,0.0,0.5,0.125,0.09230769230769231,LOW,1
f6f8d608-2379-4ad1-a352-460f527109bc,Afterwork culture interne - Ventes - édition 0208,2026-08-30 17:45:00+00:00,PENDING,Afterwork,DEPARTMENT,ONSITE,5,113,90,6,17,8,0,1,0,86,1,2,0.0964152099658629,0.1177377116445217,0.02380952380952381,0.09414098650770547,0.1008947658023481,0.0,0.0,0.0,0.0,0.0,0.0,0.0,0.0,0.0,0.0,0.0,0.0,0.0,LOW,0
ff0e1054-736a-4668-9543-68154a775065,Afterwork communauté tech - Qualité - édition 0865,2026-08-30 19:30:00+00:00,PUBLISHED,Afterwork,DEPARTMENT,ONSITE,8,70,90,6,19,8,0,0,1,47,1,2,0.09466220614830176,0.11559702597825766,0.12090077479093496,0.04569439878990986,0.09964915140972652,0.0,0.0,14.0,3.0,2.0,0.0,0.0,0.0,0.0,0.0,0.21428571428571427,0.0,0.0,LOW,1
e2a73cf2-d769-4052-84dd-8140f2cad0bd,Initiative durable recyclage - édition 0108,2026-08-31 10:15:00+00:00,PENDING,RSE,GLOBAL,ONSITE,0,69,60,0,10,8,1,0,0,2,3,0,0.06296673412611366,0.09082843888795722,0.10173854943695793,0.07797294393600451,0.04932119231740623,0.0,0.0,0.0,0.0,0.0,0.0,0.0,0.0,0.0,0.0,0.0,0.0,0.0,LOW,0
94eef033-87d1-4925-9943-469b296b89fd,Team building créativité collective - édition 0433,2026-08-31 10:15:00+00:00,PUBLISHED,Team building,GLOBAL,ONSITE,0,23,240,0,10,8,1,0,0,2,3,0,0.10368465196188363,0.09029841349785948,0.10128232275786843,0.07688998638133776,0.04864555954593491,0.0,0.0,9.0,2.0,2.0,0.0,0.0,0.0,0.0,0.0,0.2222222222222222,0.0,0.0,LOW,1
ff72bd1b-0972-4f89-b6fc-ad42737974b0,Session de formation cybersécurité - Achats - édition 0568,2026-08-31 14:15:00+00:00,REJECTED,Formation,DEPARTMENT,ONSITE,11,15,120,0,14,8,0,1,0,24,3,0,0.10849251030157527,0.07577971600341112,0.19159544159544162,0.08326611707429624,0.047988187119638495,0.0,0.0,0.0,0.0,0.0,0.0,0.0,0.0,0.0,0.0,0.0,0.0,0.0,LOW,0
47ab9c32-9eb9-40ba-831e-c71bc4093dd8,Moment convivial finance et business - édition 0009,2026-08-31 18:00:00+00:00,PUBLISHED,Afterwork,GLOBAL,ONSITE,0,94,120,0,18,8,0,0,1,2,3,0,0.09297180960993923,0.11353279337150306,0.1008301695312708,0.1572343237039072,0.047348344624709986,0.0,0.0,16.0,3.0,1.0,1.0,0.0,0.0,0.0,0.0,0.1875,0.0625,0.0,LOW,1
0743da96-2def-4e91-a8d3-4891a8b368df,Module d’apprentissage contrats et conformité - édition 0635,2026-09-01 09:15:00+00:00,PUBLISHED,Formation,DEPARTMENT,ONSITE,12,56,180,1,9,9,1,0,0,22,2,2,0.10698566988072006,0.07472721994780818,0.0525047228193603,0.06607759635270848,0.09327318708988586,0.0,0.0,7.0,1.0,0.0,0.0,0.0,0.0,0.0,0.0,0.14285714285714285,0.0,0.0,LOW,1
1364463f-c613-4a01-8e70-fce6229a0297,Speed meeting experts internes - édition 0436,2026-09-01 10:30:00+00:00,PENDING,Networking,DEPARTMENT,ONSITE,3,36,45,1,10,9,1,0,0,108,2,2,0.049529855615497574,0.11149890276261164,0.0,0.0758366988966619,0.09218861514698021,0.0,0.0,0.0,0.0,0.0,0.0,0.0,0.0,0.0,0.0,0.0,0.0,0.0,LOW,0
597224b9-f66a-414b-bdcd-52bd1b9ec4c5,Atelier collaboratif gestion budgétaire - Ressources humaines - édition 0142,2026-09-01 16:15:00+00:00,PUBLISHED,Atelier,DEPARTMENT,ONSITE,2,74,120,1,16,9,0,1,0,105,2,1,0.09483237175115294,0.07333909406101918,0.023088023088023088,0.07422166606113516,0.09112897589241722,0.0,0.0,10.0,0.0,1.0,0.0,0.0,0.0,0.0,0.0,0.0,0.0,0.0,LOW,1
e6e8d4f8-fc0a-4126-a09d-e801439b9f66,Atelier amélioration continue - édition 0296,2026-09-02 10:00:00+00:00,PUBLISHED,Atelier,GLOBAL,ONSITE,0,60,180,2,10,9,1,0,0,2,2,0,0.09341696321755365,0.07224448071682486,0.10038203544446515,0.07481187864130161,0.0862770599436029,0.0,0.0,19.0,3.0,3.0,0.0,0.0,0.0,0.0,0.0,0.15789473684210525,0.0,0.0,LOW,1
12deabfb-b33b-446a-a442-3320fa8615b3,Atelier collaboratif design thinking - Ressources humaines - édition 0532,2026-09-02 10:00:00+00:00,PENDING,Atelier,DEPARTMENT,ONSITE,2,79,120,2,10,9,1,0,0,105,2,1,0.09204318434670726,0.07118206188275392,0.022408963585434174,0.07381438692608426,0.08528536959942354,0.0,0.0,0.0,0.0,0.0,0.0,0.0,0.0,0.0,0.0,0.0,0.0,0.0,LOW,0
6a44cea8-77b1-4bf8-8652-21ab53b5bc57,Live interne marketing digital - édition 0622,2026-09-02 10:45:00+00:00,PUBLISHED,Webinaire,GLOBAL,ONLINE,0,98,45,2,10,9,1,0,0,2,2,0,0.02914853793133648,0.06445710025831729,0.09993786714603832,0.0728431449928463,0.08431621767215737,54.0,0.0,10.0,2.0,1.0,0.0,0.0,0.0,0.5510204081632653,0.0,0.2,0.0,0.33061224489795915,LOW,1
0e8ed710-0046-431c-bbe7-acbbf03fa23c,Forum d’échanges réseau inter-départements - édition 0230,2026-09-03 10:45:00+00:00,PUBLISHED,Networking,DEPARTMENT,EXTERNAL,7,149,45,3,10,9,1,0,0,77,1,0,0.04870435802190595,0.10964058771656811,0.07918552036199095,0.07905323931973486,0.0647628016790503,0.0,0.0,17.0,1.0,4.0,2.0,0.0,0.0,0.0,0.0,0.058823529411764705,0.11764705882352941,0.0,LOW,1
ab944107-0c97-47a0-84ce-3bc81dcd7b62,Pause prévention ergonomie au travail - édition 0999,2026-09-03 16:30:00+00:00,CANCELLED,Bien-être,DEPARTMENT,EXTERNAL,3,11,60,3,16,9,0,1,0,108,1,2,0.09174566694743264,0.11537962962962961,0.0,0.07323204384698669,0.06402686075087928,0.0,0.0,0.0,0.0,0.0,0.0,0.0,0.0,0.0,0.0,0.0,0.0,0.0,LOW,0
830b04bc-032d-4f4d-94a5-2c5f30c999a7,Hackathon prototypage rapide - Communication interne - édition 0254,2026-09-04 10:00:00+00:00,PENDING,Innovation,DEPARTMENT,ONLINE,12,80,90,4,10,9,1,0,0,22,1,2,0.056397617025222745,0.03869047619047619,0.05131143366437484,0.07803973625153314,0.05206724402611798,0.0,0.0,0.0,0.0,0.0,0.0,0.0,0.0,0.0,0.0,0.0,0.0,0.0,LOW,0
4ff7d7ba-9f5f-4213-8202-667c71b8f6df,Présentation digitale marketing digital - édition 0118,2026-09-04 10:45:00+00:00,PUBLISHED,Webinaire,GLOBAL,ONLINE,0,153,45,4,10,9,1,0,0,2,1,0,0.03899517699231626,0.06324092855533017,0.09949761222469014,0.0770518914888555,0.05150129572148626,0.0,0.0,13.0,0.0,1.0,0.0,0.0,0.0,0.0,0.0,0.0,0.0,0.0,LOW,1
d2d141c8-3a4f-4985-ad19-a5fcc4d1b426,Workshop idéation produit - Informatique - édition 0107,2026-09-05 11:00:00+00:00,PENDING,Atelier,DEPARTMENT,ONSITE,1,65,120,5,11,9,1,0,0,194,3,0,0.09070922515327673,0.0701504377974966,0.07845647664687791,0.08223197107682884,0.09067095858701228,0.0,0.0,0.0,0.0,0.0,0.0,0.0,0.0,0.0,0.0,0.0,0.0,0.0,LOW,0
7e92af2a-d94c-464c-8a29-21d052279cef,Rencontre expert finance durable - Finance - édition 0866,2026-09-05 14:00:00+00:00,DRAFT,Conférence,DEPARTMENT,ONSITE,3,168,45,5,14,9,0,1,0,108,3,2,0.06016858198934066,0.10288056658378242,0.0,0.08217051027068707,0.08977322632377453,0.0,0.0,0.0,0.0,0.0,0.0,0.0,0.0,0.0,0.0,0.0,0.0,0.0,LOW,0
251077ce-5e1a-4da0-be67-26a85341f141,Team building résolution de problèmes - Communication interne - édition 0762,2026-09-05 16:15:00+00:00,PUBLISHED,Team building,DEPARTMENT,ONSITE,12,47,90,5,16,9,0,1,0,22,3,2,0.1018969855487477,0.08874154429962053,0.050171179582944286,0.07226846432268423,0.0888930966539336,0.0,0.0,9.0,1.0,1.0,0.0,0.0,0.0,0.0,0.0,0.1111111111111111,0.0,0.0,LOW,1
3c21ac8e-aee8-4cce-909f-fa2aa49b0916,Moment convivial convivialité - édition 0330,2026-09-05 19:30:00+00:00,PUBLISHED,Afterwork,GLOBAL,EXTERNAL,0,51,90,5,19,9,0,0,1,2,3,0,0.09134072523081749,0.11154098997902055,0.09906121918861693,0.04315582107935931,0.08803005688059444,0.0,0.0,15.0,3.0,3.0,1.0,0.0,0.0,0.0,0.0,0.2,0.06666666666666667,0.0,LOW,1
f4d661c3-d7a6-4bb6-9922-0b5130b74731,Présentation digitale outils collaboratifs - édition 0980,2026-09-06 15:00:00+00:00,PUBLISHED,Webinaire,GLOBAL,ONLINE,0,181,90,6,15,9,0,1,0,2,3,0,0.03827304408505115,0.06206980024874999,0.0986286374454352,0.07577172902355975,0.09843391785594938,0.0,0.0,13.0,3.0,1.0,0.0,0.0,0.0,0.0,0.0,0.23076923076923078,0.0,0.0,LOW,1
2c2463f5-46d4-400d-a803-c784a3b705f0,Rencontre réseau réseau inter-départements - édition 0832,2026-09-06 15:15:00+00:00,PUBLISHED,Networking,GLOBAL,ONSITE,0,198,90,6,15,9,0,1,0,2,3,0,0.04790592592318618,0.10784320103268995,0.09819981728262896,0.07483627557882444,0.09724796703840781,0.0,0.0,18.0,2.0,3.0,0.0,0.0,0.0,0.0,0.0,0.1111111111111111,0.0,0.0,LOW,1
7ceb804d-b10a-41d4-88ca-ed69c27b4806,Rencontre santé au travail ergonomie au travail - édition 0007,2026-09-06 15:15:00+00:00,PUBLISHED,Bien-être,GLOBAL,ONSITE,0,32,45,6,15,9,0,1,0,2,3,0,0.08994673230140456,0.11311728395061726,0.09777470984850502,0.07392363807176561,0.09609025314509344,0.0,0.0,18.0,3.0,2.0,0.0,0.0,0.0,0.0,0.0,0.16666666666666666,0.0,0.0,LOW,1
540f9610-c417-4550-bfa4-81eb1b1bd771,Module d’apprentissage gestion de projet - édition 0267,2026-09-06 16:30:00+00:00,CANCELLED,Formation,GLOBAL,ONSITE,0,75,120,6,16,9,0,1,0,2,3,0,0.10552011275906635,0.07370355940057793,0.09735326713364077,0.07132991283797405,0.09495977957868057,0.0,0.0,0.0,0.0,0.0,0.0,0.0,0.0,0.0,0.0,0.0,0.0,0.0,LOW,0
2018e1dd-8651-4c53-a72c-8cbff3bb8ca1,Défi collaboratif escape game interne - Développement - édition 0446,2026-09-07 15:45:00+00:00,PENDING,Team building,DEPARTMENT,ONSITE,6,60,120,0,15,9,0,1,0,103,0,0,0.10016991799707402,0.08723745032844052,0.09083942877046326,0.07303299182993711,0.046725340090174323,0.0,0.0,0.0,0.0,0.0,0.0,0.0,0.0,0.0,0.0,0.0,0.0,0.0,LOW,0
cb989bf2-8e6c-44f0-b52b-a59a39848fff,Challenge innovation prototypage rapide - Ventes - édition 0182,2026-09-08 10:15:00+00:00,REJECTED,Innovation,DEPARTMENT,ONSITE,5,32,45,1,10,9,1,0,0,86,1,1,0.05524664524919779,0.037900874635568516,0.02314814814814815,0.0760887428452448,0.09009341934818521,0.0,0.0,0.0,0.0,0.0,0.0,0.0,0.0,0.0,0.0,0.0,0.0,0.0,LOW,0
a91fb09d-c3de-4197-9cf3-411a02903548,Parcours pratique gestion de projet - édition 0666,2026-09-08 15:15:00+00:00,REJECTED,Formation,GLOBAL,ONSITE,0,55,90,1,15,9,0,1,0,2,1,0,0.10409416528934924,0.07270756535462417,0.0969354419528097,0.07216355145100929,0.08908113373753145,0.0,0.0,0.0,0.0,0.0,0.0,0.0,0.0,0.0,0.0,0.0,0.0,0.0,LOW,0
39fe5602-f571-4c93-b345-bb53db9d71c7,Challenge innovation innovation ouverte - Juridique - édition 0494,2026-09-09 09:45:00+00:00,CANCELLED,Innovation,DEPARTMENT,ONSITE,10,97,45,2,9,9,1,0,0,28,3,1,0.05414171234421383,0.037142857142857144,0.08807667316439247,0.06535936160974425,0.08956008498104621,0.0,0.0,0.0,0.0,0.0,0.0,0.0,0.0,0.0,0.0,0.0,0.0,0.0,LOW,0
d3df8ad1-7131-4c40-806e-386b329667e2,Atelier organisation d’événement - édition 0656,2026-09-09 11:00:00+00:00,PUBLISHED,Atelier,GLOBAL,ONSITE,0,39,90,2,11,9,1,0,0,2,3,0,0.08941337907965849,0.0691482886861038,0.09652118792737034,0.0814336024255975,0.08856497292570126,0.0,0.0,10.0,1.0,2.0,0.0,0.0,0.0,0.0,0.0,0.1,0.0,0.0,LOW,1
8e990e91-f811-4ad2-bdda-237d8c2ec672,Webinaire reporting financier - édition 0716,2026-09-09 15:30:00+00:00,PUBLISHED,Webinaire,GLOBAL,ONLINE,0,322,90,2,15,9,0,1,0,2,3,0,0.03757717055623204,0.06094125842604544,0.09611045946810494,0.07131456849276212,0.08759173146497927,0.0,0.0,12.0,2.0,2.0,1.0,0.0,0.0,0.0,0.0,0.16666666666666666,0.08333333333333333,0.0,LOW,1
725ebebe-b184-4dc5-9a39-2d53a39a7c11,Soirée réseau communauté tech - édition 0960,2026-09-09 18:00:00+00:00,PUBLISHED,Afterwork,GLOBAL,ONLINE,0,90,90,2,18,9,0,0,1,2,3,0,0.08976588514063098,0.10961786946214089,0.09570321175849432,0.14740717847241303,0.08663964742731645,0.0,0.0,20.0,1.0,4.0,2.0,0.0,0.0,0.0,0.0,0.05,0.1,0.0,LOW,1
097c46e4-9ca5-4bf9-abf6-29e480551b37,Networking speed networking - Finance - édition 0061,2026-09-10 10:00:00+00:00,PUBLISHED,Networking,DEPARTMENT,ONLINE,3,170,90,3,10,9,1,0,0,108,1,0,0.047133249698618665,0.10610379456442075,0.0,0.0751493756496245,0.06330745782109412,0.0,0.0,14.0,1.0,2.0,2.0,0.0,0.0,0.0,0.0,0.07142857142857142,0.14285714285714285,0.0,LOW,1
b0066ca4-aad7-4b45-b626-b52e77b94b47,Moment convivial finance et business - édition 0695,2026-09-10 18:45:00+00:00,PUBLISHED,Afterwork,GLOBAL,ONSITE,0,35,120,3,18,9,0,0,1,2,1,0,0.0882444294602813,0.10775993947125714,0.09529940073841629,0.1387361679740358,0.06260404162308196,19.0,0.0,15.0,1.0,2.0,1.0,0.0,0.0,0.5428571428571428,0.0,0.06666666666666667,0.06666666666666667,0.3257142857142857,LOW,1
31ec84cd-13b6-4687-a07e-f9b8101567c2,Action RSE bénévolat entreprise - édition 0712,2026-09-11 10:15:00+00:00,PUBLISHED,RSE,GLOBAL,EXTERNAL,0,87,60,4,10,9,1,0,0,2,2,0,0.06184232815957592,0.0892065024792437,0.09489898308825488,0.07423291984901932,0.05094751834813695,0.0,0.0,11.0,1.0,3.0,1.0,0.0,0.0,0.0,0.0,0.09090909090909091,0.09090909090909091,0.0,LOW,1
60e401e7-9f61-433d-81ba-2fb7abee5dd5,Atelier cohésion confiance et coopération - Juridique - édition 0669,2026-09-11 10:15:00+00:00,REJECTED,Team building,DEPARTMENT,ONSITE,10,9,240,4,10,9,1,0,0,28,2,1,0.09850041936378945,0.08578349282296652,0.0849310776942356,0.07333854732071789,0.05040552347209294,0.0,0.0,0.0,0.0,0.0,0.0,0.0,0.0,0.0,0.0,0.0,0.0,0.0,LOW,0
b2d95066-bef2-46c0-ac7c-077db04abfb7,Afterwork communauté tech - édition 0319,2026-09-11 17:45:00+00:00,PUBLISHED,Afterwork,DEPARTMENT,ONSITE,5,99,120,4,17,9,0,1,0,86,2,1,0.09582130801689566,0.10596394048006953,0.022522522522522525,0.09004790013780524,0.04987493901449196,23.0,0.0,19.0,10.0,1.0,0.0,0.0,0.0,0.23232323232323232,0.0,0.5263157894736842,0.0,0.13939393939393938,LOW,1
42c9c57a-ba63-4afa-81eb-ff8c59bac14f,Atelier RSE réduction carbone - édition 0514,2026-09-12 11:00:00+00:00,PENDING,RSE,GLOBAL,ONSITE,0,122,45,5,11,9,1,0,0,2,0,0,0.06075737503396932,0.08764147611995872,0.09450191621340862,0.08065058701765905,0.08718361402597335,0.0,0.0,0.0,0.0,0.0,0.0,0.0,0.0,0.0,0.0,0.0,0.0,0.0,LOW,0
9387b254-cb99-4615-a4eb-5c3ddb83513d,Atelier collaboratif feedback constructif - édition 0632,2026-09-13 10:30:00+00:00,DRAFT,Atelier,GLOBAL,EXTERNAL,0,26,120,6,10,9,1,0,0,2,4,0,0.08815403571233935,0.0681743691271446,0.09410815822918608,0.07246546937642362,0.09385559609520754,0.0,0.0,0.0,0.0,0.0,0.0,0.0,0.0,0.0,0.0,0.0,0.0,0.0,LOW,0
56f8152e-567c-4e69-8266-296d92ba07a7,Culture d’entreprise rencontre direction - Ressources humaines - édition 0679,2026-09-13 11:15:00+00:00,PUBLISHED,Culture d’entreprise,DEPARTMENT,ONLINE,2,100,45,6,11,9,1,0,0,105,4,0,0.07679526540850952,0.07441906069222473,0.021768707482993196,0.07988248618891944,0.09277679614009021,0.0,0.0,11.0,0.0,3.0,1.0,0.0,0.0,0.0,0.0,0.0,0.09090909090909091,0.0,LOW,1
ac5c8ce4-7152-4b1f-8374-9c59ed00a418,Rencontre réseau experts internes - édition 0787,2026-09-13 13:15:00+00:00,REJECTED,Networking,GLOBAL,ONSITE,0,164,120,6,13,9,0,1,0,2,4,0,0.046385102878005666,0.10441960734911249,0.09371766794607743,0.06422242432332698,0.091722514365771,0.0,0.0,0.0,0.0,0.0,0.0,0.0,0.0,0.0,0.0,0.0,0.0,0.0,LOW,0
87e4ac4c-0d90-49d7-a19d-9e92b5538225,Atelier organisation d’événement - édition 0834,2026-09-13 16:45:00+00:00,PUBLISHED,Atelier,DEPARTMENT,ONLINE,1,57,180,6,16,9,0,1,0,194,4,0,0.08692967410522352,0.06722750288926758,0.07600471175166297,0.07041542677594874,0.0906919243167174,27.0,0.0,10.0,4.0,3.0,0.0,0.0,0.0,0.47368421052631576,0.0,0.4,0.0,0.28421052631578947,LOW,1
6e894a8c-84a8-4a14-8194-eca50da6f501,Rencontre informelle finance et business - Qualité - édition 0358,2026-09-13 19:45:00+00:00,DRAFT,Afterwork,DEPARTMENT,EXTERNAL,8,40,90,6,19,9,0,0,1,47,4,0,0.09805904448093397,0.10422682670170773,0.11780075492450073,0.0408844620751825,0.09494739416349071,0.0,0.0,0.0,0.0,0.0,0.0,0.0,0.0,0.0,0.0,0.0,0.0,0.0,LOW,0
8b4fc50c-6012-4c7d-9f3d-33ebe4862b2a,Keynote interne finance durable - édition 0515,2026-09-14 15:00:00+00:00,PUBLISHED,Conférence,GLOBAL,ONLINE,0,80,90,0,15,9,0,1,0,2,0,0,0.05876931264075134,0.1004879952678805,0.09333040485539117,0.07048532932424163,0.04611851749160063,0.0,0.0,9.0,2.0,2.0,1.0,0.0,0.0,0.0,0.0,0.2222222222222222,0.1111111111111111,0.0,LOW,1
6e1d46f1-8264-4342-9263-21c31373eee7,Journée responsable bénévolat entreprise - Finance - édition 0856,2026-09-15 11:00:00+00:00,PUBLISHED,RSE,DEPARTMENT,EXTERNAL,3,209,90,1,11,9,1,0,0,108,4,2,0.059709834085107785,0.08613041618685599,0.0,0.07912887782864662,0.08809134336267,0.0,0.0,17.0,3.0,2.0,0.0,0.0,0.0,0.0,0.0,0.17647058823529413,0.0,0.0,LOW,1
157c8780-850d-4d86-b2f0-22a72460bd5c,Atelier RSE bénévolat entreprise - édition 0146,2026-09-15 16:30:00+00:00,PUBLISHED,RSE,GLOBAL,ONSITE,0,194,45,1,16,9,0,1,0,2,4,0,0.05869780299891952,0.0846705786243669,0.09294632911524552,0.07552009492468756,0.08712330662242086,0.0,0.0,13.0,2.0,2.0,1.0,0.0,0.0,0.0,0.0,0.15384615384615385,0.07692307692307693,0.0,LOW,1
1ccec09b-56a3-4d35-9fbc-f910f9e82429,Afterwork culture interne - édition 0895,2026-09-15 18:00:00+00:00,PENDING,Afterwork,GLOBAL,EXTERNAL,0,94,150,1,18,9,0,0,1,2,4,0,0.096477446989306,0.10254574885168019,0.09256540153690435,0.1611873332453195,0.08617631415913368,0.0,0.0,0.0,0.0,0.0,0.0,0.0,0.0,0.0,0.0,0.0,0.0,0.0,LOW,0
90335781-0929-454c-b224-2b49f004557d,Moment convivial convivialité - édition 0052,2026-09-15 18:00:00+00:00,PUBLISHED,Afterwork,DEPARTMENT,ONSITE,4,51,90,1,18,9,0,0,1,71,4,1,0.0949460589418567,0.10091803855244717,0.15930082559339526,0.15270378939030269,0.08524968712516451,0.0,0.0,17.0,2.0,1.0,1.0,0.0,0.0,0.0,0.0,0.11764705882352941,0.058823529411764705,0.0,LOW,1
792f1d1f-f4ad-45a7-b5fd-5995d8dcbd3d,Moment convivial finance et business - édition 0307,2026-09-15 19:45:00+00:00,PUBLISHED,Afterwork,GLOBAL,ONSITE,0,108,150,1,19,9,0,0,1,2,4,0,0.09346252677089018,0.09934119420006518,0.0921875835714476,0.03884023897142338,0.08434277556000318,0.0,0.0,13.0,4.0,3.0,0.0,0.0,0.0,0.0,0.0,0.3076923076923077,0.0,0.0,LOW,1
a560bd4e-cb30-43ee-91af-4c6837282eec,Parcours engagement collaboration transversale - édition 0005,2026-09-16 09:15:00+00:00,PENDING,Culture d’entreprise,GLOBAL,EXTERNAL,0,87,45,2,9,9,1,0,0,2,2,0,0.07519536404583223,0.07286866359447004,0.09181283729676691,0.06465657277523087,0.08570803831519477,0.0,0.0,0.0,0.0,0.0,0.0,0.0,0.0,0.0,0.0,0.0,0.0,0.0,LOW,0
6b34ce9e-5532-4dba-a0bf-7d62eeafa1dc,Challenge innovation expérimentation digitale - Finance - édition 0175,2026-09-16 09:45:00+00:00,PUBLISHED,Innovation,DEPARTMENT,ONSITE,3,103,60,2,9,9,1,0,0,108,2,2,0.05308011014138611,0.036414565826330535,0.0,0.0639687368946433,0.08479625067354377,0.0,0.0,12.0,0.0,1.0,2.0,0.0,0.0,0.0,0.0,0.0,0.16666666666666666,0.0,LOW,1
cee00863-a562-4cfb-b563-689815bd69c2,Soirée réseau nouveaux arrivants - édition 0157,2026-09-16 17:00:00+00:00,PUBLISHED,Afterwork,DEPARTMENT,EXTERNAL,4,108,90,2,17,9,0,1,0,71,2,1,0.0920246417436457,0.09781286813544879,0.15045077972709553,0.0959760389788647,0.08390365856119067,0.0,0.0,10.0,2.0,2.0,1.0,0.0,0.0,0.0,0.0,0.2,0.1,0.0,LOW,1
5fbe9325-fc7a-4484-89c9-2cb427003f58,Lab innovation idées produit - IoT - édition 0046,2026-09-17 09:45:00+00:00,PUBLISHED,Innovation,DEPARTMENT,ONLINE,7,109,90,3,9,9,1,0,0,77,2,2,0.0520593387925133,0.03571428571428571,0.07625272331154684,0.06329538176943654,0.06788154823004966,0.0,0.0,14.0,3.0,2.0,1.0,0.0,0.0,0.0,0.0,0.21428571428571427,0.07142857142857142,0.0,LOW,1
7d286db0-4ef0-461e-996e-dd817fa97db0,Pause prévention prévention fatigue numérique - Communication interne - édition 0291,2026-09-17 11:15:00+00:00,PUBLISHED,Bien-être,DEPARTMENT,EXTERNAL,12,42,60,3,11,9,1,0,0,22,2,0,0.08821698744945447,0.11094195156695155,0.04908050176592376,0.078389355605949,0.06714370531450564,0.0,0.0,10.0,1.0,4.0,1.0,0.0,0.0,0.0,0.0,0.1,0.1,0.0,LOW,1
03846d23-9551-4f6d-9871-af0dc07b7cd0,Défi collaboratif défi inter-départements - IoT - édition 0781,2026-09-17 14:45:00+00:00,PUBLISHED,Team building,DEPARTMENT,ONSITE,7,65,90,3,14,9,0,1,0,77,2,2,0.09688565839061257,0.0843772060553769,0.07352941176470587,0.08110336078665219,0.06642172998854322,11.0,0.0,13.0,3.0,2.0,0.0,0.0,0.0,0.16923076923076924,0.0,0.23076923076923078,0.0,0.10153846153846154,LOW,1
02a1a190-06f8-4ed7-a30a-01b1a8e047be,Challenge collectif défi inter-départements - édition 0022,2026-09-18 09:45:00+00:00,PUBLISHED,Team building,DEPARTMENT,ONSITE,8,36,90,4,9,9,1,0,0,47,4,0,0.09805251501706672,0.08301628337706436,0.11485573605138821,0.06263605487600489,0.051775442069791344,0.0,0.0,17.0,0.0,5.0,0.0,0.0,0.0,0.0,0.0,0.0,0.0,0.0,LOW,1
72262adf-4368-4454-8fdc-33187b65ec61,Speed meeting petit-déjeuner business - édition 0212,2026-09-18 13:30:00+00:00,PUBLISHED,Networking,DEPARTMENT,ONSITE,2,116,60,4,13,9,0,1,0,105,4,0,0.04566033564553683,0.1027880509842826,0.021164021164021163,0.06305474388108467,0.05124167462577288,2.0,0.0,15.0,2.0,3.0,0.0,0.0,0.0,0.017241379310344827,0.0,0.13333333333333333,0.0,0.010344827586206896,LOW,1
03170ad1-5efa-4293-9bf8-f859d7ad5103,Networking forum projets - édition 0696,2026-09-18 14:45:00+00:00,PUBLISHED,Networking,DEPARTMENT,ONLINE,3,238,90,4,14,9,0,1,0,108,4,2,0.04522312093268772,0.10120669635375518,0.0,0.08223319935644856,0.05089473283683994,0.0,0.0,10.0,3.0,2.0,0.0,0.0,0.0,0.0,0.0,0.3,0.0,0.0,LOW,1
91cb6932-f755-4545-b201-2666ed877048,Session de formation finance pour non financiers - édition 0685,2026-09-18 15:00:00+00:00,PENDING,Formation,GLOBAL,ONSITE,0,14,60,4,15,9,0,1,0,2,4,0,0.10270624308549126,0.07173813114989586,0.09144112540487717,0.06967515312511241,0.05038064462636681,0.0,0.0,0.0,0.0,0.0,0.0,0.0,0.0,0.0,0.0,0.0,0.0,0.0,LOW,0
5b27c245-102f-43cd-9ab6-f91e03443581,Networking petit-déjeuner business - édition 0469,2026-09-18 16:15:00+00:00,PUBLISHED,Networking,GLOBAL,EXTERNAL,0,219,45,4,16,9,0,1,0,2,4,0,0.0445379221306773,0.09967326156051647,0.09107241118953492,0.07457609373812897,0.04987683818010314,45.0,0.0,18.0,4.0,3.0,1.0,0.0,0.0,0.2054794520547945,0.0,0.2222222222222222,0.05555555555555555,0.1232876712328767,LOW,1
10471bc6-59fb-4fe8-9ec6-e25b30e93106,Parcours engagement vie d’entreprise - édition 0218,2026-09-19 10:00:00+00:00,CANCELLED,Culture d’entreprise,GLOBAL,ONSITE,0,199,90,5,10,9,1,0,0,2,3,0,0.07366076477959074,0.07138154801090943,0.09070665853415526,0.07161293444258335,0.08635329389239266,0.0,0.0,0.0,0.0,0.0,0.0,0.0,0.0,0.0,0.0,0.0,0.0,0.0,LOW,0
7692dae2-6599-4e86-a57d-f5248dcdda80,Session pratique gestion budgétaire - édition 0277,2026-09-19 10:30:00+00:00,PUBLISHED,Atelier,GLOBAL,ONSITE,0,29,180,5,10,9,1,0,0,2,3,0,0.09222768145345767,0.06630657819215433,0.09034383190001864,0.07078022590255331,0.08553864017642669,14.0,0.0,7.0,0.0,1.0,0.0,0.0,0.0,0.4827586206896552,0.0,0.0,0.0,0.2896551724137931,LOW,1
402cf845-1465-47c9-9ae0-d9467816f1c8,Atelier cohésion créativité collective - édition 0957,2026-09-19 15:15:00+00:00,PUBLISHED,Team building,DEPARTMENT,ONSITE,1,34,240,5,15,9,0,1,0,194,3,0,0.09649612588981168,0.08169856459330144,0.07370153866827925,0.06888339002141795,0.08925097644290546,0.0,0.0,19.0,3.0,0.0,1.0,0.0,0.0,0.0,0.0,0.15789473684210525,0.05263157894736842,0.0,LOW,1
cf8eaf39-c610-4983-ad91-9070e15ac646,Moment convivial communauté tech - édition 0193,2026-09-19 18:30:00+00:00,PUBLISHED,Afterwork,DEPARTMENT,EXTERNAL,7,30,90,5,18,9,0,0,1,77,3,2,0.09063032898995411,0.09633085498188139,0.07099391480730223,0.14506859992078755,0.08842457851287856,0.0,0.0,13.0,0.0,3.0,0.0,0.0,0.0,0.0,0.0,0.0,0.0,0.0,LOW,1
996ef5f6-fa72-43fa-8cd7-a50df2f3a9b6,Speed meeting réseau inter-départements - édition 0854,2026-09-20 09:45:00+00:00,PENDING,Networking,GLOBAL,ONSITE,0,260,90,6,9,9,1,0,0,2,2,0,0.04694003451760442,0.09818560094021025,0.0899838963147596,0.06199032235151,0.09390401620565016,0.0,0.0,0.0,0.0,0.0,0.0,0.0,0.0,0.0,0.0,0.0,0.0,0.0,LOW,0
82446da1-e8d8-4385-97ea-cdf6e9a410fd,Module d’apprentissage qualité logicielle - édition 0311,2026-09-20 11:30:00+00:00,PUBLISHED,Formation,DEPARTMENT,ONSITE,6,36,120,6,11,9,1,0,0,103,2,0,0.10135484515015585,0.07079420837160774,0.08781144781144781,0.07766352823922723,0.09288332037732787,20.0,0.0,13.0,6.0,1.0,0.0,0.0,0.0,0.5555555555555556,0.0,0.46153846153846156,0.0,0.3333333333333333,LOW,1
398002bd-8c25-4c79-968f-16352ab2d018,Keynote interne IoT industriel - édition 0735,2026-09-20 15:45:00+00:00,PUBLISHED,Conférence,DEPARTMENT,ONSITE,10,241,120,6,15,9,0,1,0,28,2,0,0.05743364644437063,0.09820417719361049,0.08200241984271023,0.06810941934702,0.0978582906480615,5.0,0.0,10.0,1.0,0.0,1.0,0.0,0.0,0.02074688796680498,0.0,0.1,0.1,0.012448132780082987,LOW,1
f61e6052-ffea-4503-ab44-2073bf3e512f,Défi collaboratif sport d’équipe - édition 0725,2026-09-21 14:30:00+00:00,PENDING,Team building,GLOBAL,EXTERNAL,0,49,120,0,14,9,0,1,0,2,4,0,0.09498837392278336,0.0804220245215311,0.08962681736112961,0.08119227278231629,0.04552725444683652,0.0,0.0,0.0,0.0,0.0,0.0,0.0,0.0,0.0,0.0,0.0,0.0,0.0,LOW,0
6476282a-3dea-4df7-9478-1e1a8a84e5e0,Initiative durable solidarité locale - édition 0627,2026-09-21 14:30:00+00:00,DRAFT,RSE,GLOBAL,ONSITE,0,97,120,0,14,9,0,1,0,2,4,0,0.057719506282270856,0.08325940231396078,0.08927256116602633,0.08017736937253735,0.04495096008674999,0.0,0.0,0.0,0.0,0.0,0.0,0.0,0.0,0.0,0.0,0.0,0.0,0.0,LOW,0
6c372386-e1ed-4901-b613-f4abbd307781,Formation cloud computing - édition 0171,2026-09-21 15:00:00+00:00,PUBLISHED,Formation,DEPARTMENT,ONLINE,10,72,90,0,15,9,0,1,0,28,4,0,0.1072535556749013,0.06987480306808037,0.07926900584795323,0.06758316899835094,0.04438907308566561,0.0,0.0,12.0,3.0,2.0,1.0,0.0,0.0,0.0,0.0,0.25,0.08333333333333333,0.0,LOW,1
db3191ee-501c-4a0b-9744-5a424f0bc38f,Speed meeting réseau inter-départements - édition 0205,2026-09-21 15:30:00+00:00,DRAFT,Networking,DEPARTMENT,EXTERNAL,2,196,90,0,15,9,0,1,0,105,4,2,0.046249739892345536,0.09674169504403068,0.02059202059202059,0.06684049681155588,0.04384105983769443,0.0,0.0,0.0,0.0,0.0,0.0,0.0,0.0,0.0,0.0,0.0,0.0,0.0,LOW,0
a83451f2-7bc9-4d6c-81d5-5b48ff1a14cb,Soirée réseau communauté tech - édition 0592,2026-09-21 17:45:00+00:00,PUBLISHED,Afterwork,GLOBAL,ONSITE,0,29,150,0,17,9,0,1,0,2,4,0,0.08927763751249211,0.09489308102692794,0.08892109438978213,0.09213699741971011,0.04330641276650303,0.0,0.0,9.0,3.0,1.0,0.0,0.0,0.0,0.0,0.0,0.3333333333333333,0.0,0.0,LOW,1
fab5e8cc-b39d-44b4-8092-146637312d1f,Atelier RSE achats responsables - édition 0391,2026-09-22 09:30:00+00:00,PUBLISHED,RSE,GLOBAL,EXTERNAL,0,242,45,1,9,9,1,0,0,2,5,0,0.0567732848678074,0.08189449407930569,0.08857238421570456,0.061357768041800716,0.08345495686989789,10.0,0.0,9.0,1.0,3.0,0.0,0.0,0.0,0.04132231404958678,0.0,0.1111111111111111,0.0,0.024793388429752067,LOW,1
a749677f-c9b4-43f4-b00b-18cf64018835,Culture d’entreprise rituels d’équipe - édition 0087,2026-09-22 09:45:00+00:00,PUBLISHED,Culture d’entreprise,DEPARTMENT,ONSITE,2,154,120,1,9,9,1,0,0,105,5,2,0.07218754948399893,0.06995391705069125,0.020050125313283207,0.061155389718647035,0.08301607517385297,0.0,0.0,8.0,1.0,1.0,1.0,0.0,0.0,0.0,0.0,0.125,0.125,0.0,LOW,1
4ce6acbc-41cc-4906-b9dc-5693930e9979,Action RSE réduction carbone - Informatique - édition 0643,2026-09-22 10:00:00+00:00,PUBLISHED,RSE,DEPARTMENT,EXTERNAL,1,203,90,1,10,9,1,0,0,194,5,1,0.05652407566106191,0.0805736151425427,0.07153384635450633,0.07551560975068092,0.0821602393473184,0.0,0.0,19.0,2.0,3.0,1.0,0.0,0.0,0.0,0.0,0.10526315789473684,0.05263157894736842,0.0,LOW,1
1250fe77-e0b6-44ab-aa71-ef2bbf882f8f,Atelier innovation lab IA - édition 0059,2026-09-22 14:00:00+00:00,REJECTED,Innovation,GLOBAL,ONSITE,0,36,120,1,14,9,0,1,0,2,5,0,0.05107708711718286,0.03504043126684636,0.08822639833986196,0.07918752530620972,0.08132186955806006,0.0,0.0,0.0,0.0,0.0,0.0,0.0,0.0,0.0,0.0,0.0,0.0,0.0,LOW,0
27a6cefe-63a3-43a5-a6da-1fe18a1d2c4a,Atelier prise de parole - Communication interne - édition 0216,2026-09-22 14:15:00+00:00,PUBLISHED,Atelier,DEPARTMENT,ONSITE,12,52,90,1,14,9,0,1,0,22,5,1,0.09750512657827115,0.06541054335171981,0.04803623577090411,0.07822182377808522,0.08050043653222107,0.0,0.0,8.0,1.0,1.0,0.0,0.0,0.0,0.0,0.0,0.125,0.0,0.0,LOW,1
dd0c16c0-4b79-4f6d-9e9b-9c0c1e3629f6,Speed meeting partage d’expérience - édition 0070,2026-09-22 14:45:00+00:00,CANCELLED,Networking,GLOBAL,ONLINE,0,151,120,1,14,9,0,1,0,2,5,0,0.04557945380694922,0.09533964149266792,0.08788310496110763,0.07727939216630106,0.07969543216689885,0.0,0.0,0.0,0.0,0.0,0.0,0.0,0.0,0.0,0.0,0.0,0.0,0.0,LOW,0
f6933c6d-97ba-46e6-b46b-90a16874e969,Session bien-être respiration et concentration - édition 0751,2026-09-23 11:30:00+00:00,DRAFT,Bien-être,DEPARTMENT,ONSITE,1,38,90,2,11,9,1,0,0,194,1,1,0.08655251598814401,0.10884870719776378,0.069490022172949,0.08204785876506511,0.08302966211784495,0.0,0.0,0.0,0.0,0.0,0.0,0.0,0.0,0.0,0.0,0.0,0.0,0.0,LOW,0
64b272c0-bda4-494b-9a70-7a23111a5e82,Webinaire IA générative - édition 0213,2026-09-23 16:00:00+00:00,PUBLISHED,Webinaire,DEPARTMENT,ONLINE,5,216,60,2,16,9,0,1,0,86,1,1,0.03690614965344219,0.059853021668437485,0.02192982456140351,0.0761921845815446,0.08217368621972283,0.0,0.0,12.0,2.0,2.0,0.0,0.0,0.0,0.0,0.0,0.16666666666666666,0.0,0.0,LOW,1
0a79a2bc-5e01-4dc2-a5dd-7454071eb550,Parcours engagement collaboration transversale - édition 0341,2026-09-24 16:15:00+00:00,PENDING,Culture d’entreprise,GLOBAL,ONLINE,0,197,45,3,16,9,0,1,0,2,1,0,0.07077210733725385,0.06858227161832475,0.0875424727713359,0.07526301159884283,0.06751544317197115,0.0,0.0,0.0,0.0,0.0,0.0,0.0,0.0,0.0,0.0,0.0,0.0,0.0,LOW,0
90dbe7a5-daad-44d0-9560-0041453b82e3,Moment convivial finance et business - édition 0314,2026-09-24 18:00:00+00:00,PUBLISHED,Afterwork,GLOBAL,ONSITE,0,61,120,3,18,9,0,0,1,2,1,0,0.08796473107848488,0.09349759454123782,0.08720447094596394,0.138160571353131,0.06680475429647673,0.0,0.0,19.0,5.0,2.0,0.0,0.0,0.0,0.0,0.0,0.2631578947368421,0.0,0.0,LOW,1
3c4390c0-4045-47b1-b57c-ea02ad589d79,Team building défi inter-départements - édition 0156,2026-09-25 10:30:00+00:00,PUBLISHED,Team building,DEPARTMENT,EXTERNAL,4,45,90,4,10,9,1,0,0,71,2,1,0.09352701432397131,0.07918476260581524,0.14253231763619575,0.0746574778216959,0.05141745811945653,10.0,0.0,10.0,1.0,1.0,1.0,0.0,0.0,0.2222222222222222,0.0,0.1,0.1,0.13333333333333333,LOW,1
cc3f40b5-c1bf-4c51-9cff-f921d3b5442c,Atelier amélioration continue - édition 0941,2026-09-25 15:00:00+00:00,PUBLISHED,Atelier,DEPARTMENT,ONSITE,12,72,120,4,15,9,0,1,0,22,2,1,0.09620505822389419,0.06453840277369688,0.04703548085901027,0.06611396967229984,0.053092014630267956,0.0,0.0,14.0,1.0,0.0,1.0,0.0,0.0,0.0,0.0,0.07142857142857142,0.07142857142857142,0.0,LOW,1
c60cf62d-f2b8-429c-a7e4-2b4782243137,Rencontre informelle communauté tech - édition 0965,2026-09-25 17:45:00+00:00,PUBLISHED,Afterwork,GLOBAL,EXTERNAL,0,61,150,4,17,9,0,1,0,2,2,0,0.08668987990343437,0.09214255693919089,0.08686906913463331,0.08859326674972126,0.05257655817754691,0.0,0.0,12.0,0.0,2.0,1.0,0.0,0.0,0.0,0.0,0.0,0.08333333333333333,0.0,LOW,1
ab2ce376-28e6-49bb-ad6b-a99bf7658626,Atelier RSE réduction carbone - édition 0016,2026-09-26 09:00:00+00:00,PUBLISHED,RSE,DEPARTMENT,EXTERNAL,5,148,45,5,9,9,1,0,0,86,1,1,0.055626868110886324,0.07929466887043884,0.021367521367521368,0.060543835821460563,0.08761334384762279,0.0,0.0,20.0,6.0,1.0,2.0,0.0,0.0,0.0,0.0,0.3,0.1,0.0,LOW,1
21e43eaf-ef45-4e6b-8dd8-3bf7752c82e5,Atelier collaboratif amélioration continue - édition 0739,2026-09-26 15:45:00+00:00,PUBLISHED,Atelier,DEPARTMENT,ONLINE,4,27,180,5,15,9,0,1,0,71,1,1,0.09493920219463244,0.06368921326351666,0.135405701754386,0.06540306677259769,0.08681685890355349,0.0,0.0,9.0,2.0,1.0,0.0,0.0,0.0,0.0,0.0,0.2222222222222222,0.0,0.0,LOW,1
2f96c03c-c317-4a49-8019-20a369868a59,Speed meeting speed networking - édition 0722,2026-09-27 09:00:00+00:00,CANCELLED,Networking,GLOBAL,ONSITE,0,231,90,6,9,9,1,0,0,2,6,0,0.044928318752564235,0.09397764661420124,0.08653623745212513,0.0599443919024362,0.0970379565769843,0.0,0.0,0.0,0.0,0.0,0.0,0.0,0.0,0.0,0.0,0.0,0.0,0.0,LOW,0
7ca3451d-7f50-42b8-a59f-6a5d1ab17be6,Journée responsable achats responsables - édition 0968,2026-09-27 09:45:00+00:00,PUBLISHED,RSE,DEPARTMENT,EXTERNAL,2,132,90,6,9,9,1,0,0,105,6,2,0.05475769829665372,0.07805568966933824,0.019536019536019536,0.05935670178574565,0.09601650440248972,0.0,0.0,10.0,1.0,1.0,1.0,0.0,0.0,0.0,0.0,0.1,0.1,0.0,LOW,1
274dd3da-283d-4ddb-9900-30d8d7693adb,Workshop prise de parole - édition 0439,2026-09-27 10:15:00+00:00,PUBLISHED,Atelier,GLOBAL,ONSITE,0,40,60,6,10,9,1,0,0,2,6,0,0.09370622554275408,0.06286208062373073,0.08620594646948344,0.07631550865765688,0.09501633248163045,0.0,0.0,12.0,3.0,0.0,1.0,0.0,0.0,0.0,0.0,0.25,0.08333333333333333,0.0,LOW,1
099bea11-4767-49e4-99b5-6d85289dfeff,Table ronde risques cyber - édition 0188,2026-09-27 11:15:00+00:00,PUBLISHED,Conférence,DEPARTMENT,EXTERNAL,11,181,120,6,11,9,1,0,0,24,6,0,0.056618385144869166,0.09602186214486359,0.18475274725274726,0.08130196913992815,0.0940367826622322,3.0,0.0,15.0,4.0,0.0,0.0,0.0,0.0,0.016574585635359115,0.0,0.26666666666666666,0.0,0.009944751381215469,LOW,1
d2b94e89-df8d-4e0c-8a2c-3d1ea66f397c,Atelier RSE solidarité locale - édition 0636,2026-09-27 13:00:00+00:00,PUBLISHED,RSE,GLOBAL,ONLINE,0,216,120,6,13,9,0,1,0,2,6,0,0.053915272169012894,0.07685483290519457,0.08587816720534092,0.062236648085178606,0.09324635208032533,99.0,0.0,16.0,1.0,3.0,2.0,0.0,0.0,0.4583333333333333,0.0,0.0625,0.125,0.27499999999999997,LOW,1
a3820003-0e60-4d17-8acb-508e6d922802,Session pratique organisation d’événement - édition 0807,2026-09-27 14:45:00+00:00,PENDING,Atelier,GLOBAL,ONSITE,0,33,90,6,14,9,0,1,0,2,6,0,0.09250486367682134,0.06205615651317008,0.08555287111744189,0.07635939940241651,0.09693409936570926,0.0,0.0,0.0,0.0,0.0,0.0,0.0,0.0,0.0,0.0,0.0,0.0,0.0,LOW,0
058b9dce-6cbc-4281-b0f1-2e542af1e4b5,Rencontre informelle équipes projet - édition 0554,2026-09-27 19:00:00+00:00,PUBLISHED,Afterwork,DEPARTMENT,ONSITE,6,61,150,6,19,9,0,0,1,103,6,0,0.08545145304767102,0.09082623469720245,0.08497882046269144,0.03699070378230798,0.09596475837205216,0.0,0.0,7.0,2.0,0.0,1.0,0.0,0.0,0.0,0.0,0.2857142857142857,0.14285714285714285,0.0,LOW,1
f83f5197-e96e-412d-8a25-b506d27b74c0,Keynote interne qualité opérationnelle - édition 0765,2026-09-28 09:00:00+00:00,DRAFT,Conférence,DEPARTMENT,ONSITE,1,107,120,0,9,9,1,0,0,194,7,0,0.055747867764227646,0.09393443035910569,0.06755974377925597,0.05878042312763161,0.042784648757268055,0.0,0.0,0.0,0.0,0.0,0.0,0.0,0.0,0.0,0.0,0.0,0.0,0.0,LOW,0
aee29c6f-8347-41b2-a217-49933a7f71ce,Atelier gestion des priorités - édition 0194,2026-09-28 11:15:00+00:00,PUBLISHED,Atelier,GLOBAL,ONSITE,0,25,60,0,11,9,1,0,0,2,7,0,0.09133391603534259,0.06127063554464894,0.08523003009435721,0.0807188395588059,0.04227530770063391,0.0,0.0,12.0,1.0,3.0,0.0,0.0,0.0,0.0,0.0,0.08333333333333333,0.0,0.0,LOW,1
34baa4b3-f88a-4036-a593-a063d8d882de,Rencontre culture interne vie d’entreprise - Achats - édition 0098,2026-09-28 13:15:00+00:00,PUBLISHED,Culture d’entreprise,DEPARTMENT,ONSITE,11,56,90,0,13,9,0,1,0,24,7,1,0.0694111052730759,0.06726338177951081,0.1783819628647215,0.06918571273865501,0.04177795113944999,0.0,0.0,11.0,3.0,2.0,0.0,0.0,0.0,0.0,0.0,0.2727272727272727,0.0,0.0,LOW,1
3767443b-8b24-4c29-8f7e-a40de243cc14,Présentation digitale IA générative - édition 0474,2026-09-28 14:30:00+00:00,REJECTED,Webinaire,DEPARTMENT,ONLINE,8,276,60,0,14,9,0,1,0,47,7,0,0.03625867334373268,0.05880296865671051,0.11205437663550069,0.07546105352709397,0.041292161009921495,0.0,0.0,0.0,0.0,0.0,0.0,0.0,0.0,0.0,0.0,0.0,0.0,0.0,LOW,0
2210923b-c68d-4a2d-b29b-f9e7a5e234d2,Atelier collaboratif idéation produit - édition 0362,2026-09-28 14:45:00+00:00,PUBLISHED,Atelier,GLOBAL,EXTERNAL,0,19,180,0,14,9,0,1,0,2,7,0,0.09019224208490081,0.06050475260034083,0.08490961644738594,0.0745835994163138,0.04081753846957757,0.0,0.0,11.0,2.0,0.0,2.0,0.0,0.0,0.0,0.0,0.18181818181818182,0.18181818181818182,0.0,LOW,1
e40beea1-58f0-4048-a910-d3582dc942f0,Session pratique prise de parole - édition 0556,2026-09-28 15:30:00+00:00,PUBLISHED,Atelier,GLOBAL,ONSITE,0,26,60,0,15,9,0,1,0,2,7,0,0.08907875761471686,0.05975778034601563,0.08459160290263917,0.06470728946650622,0.040353702805150556,9.0,0.0,12.0,3.0,1.0,0.0,0.0,0.0,0.34615384615384615,0.0,0.25,0.0,0.20769230769230768,LOW,1
239b4fdd-590b-4f5b-bba6-d6b4b33c0656,Atelier innovation innovation client - édition 0812,2026-09-28 15:45:00+00:00,PUBLISHED,Innovation,DEPARTMENT,ONLINE,7,60,60,0,15,9,0,1,0,77,7,0,0.050131215133531325,0.03439153439153439,0.06862745098039215,0.06766988480005717,0.04378965947198983,28.0,0.0,14.0,3.0,3.0,0.0,0.0,0.0,0.4666666666666667,0.0,0.21428571428571427,0.0,0.27999999999999997,LOW,1
e70293ea-2a34-441d-a038-4a899dc19b97,Formation finance pour non financiers - Ventes - édition 0754,2026-09-28 16:00:00+00:00,DRAFT,Formation,DEPARTMENT,ONSITE,5,48,90,0,16,9,0,1,0,86,7,1,0.10587851008932564,0.06897897225951524,0.020833333333333336,0.07435622832656762,0.04848829288526402,0.0,0.0,0.0,0.0,0.0,0.0,0.0,0.0,0.0,0.0,0.0,0.0,0.0,LOW,0
4cf78b07-7fe8-40b9-84c4-a0fa5012e4a5,Atelier cohésion sport d’équipe - édition 0612,2026-09-29 09:45:00+00:00,PUBLISHED,Team building,GLOBAL,ONSITE,0,60,120,1,9,9,1,0,0,2,4,0,0.09547694171636906,0.0779849934754241,0.08427596259330097,0.0582152267514044,0.07890636848207808,0.0,0.0,9.0,1.0,1.0,0.0,0.0,0.0,0.0,0.0,0.1111111111111111,0.0,0.0,LOW,1
6d8bbf09-ddbd-4486-ace8-331d5488c2f8,Rencontre réseau petit-déjeuner business - édition 0723,2026-09-29 11:15:00+00:00,PUBLISHED,Networking,GLOBAL,EXTERNAL,0,74,120,1,11,9,1,0,0,2,4,0,0.04429552553069713,0.09265401778864911,0.08396266905206194,0.07999813563417371,0.07813277663421456,2.0,0.0,17.0,3.0,1.0,1.0,0.0,0.0,0.02702702702702703,0.0,0.17647058823529413,0.058823529411764705,0.016216216216216217,LOW,1
bd2b60d1-0fdd-4048-838c-ff5c0f6ecca2,Action RSE inclusion - Ventes - édition 0531,2026-09-29 13:45:00+00:00,DRAFT,RSE,DEPARTMENT,EXTERNAL,5,49,120,1,13,9,0,1,0,86,4,1,0.06004281855029048,0.07569036573996435,0.02032520325203252,0.0679928556224713,0.07763660430793119,0.0,0.0,0.0,0.0,0.0,0.0,0.0,0.0,0.0,0.0,0.0,0.0,0.0,LOW,0
d767c20d-8af0-4b07-acf0-c741a3ea282c,Initiative durable inclusion - édition 0732,2026-09-29 14:00:00+00:00,PUBLISHED,RSE,GLOBAL,ONSITE,0,48,60,1,14,9,0,1,0,2,4,0,0.059146657079390624,0.0745606587886216,0.08365169620372097,0.07372631666440216,0.07689009849727801,0.0,0.0,10.0,1.0,2.0,0.0,0.0,0.0,0.0,0.0,0.1,0.0,0.0,LOW,1
90e0abeb-3ac8-44b8-9516-cff97481a6d9,Culture d’entreprise feedback et transparence - édition 0315,2026-09-29 14:45:00+00:00,PUBLISHED,Culture d’entreprise,DEPARTMENT,ONLINE,6,171,120,1,14,9,0,1,0,103,4,1,0.06810146177735749,0.06599426136857664,0.08232323232323233,0.07288851761139759,0.07615781184492298,0.0,0.0,11.0,2.0,1.0,0.0,0.0,0.0,0.0,0.0,0.18181818181818182,0.0,0.0,LOW,1
ccba84ec-f7e3-415a-ad8a-413ce1cebbfb,Parcours engagement feedback et transparence - édition 0345,2026-09-30 09:15:00+00:00,PENDING,Culture d’entreprise,GLOBAL,ONSITE,0,153,60,2,9,9,1,0,0,2,0,0,0.06684032359629531,0.0647721454173067,0.08334301835795077,0.05766079602043864,0.08133517921748076,0.0,0.0,0.0,0.0,0.0,0.0,0.0,0.0,0.0,0.0,0.0,0.0,0.0,LOW,0
9ff50505-7085-4846-9019-b4c2cb95fb57,Workshop idéation produit - édition 0555,2026-10-02 10:30:00+00:00,PUBLISHED,Atelier,DEPARTMENT,ONSITE,4,43,120,4,10,10,1,0,0,71,4,1,0.09221381967007208,0.05902902692716178,0.1289578111946533,0.07546755856146069,0.05207101434891663,0.0,0.0,9.0,1.0,1.0,0.0,0.0,0.0,0.0,0.0,0.1111111111111111,0.0,0.0,LOW,1
c6343856-125d-41df-93f8-5a9e296b2a67,Challenge collectif sport d’équipe - édition 0625,2026-10-02 13:15:00+00:00,PUBLISHED,Team building,DEPARTMENT,ONSITE,6,26,90,4,13,10,0,1,0,103,4,1,0.09405191273552772,0.07682103834892523,0.07982858891949801,0.0668404343407345,0.051575099926546,0.0,0.0,11.0,3.0,0.0,0.0,0.0,0.0,0.0,0.0,0.2727272727272727,0.0,0.0,LOW,1
9c5995e3-33ff-4dde-b5a5-c996c2a300b3,Action RSE réduction carbone - Marketing - édition 0054,2026-10-02 13:45:00+00:00,PUBLISHED,RSE,DEPARTMENT,ONLINE,4,250,90,4,13,10,0,1,0,71,4,1,0.05827685329881135,0.07346417851231835,0.12309609250398725,0.06572642710172226,0.05108854238006915,0.0,0.0,16.0,1.0,4.0,1.0,0.0,0.0,0.0,0.0,0.0625,0.0625,0.0,LOW,1
b0555c13-8b9f-47bb-8a7d-20bb5b2f7869,Forum d’échanges communautés internes - édition 0423,2026-10-02 15:00:00+00:00,PUBLISHED,Networking,DEPARTMENT,ONSITE,2,46,60,4,15,10,0,1,0,105,4,0,0.04405568527370171,0.09136715643047343,0.019047619047619046,0.07182610127783436,0.050611079367171304,13.0,0.0,12.0,3.0,4.0,0.0,0.0,0.0,0.2826086956521739,0.0,0.25,0.0,0.16956521739130434,LOW,1
d0382f3b-37e2-4ad7-a62a-f513b369d470,Action RSE recyclage - édition 0195,2026-10-02 16:00:00+00:00,PUBLISHED,RSE,DEPARTMENT,EXTERNAL,12,94,90,4,16,10,0,1,0,22,4,1,0.05743226122201698,0.07239948027300938,0.04607557308637741,0.07347103513220372,0.052759205443884294,4.0,0.0,9.0,2.0,1.0,1.0,0.0,0.0,0.0425531914893617,0.0,0.2222222222222222,0.1111111111111111,0.02553191489361702,LOW,1
ab4f1b37-b7d6-4bdc-b8f5-1b5a163a2eeb,Moment convivial communauté tech - Communication interne - édition 0709,2026-10-03 18:15:00+00:00,PUBLISHED,Afterwork,DEPARTMENT,ONLINE,12,102,120,5,18,10,0,0,1,22,0,1,0.0842479114554503,0.08954699195498833,0.04515406162464986,0.13188054538253413,0.08603472503955752,0.0,0.0,11.0,0.0,1.0,2.0,0.0,0.0,0.0,0.0,0.0,0.18181818181818182,0.0,LOW,1
9872f946-7a8a-44c3-bb65-0ed5bff274b8,Atelier collaboratif organisation d’événement - édition 0327,2026-10-04 09:00:00+00:00,DRAFT,Atelier,DEPARTMENT,ONSITE,11,25,60,6,9,10,1,0,0,24,1,1,0.09110280979452905,0.05831783383165381,0.17243589743589743,0.057116826246660916,0.09501461224955661,0.0,0.0,0.0,0.0,0.0,0.0,0.0,0.0,0.0,0.0,0.0,0.0,0.0,LOW,0
460a53ca-0cc1-4ea5-a0dc-bb0fbe8d3f7f,Session en ligne marketing digital - édition 0438,2026-10-04 11:15:00+00:00,PUBLISHED,Webinaire,GLOBAL,ONLINE,0,181,60,6,11,10,1,0,0,2,1,0,0.03563352380332349,0.05778912436952585,0.08303661020222303,0.0795293647615441,0.09408309644318841,90.0,0.0,13.0,6.0,1.0,2.0,0.0,0.0,0.4972375690607735,0.0,0.46153846153846156,0.15384615384615385,0.2983425414364641,LOW,1
4364b08f-e787-4e9f-a578-0577862495d1,Pause prévention prévention fatigue numérique - Juridique - édition 0294,2026-10-05 10:00:00+00:00,PUBLISHED,Bien-être,DEPARTMENT,ONSITE,10,46,90,0,10,10,1,0,0,28,5,1,0.08494969161799319,0.1068329903978052,0.07671194114318054,0.07463824473111497,0.04795545450190947,0.0,0.0,8.0,1.0,2.0,2.0,0.0,0.0,0.0,0.0,0.125,0.25,0.0,LOW,1
e53c7b32-4237-4e35-a5e4-76318c3cf8af,Atelier innovation idées produit - édition 0620,2026-10-05 10:15:00+00:00,DRAFT,Innovation,GLOBAL,ONSITE,0,30,60,0,10,10,1,0,0,2,5,0,0.057704586979588336,0.03376623376623377,0.08273244679488888,0.0738269594622985,0.04743419956167132,0.0,0.0,0.0,0.0,0.0,0.0,0.0,0.0,0.0,0.0,0.0,0.0,0.0,LOW,0
296a2805-940c-4249-b715-39962d6c6a84,Table ronde expérience client - Informatique - édition 0088,2026-10-05 10:15:00+00:00,DRAFT,Conférence,DEPARTMENT,EXTERNAL,1,231,45,0,10,10,1,0,0,194,5,0,0.05456174291818025,0.09193582545784812,0.065733804758195,0.07303312118851035,0.04692415440509421,0.0,0.0,0.0,0.0,0.0,0.0,0.0,0.0,0.0,0.0,0.0,0.0,0.0,LOW,0
32cb31bf-af32-4b4c-9e52-a480a287a750,Module d’apprentissage cloud computing - édition 0428,2026-10-05 11:15:00+00:00,PUBLISHED,Formation,GLOBAL,ONSITE,0,8,90,0,11,10,1,0,0,2,5,0,0.10453827578439746,0.06810582071192645,0.08243050355841118,0.0831934718168005,0.04642496127312512,6.0,0.0,7.0,3.0,1.0,2.0,0.0,0.0,0.75,0.0,0.42857142857142855,0.2857142857142857,0.44999999999999996,MEDIUM,1
d8f6538d-9d9d-44f8-bf54-c3fb057c3865,Atelier bien-être équilibre professionnel - édition 0702,2026-10-05 14:00:00+00:00,PENDING,Bien-être,DEPARTMENT,ONSITE,3,25,45,0,14,10,0,1,0,108,5,1,0.08340515177039332,0.10489057239057238,0.0,0.07206954550340436,0.05383101431235538,0.0,0.0,0.0,0.0,0.0,0.0,0.0,0.0,0.0,0.0,0.0,0.0,0.0,LOW,0
5474c117-7b83-4280-afa7-dae957258308,Atelier RSE recyclage - édition 0750,2026-10-05 14:00:00+00:00,PUBLISHED,RSE,DEPARTMENT,ONSITE,2,88,45,0,14,10,0,1,0,105,5,1,0.057219703082979044,0.07136520198339495,0.018583042973286876,0.07126877277558875,0.053270274579935016,25.0,0.0,14.0,6.0,1.0,0.0,0.0,0.0,0.2840909090909091,0.0,0.42857142857142855,0.0,0.17045454545454547,LOW,1
a99322d7-9eca-4016-b4a4-1c6e875b96cd,Live interne outils collaboratifs - édition 0997,2026-10-06 09:30:00+00:00,REJECTED,Webinaire,GLOBAL,ONLINE,0,411,60,1,9,10,1,0,0,2,2,0,0.04345732118056841,0.056809647685296595,0.08213075627274423,0.056583024132206144,0.07543934192185768,0.0,0.0,0.0,0.0,0.0,0.0,0.0,0.0,0.0,0.0,0.0,0.0,0.0,LOW,0
50232d80-70de-4af6-9c62-7f90fb045009,Keynote interne transformation digitale - édition 0850,2026-10-06 15:30:00+00:00,PUBLISHED,Conférence,DEPARTMENT,ONSITE,9,146,90,1,15,10,0,1,0,51,2,1,0.05342503994071816,0.09002049576080962,0.09680134680134679,0.07399911771468322,0.07473430134314872,0.0,0.0,15.0,3.0,3.0,0.0,0.0,0.0,0.0,0.0,0.2,0.0,0.0,LOW,1
f58f9d0d-4888-4dbf-8f5e-ad0328424ffc,Atelier innovation innovation ouverte - édition 0956,2026-10-06 15:30:00+00:00,PUBLISHED,Innovation,GLOBAL,ONSITE,0,16,90,1,15,10,0,1,0,2,2,0,0.0566741479263814,0.03316326530612245,0.08183318106885748,0.07324402467677828,0.07404231707145291,6.0,0.0,18.0,5.0,6.0,0.0,0.0,0.0,0.375,0.0,0.2777777777777778,0.0,0.22499999999999998,LOW,1
cdc81e4d-1a1d-49c5-bb5a-9a407771f7b5,Rencontre réseau experts internes - Juridique - édition 0747,2026-10-07 10:00:00+00:00,PUBLISHED,Networking,DEPARTMENT,ONLINE,10,138,60,2,10,10,1,0,0,28,3,1,0.04732353473094106,0.0901155515478642,0.07431469298245615,0.07225617309076024,0.08051361175063752,0.0,0.0,14.0,2.0,2.0,0.0,0.0,0.0,0.0,0.0,0.14285714285714285,0.0,0.0,LOW,1
17607332-5451-4311-a6d3-fd046131c2f5,Hackathon idées produit - édition 0650,2026-10-07 15:00:00+00:00,PUBLISHED,Innovation,GLOBAL,ONLINE,0,62,60,2,15,10,0,1,0,2,3,0,0.06225881199784839,0.03258145363408521,0.08153775442239951,0.0762920648315583,0.07970847563313115,0.0,0.0,14.0,2.0,2.0,0.0,0.0,0.0,0.0,0.0,0.14285714285714285,0.0,0.0,LOW,1
2b346d89-d70a-46c4-920c-b49d41d78bc8,Rencontre expert leadership responsable - édition 0526,2026-10-07 15:30:00+00:00,PUBLISHED,Conférence,GLOBAL,ONLINE,0,158,60,2,15,10,0,1,0,2,3,0,0.05233473300315248,0.08818334278609921,0.08124445314749879,0.07552914418324272,0.07891928280508034,0.0,0.0,9.0,3.0,1.0,0.0,0.0,0.0,0.0,0.0,0.3333333333333333,0.0,0.0,LOW,1
f48c4843-d503-467b-9700-da596b99a644,Pause prévention ergonomie au travail - Support client - édition 0082,2026-10-07 16:00:00+00:00,PUBLISHED,Bien-être,DEPARTMENT,ONSITE,9,21,120,2,16,10,0,1,0,51,3,1,0.0819157740602077,0.10301752645502645,0.09431926098592765,0.07310729579522911,0.07814556434620701,0.0,0.0,9.0,2.0,1.0,0.0,0.0,0.0,0.0,0.0,0.2222222222222222,0.0,0.0,LOW,1
ce4542ae-2659-4ccb-a083-64bd069caa2f,Webinaire cybersécurité au quotidien - édition 0326,2026-10-08 09:15:00+00:00,PUBLISHED,Webinaire,DEPARTMENT,ONLINE,2,374,45,3,9,10,1,0,0,105,0,1,0.042733032494225595,0.05586282022387499,0.018140589569160998,0.05605910724209312,0.06610887143922176,0.0,0.0,13.0,2.0,1.0,0.0,0.0,0.0,0.0,0.0,0.15384615384615385,0.0,0.0,LOW,1
71486792-b350-4ced-ac61-cc2d8e273273,Atelier cohésion challenge collaboratif - Finance - édition 0232,2026-10-09 09:45:00+00:00,PENDING,Team building,DEPARTMENT,ONSITE,3,40,120,4,9,10,1,0,0,108,3,1,0.09266879637176996,0.07569131719673516,0.0,0.05554480350592713,0.052665572288338215,0.0,0.0,0.0,0.0,0.0,0.0,0.0,0.0,0.0,0.0,0.0,0.0,0.0,LOW,0
fae17f8c-ced2-40c0-b065-00de39708d74,Networking réseau inter-départements - Qualité - édition 0837,2026-10-09 10:00:00+00:00,PUBLISHED,Networking,DEPARTMENT,ONSITE,8,152,120,4,10,10,1,0,0,47,3,1,0.04668402750484726,0.08889777382424442,0.1093864152870364,0.07149558179506803,0.052186794358444234,0.0,0.0,12.0,1.0,3.0,0.0,0.0,0.0,0.0,0.0,0.08333333333333333,0.0,0.0,LOW,1
0f4cf545-b0f5-43c1-96e0-de63aab43dff,Pause prévention équilibre professionnel - édition 0483,2026-10-09 11:00:00+00:00,PUBLISHED,Bien-être,GLOBAL,EXTERNAL,0,61,90,4,11,10,1,0,0,2,3,0,0.08047865521704617,0.10121020142949966,0.08095325439069773,0.08899178945317614,0.051716643057917705,0.0,0.0,9.0,1.0,1.0,0.0,0.0,0.0,0.0,0.0,0.1111111111111111,0.0,0.0,LOW,1
d62eded3-e963-46d3-bb1b-d868e9e5ab21,Journée responsable inclusion - édition 0868,2026-10-09 13:30:00+00:00,CANCELLED,RSE,DEPARTMENT,ONLINE,8,226,120,4,13,10,0,1,0,47,3,1,0.06041507218168229,0.07036005829348799,0.10684254516408206,0.06464894469021862,0.05125488731632916,0.0,0.0,0.0,0.0,0.0,0.0,0.0,0.0,0.0,0.0,0.0,0.0,0.0,LOW,0
eb42a6a6-89da-4084-a724-ba027bd81b2d,Table ronde stratégie commerciale - édition 0910,2026-10-10 11:15:00+00:00,PUBLISHED,Conférence,GLOBAL,EXTERNAL,0,134,90,5,11,10,1,0,0,2,4,0,0.05128803834308943,0.08641967593037723,0.08066413562501666,0.08822461885444187,0.08526655785170432,0.0,0.0,15.0,1.0,5.0,0.0,0.0,0.0,0.0,0.0,0.06666666666666667,0.0,0.0,LOW,1
0035fc3f-70b9-42a5-a386-bc95ee622a36,Webinaire outils collaboratifs - édition 0111,2026-10-10 11:15:00+00:00,PUBLISHED,Webinaire,DEPARTMENT,ONLINE,6,275,90,5,11,10,1,0,0,103,4,0,0.042032490977926815,0.054947036285778676,0.07748068924539513,0.08747056228303637,0.08451198654328217,14.0,0.0,16.0,7.0,2.0,0.0,0.0,0.0,0.05090909090909091,0.0,0.4375,0.0,0.030545454545454546,LOW,1
87bad3c8-3954-4cc1-9e75-c83bb740ea24,Initiative durable recyclage - Ventes - édition 0174,2026-10-10 11:30:00+00:00,PUBLISHED,RSE,DEPARTMENT,EXTERNAL,5,179,90,5,11,10,1,0,0,86,4,0,0.0595759739569367,0.06938283526163398,0.019841269841269844,0.08716071930529108,0.08421722430087697,49.0,0.0,10.0,5.0,0.0,2.0,0.0,0.0,0.2737430167597765,0.0,0.5,0.2,0.16424581005586592,LOW,1
2389a90c-9d8c-4ecd-b9d2-764f491b540b,Session pratique gestion budgétaire - édition 0346,2026-10-10 14:15:00+00:00,PUBLISHED,Atelier,DEPARTMENT,ONSITE,12,43,90,5,14,10,0,1,0,22,4,0,0.09001825253507037,0.0576235739050865,0.044268687867303785,0.0736074775702626,0.0858652746700848,14.0,0.0,9.0,5.0,1.0,1.0,0.0,0.0,0.32558139534883723,0.0,0.5555555555555556,0.1111111111111111,0.19534883720930232,LOW,1
3eac3ac5-28f0-40c2-b999-12f8711ec276,Keynote interne risques cyber - édition 0962,2026-10-10 16:00:00+00:00,DRAFT,Conférence,GLOBAL,ONSITE,0,151,120,5,16,10,0,1,0,2,4,0,0.05028239053244062,0.08472517248076199,0.08037707464414472,0.07225721096040086,0.08793179295179819,0.0,0.0,0.0,0.0,0.0,0.0,0.0,0.0,0.0,0.0,0.0,0.0,0.0,LOW,0
357ce27d-ee5b-4151-ac3b-0ee3ed896cd9,Workshop prise de parole - édition 0602,2026-10-11 14:00:00+00:00,PUBLISHED,Atelier,GLOBAL,EXTERNAL,0,79,180,6,14,10,0,1,0,2,2,0,0.09278958362699703,0.05694564950620313,0.08009204955675413,0.07634632450263841,0.09799721753656301,0.0,0.0,9.0,0.0,2.0,0.0,0.0,0.0,0.0,0.0,0.0,0.0,0.0,LOW,1
d187bed4-b8a5-4cb9-aaf5-bfaddd0b23b6,Pause prévention respiration et concentration - édition 0486,2026-10-11 15:45:00+00:00,PUBLISHED,Bien-être,GLOBAL,ONSITE,0,59,90,6,15,10,0,1,0,2,2,0,0.07909109219606261,0.09946519795657725,0.0798090387809352,0.07478133087449775,0.09705493659871145,0.0,0.0,14.0,2.0,2.0,0.0,0.0,0.0,0.0,0.0,0.14285714285714285,0.0,0.0,LOW,1
7905e218-a3d4-4a7d-8b83-c52bac8b08b3,Atelier innovation innovation client - édition 0287,2026-10-11 16:15:00+00:00,PUBLISHED,Innovation,GLOBAL,ONSITE,0,100,120,6,16,10,0,1,0,2,2,0,0.06118538420478204,0.03201970443349754,0.07952802103874881,0.07142666830568362,0.09613060386919992,0.0,0.0,12.0,3.0,1.0,0.0,0.0,0.0,0.0,0.0,0.25,0.0,0.0,LOW,1
2432ec17-09f7-40e6-a236-e0ce7955853d,Hackathon expérimentation digitale - édition 0363,2026-10-12 09:00:00+00:00,DRAFT,Innovation,GLOBAL,ONSITE,0,65,60,0,9,10,1,0,0,2,3,0,0.060148343794531496,0.031476997578692496,0.07924897535089356,0.05503985074678234,0.055649868750151245,0.0,0.0,0.0,0.0,0.0,0.0,0.0,0.0,0.0,0.0,0.0,0.0,0.0,LOW,0
1c24f06e-b5da-458b-933f-db2afaf7a97e,Rencontre expert IoT industriel - édition 0874,2026-10-12 14:15:00+00:00,PUBLISHED,Conférence,DEPARTMENT,ONSITE,8,100,120,0,14,10,0,1,0,47,3,2,0.04931542148373984,0.08309584224074734,0.10441430550126202,0.07552539628217993,0.055082012946578274,39.0,0.0,7.0,6.0,0.0,1.0,0.0,0.0,0.39,0.0,0.8571428571428571,0.14285714285714285,0.23399999999999999,LOW,1
f059e492-b15c-457b-9006-0c4d2fe094d4,Pause prévention gestion du stress - édition 0047,2026-10-12 15:30:00+00:00,PENDING,Bien-être,GLOBAL,ONSITE,0,7,45,0,15,10,0,1,0,2,3,0,0.07775056520968866,0.09777934714375391,0.07897188103148484,0.07404818057180658,0.05846502291681485,0.0,0.0,0.0,0.0,0.0,0.0,0.0,0.0,0.0,0.0,0.0,0.0,0.0,LOW,0
43d44dfa-9dae-4b97-af2f-676569ceda51,Workshop design thinking - édition 0989,2026-10-12 16:00:00+00:00,REJECTED,Atelier,DEPARTMENT,ONSITE,6,49,180,0,16,10,0,1,0,103,3,3,0.0917106349801715,0.056283490791014724,0.07526695526695527,0.07061500162039175,0.0578803726876467,0.0,0.0,0.0,0.0,0.0,0.0,0.0,0.0,0.0,0.0,0.0,0.0,0.0,LOW,0
6edb930a-4288-4540-bb93-696ca483f9a2,Atelier organisation d’événement - édition 0950,2026-10-13 11:45:00+00:00,PUBLISHED,Atelier,GLOBAL,ONLINE,0,44,120,1,11,10,1,0,0,2,1,0,0.09065648975051435,0.055636554115255935,0.07869671768294308,0.08872863777129517,0.07680339673134783,0.0,0.0,11.0,4.0,2.0,1.0,0.0,0.0,0.0,0.0,0.36363636363636365,0.09090909090909091,0.0,LOW,1
db509583-e966-4a97-9553-e69ed85d466f,Rencontre expert risques cyber - édition 0140,2026-10-13 16:00:00+00:00,PUBLISHED,Conférence,DEPARTMENT,ONSITE,6,61,120,1,16,10,0,1,0,103,1,3,0.05574343239914098,0.08152799616073324,0.07317620650953985,0.06982157463589297,0.07610518403379012,0.0,0.0,8.0,0.0,3.0,0.0,0.0,0.0,0.0,0.0,0.0,0.0,0.0,LOW,1
7c89e0e5-9e1f-41e9-b8f5-a59e5bfc7d51,Module d’apprentissage contrats et conformité - édition 0654,2026-10-14 10:00:00+00:00,PUBLISHED,Formation,DEPARTMENT,ONSITE,11,40,180,2,10,10,1,0,0,24,3,1,0.11260654733709248,0.06725449795302736,0.16687344913151367,0.0707508361513694,0.07738686954672927,0.0,0.0,11.0,2.0,1.0,1.0,0.0,0.0,0.0,0.0,0.18181818181818182,0.09090909090909091,0.0,LOW,1
5ef08bc7-89e7-43c1-8dc5-adc05bba5ba5,Networking forum projets - édition 0698,2026-10-14 10:15:00+00:00,PUBLISHED,Networking,DEPARTMENT,ONLINE,8,191,45,2,10,10,1,0,0,47,3,2,0.04606157380478263,0.0877124701732545,0.10209398760123396,0.07002144608795322,0.07664276503185687,0.0,0.0,13.0,2.0,0.0,2.0,0.0,0.0,0.0,0.0,0.15384615384615385,0.15384615384615385,0.0,LOW,1
39f79abc-22f6-4fd6-b870-8d32a6401060,Rencontre santé au travail respiration et concentration - édition 0841,2026-10-14 11:45:00+00:00,PUBLISHED,Bien-être,GLOBAL,ONSITE,0,65,90,2,11,10,1,0,0,2,3,0,0.07645472245619385,0.09614969135802467,0.07842346519098842,0.08798923245653437,0.07591283393631537,0.0,0.0,15.0,3.0,3.0,0.0,0.0,0.0,0.0,0.0,0.2,0.0,0.0,LOW,1
d13dd871-9f24-415d-9830-cbfa68bc54e2,Atelier innovation idées produit - édition 0180,2026-10-14 15:30:00+00:00,REJECTED,Innovation,DEPARTMENT,EXTERNAL,7,109,60,2,15,10,0,1,0,77,3,0,0.059145871397955976,0.030952380952380953,0.06641366223908918,0.07332926619732302,0.07519667512559541,0.0,0.0,0.0,0.0,0.0,0.0,0.0,0.0,0.0,0.0,0.0,0.0,0.0,LOW,0
c2d84bc2-e67b-4976-b632-529a6d9cb65b,Atelier feedback constructif - édition 0626,2026-10-15 10:00:00+00:00,PUBLISHED,Atelier,GLOBAL,ONSITE,0,19,60,3,10,10,1,0,0,2,6,0,0.08962630236698578,0.05500432054576439,0.07815210371973932,0.06930694153603534,0.06542733668211638,0.0,0.0,15.0,1.0,3.0,1.0,0.0,0.0,0.0,0.0,0.06666666666666667,0.06666666666666667,0.0,LOW,1
f681a9de-12c7-40b5-a36e-b9024070cced,Rencontre réseau experts internes - édition 0700,2026-10-15 10:45:00+00:00,DRAFT,Networking,DEPARTMENT,EXTERNAL,12,80,90,3,10,10,1,0,0,22,6,0,0.04545550046524602,0.0865583587236064,0.04341736694677871,0.06860687141950972,0.06475971079760498,0.0,0.0,0.0,0.0,0.0,0.0,0.0,0.0,0.0,0.0,0.0,0.0,0.0,LOW,0
d2572924-5e43-4c4a-b5b2-25c983896374,Action RSE réduction carbone - Développement - édition 0944,2026-10-15 11:45:00+00:00,PUBLISHED,RSE,DEPARTMENT,EXTERNAL,6,152,60,3,11,10,1,0,0,103,6,3,0.06250976906382491,0.06843238546352941,0.0711984711984712,0.08726204871722416,0.06410557230469989,0.0,0.0,9.0,2.0,1.0,1.0,0.0,0.0,0.0,0.0,0.2222222222222222,0.1111111111111111,0.0,LOW,1
2c5fe0ce-faa1-415d-9bf9-58e29edd937f,Atelier RSE recyclage - édition 0923,2026-10-15 13:15:00+00:00,REJECTED,RSE,DEPARTMENT,ONSITE,1,114,120,3,13,10,0,1,0,194,6,1,0.06166504245485431,0.06750762349780604,0.06400396779087408,0.06360621977586026,0.06346451658165289,0.0,0.0,0.0,0.0,0.0,0.0,0.0,0.0,0.0,0.0,0.0,0.0,0.0,LOW,0
fa0d2585-c354-45c9-80e9-61b3e3814a9f,Journée responsable économie d’énergie - Juridique - édition 0693,2026-10-15 13:30:00+00:00,CANCELLED,RSE,DEPARTMENT,ONSITE,10,254,60,3,13,10,0,1,0,28,6,1,0.060842841888789585,0.06660752185116862,0.07206273258904838,0.06259659723973549,0.06283615503133949,0.0,0.0,0.0,0.0,0.0,0.0,0.0,0.0,0.0,0.0,0.0,0.0,0.0,LOW,0
91a80198-e0f4-4f19-9330-1741c8f76098,Formation Power BI - édition 0775,2026-10-15 14:45:00+00:00,PUBLISHED,Formation,GLOBAL,ONLINE,0,14,60,3,14,10,0,1,0,2,6,0,0.11121634304898022,0.06642419550916283,0.07788261370691263,0.0788708707898163,0.06222011429573812,8.0,0.0,14.0,2.0,3.0,0.0,0.0,0.0,0.5714285714285714,0.0,0.14285714285714285,0.0,0.3428571428571428,LOW,1
9edabc77-5b3a-496b-8e56-ec85fd13d351,Atelier cohésion résolution de problèmes - édition 0701,2026-10-15 15:00:00+00:00,PUBLISHED,Team building,DEPARTMENT,EXTERNAL,2,67,240,3,15,10,0,1,0,105,6,0,0.09132577033739649,0.07459434158518827,0.017718715393133997,0.07262417709927184,0.06716388572421222,15.0,0.0,6.0,2.0,1.0,0.0,0.0,0.0,0.22388059701492538,0.0,0.3333333333333333,0.0,0.13432835820895522,LOW,1
5a25e52a-af9d-4124-946e-cc18441d4b27,Hackathon prototypage rapide - édition 0374,2026-10-16 09:15:00+00:00,PUBLISHED,Innovation,DEPARTMENT,ONSITE,1,43,90,4,9,10,1,0,0,194,4,1,0.058176266948809154,0.030444964871194382,0.0623628404116209,0.05454399623555006,0.05080130424273333,0.0,0.0,15.0,2.0,3.0,1.0,0.0,0.0,0.0,0.0,0.13333333333333333,0.06666666666666667,0.0,LOW,1
054ba1a5-6c55-41b3-a4cd-cc4701fe52c7,Table ronde culture agile - édition 0067,2026-10-16 09:30:00+00:00,REJECTED,Conférence,GLOBAL,ONLINE,0,196,45,4,9,10,1,0,0,2,4,0,0.0547111466139717,0.08001821845405299,0.07761497585912255,0.054056996269161224,0.05035567876691988,0.0,0.0,0.0,0.0,0.0,0.0,0.0,0.0,0.0,0.0,0.0,0.0,0.0,LOW,0
0ee518ac-8512-40e6-a663-c13840ce4698,Challenge innovation innovation client - Qualité - édition 0945,2026-10-16 13:15:00+00:00,PENDING,Innovation,DEPARTMENT,ONSITE,8,35,90,4,13,10,0,1,0,47,4,2,0.05723794006253804,0.029953917050691246,0.09987455308816366,0.06161852540786461,0.04991780329938145,0.0,0.0,0.0,0.0,0.0,0.0,0.0,0.0,0.0,0.0,0.0,0.0,0.0,LOW,0
23a0a77a-cc56-4b08-9942-c54867fa4acb,Défi collaboratif sport d’équipe - édition 0883,2026-10-16 13:30:00+00:00,CANCELLED,Team building,DEPARTMENT,ONLINE,11,20,180,4,13,10,0,1,0,24,4,1,0.09321941071850405,0.07352870813397129,0.16165865384615385,0.060670548093897464,0.04948747740886954,0.0,0.0,0.0,0.0,0.0,0.0,0.0,0.0,0.0,0.0,0.0,0.0,0.0,LOW,0
43cfb2da-47ce-46b7-8734-310666884d11,Défi collaboratif escape game interne - édition 0497,2026-10-16 13:45:00+00:00,PUBLISHED,Team building,GLOBAL,ONSITE,0,40,240,4,13,10,0,1,0,2,4,0,0.09190646127176455,0.07249309252645057,0.07734917114727624,0.059751297365202044,0.049064507516486035,5.0,0.0,15.0,2.0,3.0,1.0,0.0,0.0,0.125,0.0,0.13333333333333333,0.06666666666666667,0.075,LOW,1
b4ab41e2-ddca-40a5-957a-9d650e0a6e60,Challenge collectif créativité collective - édition 0619,2026-10-17 10:30:00+00:00,REJECTED,Team building,GLOBAL,EXTERNAL,0,40,120,5,10,10,1,0,0,2,1,0,0.09236609375410117,0.07148624401913876,0.0770851808020637,0.06792080270531463,0.08718023916588538,0.0,0.0,0.0,0.0,0.0,0.0,0.0,0.0,0.0,0.0,0.0,0.0,0.0,LOW,0
e62ceb00-57ca-432e-bc6a-5701fcbefd0b,Rencontre informelle culture interne - édition 0670,2026-10-17 17:00:00+00:00,PUBLISHED,Afterwork,DEPARTMENT,EXTERNAL,10,49,150,5,17,10,0,1,0,28,1,1,0.0830778015741246,0.08830328373339127,0.06994324045407638,0.08531203464787973,0.08644142357973382,0.0,0.0,11.0,3.0,0.0,2.0,0.0,0.0,0.0,0.0,0.2727272727272727,0.18181818181818182,0.0,LOW,1
02fd0fd1-c21e-4014-806f-5d8955a3edad,Action RSE achats responsables - édition 0964,2026-10-18 10:00:00+00:00,PUBLISHED,RSE,DEPARTMENT,EXTERNAL,6,178,120,6,10,10,1,0,0,103,2,3,0.060042278179726565,0.06573110708996904,0.06932482721956407,0.0672483195102125,0.09522371137986783,36.0,0.0,15.0,5.0,2.0,0.0,0.0,0.0,0.20224719101123595,0.0,0.3333333333333333,0.0,0.12134831460674156,LOW,1
055e0ca4-fbda-423c-a051-b11650cebb56,Table ronde risques cyber - édition 0306,2026-10-18 10:30:00+00:00,PUBLISHED,Conférence,GLOBAL,ONLINE,0,60,90,6,10,10,1,0,0,2,2,0,0.05371639849371767,0.0785633417548884,0.07682298630953967,0.06857183785826175,0.09622393081567501,23.0,0.0,13.0,1.0,4.0,0.0,0.0,0.0,0.38333333333333336,0.0,0.07692307692307693,0.0,0.23,LOW,1
25ae592e-4847-4d66-90c9-683867c84a54,Soirée réseau finance et business - édition 0610,2026-10-18 17:00:00+00:00,PUBLISHED,Afterwork,GLOBAL,EXTERNAL,0,30,120,6,17,10,0,1,0,2,2,0,0.08193974949776672,0.08709364970964618,0.07656256940679547,0.08226517626759831,0.09888235120935703,15.0,0.0,12.0,3.0,1.0,1.0,0.0,0.0,0.5,0.0,0.25,0.08333333333333333,0.3,LOW,1
aae84404-1759-4d09-97e3-45ad547083fc,Culture d’entreprise feedback et transparence - édition 0529,2026-10-19 11:00:00+00:00,PUBLISHED,Culture d’entreprise,GLOBAL,ONLINE,0,232,90,0,11,10,1,0,0,2,3,0,0.06562504498545357,0.06359447004608296,0.07630391207771846,0.08654678602282069,0.05730729969073931,0.0,0.0,19.0,4.0,3.0,0.0,0.0,0.0,0.0,0.0,0.21052631578947367,0.0,0.0,LOW,1
b891175e-b2a2-4f8f-9973-52b440b70ecd,Challenge innovation lab IA - édition 0562,2026-10-19 16:00:00+00:00,PUBLISHED,Innovation,DEPARTMENT,ONLINE,3,60,60,0,16,10,0,1,0,108,3,3,0.05632940133138664,0.02947845804988662,0.0,0.06904577936216083,0.056745463419261476,0.0,0.0,14.0,2.0,1.0,0.0,0.0,0.0,0.0,0.0,0.14285714285714285,0.0,0.0,LOW,1
019289cd-f748-45f0-bd5c-87632b625d5d,Pause prévention gestion du stress - Finance - édition 0995,2026-10-19 16:00:00+00:00,PUBLISHED,Bien-être,DEPARTMENT,EXTERNAL,3,63,90,0,16,10,0,1,0,108,3,3,0.07520136635035461,0.09457346690953247,0.0,0.06828703453400521,0.05619453658994825,0.0,0.0,12.0,1.0,1.0,0.0,0.0,0.0,0.0,0.0,0.08333333333333333,0.0,0.0,LOW,1
aefd1606-13d7-47cc-8844-c225c32c5493,Rencontre informelle innovation - édition 0512,2026-10-19 19:15:00+00:00,PUBLISHED,Afterwork,GLOBAL,EXTERNAL,0,37,150,0,19,10,0,0,1,2,3,0,0.0875892123423915,0.08591670849735367,0.07604699654883726,0.035309308155839436,0.055654204507352596,2.0,0.0,12.0,0.0,4.0,2.0,0.0,0.0,0.05405405405405406,0.0,0.0,0.16666666666666666,0.032432432432432434,LOW,1
813fc325-70a3-48c5-a1e5-bd44bbd05f25,Atelier cohésion escape game interne - édition 0237,2026-10-20 13:00:00+00:00,PUBLISHED,Team building,DEPARTMENT,ONSITE,7,70,240,1,13,10,0,1,0,77,1,0,0.09110080479856554,0.07050698040243823,0.06433823529411764,0.06072515859855724,0.07541955174519742,0.0,0.0,13.0,2.0,2.0,1.0,0.0,0.0,0.0,0.0,0.15384615384615385,0.07692307692307693,0.0,LOW,1
24c1ea2e-31ae-49b8-a210-1db89b614ee7,Atelier amélioration continue - édition 0355,2026-10-20 14:45:00+00:00,PUBLISHED,Atelier,GLOBAL,ONLINE,0,18,90,1,14,10,0,1,0,2,1,0,0.08861926526173874,0.054386294472216476,0.07579180528525055,0.08405568869127689,0.07474616289032958,0.0,0.0,17.0,2.0,1.0,1.0,0.0,0.0,0.0,0.0,0.11764705882352941,0.058823529411764705,0.0,LOW,1
0802f77c-a353-4879-83e3-605e7c1e67cf,Forum d’échanges rencontre métiers - édition 0210,2026-10-21 15:45:00+00:00,PENDING,Networking,GLOBAL,EXTERNAL,0,202,120,2,15,10,0,1,0,2,2,0,0.044865169290372695,0.0854342241947284,0.07553832098663767,0.07406471443180188,0.07449390246087023,0.0,0.0,0.0,0.0,0.0,0.0,0.0,0.0,0.0,0.0,0.0,0.0,0.0,LOW,0
6c382018-beb3-4ca6-a1ec-e15dd0faede5,Challenge innovation prototypage rapide - édition 0132,2026-10-21 16:00:00+00:00,PUBLISHED,Innovation,DEPARTMENT,ONSITE,8,61,90,2,16,10,0,1,0,47,2,0,0.055449254435583725,0.029017857142857144,0.09774956259692615,0.06754478415863559,0.07380414410475106,26.0,0.0,11.0,6.0,0.0,1.0,0.0,0.0,0.4262295081967213,0.0,0.5454545454545454,0.09090909090909091,0.25573770491803277,LOW,1
1bd081c5-51d0-49b2-8050-4336c9ad4628,Rencontre informelle culture interne - édition 0500,2026-10-21 19:45:00+00:00,REJECTED,Afterwork,DEPARTMENT,ONSITE,2,30,120,2,19,10,0,0,1,105,2,0,0.08714207689854701,0.08477115238405562,0.017316017316017316,0.03612429710793572,0.07703740432577831,0.0,0.0,0.0,0.0,0.0,0.0,0.0,0.0,0.0,0.0,0.0,0.0,0.0,LOW,0
59361462-e25b-4dcc-bdc9-8c5fdaf893e9,Action RSE achats responsables - Achats - édition 0245,2026-10-22 09:30:00+00:00,PUBLISHED,RSE,DEPARTMENT,EXTERNAL,11,227,60,3,9,10,1,0,0,24,5,0,0.06188909522948643,0.06487745634854088,0.15675990675990678,0.05357861577120405,0.06867077717893062,0.0,0.0,12.0,3.0,2.0,1.0,0.0,0.0,0.0,0.0,0.25,0.08333333333333333,0.0,LOW,1
ca9c89e1-6773-4d22-ae0e-6f92a71ee7df,Rencontre santé au travail nutrition et énergie - édition 0813,2026-10-22 10:00:00+00:00,PUBLISHED,Bien-être,GLOBAL,ONSITE,0,14,120,3,10,10,1,0,0,2,5,0,0.07398844108663921,0.09304808841099162,0.07528652658334888,0.0716277747075343,0.06801676977722652,0.0,0.0,10.0,2.0,2.0,1.0,0.0,0.0,0.0,0.0,0.2,0.1,0.0,LOW,1
a1942d4d-dc85-48ec-89dc-3bb4604e0e25,Rencontre expert IoT industriel - édition 0705,2026-10-22 10:15:00+00:00,PUBLISHED,Conférence,GLOBAL,ONSITE,0,118,45,3,10,10,1,0,0,2,5,0,0.05960241518728222,0.07716042493783681,0.07503640523257364,0.07093904610457723,0.06737510213781872,32.0,0.0,10.0,1.0,1.0,0.0,0.0,0.0,0.2711864406779661,0.0,0.1,0.0,0.16271186440677965,LOW,1
a5888a22-1038-461e-8cbb-d35fcf296f48,Atelier prise de parole - édition 0269,2026-10-22 15:15:00+00:00,PUBLISHED,Atelier,GLOBAL,ONSITE,0,76,90,3,15,10,0,1,0,2,5,0,0.08763460675883053,0.05378200231141407,0.07478794031458498,0.07336599071074715,0.06927988100267991,18.0,0.0,17.0,1.0,3.0,0.0,0.0,0.0,0.23684210526315788,0.0,0.058823529411764705,0.0,0.14210526315789473,LOW,1
22d75cee-0522-44b1-a8db-ed16f5a2793c,Culture d’entreprise feedback et transparence - édition 0499,2026-10-22 15:30:00+00:00,PUBLISHED,Culture d’entreprise,DEPARTMENT,ONSITE,3,168,60,3,15,10,0,1,0,108,5,3,0.0644531691821419,0.062458854509545754,0.0,0.07489380486544257,0.07083138307916582,0.0,0.0,14.0,0.0,1.0,0.0,0.0,0.0,0.0,0.0,0.0,0.0,0.0,LOW,1
6d31d5e9-abdc-44ea-bd7d-57ca3eba063c,Soirée réseau réseau interne - édition 0102,2026-10-22 17:45:00+00:00,PUBLISHED,Afterwork,GLOBAL,ONSITE,0,77,150,3,17,10,0,1,0,2,5,0,0.08599547062356612,0.08365574248426541,0.0745411154290583,0.09666982536181906,0.07018155387660466,0.0,0.0,15.0,1.0,4.0,1.0,0.0,0.0,0.0,0.0,0.06666666666666667,0.06666666666666667,0.0,LOW,1
84d53ec1-4692-45b1-b64f-056688594760,Webinaire IA générative - édition 0192,2026-10-23 10:00:00+00:00,PUBLISHED,Webinaire,GLOBAL,ONLINE,0,292,60,4,10,10,1,0,0,2,5,0,0.0421756619445585,0.05406079376504031,0.07429591439146271,0.07284616414813332,0.04970802863922768,0.0,0.0,14.0,1.0,2.0,0.0,0.0,0.0,0.0,0.0,0.07142857142857142,0.0,0.0,LOW,1
b1709fee-0a7a-466a-8dbb-4a76734039a3,Atelier cohésion challenge collaboratif - édition 0796,2026-10-23 14:45:00+00:00,PUBLISHED,Team building,GLOBAL,ONSITE,0,61,90,4,14,10,0,1,0,2,5,0,0.08986971284182817,0.06955418336997285,0.07405232122952349,0.08318010860074276,0.049290314112847615,37.0,0.0,16.0,1.0,4.0,2.0,0.0,0.0,0.6065573770491803,0.0,0.0625,0.125,0.36393442622950817,LOW,1
760c8431-f294-459b-aa8b-c3bb45236213,Défi collaboratif escape game interne - édition 0130,2026-10-23 15:30:00+00:00,PUBLISHED,Team building,DEPARTMENT,ONSITE,1,61,180,4,15,10,0,1,0,194,5,0,0.0967588816979262,0.0686267942583732,0.06080376940133038,0.07420034370928107,0.05393420630398372,5.0,0.0,9.0,0.0,2.0,2.0,0.0,0.0,0.08196721311475409,0.0,0.0,0.2222222222222222,0.04918032786885245,LOW,1
8ec5667d-dbb0-4884-bd0c-a4f374b93906,Rencontre réseau petit-déjeuner business - édition 0835,2026-10-23 16:00:00+00:00,PUBLISHED,Networking,DEPARTMENT,ONSITE,6,179,120,4,16,10,0,1,0,103,5,0,0.04428997481229099,0.08433891362812931,0.06754726754726754,0.07140160914829242,0.05416588404622149,0.0,0.0,11.0,3.0,1.0,0.0,0.0,0.0,0.0,0.0,0.2727272727272727,0.0,0.0,LOW,1
3ad062a9-8c36-465f-b596-0f124a3765a0,Présentation digitale outils collaboratifs - édition 0339,2026-10-23 16:45:00+00:00,PUBLISHED,Webinaire,DEPARTMENT,ONLINE,3,158,30,4,16,10,0,1,0,108,5,3,0.041506206993057564,0.053202685927499986,0.0,0.07064201756160847,0.05372190139010492,0.0,0.0,9.0,2.0,5.0,1.0,0.0,0.0,0.0,0.0,0.2222222222222222,0.1111111111111111,0.0,LOW,1
6023f056-c4cd-4844-aad7-ac1a6b3707e3,Soirée réseau équipes projet - édition 0646,2026-10-23 17:30:00+00:00,PUBLISHED,Afterwork,GLOBAL,EXTERNAL,0,62,90,4,17,10,0,1,0,2,5,0,0.08487864632975357,0.08256930427018405,0.07381032017975381,0.09344749784975842,0.05328513796416911,0.0,0.0,12.0,0.0,1.0,0.0,0.0,0.0,0.0,0.0,0.0,0.0,0.0,LOW,1
45371dc1-8181-4b0b-a3e6-dda374234478,Atelier idéation produit - édition 0424,2026-10-24 09:15:00+00:00,REJECTED,Atelier,GLOBAL,ONSITE,0,29,60,5,9,10,1,0,0,2,1,0,0.08927424959953743,0.05319099129700292,0.07356989568405428,0.053108627913561905,0.08571502506225706,0.0,0.0,0.0,0.0,0.0,0.0,0.0,0.0,0.0,0.0,0.0,0.0,0.0,LOW,0
3443063a-1d85-4422-84f2-c5a450c7af4e,Atelier RSE réduction carbone - édition 0477,2026-10-24 14:15:00+00:00,PUBLISHED,RSE,GLOBAL,EXTERNAL,0,156,45,5,14,10,0,1,0,2,1,0,0.06109564529064686,0.06404569408766214,0.07333103238637878,0.08857575054351016,0.08500073318673823,0.0,0.0,11.0,2.0,2.0,0.0,0.0,0.0,0.0,0.0,0.18181818181818182,0.0,0.0,LOW,1
5b5ccc04-c6f9-4ee4-b711-48c132225bd6,Parcours pratique qualité logicielle - édition 0321,2026-10-25 09:00:00+00:00,PUBLISHED,Formation,GLOBAL,ONLINE,0,30,60,6,9,10,1,0,0,2,1,0,0.11682868729751182,0.06561414434441694,0.07309371512946493,0.0526468137577918,0.10256232963862898,17.0,0.0,6.0,0.0,3.0,1.0,0.0,0.0,0.5666666666666667,0.0,0.0,0.16666666666666666,0.33999999999999997,LOW,1
593077b6-140e-4768-8806-1eddccc9a837,Atelier innovation hackathon interne - édition 0843,2026-10-25 10:15:00+00:00,PUBLISHED,Innovation,GLOBAL,ONSITE,0,42,60,6,10,10,1,0,0,2,1,0,0.06115356603190892,0.028571428571428574,0.07285792895162795,0.07215893618447168,0.1067814599752475,23.0,0.0,15.0,0.0,4.0,2.0,0.0,0.0,0.5476190476190477,0.0,0.0,0.13333333333333333,0.32857142857142857,LOW,1
bf32645e-b296-4542-8510-6a71b9659e21,Module d’apprentissage qualité logicielle - Support client - édition 0972,2026-10-26 09:30:00+00:00,CANCELLED,Formation,DEPARTMENT,ONSITE,9,79,120,0,9,10,1,0,0,51,0,2,0.12224842198870646,0.06482361248484565,0.09196127946127945,0.057078019386316584,0.05563896497922595,0.0,0.0,0.0,0.0,0.0,0.0,0.0,0.0,0.0,0.0,0.0,0.0,0.0,LOW,0
75f8de26-2b99-4304-9613-f77a790cce1c,Rencontre santé au travail respiration et concentration - Support client - édition 0020,2026-10-27 13:30:00+00:00,PENDING,Bien-être,DEPARTMENT,ONSITE,9,66,60,1,13,10,0,1,0,51,3,2,0.0728140213868513,0.09157113462669017,0.08971832142563849,0.059832141560343166,0.07408469242227357,0.0,0.0,0.0,0.0,0.0,0.0,0.0,0.0,0.0,0.0,0.0,0.0,0.0,LOW,0
950d7342-3134-4f6d-bd83-db57d975fde3,Action RSE mobilité durable - édition 0912,2026-10-27 15:30:00+00:00,CANCELLED,RSE,GLOBAL,ONSITE,0,221,90,1,15,10,0,1,0,2,3,0,0.060322282692031076,0.06323498909921073,0.07262365908361629,0.0742715993919001,0.07343482669927118,0.0,0.0,0.0,0.0,0.0,0.0,0.0,0.0,0.0,0.0,0.0,0.0,0.0,LOW,0
fd436eba-88a8-4697-8b22-5ec4f27c856a,Workshop idéation produit - IoT - édition 0823,2026-10-27 15:30:00+00:00,PUBLISHED,Atelier,DEPARTMENT,ONLINE,7,9,90,1,15,10,0,1,0,77,3,0,0.08830387732128159,0.05261282834812246,0.0623885918003565,0.07359640303379192,0.07279626298884273,6.0,0.0,19.0,3.0,2.0,2.0,0.0,0.0,0.6666666666666666,0.0,0.15789473684210525,0.10526315789473684,0.39999999999999997,LOW,1
047776e2-6d32-4a26-8956-ac10a6c47530,Rencontre informelle innovation - édition 0825,2026-10-27 17:00:00+00:00,PUBLISHED,Afterwork,GLOBAL,ONSITE,0,24,90,1,17,10,0,1,0,2,3,0,0.0837904585562952,0.08151072344620733,0.07239089094552777,0.0904330624352501,0.0779158354343412,0.0,0.0,16.0,3.0,3.0,2.0,0.0,0.0,0.0,0.0,0.1875,0.125,0.0,LOW,1
051cf8f7-d6a2-408a-b1bb-4d8a9dbad1bd,Rencontre culture interne valeurs et vision - édition 0123,2026-10-28 11:30:00+00:00,PUBLISHED,Culture d’entreprise,DEPARTMENT,ONSITE,2,76,60,2,11,10,1,0,0,105,3,1,0.06332241182806925,0.0613630851321853,0.01693121693121693,0.0858431536161311,0.07633706428645305,0.0,0.0,12.0,1.0,0.0,2.0,0.0,0.0,0.0,0.0,0.08333333333333333,0.16666666666666666,0.0,LOW,1
c587b719-9e48-4fb4-bd7f-b3a47036f363,Module d’apprentissage gestion de projet - Finance - édition 0064,2026-10-28 14:45:00+00:00,PUBLISHED,Formation,DEPARTMENT,ONSITE,3,71,180,2,14,10,0,1,0,108,3,3,0.12079308363169805,0.06405190281240701,0.0,0.08767191635429067,0.0756493429865751,0.0,0.0,9.0,1.0,2.0,1.0,0.0,0.0,0.0,0.0,0.1111111111111111,0.1111111111111111,0.0,LOW,1
321f065f-d1e9-4ed2-85c9-3ed99c9c616c,Atelier RSE achats responsables - édition 0056,2026-10-28 15:00:00+00:00,DRAFT,RSE,DEPARTMENT,ONLINE,12,152,45,2,15,10,0,1,0,22,3,0,0.0595682541583807,0.06244455173547059,0.042598171344009304,0.07893937838183583,0.07497390242419497,0.0,0.0,0.0,0.0,0.0,0.0,0.0,0.0,0.0,0.0,0.0,0.0,0.0,LOW,0
da0664f3-64eb-4efc-94d7-b7816a1b2749,Session bien-être prévention fatigue numérique - édition 0733,2026-10-28 16:30:00+00:00,DRAFT,Bien-être,GLOBAL,EXTERNAL,0,44,120,2,16,10,0,1,0,2,3,0,0.07167630230268174,0.09014033564814813,0.07215961014378487,0.06989841737674943,0.07431041656203395,0.0,0.0,0.0,0.0,0.0,0.0,0.0,0.0,0.0,0.0,0.0,0.0,0.0,LOW,0
c998667f-4864-437b-b5c1-0264dd37f5e5,Challenge innovation innovation client - édition 0492,2026-10-29 13:00:00+00:00,PUBLISHED,Innovation,GLOBAL,ONSITE,0,97,120,3,13,10,0,1,0,2,0,0,0.06852425514686557,0.02813852813852814,0.07192980246816771,0.05896500907396138,0.06954353975045371,48.0,0.0,12.0,4.0,2.0,0.0,0.0,0.0,0.4948453608247423,0.0,0.3333333333333333,0.0,0.29690721649484536,LOW,1
6c173b0b-0859-4000-84ce-e44d4a492aa9,Rencontre expert finance durable - Qualité - édition 0633,2026-10-30 09:30:00+00:00,CANCELLED,Conférence,DEPARTMENT,ONSITE,8,97,60,4,9,10,1,0,0,47,4,0,0.06331441563448721,0.07580673327226073,0.09571311337615684,0.05659017306677542,0.052855419109619356,0.0,0.0,0.0,0.0,0.0,0.0,0.0,0.0,0.0,0.0,0.0,0.0,0.0,LOW,0
14a8728b-a1a8-4ec8-91b1-bc3de87341f1,Culture d’entreprise ambassadeurs culture - Support client - édition 0758,2026-10-30 11:15:00+00:00,PUBLISHED,Culture d’entreprise,DEPARTMENT,EXTERNAL,9,38,120,4,11,10,1,0,0,51,4,2,0.06223064610689563,0.060305100905768315,0.08758217091550424,0.08515087011922681,0.0524325757567424,9.0,0.0,17.0,5.0,1.0,0.0,0.0,0.0,0.23684210526315788,0.0,0.29411764705882354,0.0,0.14210526315789473,LOW,1
4297b15e-e924-424d-bf9a-9db62cd1d454,Keynote interne stratégie commerciale - Finance - édition 0909,2026-10-30 14:15:00+00:00,DRAFT,Conférence,DEPARTMENT,ONSITE,3,101,45,4,14,10,0,1,0,108,4,3,0.06222278777872019,0.07449972062963554,0.0,0.08678634144162106,0.05389614345123776,0.0,0.0,0.0,0.0,0.0,0.0,0.0,0.0,0.0,0.0,0.0,0.0,0.0,LOW,0
91663dcc-03b8-4d0e-8b0f-6575293b7cd0,Workshop gestion des priorités - édition 0076,2026-10-30 16:15:00+00:00,PUBLISHED,Atelier,DEPARTMENT,ONLINE,2,56,90,4,16,10,0,1,0,105,4,1,0.0945228320454255,0.05204709901104587,0.016563146997929604,0.06917030886240828,0.05347176436894455,29.0,0.0,15.0,8.0,2.0,0.0,0.0,0.0,0.5178571428571429,0.0,0.5333333333333333,0.0,0.3107142857142857,LOW,1
cc1e525c-1634-4faa-a219-205c36dc14f1,Initiative durable réduction carbone - édition 0662,2026-10-30 16:30:00+00:00,PENDING,RSE,DEPARTMENT,ONSITE,3,174,60,4,16,10,0,1,0,108,4,3,0.0588328436132155,0.06167363134367466,0.0,0.07379594632627154,0.0570997751383836,0.0,0.0,0.0,0.0,0.0,0.0,0.0,0.0,0.0,0.0,0.0,0.0,0.0,LOW,0
239e6a25-75b0-4b89-b719-f5a75bed215f,Formation cloud computing - édition 0220,2026-10-31 11:00:00+00:00,PUBLISHED,Formation,GLOBAL,ONSITE,0,79,180,5,11,10,1,0,0,2,0,0,0.11937198853014866,0.06329835101461398,0.0717014538889037,0.08636440000037825,0.08429824778850073,0.0,0.0,14.0,3.0,0.0,1.0,0.0,0.0,0.0,0.0,0.21428571428571427,0.07142857142857142,0.0,LOW,1
8968e7fc-bd5c-4f1d-a9f8-928d010d676d,Pause prévention respiration et concentration - édition 0072,2026-11-01 09:15:00+00:00,CANCELLED,Bien-être,DEPARTMENT,ONSITE,3,37,90,6,9,11,1,0,0,108,2,3,0.07057358995956356,0.08875356125356124,0.0,0.05611059532892139,0.11075296977384029,0.0,0.0,0.0,0.0,0.0,0.0,0.0,0.0,0.0,0.0,0.0,0.0,0.0,LOW,0
7a4d957f-fa49-4666-9907-1de1c9fdf514,Rencontre culture interne rencontre direction - édition 0975,2026-11-01 09:45:00+00:00,DRAFT,Culture d’entreprise,DEPARTMENT,EXTERNAL,1,71,45,6,9,11,1,0,0,194,2,0,0.06519016236378143,0.05928298055143326,0.05932075063544427,0.05563907772111532,0.10976410397228815,0.0,0.0,0.0,0.0,0.0,0.0,0.0,0.0,0.0,0.0,0.0,0.0,0.0,LOW,0
af44f69a-eacd-4522-be2a-ffd151f4843c,Pause prévention yoga au bureau - édition 0169,2026-11-01 10:15:00+00:00,PUBLISHED,Bien-être,GLOBAL,EXTERNAL,0,21,60,6,10,11,1,0,0,2,2,0,0.06950429314199441,0.08740881032547698,0.07147455055381223,0.07660248862778547,0.108792740220321,0.0,0.0,12.0,2.0,4.0,0.0,0.0,0.0,0.0,0.0,0.16666666666666666,0.0,0.0,LOW,1
f315b1f0-b6e9-4d46-8bb4-11382ab86958,Forum d’échanges communautés internes - Juridique - édition 0273,2026-11-02 10:15:00+00:00,CANCELLED,Networking,DEPARTMENT,EXTERNAL,10,77,90,0,10,11,1,0,0,28,1,1,0.04372934221973034,0.08327133244296313,0.06794486215538847,0.07589320632567634,0.055114069083195515,0.0,0.0,0.0,0.0,0.0,0.0,0.0,0.0,0.0,0.0,0.0,0.0,0.0,LOW,0
04aec5cd-f7fa-4d57-a569-120fca542612,Rencontre informelle équipes projet - IoT - édition 0849,2026-11-02 17:45:00+00:00,CANCELLED,Afterwork,DEPARTMENT,ONSITE,7,63,150,0,17,11,0,1,0,77,1,1,0.08272981984039272,0.08047894213676167,0.06055363321799307,0.08760702923414852,0.05459898432540864,0.0,0.0,0.0,0.0,0.0,0.0,0.0,0.0,0.0,0.0,0.0,0.0,0.0,LOW,0
64d2f93b-34a2-4383-b491-2e58ecd69bcf,Lab innovation innovation ouverte - Support client - édition 0444,2026-11-04 13:15:00+00:00,PUBLISHED,Innovation,DEPARTMENT,ONSITE,9,102,120,2,13,11,0,1,0,51,2,0,0.07488725672414731,0.02771855010660981,0.08554537624305066,0.06519187124182968,0.07365857080271786,37.0,0.0,8.0,8.0,0.0,0.0,0.0,0.0,0.3627450980392157,0.0,1.0,0.0,0.2176470588235294,LOW,1
65872fb0-9a42-4fc7-8347-e40dbe37a721,Atelier innovation automatisation métier - édition 0818,2026-11-04 13:45:00+00:00,PUBLISHED,Innovation,DEPARTMENT,ONSITE,8,27,45,2,13,11,0,1,0,47,2,0,0.0791204602728983,0.0273109243697479,0.09375978453174548,0.06938276176010272,0.07617236669173089,11.0,0.0,18.0,3.0,4.0,2.0,0.0,0.0,0.4074074074074074,0.0,0.16666666666666666,0.1111111111111111,0.2444444444444444,LOW,1
065dd953-f4f1-4eb0-973b-508504425e37,Parcours engagement valeurs et vision - édition 0691,2026-11-04 16:15:00+00:00,PUBLISHED,Culture d’entreprise,DEPARTMENT,ONLINE,11,164,90,2,16,11,0,1,0,24,2,0,0.06410365965771841,0.05829493087557604,0.15214932126696834,0.07304292646579938,0.07902784118065913,0.0,0.0,15.0,2.0,0.0,2.0,0.0,0.0,0.0,0.0,0.13333333333333333,0.13333333333333333,0.0,LOW,1
804fa0d3-ab8c-457f-8d20-7306c5e10a37,Team building cohésion d’équipe - édition 0844,2026-11-05 11:45:00+00:00,PUBLISHED,Team building,GLOBAL,ONSITE,0,42,120,3,11,11,1,0,0,2,1,0,0.09656425447972655,0.06772381012339461,0.07124907878550367,0.0856789682543435,0.07337508768805992,0.0,0.0,13.0,2.0,3.0,0.0,0.0,0.0,0.0,0.0,0.15384615384615385,0.0,0.0,LOW,1
e81c4d58-01cc-4036-a3a1-f7944d8f8c9d,Session de formation qualité logicielle - édition 0890,2026-11-05 16:15:00+00:00,REJECTED,Formation,GLOBAL,ONLINE,0,22,60,3,16,11,0,1,0,2,1,0,0.11798394215189112,0.06256232367723476,0.07102502507863102,0.072305119127761,0.0727199529765594,0.0,0.0,0.0,0.0,0.0,0.0,0.0,0.0,0.0,0.0,0.0,0.0,0.0,LOW,0
72bd9055-892e-4bd5-92c2-b86b0ff52c32,Session bien-être santé mentale - édition 0637,2026-11-06 11:15:00+00:00,PUBLISHED,Bien-être,GLOBAL,ONSITE,0,17,90,4,11,11,1,0,0,2,2,0,0.0684669156324124,0.0861042012161415,0.07080237609719331,0.08500433070903371,0.056657141222582176,0.0,0.0,14.0,4.0,3.0,1.0,0.0,0.0,0.0,0.0,0.2857142857142857,0.07142857142857142,0.0,LOW,1
468d1521-995b-4040-8b80-89f1e6de9808,Atelier innovation hackathon interne - édition 0682,2026-11-06 15:30:00+00:00,DRAFT,Innovation,GLOBAL,ONSITE,0,110,90,4,15,11,0,1,0,2,2,0,0.08387824211542742,0.026915113871635612,0.07058111867188957,0.07823456250342657,0.056221317059331546,0.0,0.0,0.0,0.0,0.0,0.0,0.0,0.0,0.0,0.0,0.0,0.0,0.0,LOW,0
2ebe50f2-615a-4a40-af41-46e8c77731ee,Afterwork convivialité - édition 0808,2026-11-06 18:00:00+00:00,PENDING,Afterwork,GLOBAL,ONSITE,0,111,90,4,18,11,0,0,1,2,2,0,0.08169569709238782,0.07947295536005214,0.0703612397975223,0.1261466086267718,0.05579214670010001,0.0,0.0,0.0,0.0,0.0,0.0,0.0,0.0,0.0,0.0,0.0,0.0,0.0,LOW,0
7b51d503-97c3-49d2-aa7f-15da3dd03790,Rencontre expert transformation digitale - édition 0949,2026-11-07 09:30:00+00:00,PUBLISHED,Conférence,DEPARTMENT,ONLINE,10,140,45,5,9,11,1,0,0,28,1,1,0.061168164257046964,0.07323701350031969,0.06605750487329436,0.05517541874010603,0.08360727854433268,10.0,0.0,10.0,4.0,1.0,1.0,0.0,0.0,0.07142857142857142,0.0,0.4,0.1,0.04285714285714285,LOW,1
d824321d-89e6-4631-85f9-bfbd0214e442,Live interne cybersécurité au quotidien - édition 0223,2026-11-07 10:45:00+00:00,PUBLISHED,Webinaire,GLOBAL,ONLINE,0,107,60,5,10,11,1,0,0,2,1,0,0.04085767250879104,0.0523713939598828,0.07014272663044925,0.07519693837773436,0.08350826466534277,0.0,0.0,11.0,3.0,0.0,0.0,0.0,0.0,0.0,0.0,0.2727272727272727,0.0,0.0,LOW,1
bc4491ec-2481-4a06-9ac2-0aa743c0d0a8,Atelier RSE bénévolat entreprise - édition 0328,2026-11-08 11:00:00+00:00,PUBLISHED,RSE,DEPARTMENT,ONSITE,6,152,60,6,11,11,1,0,0,103,3,0,0.05811536991061531,0.06092151388826399,0.06585858585858587,0.0843402343753694,0.1078384179376866,0.0,0.0,10.0,1.0,4.0,0.0,0.0,0.0,0.0,0.0,0.1,0.0,0.0,LOW,1
dd42a907-04b9-4348-a8b6-57ba79d2efe7,Rencontre réseau forum projets - édition 0131,2026-11-08 11:45:00+00:00,PUBLISHED,Networking,DEPARTMENT,ONSITE,5,253,90,6,11,11,1,0,0,86,3,0,0.04318272544198372,0.08223044078742608,0.01937984496124031,0.08368643410889366,0.10690069256431542,0.0,0.0,5.0,1.0,0.0,1.0,0.0,0.0,0.0,0.0,0.2,0.2,0.0,LOW,1
5d42f5a2-a668-4e5a-9ab7-5eec4028a896,Parcours engagement collaboration transversale - IoT - édition 0478,2026-11-08 14:15:00+00:00,PUBLISHED,Culture d’entreprise,DEPARTMENT,EXTERNAL,7,220,120,6,14,11,0,1,0,77,3,1,0.06305277999119843,0.0573392762710584,0.0588235294117647,0.08591847802720486,0.10597913486979546,0.0,0.0,13.0,2.0,2.0,0.0,0.0,0.0,0.0,0.0,0.15384615384615385,0.0,0.0,LOW,1
d6f7f9c8-a295-4d28-ace6-d1a83e454624,Afterwork innovation - édition 0297,2026-11-08 18:30:00+00:00,PUBLISHED,Afterwork,GLOBAL,ONSITE,0,47,150,6,18,11,0,0,1,2,3,0,0.08068710823939537,0.07849180776301447,0.06992556648608254,0.12089049993398963,0.10507333029825874,0.0,0.0,12.0,1.0,0.0,0.0,0.0,0.0,0.0,0.0,0.08333333333333333,0.0,0.0,LOW,1
b24e1d4a-5afd-4d85-8e0d-95b961808be9,Session valeurs ambassadeurs culture - Communication interne - édition 0197,2026-11-09 15:00:00+00:00,PUBLISHED,Culture d’entreprise,DEPARTMENT,ONSITE,12,166,120,0,15,11,0,1,0,22,1,1,0.06203579966875975,0.056414449234428427,0.04180931631912024,0.07754222124233431,0.05409343817424745,0.0,0.0,12.0,2.0,2.0,0.0,0.0,0.0,0.0,0.0,0.16666666666666666,0.0,0.0,LOW,1
35468667-53e4-4049-a55d-fe60b8c205d2,Parcours engagement collaboration transversale - Développement - édition 0181,2026-11-09 15:15:00+00:00,PUBLISHED,Culture d’entreprise,DEPARTMENT,ONSITE,6,142,90,0,15,11,0,1,0,103,1,0,0.06105110443592229,0.05551898178626289,0.06425227888642523,0.07686202631915594,0.053597168099254355,0.0,0.0,17.0,1.0,3.0,1.0,0.0,0.0,0.0,0.0,0.058823529411764705,0.058823529411764705,0.0,LOW,1
3e0f5f5c-a8c9-4eea-85b4-aac12c34daa6,Workshop amélioration continue - Finance - édition 0969,2026-11-10 10:15:00+00:00,PUBLISHED,Atelier,DEPARTMENT,ONSITE,3,30,120,1,10,11,1,0,0,108,1,0,0.0990263885434225,0.05149340646837517,0.0,0.07451332984702769,0.07724988812293658,0.0,0.0,10.0,3.0,1.0,0.0,0.0,0.0,0.0,0.0,0.3,0.0,0.0,LOW,1
522c3f73-470c-4a0d-9e96-90865bac2772,Atelier cohésion cohésion d’équipe - édition 0413,2026-11-10 15:30:00+00:00,PUBLISHED,Team building,DEPARTMENT,ONSITE,2,23,90,1,15,11,0,1,0,105,1,1,0.09531017325271712,0.06684428012179208,0.016210739614994932,0.0761936608729024,0.07659522805409813,7.0,0.0,19.0,3.0,3.0,0.0,0.0,0.0,0.30434782608695654,0.0,0.15789473684210525,0.0,0.1826086956521739,LOW,1
5b1d66a7-15db-402d-9e18-8abb534ed67c,Formation cybersécurité - édition 0360,2026-11-11 10:30:00+00:00,PUBLISHED,Formation,GLOBAL,ONLINE,0,70,180,2,10,11,1,0,0,2,5,0,0.11662780488577743,0.061843216508530904,0.06970974683643413,0.07384203858714455,0.0783523895466364,0.0,0.0,14.0,4.0,4.0,0.0,0.0,0.0,0.0,0.0,0.2857142857142857,0.0,0.0,LOW,1
67298469-15f3-494a-a5e2-c97006f4ebd9,Atelier bien-être ergonomie au travail - édition 0768,2026-11-11 11:45:00+00:00,PUBLISHED,Bien-être,GLOBAL,EXTERNAL,0,49,120,2,11,11,1,0,0,2,5,0,0.0674600492260534,0.08483796296296295,0.06949525530770664,0.08304269230805601,0.07768838624539372,0.0,0.0,14.0,1.0,1.0,1.0,0.0,0.0,0.0,0.0,0.07142857142857142,0.07142857142857142,0.0,LOW,1
232b4a56-a9a0-419f-872e-eec6679bc2da,Keynote interne risques cyber - édition 0368,2026-11-11 11:45:00+00:00,PUBLISHED,Conférence,GLOBAL,ONSITE,0,233,120,2,11,11,1,0,0,2,5,0,0.06133917104323904,0.0720163966086477,0.0692820796779284,0.08240877862631513,0.07703554266349966,0.0,0.0,13.0,1.0,1.0,1.0,0.0,0.0,0.0,0.0,0.07692307692307693,0.07692307692307693,0.0,LOW,1
3588338f-9a4e-4843-a250-5707c7007565,Action RSE bénévolat entreprise - Juridique - édition 0136,2026-11-11 13:15:00+00:00,PENDING,RSE,DEPARTMENT,ONSITE,10,161,90,2,13,11,0,1,0,28,5,0,0.05741518473096935,0.06018751974503189,0.06427216690374586,0.07407754850520416,0.07639357980797049,0.0,0.0,0.0,0.0,0.0,0.0,0.0,0.0,0.0,0.0,0.0,0.0,0.0,LOW,0
57496590-44ac-4aaf-9625-2e297f6bca83,Atelier cohésion résolution de problèmes - édition 0227,2026-11-11 14:00:00+00:00,PUBLISHED,Team building,GLOBAL,ONSITE,0,34,180,2,14,11,0,1,0,2,5,0,0.09799014316084839,0.0659873021715127,0.06907020787463199,0.0850678000269355,0.07576222790873106,0.0,0.0,11.0,3.0,1.0,0.0,0.0,0.0,0.0,0.0,0.2727272727272727,0.0,0.0,LOW,1
f926b5d2-f334-489c-9581-bd03e2bc89a6,Rencontre santé au travail nutrition et énergie - édition 0318,2026-11-11 16:30:00+00:00,PUBLISHED,Bien-être,GLOBAL,EXTERNAL,0,33,45,2,16,11,0,1,0,2,5,0,0.06648236735321204,0.08360842726784755,0.06885962797257518,0.07158206793648339,0.0751412260406267,0.0,0.0,11.0,3.0,2.0,1.0,0.0,0.0,0.0,0.0,0.2727272727272727,0.09090909090909091,0.0,LOW,1
6d36223b-7581-4286-ad5e-2e6018ce07d7,Présentation digitale protection des données - IoT - édition 0455,2026-11-12 09:15:00+00:00,PUBLISHED,Webinaire,DEPARTMENT,ONLINE,7,352,60,3,9,11,1,0,0,77,2,0,0.04022909293173272,0.051565680206653836,0.05718954248366012,0.055309742316043756,0.07207641356968718,0.0,0.0,16.0,1.0,0.0,0.0,0.0,0.0,0.0,0.0,0.0625,0.0,0.0,LOW,1
646a9045-92c8-40ef-b747-cd7433fccae9,Live interne bien-être au travail - Communication interne - édition 0783,2026-11-12 09:30:00+00:00,PUBLISHED,Webinaire,DEPARTMENT,ONLINE,12,256,90,3,9,11,1,0,0,22,2,1,0.03961956122064586,0.05078438202170454,0.04104914693149987,0.05485638377246963,0.07144416432784782,0.0,0.0,11.0,1.0,4.0,1.0,0.0,0.0,0.0,0.0,0.09090909090909091,0.09090909090909091,0.0,LOW,1
4e02ba7a-580f-48b2-af71-119547fc21d6,Live interne protection des données - édition 0817,2026-11-12 16:45:00+00:00,REJECTED,Webinaire,DEPARTMENT,ONLINE,2,483,60,3,16,11,0,1,0,105,2,1,0.03902822448600935,0.050026406170634315,0.015873015873015872,0.07087333459057761,0.07082291072499697,0.0,0.0,0.0,0.0,0.0,0.0,0.0,0.0,0.0,0.0,0.0,0.0,0.0,LOW,0
a3185a6b-943f-48d6-89b9-715ad7f75b33,Initiative durable solidarité locale - édition 0902,2026-11-13 15:15:00+00:00,PUBLISHED,RSE,DEPARTMENT,ONLINE,8,60,120,4,15,11,0,1,0,47,0,0,0.05673167062702923,0.059471001652829134,0.09188458884111057,0.0781605071247477,0.05536947892206895,0.0,0.0,15.0,2.0,3.0,0.0,0.0,0.0,0.0,0.0,0.13333333333333333,0.0,0.0,LOW,1
57c313b8-aec5-4d22-bd86-e0abc31eb9aa,Atelier bien-être prévention fatigue numérique - édition 0651,2026-11-14 09:00:00+00:00,DRAFT,Bien-être,GLOBAL,ONSITE,0,51,120,5,9,11,1,0,0,2,3,0,0.06553261924816615,0.08241402116402115,0.06865032819150353,0.05441039691253085,0.08283481091804161,0.0,0.0,0.0,0.0,0.0,0.0,0.0,0.0,0.0,0.0,0.0,0.0,0.0,LOW,0
3b08411c-ea85-4d0e-881a-429109db94af,Networking réseau inter-départements - Support client - édition 0728,2026-11-14 11:30:00+00:00,PUBLISHED,Networking,DEPARTMENT,ONLINE,9,78,90,5,11,11,1,0,0,51,3,0,0.042649605374798734,0.08121525016042082,0.08360116314661768,0.08178446969732789,0.08217213243069728,4.0,0.0,13.0,5.0,1.0,0.0,0.0,0.0,0.05128205128205128,0.0,0.38461538461538464,0.0,0.030769230769230767,LOW,1
5fed21d9-b15a-4c3f-9133-91649e7293fe,Lab innovation expérimentation digitale - édition 0008,2026-11-14 14:30:00+00:00,PUBLISHED,Innovation,GLOBAL,EXTERNAL,0,45,45,5,14,11,0,1,0,2,3,0,0.08267998151377846,0.02653061224489796,0.06844229689395352,0.08423380198745574,0.08192697305650166,0.0,0.0,9.0,1.0,1.0,0.0,0.0,0.0,0.0,0.0,0.1111111111111111,0.0,0.0,LOW,1
2077798b-b0f5-4b9d-b4eb-a4bda2c28578,Rencontre réseau experts internes - Achats - édition 0271,2026-11-14 14:45:00+00:00,PUBLISHED,Networking,DEPARTMENT,ONLINE,11,234,120,5,14,11,0,1,0,24,3,0,0.04275487910537498,0.08022482028041569,0.1478021978021978,0.0834159980846649,0.08128187878046622,9.0,0.0,13.0,5.0,3.0,0.0,0.0,0.0,0.038461538461538464,0.0,0.38461538461538464,0.0,0.023076923076923078,LOW,1
73bd980f-910f-4f26-ab3f-fd9132a7da82,Session de formation cloud computing - édition 0018,2026-11-15 10:00:00+00:00,PUBLISHED,Formation,DEPARTMENT,EXTERNAL,4,29,180,6,10,11,1,0,0,71,1,0,0.11530248892116633,0.06114045268457033,0.11774408848207477,0.0731827346711879,0.10418287834657858,0.0,0.0,14.0,2.0,1.0,0.0,0.0,0.0,0.0,0.0,0.14285714285714285,0.0,0.0,LOW,1
75717fdf-1844-4625-86fe-1d51edaab5a8,Live interne protection des données - édition 0852,2026-11-15 15:45:00+00:00,PUBLISHED,Webinaire,GLOBAL,ONLINE,0,62,45,6,15,11,0,1,0,2,1,0,0.038454280008273924,0.04929072372694852,0.06823552258309565,0.07749246860231396,0.10330739197391826,25.0,0.0,11.0,0.0,2.0,2.0,0.0,0.0,0.4032258064516129,0.0,0.0,0.18181818181818182,0.24193548387096772,LOW,1
79389f87-9235-4cad-8394-83a8e0a7a0de,Workshop amélioration continue - édition 0354,2026-11-16 15:30:00+00:00,DRAFT,Atelier,GLOBAL,ONLINE,0,75,120,0,15,11,0,1,0,2,0,0,0.09798400550612331,0.050951370610813326,0.06802999390061645,0.08025292061798599,0.053109921116533856,0.0,0.0,0.0,0.0,0.0,0.0,0.0,0.0,0.0,0.0,0.0,0.0,0.0,LOW,0
3cd5082a-ec24-469f-a76b-7341dfa7c754,Table ronde qualité opérationnelle - édition 0159,2026-11-17 13:15:00+00:00,REJECTED,Conférence,GLOBAL,EXTERNAL,0,206,90,1,13,11,0,1,0,2,1,0,0.06033361086220233,0.07083579994293215,0.06782569962463862,0.07306278756677671,0.07850911543252552,0.0,0.0,0.0,0.0,0.0,0.0,0.0,0.0,0.0,0.0,0.0,0.0,0.0,LOW,0
3bc800a2-26db-481a-a05c-bb8149c9dd83,Culture d’entreprise ambassadeurs culture - édition 0229,2026-11-17 16:15:00+00:00,PUBLISHED,Culture d’entreprise,GLOBAL,ONSITE,0,112,120,1,16,11,0,1,0,2,1,0,0.06009718092911102,0.054651497695852536,0.06762262866767862,0.0701784979769445,0.07785487280392113,0.0,0.0,15.0,1.0,1.0,1.0,0.0,0.0,0.0,0.0,0.06666666666666667,0.06666666666666667,0.0,LOW,1
5cebab24-3343-49c0-9993-b40c91def978,Keynote interne expérience client - édition 0443,2026-11-18 10:45:00+00:00,PUBLISHED,Conférence,GLOBAL,ONSITE,0,190,120,2,10,11,1,0,0,2,3,0,0.05936048810636036,0.0696932870406268,0.06742077007464078,0.0725350998510889,0.07453032176387364,45.0,0.0,19.0,7.0,3.0,1.0,0.0,0.0,0.23684210526315788,0.0,0.3684210526315789,0.05263157894736842,0.14210526315789473,LOW,1
4364847c-5790-451a-bb0e-54833bb275eb,Workshop idéation produit - édition 0042,2026-11-18 11:00:00+00:00,PUBLISHED,Atelier,DEPARTMENT,ONSITE,10,12,90,2,11,11,1,0,0,28,3,1,0.09696333878210121,0.05042062716695069,0.06258079409048939,0.0815551282054837,0.07583928775983562,8.0,0.0,11.0,4.0,1.0,0.0,0.0,0.0,0.6666666666666666,0.0,0.36363636363636365,0.0,0.39999999999999997,LOW,1
8e14ff41-e0cb-4323-9272-959b4f468143,Culture d’entreprise rencontre direction - Marketing - édition 0652,2026-11-18 13:30:00+00:00,PUBLISHED,Culture d’entreprise,DEPARTMENT,ONLINE,4,83,45,2,13,11,0,1,0,71,3,0,0.059172608914817,0.05381070542360865,0.11283808479532165,0.07207545259965811,0.08056590679109026,37.0,0.0,14.0,10.0,2.0,0.0,0.0,0.0,0.4457831325301205,0.0,0.7142857142857143,0.0,0.2674698795180723,LOW,1
fc5d8ead-fb34-4623-8cde-c70c80238588,Hackathon innovation ouverte - édition 0782,2026-11-18 14:00:00+00:00,PUBLISHED,Innovation,GLOBAL,ONSITE,0,19,120,2,14,11,0,1,0,2,3,0,0.08151547473189426,0.026156941649899398,0.06722011302084721,0.08298374366521176,0.08346445620171748,0.0,0.0,15.0,2.0,7.0,0.0,0.0,0.0,0.0,0.0,0.13333333333333333,0.0,0.0,LOW,1
b8f40664-2699-40ac-8a4f-96557b9d6ea8,Présentation digitale bien-être au travail - édition 0954,2026-11-19 11:45:00+00:00,PENDING,Webinaire,GLOBAL,ONLINE,0,167,30,3,11,11,1,0,0,2,2,0,0.043740823869771586,0.048576365412065205,0.06702064681010285,0.08592163222385076,0.0702123683911608,0.0,0.0,0.0,0.0,0.0,0.0,0.0,0.0,0.0,0.0,0.0,0.0,0.0,LOW,0
9dec25fa-4320-40cd-bea8-1f7c1fc5f91b,Challenge collectif confiance et coopération - édition 0911,2026-11-19 13:45:00+00:00,PUBLISHED,Team building,GLOBAL,EXTERNAL,0,43,90,3,13,11,0,1,0,2,2,0,0.09674976160185031,0.06515201986554418,0.06682236087279485,0.07705822166539761,0.06961226267841583,0.0,0.0,12.0,3.0,1.0,1.0,0.0,0.0,0.0,0.0,0.25,0.08333333333333333,0.0,LOW,1
72462e22-90de-4d32-9484-83da18331dc7,Rencontre expert culture agile - édition 0684,2026-11-19 13:45:00+00:00,PENDING,Conférence,DEPARTMENT,EXTERNAL,10,139,45,3,13,11,0,1,0,28,2,1,0.062177656632658736,0.06858704438918828,0.0609761583445794,0.07604429769611606,0.06902232824893773,0.0,0.0,0.0,0.0,0.0,0.0,0.0,0.0,0.0,0.0,0.0,0.0,0.0,LOW,0
c47d8ceb-ce85-4b54-98f4-1274ee019800,Rencontre culture interne rituels d’équipe - Ressources humaines - édition 0932,2026-11-20 10:30:00+00:00,PUBLISHED,Culture d’entreprise,DEPARTMENT,EXTERNAL,2,117,120,4,10,11,1,0,0,105,3,0,0.06503034412110947,0.052995391705069124,0.015549076773566569,0.07397638937224739,0.05495316705047444,0.0,0.0,5.0,1.0,1.0,0.0,0.0,0.0,0.0,0.0,0.2,0.0,0.0,LOW,1
1ddbc509-59eb-481a-b86c-4a99e3cb26de,Challenge innovation lab IA - édition 0536,2026-11-20 14:00:00+00:00,PENDING,Innovation,GLOBAL,ONLINE,0,33,90,4,14,11,0,1,0,2,3,0,0.08038331536061795,0.025793650793650796,0.06662524476402555,0.08219342229697166,0.05454306878890374,0.0,0.0,0.0,0.0,0.0,0.0,0.0,0.0,0.0,0.0,0.0,0.0,0.0,LOW,0
207fd162-8ed8-436b-af47-25f94a4b0829,Atelier collaboratif prise de parole - Support client - édition 0209,2026-11-20 14:30:00+00:00,CANCELLED,Atelier,DEPARTMENT,ONSITE,9,72,180,4,14,11,0,1,0,51,3,0,0.10283656896647816,0.04990082688687903,0.08174335952113729,0.0814180126526606,0.05413904605713408,0.0,0.0,0.0,0.0,0.0,0.0,0.0,0.0,0.0,0.0,0.0,0.0,0.0,LOW,0
b948b886-e62a-4351-a77d-53bfece43450,Moment convivial innovation - édition 0974,2026-11-20 17:30:00+00:00,PUBLISHED,Afterwork,GLOBAL,ONSITE,0,34,150,4,17,11,0,1,0,2,3,0,0.0797031191145247,0.07753459059517283,0.06642928816177841,0.08495227077250767,0.05374096483612574,18.0,0.0,13.0,3.0,2.0,3.0,0.0,0.0,0.5294117647058824,0.0,0.23076923076923078,0.23076923076923078,0.3176470588235294,LOW,1
3cfc091f-2b98-4900-89dc-43f4cf863d5f,Atelier collaboratif organisation d’événement - édition 0791,2026-11-21 09:15:00+00:00,PUBLISHED,Atelier,GLOBAL,ONSITE,0,25,60,5,9,11,1,0,0,2,3,0,0.10178721622192227,0.04939163477578843,0.06623448086511631,0.0539716033890427,0.08094734487172461,0.0,0.0,10.0,1.0,0.0,0.0,0.0,0.0,0.0,0.0,0.1,0.0,0.0,LOW,1
afd17b05-6193-403c-bf0f-97e9d8e1806a,Pause prévention ergonomie au travail - édition 0757,2026-11-21 13:30:00+00:00,PENDING,Bien-être,GLOBAL,ONSITE,0,27,90,5,13,11,0,1,0,2,3,0,0.06460962461086804,0.08125326030255607,0.0660408127924113,0.07505670941434832,0.08031984607426938,0.0,0.0,0.0,0.0,0.0,0.0,0.0,0.0,0.0,0.0,0.0,0.0,0.0,LOW,0
c368d659-2d4d-4e1c-9b7e-89c7b76c4052,Atelier collaboratif prise de parole - édition 0309,2026-11-21 15:30:00+00:00,PENDING,Atelier,GLOBAL,ONLINE,0,43,120,5,15,11,0,1,0,2,3,0,0.10075906252271093,0.04889272937401279,0.06584827397960542,0.07957852632707854,0.07970200110446732,0.0,0.0,0.0,0.0,0.0,0.0,0.0,0.0,0.0,0.0,0.0,0.0,0.0,LOW,0
a924a289-17e2-48b5-bff3-a22b1802e601,Keynote interne IoT industriel - édition 0994,2026-11-21 16:45:00+00:00,DRAFT,Conférence,GLOBAL,ONSITE,0,66,90,5,16,11,0,1,0,2,3,0,0.06120613074777345,0.06751537182060721,0.06565685457850191,0.06949715333639164,0.07909358888229581,0.0,0.0,0.0,0.0,0.0,0.0,0.0,0.0,0.0,0.0,0.0,0.0,0.0,LOW,0
14ee29cd-242f-442f-86c5-09374b8f2b9e,Défi collaboratif sport d’équipe - édition 0771,2026-11-22 10:30:00+00:00,DRAFT,Team building,GLOBAL,ONSITE,0,23,90,6,10,11,1,0,0,2,5,0,0.09554038958182717,0.06433761961722488,0.06546654485508598,0.07333311642118437,0.1058067120945657,0.0,0.0,0.0,0.0,0.0,0.0,0.0,0.0,0.0,0.0,0.0,0.0,0.0,LOW,0
34a47a1c-287d-4fb7-ab4a-cfc33cd32a9b,Session valeurs ambassadeurs culture - édition 0412,2026-11-22 10:30:00+00:00,REJECTED,Culture d’entreprise,DEPARTMENT,ONLINE,1,43,45,6,10,11,1,0,0,194,5,0,0.06405974197004814,0.052204415709471076,0.057908351810790834,0.07270093438307071,0.10493227645742054,0.0,0.0,0.0,0.0,0.0,0.0,0.0,0.0,0.0,0.0,0.0,0.0,0.0,LOW,0
2fe4bbd0-86d5-4b72-9d44-d86bbd1edb63,Journée responsable bénévolat entreprise - édition 0266,2026-11-22 10:45:00+00:00,PUBLISHED,RSE,DEPARTMENT,EXTERNAL,11,202,90,6,10,11,1,0,0,24,5,0,0.056064239207887716,0.058771342809854674,0.1436965811965812,0.0720795588755231,0.10407217583072037,0.0,0.0,12.0,1.0,1.0,1.0,0.0,0.0,0.0,0.0,0.08333333333333333,0.08333333333333333,0.0,LOW,1
96a9b100-7e1b-432d-a8e9-c1e5a50d31d3,Speed meeting réseau inter-départements - édition 0528,2026-11-22 13:00:00+00:00,PENDING,Networking,DEPARTMENT,ONSITE,3,229,90,6,13,11,0,1,0,108,5,0,0.042703152109666104,0.07925825618065165,0.0,0.07409444390903616,0.1032260605800641,0.0,0.0,0.0,0.0,0.0,0.0,0.0,0.0,0.0,0.0,0.0,0.0,0.0,LOW,0
42c3c22c-87c3-4732-bc49-82c1a88cef61,Challenge innovation innovation ouverte - édition 0822,2026-11-22 15:15:00+00:00,PUBLISHED,Innovation,GLOBAL,ONLINE,0,110,45,6,15,11,0,1,0,2,5,0,0.07928217405430811,0.02544031311154599,0.06527733518787474,0.07891537194101955,0.10239359234957972,42.0,0.0,10.0,3.0,0.0,1.0,0.0,0.0,0.38181818181818183,0.0,0.3,0.1,0.2290909090909091,LOW,1
85005264-d974-4e04-af4f-07db95225b12,Journée responsable bénévolat entreprise - édition 0364,2026-11-22 15:45:00+00:00,PUBLISHED,RSE,GLOBAL,EXTERNAL,0,43,60,6,15,11,0,1,0,2,5,0,0.05541232944965646,0.058087955102763336,0.06508921606629585,0.08141870094826884,0.10462898906532854,0.0,0.0,9.0,2.0,2.0,0.0,0.0,0.0,0.0,0.0,0.2222222222222222,0.0,0.0,LOW,1
9c46d778-d5b2-4de4-9672-aaa31e85b4ad,Parcours engagement feedback et transparence - édition 0057,2026-11-23 10:00:00+00:00,CANCELLED,Culture d’entreprise,GLOBAL,ONSITE,0,109,45,0,10,11,1,0,0,2,0,0,0.06311768694107685,0.051436703713743565,0.06490217808909385,0.07146871515623901,0.05263145335872725,0.0,0.0,0.0,0.0,0.0,0.0,0.0,0.0,0.0,0.0,0.0,0.0,0.0,LOW,0
6c597cfd-316a-4123-903e-869723f1140e,Challenge collectif challenge collaboratif - édition 0313,2026-11-24 13:45:00+00:00,PUBLISHED,Team building,DEPARTMENT,ONSITE,5,63,120,1,13,11,0,1,0,86,2,1,0.09436087859933548,0.06354332801701223,0.01893939393939394,0.07315653955575722,0.07721144410306227,0.0,0.0,12.0,2.0,2.0,0.0,0.0,0.0,0.0,0.0,0.16666666666666666,0.0,0.0,LOW,1
4e720696-d2a5-441b-b518-98ad19868c14,Défi collaboratif confiance et coopération - édition 0177,2026-11-24 15:45:00+00:00,REJECTED,Team building,DEPARTMENT,EXTERNAL,1,50,120,1,15,11,0,1,0,194,2,0,0.09321013617739236,0.06276840938265843,0.05656164595472593,0.08075133454705351,0.0765785634136929,0.0,0.0,0.0,0.0,0.0,0.0,0.0,0.0,0.0,0.0,0.0,0.0,0.0,LOW,0
d4d3478c-0b34-44b0-b0b0-a7f5ea967e65,Moment convivial convivialité - Marketing - édition 0926,2026-11-24 17:15:00+00:00,REJECTED,Afterwork,DEPARTMENT,ONSITE,4,50,90,1,17,11,0,1,0,71,2,0,0.08512129556743263,0.07660043890125508,0.10832456140350878,0.09802460882937161,0.07595597346724012,0.0,0.0,0.0,0.0,0.0,0.0,0.0,0.0,0.0,0.0,0.0,0.0,0.0,LOW,0
73ce9b53-f938-4d56-ab2c-9f511dd0e206,Action RSE réduction carbone - édition 0253,2026-11-25 09:00:00+00:00,PUBLISHED,RSE,GLOBAL,EXTERNAL,0,73,120,2,9,11,1,0,0,2,7,0,0.05477540612264892,0.05742027745790399,0.06471621196276407,0.05353983056193036,0.08280725575918427,0.0,0.0,13.0,1.0,2.0,0.0,0.0,0.0,0.0,0.0,0.07692307692307693,0.0,0.0,LOW,1
27f26d0c-c3b6-4bf1-94bd-fc45e085e698,Culture d’entreprise onboarding culturel - édition 0051,2026-11-25 11:15:00+00:00,PUBLISHED,Culture d’entreprise,GLOBAL,ONLINE,0,113,120,2,11,11,1,0,0,2,7,0,0.06220293785497428,0.05069124423963134,0.06453130850001332,0.08528517568885927,0.08216032407356566,0.0,0.0,22.0,3.0,1.0,3.0,0.0,0.0,0.0,0.0,0.13636363636363635,0.13636363636363635,0.0,LOW,1
a4c0c72f-77bd-49d9-a63e-1d09f4f288dd,Défi collaboratif défi inter-départements - édition 0603,2026-11-25 11:45:00+00:00,PUBLISHED,Team building,GLOBAL,ONLINE,0,8,90,2,11,11,1,0,0,2,7,0,0.09208712248850813,0.062012163486481815,0.0643474586182469,0.08465807880879413,0.08152342233656128,2.0,0.0,12.0,0.0,3.0,0.0,0.0,0.0,0.25,0.0,0.0,0.0,0.15,LOW,1
7026d60f-f565-42d1-bc6c-d1fa27896870,Speed meeting experts internes - édition 0014,2026-11-25 13:15:00+00:00,PUBLISHED,Networking,GLOBAL,ONSITE,0,117,60,2,13,11,0,1,0,2,7,0,0.0421947812512177,0.07831470551183436,0.06416465333808143,0.07224208281131025,0.08281939601089541,0.0,0.0,9.0,1.0,1.0,0.0,0.0,0.0,0.0,0.0,0.1111111111111111,0.0,0.0,LOW,1
b96da388-419d-473c-8c5f-02578dd34bc5,Rencontre santé au travail gestion du stress - édition 0558,2026-11-25 15:00:00+00:00,PENDING,Bien-être,DEPARTMENT,ONSITE,9,27,90,2,15,11,0,1,0,51,7,1,0.06371226871349488,0.0801247427983539,0.07996632996632996,0.08009481963203682,0.08218718688104125,0.0,0.0,0.0,0.0,0.0,0.0,0.0,0.0,0.0,0.0,0.0,0.0,0.0,LOW,0
5fd3440e-0633-481f-a2d9-da9c07259956,Challenge innovation expérimentation digitale - Développement - édition 0565,2026-11-25 15:30:00+00:00,PENDING,Innovation,DEPARTMENT,ONLINE,6,112,90,2,15,11,0,1,0,103,7,1,0.08337049848354965,0.0250965250965251,0.06272246272246272,0.07944889366726232,0.08156455667739701,0.0,0.0,0.0,0.0,0.0,0.0,0.0,0.0,0.0,0.0,0.0,0.0,0.0,LOW,0
1bd2faff-1f50-4705-bbb8-85e181a08071,Atelier innovation expérimentation digitale - Ventes - édition 0891,2026-11-25 15:45:00+00:00,DRAFT,Innovation,DEPARTMENT,ONLINE,5,93,45,2,15,11,0,1,0,86,7,1,0.08225889183710232,0.024761904761904763,0.01851851851851852,0.07881330251792423,0.08095128933395793,0.0,0.0,0.0,0.0,0.0,0.0,0.0,0.0,0.0,0.0,0.0,0.0,0.0,LOW,0
27f26d0c-c3b6-4bf1-94bd-fc45e085e699,Live interne cybersécurité au quotidien - édition 0035,2026-11-25 16:00:00+00:00,PUBLISHED,Webinaire,DEPARTMENT,ONLINE,12,248,90,2,16,11,0,1,0,22,7,0,0.043115954957346284,0.04788241733474999,0.040316126450580234,0.06882891147738787,0.08034717523445079,0.0,0.0,9.0,0.0,1.0,3.0,0.0,0.0,0.0,0.0,0.0,0.3333333333333333,0.0,LOW,1
d0143ccc-8b3a-4afb-8cb6-3dc7bd65494a,Module d’apprentissage communication professionnelle - édition 0214,2026-11-26 10:45:00+00:00,PENDING,Formation,DEPARTMENT,ONSITE,6,20,180,3,10,11,1,0,0,103,2,1,0.11400695533778245,0.06045348130609201,0.06126380079868452,0.07086813771795128,0.0684423086838206,0.0,0.0,0.0,0.0,0.0,0.0,0.0,0.0,0.0,0.0,0.0,0.0,0.0,LOW,0
d99cc351-8a56-412d-886f-96d6f610daf7,Conférence expérience client - Qualité - édition 0988,2026-11-26 15:00:00+00:00,DRAFT,Conférence,DEPARTMENT,EXTERNAL,8,188,90,3,15,11,0,1,0,47,2,1,0.06026449796703848,0.06647667379259788,0.09008293023638292,0.07818780011698832,0.06787195611145543,0.0,0.0,0.0,0.0,0.0,0.0,0.0,0.0,0.0,0.0,0.0,0.0,0.0,LOW,0
9b799764-294a-4c71-a98e-d0fd0a27e745,Workshop feedback constructif - édition 0838,2026-11-26 16:00:00+00:00,PUBLISHED,Atelier,DEPARTMENT,ONLINE,11,14,180,3,16,11,0,1,0,24,2,0,0.09975147189748382,0.04840380208027266,0.1398128898128898,0.06817339803474608,0.06731103085433596,0.0,0.0,13.0,2.0,3.0,0.0,0.0,0.0,0.0,0.0,0.15384615384615385,0.0,0.0,LOW,1
9e6f705e-5702-4026-b238-17ba8cf1bbaf,Challenge collectif challenge collaboratif - Qualité - édition 0518,2026-11-27 10:15:00+00:00,PUBLISHED,Team building,DEPARTMENT,ONSITE,8,15,120,4,10,11,1,0,0,47,1,1,0.09396703769697827,0.06127392344497608,0.08835056619337554,0.07027756990363503,0.05721301447021156,0.0,0.0,10.0,1.0,2.0,0.0,0.0,0.0,0.0,0.0,0.1,0.0,0.0,LOW,1
858082cc-5855-4055-95ee-44512fcbfb8f,Session valeurs rituels d’équipe - édition 0158,2026-11-27 15:30:00+00:00,PUBLISHED,Culture d’entreprise,GLOBAL,ONLINE,0,234,120,4,15,11,0,1,0,2,1,0,0.06131432445704608,0.0499670836076366,0.0639828837818829,0.07757214814756322,0.05679842740883321,0.0,0.0,18.0,2.0,2.0,3.0,0.0,0.0,0.0,0.0,0.1111111111111111,0.16666666666666666,0.0,LOW,1
f0ebdcfa-4423-4458-afad-ac14e9dbece8,Session en ligne IA générative - édition 0943,2026-11-28 14:45:00+00:00,CANCELLED,Webinaire,GLOBAL,ONLINE,0,370,30,5,14,11,0,1,0,2,2,0,0.04250868798611605,0.04720801709059858,0.06380214117232955,0.08065709664656097,0.07849439502712689,0.0,0.0,0.0,0.0,0.0,0.0,0.0,0.0,0.0,0.0,0.0,0.0,0.0,LOW,0
eebe073e-df74-4528-a691-d84ace237f36,Keynote interne risques cyber - Ressources humaines - édition 0748,2026-11-28 15:45:00+00:00,PUBLISHED,Conférence,DEPARTMENT,EXTERNAL,2,250,45,5,15,11,0,1,0,105,2,0,0.05935139951299244,0.065469451462407,0.015238095238095238,0.07696611574016037,0.0779042116058703,0.0,0.0,5.0,0.0,0.0,0.0,0.0,0.0,0.0,0.0,0.0,0.0,0.0,LOW,1
a240d30c-8950-495b-bed6-29ed816b18e9,Parcours engagement feedback et transparence - édition 0493,2026-11-28 16:15:00+00:00,PUBLISHED,Culture d’entreprise,DEPARTMENT,ONSITE,9,36,90,5,16,11,0,1,0,51,2,1,0.06045074242243979,0.04926332186668397,0.0782649186904506,0.06753025277026733,0.07732283689239366,0.0,0.0,15.0,4.0,2.0,1.0,0.0,0.0,0.0,0.0,0.26666666666666666,0.06666666666666667,0.0,LOW,1
1f1249b3-f491-4b83-8cfd-58a35bf14eee,Rencontre expert expérience client - édition 0475,2026-11-29 15:00:00+00:00,PUBLISHED,Conférence,GLOBAL,ONLINE,0,94,90,6,15,11,0,1,0,2,0,0,0.05846555772921643,0.06449229547043077,0.06362241683099905,0.0763694791840351,0.10379860026322275,0.0,0.0,14.0,4.0,0.0,1.0,0.0,0.0,0.0,0.0,0.2857142857142857,0.07142857142857142,0.0,LOW,1
4a26c22d-e649-47a7-b63c-f31f57541949,Atelier RSE bénévolat entreprise - édition 0877,2026-11-30 10:00:00+00:00,PUBLISHED,RSE,DEPARTMENT,ONSITE,8,250,120,0,10,11,1,0,0,47,4,1,0.05415295832580063,0.05676777430497326,0.0866835743784062,0.06969676354079506,0.05216152966802433,37.0,0.0,11.0,9.0,0.0,0.0,0.0,0.0,0.148,0.0,0.8181818181818182,0.0,0.08879999999999999,LOW,1
d7d75fe3-bfd0-45be-a601-4c189f10076e,Session de formation cloud computing - édition 0561,2026-11-30 10:00:00+00:00,REJECTED,Formation,GLOBAL,ONSITE,0,8,60,0,10,11,1,0,0,2,4,0,0.11274021138958486,0.05978177595824654,0.06344370217697938,0.07033859334783772,0.05300965772405951,0.0,0.0,0.0,0.0,0.0,0.0,0.0,0.0,0.0,0.0,0.0,0.0,0.0,LOW,0
1f72d24a-e486-4aa5-9fa8-6be6b17de935,Hackathon innovation client - édition 0176,2026-11-30 11:30:00+00:00,DRAFT,Innovation,DEPARTMENT,ONLINE,4,20,90,0,11,11,1,0,0,71,4,2,0.08117653799714045,0.024436090225563912,0.10415823211875844,0.08586495414595621,0.052544660726480036,0.0,0.0,0.0,0.0,0.0,0.0,0.0,0.0,0.0,0.0,0.0,0.0,0.0,LOW,0
9b92ca9f-326e-499c-9bc7-6f7d701b20cf,Atelier feedback constructif - édition 0179,2026-11-30 15:45:00+00:00,PUBLISHED,Atelier,GLOBAL,ONLINE,0,20,180,0,15,11,0,1,0,2,4,0,0.09876383356186517,0.047924556515121446,0.06326598872550325,0.0757820216518502,0.052087750633206295,0.0,0.0,15.0,1.0,4.0,3.0,0.0,0.0,0.0,0.0,0.06666666666666667,0.2,0.0,LOW,1
89cb71ba-bdf8-4241-9f3b-a4e10605aa05,Session valeurs onboarding culturel - édition 0460,2026-11-30 16:30:00+00:00,PUBLISHED,Culture d’entreprise,GLOBAL,ONSITE,0,92,45,0,16,11,0,1,0,2,4,0,0.059611148777683684,0.04857910906298003,0.0630892680866052,0.06689912891260129,0.05163871830016142,0.0,0.0,13.0,0.0,2.0,3.0,0.0,0.0,0.0,0.0,0.0,0.23076923076923078,0.0,LOW,1
7aee12a4-46fa-46ae-a1a6-429f8cd9ed34,Live interne reporting financier - édition 0815,2026-12-01 09:00:00+00:00,PUBLISHED,Webinaire,GLOBAL,ONLINE,0,475,90,1,9,12,1,0,0,2,5,0,0.04191828954186444,0.04655235018656249,0.06291353196380128,0.053114911271756306,0.07534342529411722,0.0,0.0,16.0,1.0,5.0,1.0,0.0,0.0,0.0,0.0,0.0625,0.0625,0.0,LOW,1
6f5170db-199b-433f-89eb-782b3c1feb30,Parcours pratique cloud computing - Ressources humaines - édition 0268,2026-12-01 09:00:00+00:00,DRAFT,Formation,DEPARTMENT,ONSITE,2,47,180,1,9,12,1,0,0,105,5,0,0.11150130796772129,0.05912483336529878,0.014939309056956115,0.0526966836239472,0.07474067789176428,0.0,0.0,0.0,0.0,0.0,0.0,0.0,0.0,0.0,0.0,0.0,0.0,0.0,LOW,0
97aa0f5a-1728-4de2-9a42-f07a583c6080,Atelier gestion des priorités - édition 0116,2026-12-01 10:00:00+00:00,REJECTED,Atelier,GLOBAL,ONSITE,0,65,120,1,10,12,1,0,0,2,5,0,0.09779556068380767,0.04745470792183595,0.06273877215279072,0.06976673486533498,0.07414749790849631,0.0,0.0,0.0,0.0,0.0,0.0,0.0,0.0,0.0,0.0,0.0,0.0,0.0,LOW,0
331da1af-2206-4456-bd38-421df652d89d,Speed meeting experts internes - Qualité - édition 0824,2026-12-01 15:00:00+00:00,PUBLISHED,Networking,DEPARTMENT,ONSITE,8,41,60,1,15,12,0,1,0,47,5,1,0.041698372060026904,0.07739335603522456,0.0850783230010283,0.07520353293695059,0.07356365934228767,0.0,0.0,12.0,2.0,2.0,1.0,0.0,0.0,0.0,0.0,0.16666666666666666,0.08333333333333333,0.0,LOW,1
14ea9650-f973-4cfc-8d70-854f1ac965e1,Session de formation analyse de données - édition 0769,2026-12-01 16:00:00+00:00,PENDING,Formation,GLOBAL,ONLINE,0,55,180,1,16,12,0,1,0,2,5,0,0.11028933722894171,0.05848217213306727,0.06256498054017912,0.06627969253378091,0.07298894325367605,0.0,0.0,0.0,0.0,0.0,0.0,0.0,0.0,0.0,0.0,0.0,0.0,0.0,LOW,0
31a7a6c8-5cc2-46b5-adfe-573cfd00515c,Rencontre culture interne rituels d’équipe - édition 0006,2026-12-01 16:45:00+00:00,PUBLISHED,Culture d’entreprise,GLOBAL,ONSITE,0,178,45,1,16,12,0,1,0,2,5,0,0.058794557698537336,0.047913641815541946,0.06239214910222282,0.06567162196007649,0.07242313749201966,32.0,0.0,7.0,0.0,1.0,1.0,0.0,0.0,0.1797752808988764,0.0,0.0,0.14285714285714285,0.10786516853932583,LOW,1
4d816f2b-e825-4373-9f39-353a2fa06b53,Rencontre réseau rencontre métiers - Finance - édition 0795,2026-12-02 13:15:00+00:00,PUBLISHED,Networking,DEPARTMENT,ONSITE,3,84,60,2,13,12,0,1,0,108,1,0,0.04121350726863124,0.07649343329062891,0.0,0.07135020524573853,0.07975201097345484,0.0,0.0,12.0,0.0,0.0,0.0,0.0,0.0,0.0,0.0,0.0,0.0,0.0,LOW,1
82bfc371-72ff-4a14-bee7-b3e6b7b548a5,Afterwork nouveaux arrivants - édition 0261,2026-12-02 18:15:00+00:00,PUBLISHED,Afterwork,DEPARTMENT,ONSITE,4,22,120,2,18,12,0,0,1,71,1,2,0.08410794681067747,0.07568852891433538,0.10030051981806369,0.11605487993663005,0.0791655991280618,1.0,0.0,8.0,1.0,1.0,2.0,0.0,0.0,0.045454545454545456,0.0,0.125,0.25,0.02727272727272727,LOW,1
b69ce322-7778-4d15-9364-e4b79954de25,Networking partage d’expérience - édition 0861,2026-12-03 10:30:00+00:00,PUBLISHED,Networking,DEPARTMENT,ONSITE,4,84,120,3,10,12,1,0,0,71,2,2,0.040739788794279155,0.0756141984252194,0.09671835839598998,0.06920409990674356,0.06675930109323484,34.0,0.0,9.0,5.0,1.0,0.0,0.0,0.0,0.40476190476190477,0.0,0.5555555555555556,0.0,0.24285714285714285,LOW,1
07c26844-fb57-4343-88e4-0b0020b337d6,Table ronde expérience client - édition 0664,2026-12-03 14:00:00+00:00,DRAFT,Conférence,DEPARTMENT,ONSITE,1,106,60,3,14,12,0,1,0,194,2,1,0.057605770115551486,0.06354387936057149,0.055276154001209436,0.07991027167761133,0.06950728974094761,0.0,0.0,0.0,0.0,0.0,0.0,0.0,0.0,0.0,0.0,0.0,0.0,0.0,LOW,0
5d29a005-582d-4acb-904c-38558d9f4384,Hackathon lab IA - édition 0263,2026-12-03 15:15:00+00:00,PUBLISHED,Innovation,DEPARTMENT,ONSITE,6,103,90,3,15,12,0,1,0,103,2,1,0.08012229724393083,0.02411873840445269,0.05987144168962351,0.07463380920257975,0.06894674708174643,0.0,0.0,7.0,1.0,2.0,2.0,0.0,0.0,0.0,0.0,0.14285714285714285,0.2857142857142857,0.0,LOW,1
21602c92-78f5-4c77-8ec5-73ff07100b2c,Moment convivial équipes projet - édition 0967,2026-12-04 18:00:00+00:00,PUBLISHED,Afterwork,DEPARTMENT,ONSITE,6,54,90,4,18,12,0,0,1,103,1,1,0.08365320091237004,0.07479807563299025,0.05854096520763188,0.11333948245654987,0.05638980562891355,26.0,0.0,11.0,5.0,2.0,1.0,0.0,0.0,0.48148148148148145,0.0,0.45454545454545453,0.09090909090909091,0.28888888888888886,LOW,1
31f7d096-3f06-4c78-88f5-f57c49cd1540,Afterwork innovation - édition 0003,2026-12-04 18:45:00+00:00,PENDING,Afterwork,GLOBAL,ONSITE,0,87,150,4,18,12,0,0,1,2,1,0,0.08827911115154576,0.07392833056749036,0.062220269903594104,0.1269743713093251,0.059426174742146176,0.0,0.0,0.0,0.0,0.0,0.0,0.0,0.0,0.0,0.0,0.0,0.0,0.0,LOW,0
b44666f1-4a2a-4384-877b-14662dcf396d,Challenge collectif cohésion d’équipe - édition 0884,2026-12-05 16:45:00+00:00,PUBLISHED,Team building,GLOBAL,ONSITE,0,65,90,5,16,12,0,1,0,2,1,0,0.09286154313583735,0.06055305375738813,0.06204933509616665,0.06670892795042922,0.0767500751376352,0.0,0.0,13.0,5.0,0.0,0.0,0.0,0.0,0.0,0.0,0.38461538461538464,0.0,0.0,LOW,1
7eb35b2d-451a-4a04-97a8-804d9b23224c,Afterwork nouveaux arrivants - édition 0402,2026-12-05 19:45:00+00:00,PUBLISHED,Afterwork,DEPARTMENT,ONSITE,1,41,90,5,19,12,0,0,1,194,1,1,0.0872644087245165,0.07307857964142726,0.05404779502340478,0.03461911806177174,0.07618573634985847,0.0,0.0,14.0,1.0,3.0,1.0,0.0,0.0,0.0,0.0,0.07142857142857142,0.07142857142857142,0.0,LOW,1
3c0034e3-6b27-406d-ac59-b92c27db6fb4,Session pratique amélioration continue - édition 0320,2026-12-06 11:30:00+00:00,PUBLISHED,Atelier,GLOBAL,ONSITE,0,60,60,6,11,12,1,0,0,2,0,0,0.09684608922085808,0.04699398260220647,0.061879336917820986,0.08524274433330435,0.10298128845012651,0.0,0.0,10.0,3.0,1.0,0.0,0.0,0.0,0.0,0.0,0.3,0.0,0.0,LOW,1
c827e587-1162-4887-9e5b-927b61dd3c69,Networking experts internes - IoT - édition 0256,2026-12-08 09:45:00+00:00,PUBLISHED,Networking,DEPARTMENT,EXTERNAL,7,100,90,1,9,12,1,0,0,77,5,1,0.04487640374845672,0.07475494617038735,0.05564387917329093,0.052284990783135116,0.07324892321053394,13.0,0.0,15.0,6.0,0.0,0.0,0.0,0.0,0.13,0.0,0.4,0.0,0.078,LOW,1
12a171bf-84ee-4e2e-8da7-5a585c7eca75,Culture d’entreprise vie d’entreprise - Qualité - édition 0471,2026-12-08 10:00:00+00:00,PUBLISHED,Culture d’entreprise,DEPARTMENT,ONLINE,8,102,120,1,10,12,1,0,0,47,5,0,0.06042943233637976,0.04726616016938598,0.08353144440100961,0.07188856234558486,0.0736821375371711,0.0,0.0,12.0,1.0,0.0,3.0,0.0,0.0,0.0,0.0,0.08333333333333333,0.25,0.0,LOW,1
5742f3c4-4c43-42dd-ae5c-de8858a0b74d,Atelier innovation idées produit - édition 0202,2026-12-08 11:15:00+00:00,PUBLISHED,Innovation,GLOBAL,ONSITE,0,22,90,1,11,12,1,0,0,2,5,0,0.07909508830490608,0.02380952380952381,0.06171026769126956,0.08462948717982734,0.07312393952552587,10.0,0.0,11.0,1.0,3.0,1.0,0.0,0.0,0.45454545454545453,0.0,0.09090909090909091,0.09090909090909091,0.2727272727272727,LOW,1
38392032-4a53-405d-883b-6d04a4c75830,Atelier RSE inclusion - Finance - édition 0907,2026-12-08 14:15:00+00:00,CANCELLED,RSE,DEPARTMENT,ONLINE,3,101,120,1,14,12,0,1,0,108,5,0,0.05520741946820736,0.05612993414424323,0.0,0.07917714991910113,0.07599177046552531,0.0,0.0,0.0,0.0,0.0,0.0,0.0,0.0,0.0,0.0,0.0,0.0,0.0,LOW,0
719af1eb-a2f6-4e9a-8747-04fc7d8e28fa,Challenge innovation innovation ouverte - Ventes - édition 0686,2026-12-08 16:45:00+00:00,PUBLISHED,Innovation,DEPARTMENT,ONSITE,5,60,90,1,16,12,0,1,0,86,5,0,0.083847624586432,0.023508137432188065,0.018115942028985508,0.06610794661754248,0.07542466770085722,9.0,0.0,13.0,2.0,2.0,1.0,0.0,0.0,0.15,0.0,0.15384615384615385,0.07692307692307693,0.09,LOW,1
197a1d29-795a-48ce-b985-599dec112422,Soirée réseau culture interne - Juridique - édition 0019,2026-12-08 19:15:00+00:00,PUBLISHED,Afterwork,DEPARTMENT,ONSITE,10,88,120,1,19,12,0,0,1,28,5,1,0.08627276771628335,0.07224814123641105,0.059451754385964915,0.033234353339300866,0.07597707756973976,24.0,0.0,9.0,6.0,0.0,1.0,0.0,0.0,0.2727272727272727,0.0,0.6666666666666666,0.1111111111111111,0.1636363636363636,LOW,1
2f262fee-a22a-4460-a6e3-89ef01e4edf5,Webinaire bien-être au travail - Marketing - édition 0032,2026-12-09 09:45:00+00:00,PUBLISHED,Webinaire,DEPARTMENT,ONLINE,4,397,30,2,9,12,1,0,0,71,1,1,0.04134406639745534,0.0459146467593493,0.09338324258923171,0.0528874327150488,0.07891953304285365,0.0,0.0,9.0,1.0,2.0,0.0,0.0,0.0,0.0,0.0,0.1111111111111111,0.0,0.0,LOW,1
0576b31d-89a3-4ae3-b5ed-fa9bccb5cba0,Session de formation gestion de projet - édition 0745,2026-12-09 10:00:00+00:00,PENDING,Formation,GLOBAL,EXTERNAL,0,46,60,2,10,12,1,0,0,2,1,0,0.10910343037701761,0.057853331572496655,0.06154211982290098,0.07131801819998498,0.07834765236863007,0.0,0.0,0.0,0.0,0.0,0.0,0.0,0.0,0.0,0.0,0.0,0.0,0.0,LOW,0
5c5e6005-3b62-4304-9232-4bddbe68059b,Atelier innovation lab IA - Achats - édition 0503,2026-12-10 09:15:00+00:00,PUBLISHED,Innovation,DEPARTMENT,ONSITE,11,74,60,3,9,12,1,0,0,24,4,0,0.0846745292791016,0.023214285714285715,0.1361336032388664,0.05248060630954843,0.06839517310509245,0.0,0.0,10.0,0.0,2.0,2.0,0.0,0.0,0.0,0.0,0.0,0.2,0.0,LOW,1
ffe58a11-ab65-4cef-a645-65089859b598,Workshop prise de parole - Support client - édition 0502,2026-12-10 10:15:00+00:00,DRAFT,Atelier,DEPARTMENT,EXTERNAL,9,11,90,3,10,12,1,0,0,51,4,1,0.09591487682450367,0.04654211738487756,0.07663439955106621,0.0707564590015599,0.06785235427092505,0.0,0.0,0.0,0.0,0.0,0.0,0.0,0.0,0.0,0.0,0.0,0.0,0.0,LOW,0
718e6a0c-158d-433b-a4e8-b52f8c89b34e,Atelier collaboratif feedback constructif - édition 0916,2026-12-10 11:45:00+00:00,PUBLISHED,Atelier,DEPARTMENT,ONSITE,12,76,60,3,11,12,1,0,0,22,4,0,0.09500140180712745,0.046098859124069205,0.039608825986534965,0.08727174408958181,0.06731808376485478,0.0,0.0,9.0,3.0,0.0,0.0,0.0,0.0,0.0,0.0,0.3333333333333333,0.0,0.0,LOW,1
9fc7b5d4-8851-4edd-8273-8dc057e5f514,Atelier gestion budgétaire - édition 0025,2026-12-10 14:30:00+00:00,PENDING,Atelier,DEPARTMENT,EXTERNAL,6,36,120,3,14,12,0,1,0,103,4,0,0.09410516216743757,0.04566396422667232,0.05726833552920509,0.0784573576471093,0.06679216123544185,0.0,0.0,0.0,0.0,0.0,0.0,0.0,0.0,0.0,0.0,0.0,0.0,0.0,LOW,0
989ad0b0-02f3-42a5-baf8-27e1547bd416,Atelier innovation lab IA - édition 0594,2026-12-10 15:00:00+00:00,PUBLISHED,Innovation,GLOBAL,EXTERNAL,0,118,120,3,15,12,0,1,0,2,4,0,0.08362916472010035,0.022927689594356263,0.061374885801643096,0.07407265274240997,0.06627439254369424,0.0,0.0,8.0,0.0,2.0,0.0,0.0,0.0,0.0,0.0,0.0,0.0,0.0,LOW,1
4da316bb-8aa8-4bbb-ad10-3b47582b7c4c,Initiative durable solidarité locale - Ressources humaines - édition 0049,2026-12-11 09:15:00+00:00,PUBLISHED,RSE,DEPARTMENT,ONLINE,2,233,45,4,9,12,1,0,0,105,6,1,0.05459400369633839,0.05550626820930719,0.014652014652014652,0.05207999099420836,0.05900471250993237,25.0,0.0,18.0,7.0,2.0,2.0,0.0,0.0,0.1072961373390558,0.0,0.3888888888888889,0.1111111111111111,0.06437768240343347,LOW,1
13aab5c0-95c5-438f-ac95-241953e30fa2,Rencontre expert leadership responsable - Marketing - édition 0657,2026-12-11 11:45:00+00:00,PUBLISHED,Conférence,DEPARTMENT,EXTERNAL,4,101,60,4,11,12,1,0,0,71,6,1,0.05677090388199277,0.06262295357273713,0.09027046783625732,0.08665279554993939,0.05934479296647549,40.0,0.0,11.0,8.0,0.0,2.0,0.0,0.0,0.39603960396039606,0.0,0.7272727272727273,0.18181818181818182,0.2376237623762376,LOW,1
091efd72-02aa-4128-a47c-47796f159a2e,Parcours pratique contrats et conformité - édition 0387,2026-12-11 14:00:00+00:00,PUBLISHED,Formation,GLOBAL,ONSITE,0,18,120,4,14,12,0,1,0,2,6,0,0.10794275558577274,0.05723787059832116,0.06120855819784461,0.07775053460524345,0.061699302134265145,0.0,0.0,17.0,1.0,2.0,2.0,0.0,0.0,0.0,0.0,0.058823529411764705,0.11764705882352941,0.0,LOW,1
6e8c32dc-c507-4898-bb5e-82719544dcbe,Conférence stratégie commerciale - édition 0308,2026-12-11 16:00:00+00:00,DRAFT,Conférence,GLOBAL,EXTERNAL,0,135,45,4,16,12,0,1,0,2,6,0,0.061617599597398535,0.061728339950269454,0.06104312966217476,0.06685698280845727,0.061270834758332754,0.0,0.0,0.0,0.0,0.0,0.0,0.0,0.0,0.0,0.0,0.0,0.0,0.0,LOW,0
36f3a434-8992-4f66-8b6d-0b69280be4c7,Journée responsable recyclage - édition 0551,2026-12-11 16:15:00+00:00,PUBLISHED,RSE,GLOBAL,ONSITE,0,105,45,4,16,12,0,1,0,2,6,0,0.055173148022082535,0.05489630921799612,0.06087859292454086,0.06626532809333817,0.0608482772772408,0.0,0.0,11.0,3.0,2.0,1.0,0.0,0.0,0.0,0.0,0.2727272727272727,0.09090909090909091,0.0,LOW,1
fad3782b-2313-45bf-ab09-068cf2c2854e,Session pratique gestion budgétaire - édition 0585,2026-12-11 16:45:00+00:00,PUBLISHED,Atelier,DEPARTMENT,ONLINE,2,44,180,4,16,12,0,1,0,105,6,1,0.09322567467054563,0.0452371982058623,0.014375561545372865,0.06568405328550188,0.060431508254793945,0.0,0.0,12.0,0.0,3.0,0.0,0.0,0.0,0.0,0.0,0.0,0.0,0.0,LOW,1
6a02b6b4-edc4-457d-ad04-4ae3422e27df,Afterwork innovation - édition 0508,2026-12-11 18:00:00+00:00,PENDING,Afterwork,GLOBAL,ONSITE,0,44,150,4,18,12,0,0,1,2,6,0,0.08836776215460908,0.07143636436858619,0.06071494079302328,0.12243957233399207,0.060020409559183106,0.0,0.0,0.0,0.0,0.0,0.0,0.0,0.0,0.0,0.0,0.0,0.0,0.0,LOW,0
39470715-98e8-40aa-bd3c-5c4b6ae7fe66,Rencontre culture interne feedback et transparence - édition 0068,2026-12-12 14:00:00+00:00,PUBLISHED,Culture d’entreprise,GLOBAL,EXTERNAL,0,185,90,5,14,12,0,1,0,2,1,0,0.0596237065718947,0.046635944700460834,0.060552166152827505,0.07705633340341092,0.07562963608453102,0.0,0.0,15.0,1.0,3.0,1.0,0.0,0.0,0.0,0.0,0.06666666666666667,0.06666666666666667,0.0,LOW,1
a8eb3e49-963f-41cb-b07d-9ea66ffee42f,Initiative durable recyclage - édition 0481,2026-12-12 16:45:00+00:00,PUBLISHED,RSE,GLOBAL,ONSITE,0,176,90,5,16,12,0,1,0,2,1,0,0.05457343989140773,0.054299610204757036,0.0603902619652531,0.06511288760475838,0.07508159524333877,19.0,0.0,7.0,0.0,1.0,0.0,0.0,0.0,0.10795454545454546,0.0,0.0,0.0,0.06477272727272727,LOW,1
7f4fdb31-d377-4286-bc74-ccef8d759f9e,Session bien-être ergonomie au travail - édition 0903,2026-12-13 09:30:00+00:00,DRAFT,Bien-être,DEPARTMENT,ONSITE,7,56,45,6,9,12,1,0,0,77,2,1,0.06283949790920043,0.07902714358193809,0.054179566563467486,0.05249829513318448,0.1021767471341099,0.0,0.0,0.0,0.0,0.0,0.0,0.0,0.0,0.0,0.0,0.0,0.0,0.0,LOW,0
92996b96-1f0b-4fc5-93c1-29c049d8b841,Table ronde expérience client - édition 0579,2026-12-13 14:30:00+00:00,PUBLISHED,Conférence,DEPARTMENT,ONLINE,9,195,60,6,14,12,0,1,0,51,2,1,0.06074974608194222,0.060858926711533264,0.07507043221328935,0.07637441894851349,0.10138467932686875,38.0,0.0,12.0,10.0,0.0,0.0,0.0,0.0,0.19487179487179487,0.0,0.8333333333333334,0.0,0.11692307692307692,LOW,1
e124590f-42b0-467f-b4aa-b515751c1160,Soirée réseau culture interne - Juridique - édition 0251,2026-12-13 18:00:00+00:00,CANCELLED,Afterwork,DEPARTMENT,EXTERNAL,10,92,90,6,18,12,0,0,1,28,2,1,0.08738589813066898,0.07064262698671302,0.058001711596063335,0.11821751811557855,0.10210381098490663,0.0,0.0,0.0,0.0,0.0,0.0,0.0,0.0,0.0,0.0,0.0,0.0,0.0,LOW,0
c594977c-a83a-454a-b91e-eee911d77f2d,Session en ligne bien-être au travail - Développement - édition 0221,2026-12-14 15:00:00+00:00,PUBLISHED,Webinaire,DEPARTMENT,ONLINE,6,290,60,0,15,12,0,1,0,103,2,1,0.040785362797489726,0.04529417855989864,0.05604986030517946,0.07351987175179497,0.05119736173349337,0.0,0.0,14.0,4.0,2.0,0.0,0.0,0.0,0.0,0.0,0.2857142857142857,0.0,0.0,LOW,1
b008409c-8aac-493e-8481-b0f2a4a07fad,Lab innovation prototypage rapide - édition 0187,2026-12-14 15:45:00+00:00,REJECTED,Innovation,DEPARTMENT,ONSITE,1,26,90,0,15,12,0,1,0,194,2,2,0.08260929685766011,0.02264808362369338,0.052872842957678585,0.07297528010918909,0.05076348578659936,0.0,0.0,0.0,0.0,0.0,0.0,0.0,0.0,0.0,0.0,0.0,0.0,0.0,LOW,0
1bc41333-a182-457f-b1fd-1b5b623d0669,Culture d’entreprise collaboration transversale - édition 0106,2026-12-14 16:00:00+00:00,CANCELLED,Culture d’entreprise,DEPARTMENT,ONLINE,1,142,90,0,16,12,0,1,0,194,2,2,0.05883918411700134,0.04602231384913898,0.05174788885219606,0.06548221224139447,0.05033690187242625,0.0,0.0,0.0,0.0,0.0,0.0,0.0,0.0,0.0,0.0,0.0,0.0,0.0,LOW,0
67e34b48-d3e7-4768-a2eb-1ac090988e1f,Atelier innovation innovation ouverte - édition 0458,2026-12-15 16:00:00+00:00,PUBLISHED,Innovation,DEPARTMENT,ONLINE,11,77,45,1,16,12,0,1,0,24,1,2,0.08161400412443529,0.022375215146299483,0.13264299802761342,0.06492253521369025,0.0774237701811922,0.0,0.0,6.0,2.0,0.0,0.0,0.0,0.0,0.0,0.0,0.3333333333333333,0.0,0.0,LOW,1
6f144971-6be9-4229-9421-5b41dc476455,Moment convivial équipes projet - édition 0899,2026-12-15 19:30:00+00:00,DRAFT,Afterwork,GLOBAL,ONSITE,0,23,120,1,19,12,0,0,1,2,1,0,0.08642561353582646,0.06986633438246342,0.060229221266679095,0.04244561946960747,0.07685863317257036,0.0,0.0,0.0,0.0,0.0,0.0,0.0,0.0,0.0,0.0,0.0,0.0,0.0,LOW,0
efd925e5-a2ca-4001-8007-7c38864594d6,Module d’apprentissage cybersécurité - édition 0206,2026-12-16 14:30:00+00:00,REJECTED,Formation,GLOBAL,ONSITE,0,70,90,2,14,12,0,1,0,2,0,0,0.10680651605329092,0.0566353666972862,0.060069037167565585,0.07741386961450718,0.07778400019331619,0.0,0.0,0.0,0.0,0.0,0.0,0.0,0.0,0.0,0.0,0.0,0.0,0.0,LOW,0
e05ca4a0-c09e-4b56-96cb-3761e6b97308,Keynote interne finance durable - Support client - édition 0955,2026-12-17 09:15:00+00:00,PUBLISHED,Conférence,DEPARTMENT,EXTERNAL,9,90,120,3,9,12,1,0,0,51,4,1,0.0626125523151346,0.060013663840539744,0.07356902356902356,0.0521035711096267,0.06576458952412736,0.0,0.0,11.0,2.0,1.0,0.0,0.0,0.0,0.0,0.0,0.18181818181818182,0.0,0.0,LOW,1
36db9c54-d55b-4ff9-ac37-9e10464697e3,Session bien-être équilibre professionnel - Développement - édition 0078,2026-12-17 09:15:00+00:00,PUBLISHED,Bien-être,DEPARTMENT,EXTERNAL,6,15,45,3,9,12,1,0,0,103,4,1,0.06199031550502204,0.0779592092092092,0.054882154882154886,0.0517147384894056,0.06526256975676761,0.0,0.0,4.0,1.0,0.0,0.0,0.0,0.0,0.0,0.0,0.25,0.0,0.0,LOW,1
2bbe7bac-1293-44cf-9637-be1e436f4205,Webinaire bien-être au travail - édition 0789,2026-12-17 11:00:00+00:00,PUBLISHED,Webinaire,DEPARTMENT,ONLINE,7,439,30,3,11,12,1,0,0,77,4,0,0.04024155796018986,0.04469025617909999,0.05279034690799396,0.0888315758908581,0.06476815634951937,0.0,0.0,8.0,3.0,1.0,1.0,0.0,0.0,0.0,0.0,0.375,0.125,0.0,LOW,1
c5b0e7ae-467f-4687-a75b-4aadf57fd966,Défi collaboratif créativité collective - édition 0281,2026-12-17 11:00:00+00:00,PUBLISHED,Team building,GLOBAL,ONSITE,0,48,120,3,11,12,1,0,0,2,4,0,0.09178175775053692,0.059848948481139426,0.05990970285147125,0.0882103760594535,0.06428117773035005,11.0,0.0,13.0,0.0,4.0,0.0,0.0,0.0,0.22916666666666666,0.0,0.0,0.0,0.13749999999999998,LOW,1
c6c91311-534f-44b1-b843-5b3b283bea7b,Journée responsable solidarité locale - édition 0437,2026-12-17 11:15:00+00:00,PUBLISHED,RSE,DEPARTMENT,ONSITE,9,115,45,3,11,12,1,0,0,51,4,1,0.055147430273807065,0.053715743428361794,0.07212649369512114,0.08918923918867026,0.06551166645375539,0.0,0.0,11.0,2.0,2.0,0.0,0.0,0.0,0.0,0.0,0.18181818181818182,0.0,0.0,LOW,1
a133e88c-2f8c-4ef8-a26c-dc9e3a309243,Session bien-être prévention fatigue numérique - Finance - édition 0172,2026-12-18 11:30:00+00:00,PUBLISHED,Bien-être,DEPARTMENT,EXTERNAL,3,35,60,4,11,12,1,0,0,108,2,0,0.061163777964955084,0.07691975308641974,0.0,0.08857414098736908,0.05961486625135078,0.0,0.0,11.0,2.0,1.0,0.0,0.0,0.0,0.0,0.0,0.18181818181818182,0.0,0.0,LOW,1
9a3ef2e7-3fe8-4d9c-bc32-39c8d47f2aa3,Conférence expérience client - édition 0083,2026-12-18 16:30:00+00:00,PUBLISHED,Conférence,DEPARTMENT,ONLINE,5,110,60,4,16,12,0,1,0,86,2,0,0.06175484611903687,0.059191558856422764,0.01773049645390071,0.06437234423730305,0.05921476647785179,12.0,0.0,12.0,1.0,0.0,0.0,0.0,0.0,0.10909090909090909,0.0,0.08333333333333333,0.0,0.06545454545454545,LOW,1
97a3b52e-269a-43c6-8f5a-ded32c232db0,Team building défi inter-départements - édition 0417,2026-12-18 16:45:00+00:00,PUBLISHED,Team building,GLOBAL,ONSITE,0,51,180,4,16,12,0,1,0,2,2,0,0.09336089463463035,0.059161029533080355,0.0597512115740864,0.06474813049657704,0.05954727409527217,0.0,0.0,13.0,2.0,2.0,0.0,0.0,0.0,0.0,0.0,0.15384615384615385,0.0,0.0,LOW,1
e99fc2a0-ee27-4057-8561-cc454e97c406,Rencontre culture interne feedback et transparence - Informatique - édition 0062,2026-12-19 09:00:00+00:00,PENDING,Culture d’entreprise,DEPARTMENT,ONSITE,1,238,90,5,9,12,1,0,0,194,5,2,0.0580750388687286,0.04542462146148782,0.05066980783444198,0.05133166635244705,0.0753180912880237,0.0,0.0,0.0,0.0,0.0,0.0,0.0,0.0,0.0,0.0,0.0,0.0,0.0,LOW,0
2c74c491-cde5-4213-be45-126d5dfb0057,Hackathon innovation ouverte - édition 0036,2026-12-19 09:00:00+00:00,PUBLISHED,Innovation,GLOBAL,ONSITE,0,108,90,5,9,12,1,0,0,2,5,0,0.08064240883723962,0.022108843537414966,0.05959355666228142,0.05095422762926729,0.07478010492168068,40.0,0.0,11.0,3.0,2.0,0.0,0.0,0.0,0.37037037037037035,0.0,0.2727272727272727,0.0,0.2222222222222222,LOW,1
b1ae845b-fa49-4156-bfaf-1ca7ffe95d10,Networking réseau inter-départements - édition 0396,2026-12-19 13:30:00+00:00,PUBLISHED,Networking,GLOBAL,ONSITE,0,223,120,5,13,12,0,1,0,2,5,0,0.045832848650159456,0.07391500295498973,0.05943673151317016,0.07048008079152221,0.0768764897830189,0.0,0.0,16.0,7.0,0.0,1.0,0.0,0.0,0.0,0.0,0.4375,0.0625,0.0,LOW,1
763f49d5-af36-4bf1-9a34-effd61089fda,Rencontre culture interne ambassadeurs culture - Achats - édition 0298,2026-12-19 14:00:00+00:00,REJECTED,Culture d’entreprise,DEPARTMENT,EXTERNAL,11,195,90,5,14,12,0,1,0,24,5,2,0.057330487088360284,0.04484225451967388,0.1293269230769231,0.07674070553090276,0.07633510605215257,0.0,0.0,0.0,0.0,0.0,0.0,0.0,0.0,0.0,0.0,0.0,0.0,0.0,LOW,0
fac06677-4efb-4809-a061-fe48bee85cc3,Rencontre culture interne ambassadeurs culture - Achats - édition 0658,2026-12-19 14:30:00+00:00,PUBLISHED,Culture d’entreprise,DEPARTMENT,EXTERNAL,11,69,120,5,14,12,0,1,0,24,5,2,0.05660478472015319,0.044274631044741296,0.12617260787992496,0.07607914772460188,0.07580129412171795,20.0,0.0,9.0,8.0,0.0,1.0,0.0,0.0,0.2898550724637681,0.0,0.8888888888888888,0.1111111111111111,0.17391304347826086,LOW,1
18627693-c87d-43c7-a77d-6d6a422c5698,Afterwork réseau interne - Juridique - édition 0547,2026-12-19 19:15:00+00:00,PUBLISHED,Afterwork,DEPARTMENT,EXTERNAL,10,54,90,5,19,12,0,0,1,28,5,0,0.08548620469304574,0.06910691770439317,0.05662071846282373,0.040873559489251636,0.07728777869353773,5.0,0.0,11.0,2.0,1.0,0.0,0.0,0.0,0.09259259259259259,0.0,0.18181818181818182,0.0,0.05555555555555555,LOW,1
fb22207e-f609-46d4-a2bc-b40059b5ac6c,Challenge innovation hackathon interne - édition 0788,2026-12-20 11:45:00+00:00,PUBLISHED,Innovation,DEPARTMENT,ONLINE,8,17,120,6,11,12,1,0,0,47,2,0,0.08405097309057058,0.02184873949579832,0.0820398114652773,0.08796746878882547,0.1013243925804417,2.0,0.0,11.0,2.0,2.0,0.0,0.0,0.0,0.11764705882352941,0.0,0.18181818181818182,0.0,0.07058823529411765,LOW,1
6ffbb081-bbf4-46fb-8791-c8aa13127db2,Workshop amélioration continue - édition 0766,2026-12-20 15:00:00+00:00,DRAFT,Atelier,GLOBAL,ONLINE,0,64,90,6,15,12,0,1,0,2,2,0,0.09236247397915169,0.044818335259511725,0.059280729593188086,0.07243869716720976,0.10144804914288932,0.0,0.0,0.0,0.0,0.0,0.0,0.0,0.0,0.0,0.0,0.0,0.0,0.0,LOW,0
ba60fa77-ee2c-409e-bef4-89c1e44ed2cc,Soirée réseau nouveaux arrivants - Marketing - édition 0089,2026-12-20 19:30:00+00:00,PUBLISHED,Afterwork,DEPARTMENT,EXTERNAL,4,23,150,6,19,12,0,0,1,71,2,0,0.08556261746615915,0.06836383256778679,0.08735851726089418,0.042720667814370956,0.10068528185610068,0.0,0.0,9.0,2.0,0.0,0.0,0.0,0.0,0.0,0.0,0.2222222222222222,0.0,0.0,LOW,1
b1d9c2c6-62f6-4610-ab9e-52c91967c72d,Team building confiance et coopération - Support client - édition 0301,2026-12-21 15:15:00+00:00,DRAFT,Team building,DEPARTMENT,EXTERNAL,9,36,90,0,15,12,0,1,0,51,0,0,0.09229997537741864,0.058488745106568076,0.07073944573944574,0.07190994755285056,0.04991742769015604,0.0,0.0,0.0,0.0,0.0,0.0,0.0,0.0,0.0,0.0,0.0,0.0,0.0,LOW,0
71c5a16c-5675-430f-b26c-9f343af1c5ef,Parcours pratique DevOps - édition 0953,2026-12-22 11:30:00+00:00,PENDING,Formation,DEPARTMENT,ONSITE,4,61,90,1,11,12,1,0,0,71,3,1,0.10569394817773581,0.05604541496085613,0.08462856359649124,0.08816937076185066,0.07630168655537782,0.0,0.0,0.0,0.0,0.0,0.0,0.0,0.0,0.0,0.0,0.0,0.0,0.0,LOW,0
d9c4d881-020c-4cbc-83cf-ca72128da206,Team building confiance et coopération - Marketing - édition 0191,2026-12-22 11:45:00+00:00,DRAFT,Team building,DEPARTMENT,EXTERNAL,4,66,240,1,11,12,1,0,0,71,3,1,0.09126289700239147,0.05783156819525832,0.08206406166932484,0.08757363177021653,0.07575275355857654,0.0,0.0,0.0,0.0,0.0,0.0,0.0,0.0,0.0,0.0,0.0,0.0,0.0,LOW,0
0005ee17-1dd8-4096-b9bc-0a21a242ebd5,Session valeurs onboarding culturel - Développement - édition 0122,2026-12-22 16:15:00+00:00,PUBLISHED,Culture d’entreprise,DEPARTMENT,ONLINE,6,241,90,1,16,12,0,1,0,103,3,2,0.05952041331694837,0.04372119815668203,0.05376211090496805,0.0642085627424389,0.07521166246172957,0.0,0.0,19.0,1.0,2.0,4.0,0.0,0.0,0.0,0.0,0.05263157894736842,0.21052631578947367,0.0,LOW,1
747fd587-8f24-4d53-8f8e-6fa1388aa8f0,Session de formation gestion de projet - édition 0673,2026-12-22 16:15:00+00:00,PUBLISHED,Formation,DEPARTMENT,EXTERNAL,1,57,180,1,16,12,0,1,0,194,3,0,0.10460431984600657,0.055467627177754525,0.049635730123535005,0.06367791346357578,0.07467824641590169,4.0,0.0,7.0,2.0,0.0,0.0,0.0,0.0,0.07017543859649122,0.0,0.2857142857142857,0.0,0.042105263157894736,LOW,1
4906edf6-8f25-44ba-bd9c-81737ab7a40d,Atelier cohésion défi inter-départements - Qualité - édition 0983,2026-12-23 09:30:00+00:00,DRAFT,Team building,DEPARTMENT,ONSITE,8,8,120,2,9,12,1,0,0,47,1,1,0.090248864813476,0.057188995215311005,0.08060051652728997,0.05328573232080819,0.07722840019193536,0.0,0.0,0.0,0.0,0.0,0.0,0.0,0.0,0.0,0.0,0.0,0.0,0.0,LOW,0
2beba5b6-f244-4e33-aeac-a36d91dc8365,Module d’apprentissage cloud computing - édition 0541,2026-12-23 10:45:00+00:00,DRAFT,Formation,GLOBAL,ONSITE,0,74,60,2,10,12,1,0,0,2,1,0,0.1042530047312156,0.05490163098206315,0.05912554443718498,0.07020367416561021,0.07668068104163794,0.0,0.0,0.0,0.0,0.0,0.0,0.0,0.0,0.0,0.0,0.0,0.0,0.0,LOW,0
a2541dce-305f-47bf-bfdb-97c3a6c40f97,Atelier RSE réduction carbone - édition 0129,2026-12-24 09:30:00+00:00,DRAFT,RSE,DEPARTMENT,EXTERNAL,7,201,90,3,9,12,1,0,0,77,3,0,0.05456075548366018,0.05314429934933667,0.051470588235294115,0.05289960382572986,0.06502639485039424,0.0,0.0,0.0,0.0,0.0,0.0,0.0,0.0,0.0,0.0,0.0,0.0,0.0,LOW,0
fc7d8e9c-859f-43cb-957b-1f2e2a449eba,Journée responsable solidarité locale - Ventes - édition 0203,2026-12-24 09:45:00+00:00,PENDING,RSE,DEPARTMENT,EXTERNAL,5,185,120,3,9,12,1,0,0,86,3,1,0.05398643174172691,0.05258488567197523,0.017361111111111112,0.052519031136336124,0.06454825959414134,0.0,0.0,0.0,0.0,0.0,0.0,0.0,0.0,0.0,0.0,0.0,0.0,0.0,LOW,0
78e25779-b82c-4876-8da1-cf2aa0c5701e,Atelier collaboratif amélioration continue - édition 0288,2026-12-24 10:45:00+00:00,PUBLISHED,Atelier,GLOBAL,EXTERNAL,0,25,90,3,10,12,1,0,0,2,3,0,0.09151511183255397,0.04440715787180978,0.058971169647531754,0.06965945963719464,0.06407710441462207,4.0,0.0,12.0,1.0,3.0,0.0,0.0,0.0,0.16,0.0,0.08333333333333333,0.0,0.096,LOW,1
8493380c-136c-49c7-9a67-13e508e84822,Atelier RSE économie d’énergie - Communication interne - édition 0092,2026-12-24 11:45:00+00:00,PUBLISHED,RSE,DEPARTMENT,ONSITE,12,252,60,3,11,12,1,0,0,22,3,1,0.05342407307775059,0.05203712644622549,0.038925915193663674,0.08698588927511441,0.06477219786089292,0.0,0.0,10.0,3.0,1.0,0.0,0.0,0.0,0.0,0.0,0.3,0.0,0.0,LOW,1
f4ef8066-c6c9-4741-8d23-8b9a12ba6d01,Table ronde transformation digitale - édition 0440,2026-12-25 09:15:00+00:00,PUBLISHED,Conférence,DEPARTMENT,EXTERNAL,10,63,45,4,9,12,1,0,0,28,5,0,0.06239452264568379,0.05839167292593056,0.05530395756833946,0.05214389519964801,0.05915292128669421,27.0,0.0,9.0,6.0,1.0,1.0,0.0,0.0,0.42857142857142855,0.0,0.6666666666666666,0.1111111111111111,0.2571428571428571,LOW,1
ef1eaeb9-f393-47fe-bbda-96278e19762b,Hackathon innovation ouverte - édition 0367,2026-12-25 11:45:00+00:00,PUBLISHED,Innovation,GLOBAL,ONLINE,0,118,90,4,11,12,1,0,0,2,5,0,0.08444162525025614,0.02159468438538206,0.058817598893241306,0.08640598334661365,0.061583306203041144,0.0,0.0,11.0,2.0,3.0,0.0,0.0,0.0,0.0,0.0,0.18181818181818182,0.0,0.0,LOW,1
f98ec964-4f52-4279-aa96-811e647742a4,Forum d’échanges réseau inter-départements - édition 0584,2026-12-25 15:45:00+00:00,DRAFT,Networking,GLOBAL,EXTERNAL,0,45,45,4,15,12,0,1,0,2,5,0,0.045323594776268794,0.07309372514437874,0.05866482590910301,0.07138886097638063,0.061180800933740224,0.0,0.0,0.0,0.0,0.0,0.0,0.0,0.0,0.0,0.0,0.0,0.0,0.0,LOW,0
38cf5ff3-39df-41ad-87fd-aef695251d5c,Rencontre expert expérience client - Développement - édition 0780,2026-12-25 16:00:00+00:00,PUBLISHED,Conférence,DEPARTMENT,EXTERNAL,6,54,120,4,16,12,0,1,0,103,5,2,0.0672768813913604,0.057613117286918154,0.05268686868686869,0.06373117186630459,0.060783523005599055,0.0,0.0,9.0,2.0,2.0,0.0,0.0,0.0,0.0,0.0,0.2222222222222222,0.0,0.0,LOW,1
05044dbb-8278-4dd1-88c2-baa6dd813f0c,Session pratique design thinking - édition 0284,2026-12-25 16:30:00+00:00,PUBLISHED,Atelier,GLOBAL,ONSITE,0,68,120,4,16,12,0,1,0,2,5,0,0.0921377017249853,0.044003456436611514,0.058512844494830726,0.06321303225763544,0.06039137124427261,24.0,0.0,19.0,4.0,2.0,2.0,0.0,0.0,0.35294117647058826,0.0,0.21052631578947367,0.10526315789473684,0.21176470588235294,LOW,1
8ecf0a7c-2549-4d32-8cbe-935910631973,Afterwork innovation - édition 0031,2026-12-25 19:45:00+00:00,PUBLISHED,Afterwork,GLOBAL,ONSITE,0,87,90,4,19,12,0,0,1,2,5,0,0.08465237685481702,0.06763655775323586,0.05836164851422393,0.04124754133801334,0.062266690508543866,28.0,0.0,14.0,3.0,2.0,0.0,0.0,0.0,0.3218390804597701,0.0,0.21428571428571427,0.0,0.19310344827586207,LOW,1
9727044d-d124-42f4-98a5-e960dd45342c,Formation DevOps - édition 0411,2026-12-26 09:45:00+00:00,DRAFT,Formation,DEPARTMENT,EXTERNAL,11,68,120,5,9,12,1,0,0,24,3,0,0.10319994407736494,0.0543470690529514,0.12316849816849818,0.05481359401788759,0.07739332913422087,0.0,0.0,0.0,0.0,0.0,0.0,0.0,0.0,0.0,0.0,0.0,0.0,0.0,LOW,0
1a293e47-17fb-4d71-990d-c03d93366351,Session de formation qualité logicielle - Qualité - édition 0244,2026-12-26 15:00:00+00:00,PUBLISHED,Formation,DEPARTMENT,ONSITE,8,41,60,5,15,12,0,1,0,47,3,1,0.10216794463659129,0.053803598362421885,0.07921085244923325,0.070875272048493,0.07686323783878099,0.0,0.0,8.0,0.0,1.0,0.0,0.0,0.0,0.0,0.0,0.0,0.0,0.0,LOW,1
f888bd15-f5df-40fd-ab5a-8a5bf5e4b55c,Action RSE mobilité durable - Communication interne - édition 0647,2026-12-26 15:30:00+00:00,PUBLISHED,RSE,DEPARTMENT,EXTERNAL,12,62,60,5,15,12,0,1,0,22,3,1,0.05287330943777378,0.05150066122513038,0.038266153919194794,0.07036902010528948,0.07634035866980969,0.0,0.0,11.0,3.0,1.0,0.0,0.0,0.0,0.0,0.0,0.2727272727272727,0.0,0.0,LOW,1
8b772e67-85b2-495b-9177-1f474be951e7,Table ronde leadership responsable - édition 0569,2026-12-26 16:30:00+00:00,DRAFT,Conférence,DEPARTMENT,EXTERNAL,5,50,90,5,16,12,0,1,0,86,3,1,0.06639165926778987,0.05685504995419555,0.017006802721088437,0.06554954954967539,0.07582454543555422,0.0,0.0,0.0,0.0,0.0,0.0,0.0,0.0,0.0,0.0,0.0,0.0,0.0,LOW,0
780acb40-cd78-44c5-bbea-4072ffa746d0,Atelier amélioration continue - édition 0133,2026-12-27 10:00:00+00:00,REJECTED,Atelier,GLOBAL,EXTERNAL,0,39,120,6,10,12,1,0,0,2,5,0,0.09448728257854928,0.043607028901146545,0.05821123189434191,0.07035438687075467,0.09993389915568202,0.0,0.0,0.0,0.0,0.0,0.0,0.0,0.0,0.0,0.0,0.0,0.0,0.0,LOW,0
b4b2ad15-b8b6-4d8b-827b-2dab40c42db0,Team building résolution de problèmes - édition 0958,2026-12-27 10:15:00+00:00,PUBLISHED,Team building,GLOBAL,ONSITE,0,64,240,6,10,12,1,0,0,2,5,0,0.08925711904629495,0.05656054471843946,0.058061588624690644,0.0698173304824283,0.09919364805082512,0.0,0.0,16.0,1.0,3.0,0.0,0.0,0.0,0.0,0.0,0.0625,0.0,0.0,LOW,1
40cade50-c69d-4917-9e7e-594593d2cc2e,Table ronde marque employeur - édition 0495,2026-12-27 10:30:00+00:00,PUBLISHED,Conférence,GLOBAL,ONSITE,0,202,60,6,10,12,1,0,0,2,5,0,0.06552942992664973,0.056116672682063135,0.05791271275642221,0.06928841131210688,0.09846428299162789,30.0,0.0,15.0,3.0,3.0,2.0,0.0,0.0,0.1485148514851485,0.0,0.2,0.13333333333333333,0.0891089108910891,LOW,1
0112cf99-35ee-41ff-8ccc-eeaa5805a810,Session en ligne outils collaboratifs - édition 0628,2026-12-27 11:00:00+00:00,CANCELLED,Webinaire,GLOBAL,ONLINE,0,146,60,6,11,12,1,0,0,2,5,0,0.03971206377650315,0.044102226492532884,0.05776459840154645,0.08583375829133806,0.0988296156083689,0.0,0.0,0.0,0.0,0.0,0.0,0.0,0.0,0.0,0.0,0.0,0.0,0.0,LOW,0
8a03f6de-f2e4-4af6-bd65-fe4c14516956,Session valeurs onboarding culturel - édition 0805,2026-12-27 11:30:00+00:00,PUBLISHED,Culture d’entreprise,DEPARTMENT,ONLINE,6,216,60,6,11,12,1,0,0,103,5,2,0.05878559339945518,0.04318143027820447,0.05165379283026342,0.08526906251310558,0.09811345897352565,69.0,0.0,12.0,5.0,1.0,2.0,0.0,0.0,0.3194444444444444,0.0,0.4166666666666667,0.16666666666666666,0.19166666666666665,LOW,1
d8436e62-2ac7-47aa-af2a-25ae17857295,Formation qualité logicielle - édition 0264,2026-12-27 16:15:00+00:00,PUBLISHED,Formation,GLOBAL,ONSITE,0,11,120,6,16,12,0,1,0,2,5,0,0.1011563808283082,0.05327088946774444,0.05761723973215475,0.06502515315327799,0.09970576822151789,2.0,0.0,12.0,5.0,2.0,0.0,0.0,0.0,0.18181818181818182,0.0,0.4166666666666667,0.0,0.10909090909090909,LOW,1
678867f6-b342-4f9e-b72a-194e25f98895,Atelier bien-être prévention fatigue numérique - édition 0340,2026-12-28 09:00:00+00:00,PUBLISHED,Bien-être,DEPARTMENT,ONSITE,7,51,60,0,9,12,1,0,0,77,1,0,0.06035899141278462,0.07590765107212474,0.05021520803443328,0.05442758279240951,0.049504886965444,0.0,0.0,9.0,2.0,1.0,0.0,0.0,0.0,0.0,0.0,0.2222222222222222,0.0,0.0,LOW,1
f0caf089-b4aa-4108-8992-7138290be9c4,Culture d’entreprise valeurs et vision - édition 0275,2026-12-28 15:15:00+00:00,PENDING,Culture d’entreprise,GLOBAL,ONSITE,0,183,60,0,15,12,0,1,0,2,1,0,0.06196435987561359,0.04265482746993369,0.05747063097965562,0.06986994904071296,0.04909910920343217,0.0,0.0,0.0,0.0,0.0,0.0,0.0,0.0,0.0,0.0,0.0,0.0,0.0,LOW,0
2e96ab79-86fb-430a-9892-798bce3ea945,Présentation digitale marketing digital - édition 0560,2026-12-29 09:15:00+00:00,PUBLISHED,Webinaire,DEPARTMENT,ONLINE,4,432,45,1,9,12,1,0,0,71,2,1,0.03919632268849662,0.04352947030431817,0.07965041279669763,0.05404697032532972,0.0746465365016805,0.0,0.0,9.0,2.0,0.0,0.0,0.0,0.0,0.0,0.0,0.2222222222222222,0.0,0.0,LOW,1
25067d65-823e-438e-8c4e-f7a276392e7b,Journée responsable économie d’énergie - édition 0593,2026-12-29 10:45:00+00:00,REJECTED,RSE,GLOBAL,EXTERNAL,0,247,45,1,10,12,1,0,0,2,2,0,0.05233378587208221,0.050975144273853544,0.057324766434021984,0.06988409883220494,0.0741245327499205,0.0,0.0,0.0,0.0,0.0,0.0,0.0,0.0,0.0,0.0,0.0,0.0,0.0,LOW,0
ca47c4b6-25e1-44ad-95a5-46d60056ab77,Rencontre expert leadership responsable - édition 0552,2026-12-29 16:30:00+00:00,DRAFT,Conférence,DEPARTMENT,EXTERNAL,5,168,90,1,16,12,0,1,0,86,2,0,0.06659334558765613,0.055397228160498226,0.016666666666666666,0.0659520819522058,0.07360977905026826,0.0,0.0,0.0,0.0,0.0,0.0,0.0,0.0,0.0,0.0,0.0,0.0,0.0,LOW,0
d098b691-417c-42d7-9c3e-0fdfcdbfb1db,Webinaire outils collaboratifs - édition 0913,2026-12-30 11:45:00+00:00,PUBLISHED,Webinaire,DEPARTMENT,ONLINE,2,81,90,2,11,12,1,0,0,105,3,0,0.03869380573095179,0.04297140017221153,0.014109347442680775,0.0867996205649444,0.07614067624557007,39.0,0.0,8.0,4.0,1.0,1.0,0.0,0.0,0.48148148148148145,0.0,0.5,0.125,0.28888888888888886,LOW,1
d3f9df81-0269-4e4f-8f84-b362520df768,Speed meeting forum projets - Marketing - édition 0001,2026-12-30 13:00:00+00:00,PUBLISHED,Networking,DEPARTMENT,EXTERNAL,4,142,120,2,13,12,0,1,0,71,3,1,0.0448255332952109,0.07229049739553942,0.07737468671679198,0.06963092319162435,0.07897522733113589,62.0,0.0,16.0,15.0,0.0,0.0,0.0,0.0,0.43661971830985913,0.0,0.9375,0.0,0.2619718309859155,LOW,1
50c9a29b-93df-4ad8-9874-8736bad58747,Présentation digitale IA générative - édition 0257,2026-12-30 16:00:00+00:00,CANCELLED,Webinaire,GLOBAL,ONLINE,0,325,90,2,16,12,0,1,0,2,3,0,0.04429871301893318,0.04242745839787974,0.057179640443049774,0.06543277422029865,0.08145886962959922,0.0,0.0,0.0,0.0,0.0,0.0,0.0,0.0,0.0,0.0,0.0,0.0,0.0,LOW,0
96d85213-e5d3-477e-b11f-1faf8c29247f,Formation Power BI - Informatique - édition 0731,2026-12-30 16:15:00+00:00,CANCELLED,Formation,DEPARTMENT,ONLINE,1,37,120,2,16,12,0,1,0,194,3,0,0.10194718279879716,0.052748625845511654,0.0486430155210643,0.06492158067170258,0.0808970843218089,0.0,0.0,0.0,0.0,0.0,0.0,0.0,0.0,0.0,0.0,0.0,0.0,0.0,LOW,0
62f1b6d5-a9ca-4c0d-835c-00e4637c532d,Défi collaboratif cohésion d’équipe - Juridique - édition 0661,2026-12-31 15:30:00+00:00,PUBLISHED,Team building,DEPARTMENT,EXTERNAL,10,10,120,3,15,12,0,1,0,28,0,0,0.08828693296970479,0.0559457561888912,0.05404704944178629,0.06937790714606004,0.06430621082592247,0.0,0.0,8.0,1.0,3.0,0.0,0.0,0.0,0.0,0.0,0.125,0.0,0.0,LOW,1
