user_id,interest_id
9f494bc5-731f-4f38-a367-32640bd2b56d,6
9f494bc5-731f-4f38-a367-32640bd2b56d,10
9f494bc5-731f-4f38-a367-32640bd2b56d,13
8d96e8da-9993-495a-a0c2-848796ac710e,8
8d96e8da-9993-495a-a0c2-848796ac710e,9
8d96e8da-9993-495a-a0c2-848796ac710e,10
8d96e8da-9993-495a-a0c2-848796ac710e,11
8d96e8da-9993-495a-a0c2-848796ac710e,15
8d96e8da-9993-495a-a0c2-848796ac710e,17
d6fe6795-80b6-44d5-81a2-ba29873a9947,1
d6fe6795-80b6-44d5-81a2-ba29873a9947,8
d6fe6795-80b6-44d5-81a2-ba29873a9947,9
9d09832f-ff19-4c77-9c05-12881b06c117,9
9d09832f-ff19-4c77-9c05-12881b06c117,12
9d09832f-ff19-4c77-9c05-12881b06c117,14
ada33a22-047d-41f7-9001-c78a46d52ecc,9
ada33a22-047d-41f7-9001-c78a46d52ecc,10
ada33a22-047d-41f7-9001-c78a46d52ecc,11
ada33a22-047d-41f7-9001-c78a46d52ecc,12
ada33a22-047d-41f7-9001-c78a46d52ecc,15
ada33a22-047d-41f7-9001-c78a46d52ecc,17
49df03d0-fa40-4cdf-b3df-abf37a14050b,3
49df03d0-fa40-4cdf-b3df-abf37a14050b,8
49df03d0-fa40-4cdf-b3df-abf37a14050b,9
694b0956-4e4d-45ad-893c-29800a2bcfd9,1
694b0956-4e4d-45ad-893c-29800a2bcfd9,4
694b0956-4e4d-45ad-893c-29800a2bcfd9,5
694b0956-4e4d-45ad-893c-29800a2bcfd9,6
694b0956-4e4d-45ad-893c-29800a2bcfd9,7
694b0956-4e4d-45ad-893c-29800a2bcfd9,10
33730d91-9a14-4721-aec1-1f1aaa89bb40,7
33730d91-9a14-4721-aec1-1f1aaa89bb40,14
33730d91-9a14-4721-aec1-1f1aaa89bb40,17
33730d91-9a14-4721-aec1-1f1aaa89bb40,18
33730d91-9a14-4721-aec1-1f1aaa89bb40,19
c96c33b2-deb4-4624-905a-4bb4eba9b66b,4
c96c33b2-deb4-4624-905a-4bb4eba9b66b,6
c96c33b2-deb4-4624-905a-4bb4eba9b66b,8
aa4e1ebb-5f2c-431e-b14c-49099924347c,7
aa4e1ebb-5f2c-431e-b14c-49099924347c,10
aa4e1ebb-5f2c-431e-b14c-49099924347c,14
d5d7156b-757a-4b4f-9950-c3a38b7b858d,2
d5d7156b-757a-4b4f-9950-c3a38b7b858d,11
d5d7156b-757a-4b4f-9950-c3a38b7b858d,14
d5d7156b-757a-4b4f-9950-c3a38b7b858d,18
8c8251fd-fa99-4fc2-b3f4-b974d8961ad6,3
8c8251fd-fa99-4fc2-b3f4-b974d8961ad6,9
8c8251fd-fa99-4fc2-b3f4-b974d8961ad6,14
8c8251fd-fa99-4fc2-b3f4-b974d8961ad6,15
8c8251fd-fa99-4fc2-b3f4-b974d8961ad6,16
d87f398c-41bc-4a59-b46a-8033c209243f,1
d87f398c-41bc-4a59-b46a-8033c209243f,9
d87f398c-41bc-4a59-b46a-8033c209243f,11
d87f398c-41bc-4a59-b46a-8033c209243f,17
16f1ef83-2744-47e3-a8fa-a79542e39c6e,4
16f1ef83-2744-47e3-a8fa-a79542e39c6e,8
16f1ef83-2744-47e3-a8fa-a79542e39c6e,10
16f1ef83-2744-47e3-a8fa-a79542e39c6e,11
16f1ef83-2744-47e3-a8fa-a79542e39c6e,12
16f1ef83-2744-47e3-a8fa-a79542e39c6e,19
c79bf178-2ad7-46c5-a8bc-69d76f5a35b2,9
c79bf178-2ad7-46c5-a8bc-69d76f5a35b2,19
c79bf178-2ad7-46c5-a8bc-69d76f5a35b2,20
2a2ff3aa-a839-4038-a81c-29bf4839823e,4
2a2ff3aa-a839-4038-a81c-29bf4839823e,5
2a2ff3aa-a839-4038-a81c-29bf4839823e,9
2a2ff3aa-a839-4038-a81c-29bf4839823e,15
e94c386e-8464-4a22-be9a-6beb0e5d7a7b,1
e94c386e-8464-4a22-be9a-6beb0e5d7a7b,9
e94c386e-8464-4a22-be9a-6beb0e5d7a7b,11
e94c386e-8464-4a22-be9a-6beb0e5d7a7b,14
e94c386e-8464-4a22-be9a-6beb0e5d7a7b,15
e94c386e-8464-4a22-be9a-6beb0e5d7a7b,17
d420025c-f809-4d32-9066-98749e88aeb9,9
d420025c-f809-4d32-9066-98749e88aeb9,11
d420025c-f809-4d32-9066-98749e88aeb9,12
d420025c-f809-4d32-9066-98749e88aeb9,14
d420025c-f809-4d32-9066-98749e88aeb9,18
d420025c-f809-4d32-9066-98749e88aeb9,19
d2143c02-7643-4dad-9edd-73d7e485eec7,7
d2143c02-7643-4dad-9edd-73d7e485eec7,9
d2143c02-7643-4dad-9edd-73d7e485eec7,15
d2143c02-7643-4dad-9edd-73d7e485eec7,17
7c67d46c-3aec-42ba-86ea-e64be34be51d,4
7c67d46c-3aec-42ba-86ea-e64be34be51d,11
7c67d46c-3aec-42ba-86ea-e64be34be51d,18
7c67d46c-3aec-42ba-86ea-e64be34be51d,19
7c67d46c-3aec-42ba-86ea-e64be34be51d,20
514d1d62-3100-4b79-9ace-199ed15abd30,9
514d1d62-3100-4b79-9ace-199ed15abd30,11
514d1d62-3100-4b79-9ace-199ed15abd30,12
514d1d62-3100-4b79-9ace-199ed15abd30,14
514d1d62-3100-4b79-9ace-199ed15abd30,17
514d1d62-3100-4b79-9ace-199ed15abd30,18
514d1d62-3100-4b79-9ace-199ed15abd30,19
04d1e3f4-5420-4b71-a3a5-85f2ed790744,9
04d1e3f4-5420-4b71-a3a5-85f2ed790744,12
04d1e3f4-5420-4b71-a3a5-85f2ed790744,13
04d1e3f4-5420-4b71-a3a5-85f2ed790744,14
04d1e3f4-5420-4b71-a3a5-85f2ed790744,20
c03e864e-d2ed-4ce5-856b-2334fbcb17c0,5
c03e864e-d2ed-4ce5-856b-2334fbcb17c0,9
c03e864e-d2ed-4ce5-856b-2334fbcb17c0,11
c03e864e-d2ed-4ce5-856b-2334fbcb17c0,12
3c0142b7-95e6-4f7f-b870-c04bcbdf37c3,6
3c0142b7-95e6-4f7f-b870-c04bcbdf37c3,8
3c0142b7-95e6-4f7f-b870-c04bcbdf37c3,12
3c0142b7-95e6-4f7f-b870-c04bcbdf37c3,16
ae62feb9-2fe5-4f14-9abc-6d3de60551e9,4
ae62feb9-2fe5-4f14-9abc-6d3de60551e9,8
ae62feb9-2fe5-4f14-9abc-6d3de60551e9,9
ae62feb9-2fe5-4f14-9abc-6d3de60551e9,11
ae62feb9-2fe5-4f14-9abc-6d3de60551e9,13
ae62feb9-2fe5-4f14-9abc-6d3de60551e9,18
05ebad91-5c0a-406d-b835-141c19b231e0,11
05ebad91-5c0a-406d-b835-141c19b231e0,16
05ebad91-5c0a-406d-b835-141c19b231e0,18
60a4713c-9862-4c54-b843-99e82e3e7bea,1
60a4713c-9862-4c54-b843-99e82e3e7bea,2
60a4713c-9862-4c54-b843-99e82e3e7bea,3
60a4713c-9862-4c54-b843-99e82e3e7bea,12
60a4713c-9862-4c54-b843-99e82e3e7bea,14
60a4713c-9862-4c54-b843-99e82e3e7bea,15
85e3ccdc-ad7f-4b05-b057-8593c1f4a450,14
85e3ccdc-ad7f-4b05-b057-8593c1f4a450,19
85e3ccdc-ad7f-4b05-b057-8593c1f4a450,20
6487383a-0fb9-4616-a52e-d9a0ba69cc53,8
6487383a-0fb9-4616-a52e-d9a0ba69cc53,9
6487383a-0fb9-4616-a52e-d9a0ba69cc53,10
6487383a-0fb9-4616-a52e-d9a0ba69cc53,11
6487383a-0fb9-4616-a52e-d9a0ba69cc53,15
4126b992-e218-4090-8952-12b50eedb60c,8
4126b992-e218-4090-8952-12b50eedb60c,9
4126b992-e218-4090-8952-12b50eedb60c,10
4126b992-e218-4090-8952-12b50eedb60c,12
4126b992-e218-4090-8952-12b50eedb60c,15
4126b992-e218-4090-8952-12b50eedb60c,20
e8dda1ab-4e22-4b44-b642-16d429b530e6,7
e8dda1ab-4e22-4b44-b642-16d429b530e6,9
e8dda1ab-4e22-4b44-b642-16d429b530e6,11
e8dda1ab-4e22-4b44-b642-16d429b530e6,14
e8dda1ab-4e22-4b44-b642-16d429b530e6,18
e8dda1ab-4e22-4b44-b642-16d429b530e6,19
e8dda1ab-4e22-4b44-b642-16d429b530e6,20
9e67de25-ee28-48ad-b3f0-3836d4278119,6
9e67de25-ee28-48ad-b3f0-3836d4278119,7
9e67de25-ee28-48ad-b3f0-3836d4278119,8
9e67de25-ee28-48ad-b3f0-3836d4278119,10
9e67de25-ee28-48ad-b3f0-3836d4278119,11
53bc19ae-6115-4448-91c2-079f930260b9,3
53bc19ae-6115-4448-91c2-079f930260b9,6
53bc19ae-6115-4448-91c2-079f930260b9,10
53bc19ae-6115-4448-91c2-079f930260b9,11
53bc19ae-6115-4448-91c2-079f930260b9,15
53bc19ae-6115-4448-91c2-079f930260b9,16
53bc19ae-6115-4448-91c2-079f930260b9,20
67b9e613-4792-4b7e-88f0-54df3f761ed0,9
67b9e613-4792-4b7e-88f0-54df3f761ed0,11
67b9e613-4792-4b7e-88f0-54df3f761ed0,14
67b9e613-4792-4b7e-88f0-54df3f761ed0,19
f3525842-5ccf-4d32-b3c0-eb58cb4ae783,10
f3525842-5ccf-4d32-b3c0-eb58cb4ae783,15
f3525842-5ccf-4d32-b3c0-eb58cb4ae783,19
f3525842-5ccf-4d32-b3c0-eb58cb4ae783,20
7d2c6a5c-bbcc-46be-8ba4-b7518ab7a644,5
7d2c6a5c-bbcc-46be-8ba4-b7518ab7a644,8
7d2c6a5c-bbcc-46be-8ba4-b7518ab7a644,15
7d2c6a5c-bbcc-46be-8ba4-b7518ab7a644,17
8062edae-a09d-450b-b9e9-61d162542cc6,9
8062edae-a09d-450b-b9e9-61d162542cc6,10
8062edae-a09d-450b-b9e9-61d162542cc6,11
8062edae-a09d-450b-b9e9-61d162542cc6,14
8062edae-a09d-450b-b9e9-61d162542cc6,15
8062edae-a09d-450b-b9e9-61d162542cc6,17
7dddaa8e-deb1-42ed-88bb-dc5a16514cdc,2
7dddaa8e-deb1-42ed-88bb-dc5a16514cdc,12
7dddaa8e-deb1-42ed-88bb-dc5a16514cdc,14
7dddaa8e-deb1-42ed-88bb-dc5a16514cdc,19
a06df71a-41d5-45c9-ba0e-d7de01b095a9,8
a06df71a-41d5-45c9-ba0e-d7de01b095a9,11
a06df71a-41d5-45c9-ba0e-d7de01b095a9,13
a06df71a-41d5-45c9-ba0e-d7de01b095a9,14
a06df71a-41d5-45c9-ba0e-d7de01b095a9,20
241a414d-fb4b-4547-8d2a-86a522a57210,6
241a414d-fb4b-4547-8d2a-86a522a57210,7
241a414d-fb4b-4547-8d2a-86a522a57210,8
5fe4475c-7b8d-4cab-b303-1f34d174a1a2,11
5fe4475c-7b8d-4cab-b303-1f34d174a1a2,14
5fe4475c-7b8d-4cab-b303-1f34d174a1a2,20
5c093bcb-a8f8-495e-9e59-fe544f16ea0b,5
5c093bcb-a8f8-495e-9e59-fe544f16ea0b,7
5c093bcb-a8f8-495e-9e59-fe544f16ea0b,8
5c093bcb-a8f8-495e-9e59-fe544f16ea0b,10
5c093bcb-a8f8-495e-9e59-fe544f16ea0b,19
e8a80a6e-ee71-4373-8db9-cb211b8b0d92,8
e8a80a6e-ee71-4373-8db9-cb211b8b0d92,9
e8a80a6e-ee71-4373-8db9-cb211b8b0d92,20
84e69d57-36b1-481d-a823-b2bb1e0eff7b,9
84e69d57-36b1-481d-a823-b2bb1e0eff7b,12
84e69d57-36b1-481d-a823-b2bb1e0eff7b,14
84e69d57-36b1-481d-a823-b2bb1e0eff7b,15
84e69d57-36b1-481d-a823-b2bb1e0eff7b,18
553f633d-4e8b-4e4b-a5c1-02de094d0933,2
553f633d-4e8b-4e4b-a5c1-02de094d0933,3
553f633d-4e8b-4e4b-a5c1-02de094d0933,12
553f633d-4e8b-4e4b-a5c1-02de094d0933,14
24142aac-d1c8-42ac-a86d-f1049fd901a2,1
24142aac-d1c8-42ac-a86d-f1049fd901a2,4
24142aac-d1c8-42ac-a86d-f1049fd901a2,5
24142aac-d1c8-42ac-a86d-f1049fd901a2,6
24142aac-d1c8-42ac-a86d-f1049fd901a2,7
24142aac-d1c8-42ac-a86d-f1049fd901a2,15
7fe85746-fe19-422b-8bf2-d167d79a2d1a,4
7fe85746-fe19-422b-8bf2-d167d79a2d1a,5
7fe85746-fe19-422b-8bf2-d167d79a2d1a,7
7fe85746-fe19-422b-8bf2-d167d79a2d1a,8
7fe85746-fe19-422b-8bf2-d167d79a2d1a,11
c13abe7d-3c09-4714-9eb5-f4811cd6ae6b,4
c13abe7d-3c09-4714-9eb5-f4811cd6ae6b,8
c13abe7d-3c09-4714-9eb5-f4811cd6ae6b,9
c13abe7d-3c09-4714-9eb5-f4811cd6ae6b,11
c13abe7d-3c09-4714-9eb5-f4811cd6ae6b,13
c13abe7d-3c09-4714-9eb5-f4811cd6ae6b,17
a6c81a36-4a3a-4684-8a2a-15a4167abc2c,9
a6c81a36-4a3a-4684-8a2a-15a4167abc2c,10
a6c81a36-4a3a-4684-8a2a-15a4167abc2c,12
9dfc227f-7a2c-4af9-81e9-aaf98bdb8fda,8
9dfc227f-7a2c-4af9-81e9-aaf98bdb8fda,10
9dfc227f-7a2c-4af9-81e9-aaf98bdb8fda,13
2b6d1065-0b7d-4434-8df1-5b0f01a68955,6
2b6d1065-0b7d-4434-8df1-5b0f01a68955,10
2b6d1065-0b7d-4434-8df1-5b0f01a68955,11
f88e79f6-5cdb-401c-9b0a-0035434d7b18,2
f88e79f6-5cdb-401c-9b0a-0035434d7b18,11
f88e79f6-5cdb-401c-9b0a-0035434d7b18,20
a7f7f5a9-460c-4634-86dd-96133ca51131,1
a7f7f5a9-460c-4634-86dd-96133ca51131,9
a7f7f5a9-460c-4634-86dd-96133ca51131,10
a7f7f5a9-460c-4634-86dd-96133ca51131,12
a7f7f5a9-460c-4634-86dd-96133ca51131,20
92c00d82-349d-4eef-bcfb-103b7523b3d7,13
92c00d82-349d-4eef-bcfb-103b7523b3d7,18
92c00d82-349d-4eef-bcfb-103b7523b3d7,19
92c00d82-349d-4eef-bcfb-103b7523b3d7,20
93c2ea2c-f36b-43fb-8081-333512ad6dfe,10
93c2ea2c-f36b-43fb-8081-333512ad6dfe,11
93c2ea2c-f36b-43fb-8081-333512ad6dfe,14
93c2ea2c-f36b-43fb-8081-333512ad6dfe,15
93c2ea2c-f36b-43fb-8081-333512ad6dfe,16
f52d7c87-3049-428f-93a9-7640c68297bc,11
f52d7c87-3049-428f-93a9-7640c68297bc,12
f52d7c87-3049-428f-93a9-7640c68297bc,15
f52d7c87-3049-428f-93a9-7640c68297bc,17
f52d7c87-3049-428f-93a9-7640c68297bc,20
86c5b659-a2b1-435e-ad5f-6550a8be0606,9
86c5b659-a2b1-435e-ad5f-6550a8be0606,15
86c5b659-a2b1-435e-ad5f-6550a8be0606,20
dfc8f475-9202-4a52-9002-24f557cc4c64,9
dfc8f475-9202-4a52-9002-24f557cc4c64,10
dfc8f475-9202-4a52-9002-24f557cc4c64,11
dfc8f475-9202-4a52-9002-24f557cc4c64,14
dfc8f475-9202-4a52-9002-24f557cc4c64,17
6923b135-0a80-41b6-a29d-108910d3481e,9
6923b135-0a80-41b6-a29d-108910d3481e,11
6923b135-0a80-41b6-a29d-108910d3481e,12
6923b135-0a80-41b6-a29d-108910d3481e,14
6923b135-0a80-41b6-a29d-108910d3481e,18
170d2f68-2e8a-4567-81c1-cd4a0016ee2d,4
170d2f68-2e8a-4567-81c1-cd4a0016ee2d,5
170d2f68-2e8a-4567-81c1-cd4a0016ee2d,8
170d2f68-2e8a-4567-81c1-cd4a0016ee2d,10
170d2f68-2e8a-4567-81c1-cd4a0016ee2d,11
170d2f68-2e8a-4567-81c1-cd4a0016ee2d,12
e3a19585-197c-4218-9d75-752360108ba0,2
e3a19585-197c-4218-9d75-752360108ba0,3
e3a19585-197c-4218-9d75-752360108ba0,9
e3a19585-197c-4218-9d75-752360108ba0,16
c6ffe56c-2cfa-45ed-8b6e-38deadfc1762,9
c6ffe56c-2cfa-45ed-8b6e-38deadfc1762,10
c6ffe56c-2cfa-45ed-8b6e-38deadfc1762,14
c6ffe56c-2cfa-45ed-8b6e-38deadfc1762,20
96fcb81f-46c4-4e0d-9431-72d62e53de35,4
96fcb81f-46c4-4e0d-9431-72d62e53de35,5
96fcb81f-46c4-4e0d-9431-72d62e53de35,8
96fcb81f-46c4-4e0d-9431-72d62e53de35,15
96fcb81f-46c4-4e0d-9431-72d62e53de35,20
19599c23-5a07-447f-8730-c23290710835,7
19599c23-5a07-447f-8730-c23290710835,8
19599c23-5a07-447f-8730-c23290710835,9
19599c23-5a07-447f-8730-c23290710835,11
b15a72a1-bc55-4829-9428-b18b203ba820,8
b15a72a1-bc55-4829-9428-b18b203ba820,13
b15a72a1-bc55-4829-9428-b18b203ba820,14
b15a72a1-bc55-4829-9428-b18b203ba820,15
b15a72a1-bc55-4829-9428-b18b203ba820,17
6c72c3eb-81e1-402e-8b91-1b315094e27e,4
6c72c3eb-81e1-402e-8b91-1b315094e27e,18
6c72c3eb-81e1-402e-8b91-1b315094e27e,19
6c72c3eb-81e1-402e-8b91-1b315094e27e,20
e1146103-3e33-4ed7-9a4c-3426f5922da9,11
e1146103-3e33-4ed7-9a4c-3426f5922da9,14
e1146103-3e33-4ed7-9a4c-3426f5922da9,17
e1146103-3e33-4ed7-9a4c-3426f5922da9,18
e1146103-3e33-4ed7-9a4c-3426f5922da9,19
e1146103-3e33-4ed7-9a4c-3426f5922da9,20
f85deb38-8a7f-46fd-aa7f-0c9d18401a70,4
f85deb38-8a7f-46fd-aa7f-0c9d18401a70,6
f85deb38-8a7f-46fd-aa7f-0c9d18401a70,7
f85deb38-8a7f-46fd-aa7f-0c9d18401a70,8
f85deb38-8a7f-46fd-aa7f-0c9d18401a70,11
f85deb38-8a7f-46fd-aa7f-0c9d18401a70,12
f85deb38-8a7f-46fd-aa7f-0c9d18401a70,20
18aee4d1-ff77-49a2-bce1-9d47c65368ae,11
18aee4d1-ff77-49a2-bce1-9d47c65368ae,14
18aee4d1-ff77-49a2-bce1-9d47c65368ae,15
18aee4d1-ff77-49a2-bce1-9d47c65368ae,17
8953121f-1a21-4cf5-9842-a8bab20d555c,7
8953121f-1a21-4cf5-9842-a8bab20d555c,11
8953121f-1a21-4cf5-9842-a8bab20d555c,12
8953121f-1a21-4cf5-9842-a8bab20d555c,14
8953121f-1a21-4cf5-9842-a8bab20d555c,18
8953121f-1a21-4cf5-9842-a8bab20d555c,19
dbb62cac-e512-454a-a2dd-cd278e6b0b3e,8
dbb62cac-e512-454a-a2dd-cd278e6b0b3e,9
dbb62cac-e512-454a-a2dd-cd278e6b0b3e,11
dbb62cac-e512-454a-a2dd-cd278e6b0b3e,14
dbb62cac-e512-454a-a2dd-cd278e6b0b3e,18
db0a6297-8193-47c9-a815-151141095ca6,1
db0a6297-8193-47c9-a815-151141095ca6,11
db0a6297-8193-47c9-a815-151141095ca6,16
db0a6297-8193-47c9-a815-151141095ca6,20
5bba076a-bfef-4cf9-be7b-eaf7160e722e,4
5bba076a-bfef-4cf9-be7b-eaf7160e722e,7
5bba076a-bfef-4cf9-be7b-eaf7160e722e,10
5bba076a-bfef-4cf9-be7b-eaf7160e722e,17
18913824-a75f-44b9-a1c5-cec90c6cd419,10
18913824-a75f-44b9-a1c5-cec90c6cd419,18
18913824-a75f-44b9-a1c5-cec90c6cd419,20
c4aac5db-f0a1-41f7-ad7b-af5bdfaee13f,9
c4aac5db-f0a1-41f7-ad7b-af5bdfaee13f,10
c4aac5db-f0a1-41f7-ad7b-af5bdfaee13f,14
c4aac5db-f0a1-41f7-ad7b-af5bdfaee13f,15
bbeb5b7f-c80b-4db1-ba90-903c1a075cf7,8
bbeb5b7f-c80b-4db1-ba90-903c1a075cf7,9
bbeb5b7f-c80b-4db1-ba90-903c1a075cf7,11
bbeb5b7f-c80b-4db1-ba90-903c1a075cf7,18
bbeb5b7f-c80b-4db1-ba90-903c1a075cf7,19
465f2a51-6e74-4cea-b466-c62c29193b73,6
465f2a51-6e74-4cea-b466-c62c29193b73,7
465f2a51-6e74-4cea-b466-c62c29193b73,9
465f2a51-6e74-4cea-b466-c62c29193b73,10
465f2a51-6e74-4cea-b466-c62c29193b73,13
465f2a51-6e74-4cea-b466-c62c29193b73,20
e0b47f14-ef2d-49fc-b298-7e81497f4563,11
e0b47f14-ef2d-49fc-b298-7e81497f4563,16
e0b47f14-ef2d-49fc-b298-7e81497f4563,17
e0b47f14-ef2d-49fc-b298-7e81497f4563,20
5cfa3cf8-4522-4c4c-8087-ae79149ab327,5
5cfa3cf8-4522-4c4c-8087-ae79149ab327,11
5cfa3cf8-4522-4c4c-8087-ae79149ab327,14
5cfa3cf8-4522-4c4c-8087-ae79149ab327,19
91859730-a2c4-46b6-855a-a89620a317df,9
91859730-a2c4-46b6-855a-a89620a317df,17
91859730-a2c4-46b6-855a-a89620a317df,19
91859730-a2c4-46b6-855a-a89620a317df,20
24870417-d44d-4285-9509-b22a9365deee,2
24870417-d44d-4285-9509-b22a9365deee,11
24870417-d44d-4285-9509-b22a9365deee,14
24870417-d44d-4285-9509-b22a9365deee,18
24870417-d44d-4285-9509-b22a9365deee,20
6ff3f4c3-324c-4f23-9667-106f6600724b,3
6ff3f4c3-324c-4f23-9667-106f6600724b,7
6ff3f4c3-324c-4f23-9667-106f6600724b,8
6ff3f4c3-324c-4f23-9667-106f6600724b,10
6ff3f4c3-324c-4f23-9667-106f6600724b,11
6ff3f4c3-324c-4f23-9667-106f6600724b,13
6ff3f4c3-324c-4f23-9667-106f6600724b,20
3909b249-70c8-463b-b5e2-36bc233df5f5,6
3909b249-70c8-463b-b5e2-36bc233df5f5,7
3909b249-70c8-463b-b5e2-36bc233df5f5,8
3909b249-70c8-463b-b5e2-36bc233df5f5,11
3909b249-70c8-463b-b5e2-36bc233df5f5,12
b13534c3-1d41-4edb-ad71-f6f58ff36484,8
b13534c3-1d41-4edb-ad71-f6f58ff36484,9
b13534c3-1d41-4edb-ad71-f6f58ff36484,10
b13534c3-1d41-4edb-ad71-f6f58ff36484,11
98096adb-c347-4b91-b157-13d91467faa7,6
98096adb-c347-4b91-b157-13d91467faa7,11
98096adb-c347-4b91-b157-13d91467faa7,12
98096adb-c347-4b91-b157-13d91467faa7,18
98096adb-c347-4b91-b157-13d91467faa7,19
98096adb-c347-4b91-b157-13d91467faa7,20
8f0f60eb-864b-4f40-8a52-83b880ef9342,8
8f0f60eb-864b-4f40-8a52-83b880ef9342,9
8f0f60eb-864b-4f40-8a52-83b880ef9342,10
8f0f60eb-864b-4f40-8a52-83b880ef9342,12
8f0f60eb-864b-4f40-8a52-83b880ef9342,20
edc57913-68cf-4b04-a356-052f6ffdbcff,4
edc57913-68cf-4b04-a356-052f6ffdbcff,5
edc57913-68cf-4b04-a356-052f6ffdbcff,8
edc57913-68cf-4b04-a356-052f6ffdbcff,13
3215d909-b0ac-4c4e-a139-afd4230fe685,7
3215d909-b0ac-4c4e-a139-afd4230fe685,8
3215d909-b0ac-4c4e-a139-afd4230fe685,16
4b525688-1acd-4981-b213-0ea3aa8ecb43,9
4b525688-1acd-4981-b213-0ea3aa8ecb43,13
4b525688-1acd-4981-b213-0ea3aa8ecb43,17
f26d448f-05f1-49b5-915f-c47667f8a942,5
f26d448f-05f1-49b5-915f-c47667f8a942,9
f26d448f-05f1-49b5-915f-c47667f8a942,11
f26d448f-05f1-49b5-915f-c47667f8a942,12
f26d448f-05f1-49b5-915f-c47667f8a942,17
2c6db120-61ac-4444-868a-bb75396aaae3,11
2c6db120-61ac-4444-868a-bb75396aaae3,13
2c6db120-61ac-4444-868a-bb75396aaae3,14
2c6db120-61ac-4444-868a-bb75396aaae3,20
49af6a16-f923-4210-8c56-e311e38c564d,9
49af6a16-f923-4210-8c56-e311e38c564d,11
49af6a16-f923-4210-8c56-e311e38c564d,12
49af6a16-f923-4210-8c56-e311e38c564d,16
49af6a16-f923-4210-8c56-e311e38c564d,20
b54fdc5c-e828-48f4-8b75-28fe75c046a8,7
b54fdc5c-e828-48f4-8b75-28fe75c046a8,9
b54fdc5c-e828-48f4-8b75-28fe75c046a8,13
b54fdc5c-e828-48f4-8b75-28fe75c046a8,14
b54fdc5c-e828-48f4-8b75-28fe75c046a8,20
e8a07a8b-73cb-4a62-ba3e-b27bb60066e1,6
e8a07a8b-73cb-4a62-ba3e-b27bb60066e1,8
e8a07a8b-73cb-4a62-ba3e-b27bb60066e1,9
e8a07a8b-73cb-4a62-ba3e-b27bb60066e1,10
e8a07a8b-73cb-4a62-ba3e-b27bb60066e1,20
77912841-0831-4559-9152-00fd23a9a51c,7
77912841-0831-4559-9152-00fd23a9a51c,8
77912841-0831-4559-9152-00fd23a9a51c,10
77912841-0831-4559-9152-00fd23a9a51c,11
77912841-0831-4559-9152-00fd23a9a51c,13
f19708c8-85b2-4faa-825b-a2fefaac0687,6
f19708c8-85b2-4faa-825b-a2fefaac0687,7
f19708c8-85b2-4faa-825b-a2fefaac0687,8
f19708c8-85b2-4faa-825b-a2fefaac0687,11
f19708c8-85b2-4faa-825b-a2fefaac0687,12
f19708c8-85b2-4faa-825b-a2fefaac0687,15
d038d3e8-db0f-4824-9216-4de208fd6652,3
d038d3e8-db0f-4824-9216-4de208fd6652,4
d038d3e8-db0f-4824-9216-4de208fd6652,5
d038d3e8-db0f-4824-9216-4de208fd6652,7
d038d3e8-db0f-4824-9216-4de208fd6652,15
83b7b362-55ff-44b1-870b-dd179a5fc394,8
83b7b362-55ff-44b1-870b-dd179a5fc394,11
83b7b362-55ff-44b1-870b-dd179a5fc394,13
83b7b362-55ff-44b1-870b-dd179a5fc394,15
5dc41219-d217-4f8f-a4d3-a9ec3b263384,7
5dc41219-d217-4f8f-a4d3-a9ec3b263384,8
5dc41219-d217-4f8f-a4d3-a9ec3b263384,13
5dc41219-d217-4f8f-a4d3-a9ec3b263384,20
88ca13bd-4e60-4303-800f-294b5b96f80d,8
88ca13bd-4e60-4303-800f-294b5b96f80d,11
88ca13bd-4e60-4303-800f-294b5b96f80d,18
88ca13bd-4e60-4303-800f-294b5b96f80d,20
21e93a46-e401-457d-ad44-d22012a753d7,10
21e93a46-e401-457d-ad44-d22012a753d7,11
21e93a46-e401-457d-ad44-d22012a753d7,13
21e93a46-e401-457d-ad44-d22012a753d7,15
21e93a46-e401-457d-ad44-d22012a753d7,18
35b57b10-e7d8-43bd-9022-13bcd6044d36,4
35b57b10-e7d8-43bd-9022-13bcd6044d36,5
35b57b10-e7d8-43bd-9022-13bcd6044d36,6
35b57b10-e7d8-43bd-9022-13bcd6044d36,7
35b57b10-e7d8-43bd-9022-13bcd6044d36,11
35b57b10-e7d8-43bd-9022-13bcd6044d36,12
35b57b10-e7d8-43bd-9022-13bcd6044d36,18
e1a6a44d-3130-4403-b5cb-3639929a10a0,8
e1a6a44d-3130-4403-b5cb-3639929a10a0,9
e1a6a44d-3130-4403-b5cb-3639929a10a0,10
e1a6a44d-3130-4403-b5cb-3639929a10a0,11
e1a6a44d-3130-4403-b5cb-3639929a10a0,13
66e23ee6-0c84-4b0a-8695-e735c473b919,7
66e23ee6-0c84-4b0a-8695-e735c473b919,11
66e23ee6-0c84-4b0a-8695-e735c473b919,12
66e23ee6-0c84-4b0a-8695-e735c473b919,16
540abdf1-304b-4ae8-be52-92cdac07dce3,10
540abdf1-304b-4ae8-be52-92cdac07dce3,12
540abdf1-304b-4ae8-be52-92cdac07dce3,14
ce83a092-82c8-459d-a3f0-992a16e68c2c,6
ce83a092-82c8-459d-a3f0-992a16e68c2c,8
ce83a092-82c8-459d-a3f0-992a16e68c2c,19
8447be2e-4776-47d8-b0e5-e6a88f3e7d22,7
8447be2e-4776-47d8-b0e5-e6a88f3e7d22,10
8447be2e-4776-47d8-b0e5-e6a88f3e7d22,15
8447be2e-4776-47d8-b0e5-e6a88f3e7d22,20
1d623cd5-7c52-4925-a204-0c46c3869a1d,2
1d623cd5-7c52-4925-a204-0c46c3869a1d,3
1d623cd5-7c52-4925-a204-0c46c3869a1d,9
1d623cd5-7c52-4925-a204-0c46c3869a1d,10
1d623cd5-7c52-4925-a204-0c46c3869a1d,12
d1d788a6-dd4c-4608-94bc-b1fd10c2a24e,1
d1d788a6-dd4c-4608-94bc-b1fd10c2a24e,4
d1d788a6-dd4c-4608-94bc-b1fd10c2a24e,8
e3327257-45ae-4912-b4c2-08f9cb4d8536,9
e3327257-45ae-4912-b4c2-08f9cb4d8536,10
e3327257-45ae-4912-b4c2-08f9cb4d8536,11
e3327257-45ae-4912-b4c2-08f9cb4d8536,15
e3327257-45ae-4912-b4c2-08f9cb4d8536,16
e3327257-45ae-4912-b4c2-08f9cb4d8536,20
539b3526-9e3d-45bd-baef-ec9d16abc2eb,4
539b3526-9e3d-45bd-baef-ec9d16abc2eb,7
539b3526-9e3d-45bd-baef-ec9d16abc2eb,10
07e91d9a-58ac-4123-b88a-e84d593d3c95,2
07e91d9a-58ac-4123-b88a-e84d593d3c95,11
07e91d9a-58ac-4123-b88a-e84d593d3c95,12
07e91d9a-58ac-4123-b88a-e84d593d3c95,14
07e91d9a-58ac-4123-b88a-e84d593d3c95,18
d07b17dc-7457-4ac7-81fc-f5ba88f492bc,9
d07b17dc-7457-4ac7-81fc-f5ba88f492bc,10
d07b17dc-7457-4ac7-81fc-f5ba88f492bc,11
d07b17dc-7457-4ac7-81fc-f5ba88f492bc,15
d07b17dc-7457-4ac7-81fc-f5ba88f492bc,20
67a9bdfe-c1f6-4192-8df9-d2341b9bf61f,8
67a9bdfe-c1f6-4192-8df9-d2341b9bf61f,9
67a9bdfe-c1f6-4192-8df9-d2341b9bf61f,10
67a9bdfe-c1f6-4192-8df9-d2341b9bf61f,19
77ebff33-67f5-4c17-8bff-846fc504a43d,11
77ebff33-67f5-4c17-8bff-846fc504a43d,17
77ebff33-67f5-4c17-8bff-846fc504a43d,20
fd139f69-a02f-403a-a413-19b49a716926,8
fd139f69-a02f-403a-a413-19b49a716926,10
fd139f69-a02f-403a-a413-19b49a716926,15
fd139f69-a02f-403a-a413-19b49a716926,16
1d564304-c607-4b67-b00b-0c3c6644f9c6,9
1d564304-c607-4b67-b00b-0c3c6644f9c6,10
1d564304-c607-4b67-b00b-0c3c6644f9c6,17
386678c1-8afb-482c-b6b3-73f0980bd1cf,3
386678c1-8afb-482c-b6b3-73f0980bd1cf,11
386678c1-8afb-482c-b6b3-73f0980bd1cf,12
386678c1-8afb-482c-b6b3-73f0980bd1cf,16
386678c1-8afb-482c-b6b3-73f0980bd1cf,17
7d24e8ab-d927-443c-a1e1-04b73211032b,7
7d24e8ab-d927-443c-a1e1-04b73211032b,8
7d24e8ab-d927-443c-a1e1-04b73211032b,14
dc77d7ee-0010-4612-9a40-e655be92d3eb,4
dc77d7ee-0010-4612-9a40-e655be92d3eb,7
dc77d7ee-0010-4612-9a40-e655be92d3eb,8
dc77d7ee-0010-4612-9a40-e655be92d3eb,10
dc77d7ee-0010-4612-9a40-e655be92d3eb,13
dc77d7ee-0010-4612-9a40-e655be92d3eb,17
c848b20c-f059-4930-95e5-93f28ae465c9,4
c848b20c-f059-4930-95e5-93f28ae465c9,7
c848b20c-f059-4930-95e5-93f28ae465c9,9
c848b20c-f059-4930-95e5-93f28ae465c9,10
c848b20c-f059-4930-95e5-93f28ae465c9,11
c848b20c-f059-4930-95e5-93f28ae465c9,12
5b666a1b-6391-46d4-8c0c-b2e34ab3fb1b,3
5b666a1b-6391-46d4-8c0c-b2e34ab3fb1b,9
5b666a1b-6391-46d4-8c0c-b2e34ab3fb1b,11
5b666a1b-6391-46d4-8c0c-b2e34ab3fb1b,12
5b666a1b-6391-46d4-8c0c-b2e34ab3fb1b,14
3e97ef54-2c80-4360-8b88-839042ab9574,8
3e97ef54-2c80-4360-8b88-839042ab9574,10
3e97ef54-2c80-4360-8b88-839042ab9574,19
3e97ef54-2c80-4360-8b88-839042ab9574,20
83181837-ca9a-4a93-95ef-82c0c1624078,10
83181837-ca9a-4a93-95ef-82c0c1624078,12
83181837-ca9a-4a93-95ef-82c0c1624078,20
7c02e81b-64f2-451d-bbab-b807fd72ef10,6
7c02e81b-64f2-451d-bbab-b807fd72ef10,7
7c02e81b-64f2-451d-bbab-b807fd72ef10,9
7c02e81b-64f2-451d-bbab-b807fd72ef10,10
13b60d08-4e39-4999-9cce-26b8ce8619c7,3
13b60d08-4e39-4999-9cce-26b8ce8619c7,7
13b60d08-4e39-4999-9cce-26b8ce8619c7,9
13b60d08-4e39-4999-9cce-26b8ce8619c7,20
519b9a11-2a24-4779-b6be-e9dbde661345,11
519b9a11-2a24-4779-b6be-e9dbde661345,12
519b9a11-2a24-4779-b6be-e9dbde661345,14
519b9a11-2a24-4779-b6be-e9dbde661345,20
0198bc4b-8443-4754-8317-49b56f81ecea,1
0198bc4b-8443-4754-8317-49b56f81ecea,4
0198bc4b-8443-4754-8317-49b56f81ecea,5
0198bc4b-8443-4754-8317-49b56f81ecea,6
0198bc4b-8443-4754-8317-49b56f81ecea,8
0198bc4b-8443-4754-8317-49b56f81ecea,10
0198bc4b-8443-4754-8317-49b56f81ecea,11
cd45e040-a67a-4dcd-9015-7d07e78b78d0,5
cd45e040-a67a-4dcd-9015-7d07e78b78d0,11
cd45e040-a67a-4dcd-9015-7d07e78b78d0,12
cd45e040-a67a-4dcd-9015-7d07e78b78d0,20
83fa4897-ec74-4b08-86e3-0d09187fe146,8
83fa4897-ec74-4b08-86e3-0d09187fe146,10
83fa4897-ec74-4b08-86e3-0d09187fe146,11
83fa4897-ec74-4b08-86e3-0d09187fe146,13
83fa4897-ec74-4b08-86e3-0d09187fe146,16
debfdb17-41a8-47ec-a914-677fa4a8b9d1,2
debfdb17-41a8-47ec-a914-677fa4a8b9d1,11
debfdb17-41a8-47ec-a914-677fa4a8b9d1,15
6f4c6165-4dbe-4ad2-8a95-2bd31eda39cc,5
6f4c6165-4dbe-4ad2-8a95-2bd31eda39cc,6
6f4c6165-4dbe-4ad2-8a95-2bd31eda39cc,8
6f4c6165-4dbe-4ad2-8a95-2bd31eda39cc,10
6f4c6165-4dbe-4ad2-8a95-2bd31eda39cc,11
db513ac4-80bc-4d09-864b-24fb5dee1da4,4
db513ac4-80bc-4d09-864b-24fb5dee1da4,5
db513ac4-80bc-4d09-864b-24fb5dee1da4,6
db513ac4-80bc-4d09-864b-24fb5dee1da4,7
db513ac4-80bc-4d09-864b-24fb5dee1da4,10
db513ac4-80bc-4d09-864b-24fb5dee1da4,11
d8442010-86d2-470e-89d9-f9e4e6c5e0df,1
d8442010-86d2-470e-89d9-f9e4e6c5e0df,4
d8442010-86d2-470e-89d9-f9e4e6c5e0df,7
d8442010-86d2-470e-89d9-f9e4e6c5e0df,12
45f2fe70-a2a2-4fcc-b0f2-29306540418a,9
45f2fe70-a2a2-4fcc-b0f2-29306540418a,13
45f2fe70-a2a2-4fcc-b0f2-29306540418a,15
9688090a-bae1-4697-9360-a77944da2a0e,4
9688090a-bae1-4697-9360-a77944da2a0e,5
9688090a-bae1-4697-9360-a77944da2a0e,9
9688090a-bae1-4697-9360-a77944da2a0e,13
4bd7d747-9088-4441-a4ca-12c5a3c80cfb,4
4bd7d747-9088-4441-a4ca-12c5a3c80cfb,11
4bd7d747-9088-4441-a4ca-12c5a3c80cfb,16
4bd7d747-9088-4441-a4ca-12c5a3c80cfb,20
1f386289-521a-489e-a60a-2c215d2f95e7,2
1f386289-521a-489e-a60a-2c215d2f95e7,11
1f386289-521a-489e-a60a-2c215d2f95e7,14
1f386289-521a-489e-a60a-2c215d2f95e7,19
1f386289-521a-489e-a60a-2c215d2f95e7,20
fca54b39-ad76-4871-81f2-5f93bcf119a2,4
fca54b39-ad76-4871-81f2-5f93bcf119a2,7
fca54b39-ad76-4871-81f2-5f93bcf119a2,8
fca54b39-ad76-4871-81f2-5f93bcf119a2,11
fca54b39-ad76-4871-81f2-5f93bcf119a2,12
fca54b39-ad76-4871-81f2-5f93bcf119a2,20
a653f1b8-2202-491e-8b31-77d92d162949,6
a653f1b8-2202-491e-8b31-77d92d162949,9
a653f1b8-2202-491e-8b31-77d92d162949,11
a653f1b8-2202-491e-8b31-77d92d162949,12
29a2042e-69ee-471d-ad13-086615962ccf,2
29a2042e-69ee-471d-ad13-086615962ccf,3
29a2042e-69ee-471d-ad13-086615962ccf,5
29a2042e-69ee-471d-ad13-086615962ccf,11
29a2042e-69ee-471d-ad13-086615962ccf,12
29a2042e-69ee-471d-ad13-086615962ccf,15
29a2042e-69ee-471d-ad13-086615962ccf,17
2cd12ab6-9690-4f95-a135-d3dc346ec176,1
2cd12ab6-9690-4f95-a135-d3dc346ec176,6
2cd12ab6-9690-4f95-a135-d3dc346ec176,7
2cd12ab6-9690-4f95-a135-d3dc346ec176,8
2cd12ab6-9690-4f95-a135-d3dc346ec176,11
2cd12ab6-9690-4f95-a135-d3dc346ec176,12
978615d9-0394-47fb-a990-7b91e37cbcf3,3
978615d9-0394-47fb-a990-7b91e37cbcf3,11
978615d9-0394-47fb-a990-7b91e37cbcf3,12
978615d9-0394-47fb-a990-7b91e37cbcf3,14
978615d9-0394-47fb-a990-7b91e37cbcf3,15
39a22ca0-e67b-4e63-8b37-6aea793fe5ea,11
39a22ca0-e67b-4e63-8b37-6aea793fe5ea,12
39a22ca0-e67b-4e63-8b37-6aea793fe5ea,16
39a22ca0-e67b-4e63-8b37-6aea793fe5ea,19
1092232c-ca39-4c9d-90f6-d303d67af0e4,2
1092232c-ca39-4c9d-90f6-d303d67af0e4,9
1092232c-ca39-4c9d-90f6-d303d67af0e4,11
1092232c-ca39-4c9d-90f6-d303d67af0e4,19
72efd112-3855-4a02-9572-9799474fbdf0,2
72efd112-3855-4a02-9572-9799474fbdf0,3
72efd112-3855-4a02-9572-9799474fbdf0,14
72efd112-3855-4a02-9572-9799474fbdf0,15
72efd112-3855-4a02-9572-9799474fbdf0,17
8eb23e0d-e7bd-4642-b245-6338a02daf5d,4
8eb23e0d-e7bd-4642-b245-6338a02daf5d,6
8eb23e0d-e7bd-4642-b245-6338a02daf5d,8
8eb23e0d-e7bd-4642-b245-6338a02daf5d,13
8eb23e0d-e7bd-4642-b245-6338a02daf5d,15
da4776f2-e6b8-4c43-abd8-a693f8b71f5f,4
da4776f2-e6b8-4c43-abd8-a693f8b71f5f,6
da4776f2-e6b8-4c43-abd8-a693f8b71f5f,10
da4776f2-e6b8-4c43-abd8-a693f8b71f5f,11
921f32d9-32ea-4d21-8db4-7b339d13a5b6,10
921f32d9-32ea-4d21-8db4-7b339d13a5b6,11
921f32d9-32ea-4d21-8db4-7b339d13a5b6,12
921f32d9-32ea-4d21-8db4-7b339d13a5b6,15
7bf1e94f-695d-4afe-9fb2-f60aff59abb9,4
7bf1e94f-695d-4afe-9fb2-f60aff59abb9,5
7bf1e94f-695d-4afe-9fb2-f60aff59abb9,6
7bf1e94f-695d-4afe-9fb2-f60aff59abb9,9
7bf1e94f-695d-4afe-9fb2-f60aff59abb9,10
7bf1e94f-695d-4afe-9fb2-f60aff59abb9,12
ea40f618-7f28-4677-9945-8b26e9dad431,4
ea40f618-7f28-4677-9945-8b26e9dad431,7
ea40f618-7f28-4677-9945-8b26e9dad431,8
ea40f618-7f28-4677-9945-8b26e9dad431,10
ea40f618-7f28-4677-9945-8b26e9dad431,20
ed50a04f-41be-4ee7-89ae-aed7531faa34,9
ed50a04f-41be-4ee7-89ae-aed7531faa34,11
ed50a04f-41be-4ee7-89ae-aed7531faa34,12
ed50a04f-41be-4ee7-89ae-aed7531faa34,17
ed50a04f-41be-4ee7-89ae-aed7531faa34,20
009106ed-775c-4434-bfde-f95de8733d4b,5
009106ed-775c-4434-bfde-f95de8733d4b,10
009106ed-775c-4434-bfde-f95de8733d4b,18
b8b374dd-9fa4-4bbd-9bb0-e00bf90d665f,4
b8b374dd-9fa4-4bbd-9bb0-e00bf90d665f,9
b8b374dd-9fa4-4bbd-9bb0-e00bf90d665f,11
b8b374dd-9fa4-4bbd-9bb0-e00bf90d665f,15
1423a03e-cee5-47c1-8a33-c4e950c56923,5
1423a03e-cee5-47c1-8a33-c4e950c56923,7
1423a03e-cee5-47c1-8a33-c4e950c56923,10
1423a03e-cee5-47c1-8a33-c4e950c56923,11
1423a03e-cee5-47c1-8a33-c4e950c56923,12
113c738a-c462-4ce1-8d84-bd0ba9a11de9,4
113c738a-c462-4ce1-8d84-bd0ba9a11de9,10
113c738a-c462-4ce1-8d84-bd0ba9a11de9,11
113c738a-c462-4ce1-8d84-bd0ba9a11de9,20
a28bebfa-b4eb-4a1f-9fc2-0354999a2f57,6
a28bebfa-b4eb-4a1f-9fc2-0354999a2f57,8
a28bebfa-b4eb-4a1f-9fc2-0354999a2f57,18
a28bebfa-b4eb-4a1f-9fc2-0354999a2f57,20
5eaddab7-e9e5-496f-98cf-f1c69022ecfa,4
5eaddab7-e9e5-496f-98cf-f1c69022ecfa,5
5eaddab7-e9e5-496f-98cf-f1c69022ecfa,8
5eaddab7-e9e5-496f-98cf-f1c69022ecfa,12
5eaddab7-e9e5-496f-98cf-f1c69022ecfa,17
16aecb05-9ec8-4d03-8476-a54437617f6a,5
16aecb05-9ec8-4d03-8476-a54437617f6a,10
16aecb05-9ec8-4d03-8476-a54437617f6a,13
16aecb05-9ec8-4d03-8476-a54437617f6a,15
db51b55f-fef8-478b-b35a-f2511f4012c2,9
db51b55f-fef8-478b-b35a-f2511f4012c2,10
db51b55f-fef8-478b-b35a-f2511f4012c2,11
db51b55f-fef8-478b-b35a-f2511f4012c2,12
db51b55f-fef8-478b-b35a-f2511f4012c2,17
10ce4b9d-f78c-4d8e-8d10-eddbd1739f65,1
10ce4b9d-f78c-4d8e-8d10-eddbd1739f65,8
10ce4b9d-f78c-4d8e-8d10-eddbd1739f65,9
10ce4b9d-f78c-4d8e-8d10-eddbd1739f65,10
10ce4b9d-f78c-4d8e-8d10-eddbd1739f65,20
8a674818-0a1b-475b-a8c9-cbe1e87d7943,11
8a674818-0a1b-475b-a8c9-cbe1e87d7943,13
8a674818-0a1b-475b-a8c9-cbe1e87d7943,14
8a674818-0a1b-475b-a8c9-cbe1e87d7943,15
8a674818-0a1b-475b-a8c9-cbe1e87d7943,18
fcde4003-2759-47b7-b54d-25da4c86740a,8
fcde4003-2759-47b7-b54d-25da4c86740a,10
fcde4003-2759-47b7-b54d-25da4c86740a,13
fcde4003-2759-47b7-b54d-25da4c86740a,16
182f7f8c-7ece-40b1-9940-ad0854333381,6
182f7f8c-7ece-40b1-9940-ad0854333381,11
182f7f8c-7ece-40b1-9940-ad0854333381,12
182f7f8c-7ece-40b1-9940-ad0854333381,20
2175c618-8005-4079-a3b1-a423bd703308,5
2175c618-8005-4079-a3b1-a423bd703308,6
2175c618-8005-4079-a3b1-a423bd703308,8
2924ebf4-7416-4911-9fb8-c3bd86f39111,7
2924ebf4-7416-4911-9fb8-c3bd86f39111,9
2924ebf4-7416-4911-9fb8-c3bd86f39111,11
2924ebf4-7416-4911-9fb8-c3bd86f39111,12
2924ebf4-7416-4911-9fb8-c3bd86f39111,14
2924ebf4-7416-4911-9fb8-c3bd86f39111,18
3f86e892-6ecb-4028-b135-17c98a50e599,4
3f86e892-6ecb-4028-b135-17c98a50e599,7
3f86e892-6ecb-4028-b135-17c98a50e599,10
3f86e892-6ecb-4028-b135-17c98a50e599,13
3f86e892-6ecb-4028-b135-17c98a50e599,15
3fed2f1f-ed8e-425e-a9c7-8401c4bea33c,5
3fed2f1f-ed8e-425e-a9c7-8401c4bea33c,6
3fed2f1f-ed8e-425e-a9c7-8401c4bea33c,8
3fed2f1f-ed8e-425e-a9c7-8401c4bea33c,10
bc4f2415-4186-4d74-ba12-52a4a7b18bc6,7
bc4f2415-4186-4d74-ba12-52a4a7b18bc6,8
bc4f2415-4186-4d74-ba12-52a4a7b18bc6,10
bc4f2415-4186-4d74-ba12-52a4a7b18bc6,11
bc4f2415-4186-4d74-ba12-52a4a7b18bc6,12
bc4f2415-4186-4d74-ba12-52a4a7b18bc6,13
1a5ca586-55ef-4c1b-9c5f-2f5b56931420,8
1a5ca586-55ef-4c1b-9c5f-2f5b56931420,9
1a5ca586-55ef-4c1b-9c5f-2f5b56931420,13
1a5ca586-55ef-4c1b-9c5f-2f5b56931420,16
1a5ca586-55ef-4c1b-9c5f-2f5b56931420,20
9d9f828f-6d17-4846-b840-5c49524aebe1,4
9d9f828f-6d17-4846-b840-5c49524aebe1,11
9d9f828f-6d17-4846-b840-5c49524aebe1,12
9d9f828f-6d17-4846-b840-5c49524aebe1,18
9d9f828f-6d17-4846-b840-5c49524aebe1,19
9d9f828f-6d17-4846-b840-5c49524aebe1,20
f5a200ca-45a2-445d-906e-548d24f00cd6,2
f5a200ca-45a2-445d-906e-548d24f00cd6,9
f5a200ca-45a2-445d-906e-548d24f00cd6,11
f5a200ca-45a2-445d-906e-548d24f00cd6,14
2976ce73-94df-4e12-ac34-fb596591b7c2,9
2976ce73-94df-4e12-ac34-fb596591b7c2,12
2976ce73-94df-4e12-ac34-fb596591b7c2,14
2976ce73-94df-4e12-ac34-fb596591b7c2,18
2976ce73-94df-4e12-ac34-fb596591b7c2,19
4f401a8b-a036-4ae4-ac18-f69336a55209,6
4f401a8b-a036-4ae4-ac18-f69336a55209,8
4f401a8b-a036-4ae4-ac18-f69336a55209,10
4f401a8b-a036-4ae4-ac18-f69336a55209,15
0232704b-fe64-4d43-ae17-055e3ae29f0c,3
0232704b-fe64-4d43-ae17-055e3ae29f0c,7
0232704b-fe64-4d43-ae17-055e3ae29f0c,8
274ae9a0-e988-401e-abd7-6ebe2287f737,6
274ae9a0-e988-401e-abd7-6ebe2287f737,8
274ae9a0-e988-401e-abd7-6ebe2287f737,10
274ae9a0-e988-401e-abd7-6ebe2287f737,11
95678daf-22ef-4265-aecc-265d306f786c,13
95678daf-22ef-4265-aecc-265d306f786c,14
95678daf-22ef-4265-aecc-265d306f786c,18
95678daf-22ef-4265-aecc-265d306f786c,19
95678daf-22ef-4265-aecc-265d306f786c,20
da6180bb-789f-4ba7-887c-08f5033ce3bd,9
da6180bb-789f-4ba7-887c-08f5033ce3bd,11
da6180bb-789f-4ba7-887c-08f5033ce3bd,12
da6180bb-789f-4ba7-887c-08f5033ce3bd,20
36188e90-d5be-40a4-9643-81566debb269,9
36188e90-d5be-40a4-9643-81566debb269,10
36188e90-d5be-40a4-9643-81566debb269,11
36188e90-d5be-40a4-9643-81566debb269,15
36188e90-d5be-40a4-9643-81566debb269,18
36188e90-d5be-40a4-9643-81566debb269,20
b6421516-65a2-4794-a3cf-e6d057cb9c36,2
b6421516-65a2-4794-a3cf-e6d057cb9c36,8
b6421516-65a2-4794-a3cf-e6d057cb9c36,10
b6421516-65a2-4794-a3cf-e6d057cb9c36,11
b6421516-65a2-4794-a3cf-e6d057cb9c36,13
b6421516-65a2-4794-a3cf-e6d057cb9c36,20
08dc70fc-64c7-4fb3-ab1f-76c43226fdbf,7
08dc70fc-64c7-4fb3-ab1f-76c43226fdbf,10
08dc70fc-64c7-4fb3-ab1f-76c43226fdbf,11
08dc70fc-64c7-4fb3-ab1f-76c43226fdbf,13
eb0df4f4-149a-40ce-ab54-70d49d31204a,5
eb0df4f4-149a-40ce-ab54-70d49d31204a,6
eb0df4f4-149a-40ce-ab54-70d49d31204a,7
eb0df4f4-149a-40ce-ab54-70d49d31204a,11
eb0df4f4-149a-40ce-ab54-70d49d31204a,12
eb0df4f4-149a-40ce-ab54-70d49d31204a,17
767ea648-35e6-4c66-b049-e1eb3d86476b,4
767ea648-35e6-4c66-b049-e1eb3d86476b,8
767ea648-35e6-4c66-b049-e1eb3d86476b,10
767ea648-35e6-4c66-b049-e1eb3d86476b,11
767ea648-35e6-4c66-b049-e1eb3d86476b,14
b028e6d5-941b-4894-816c-80a8024ffabd,1
b028e6d5-941b-4894-816c-80a8024ffabd,4
b028e6d5-941b-4894-816c-80a8024ffabd,5
b028e6d5-941b-4894-816c-80a8024ffabd,7
b028e6d5-941b-4894-816c-80a8024ffabd,8
b028e6d5-941b-4894-816c-80a8024ffabd,10
0d3b9abd-2bf6-47a0-b674-e66bfbd1c058,9
0d3b9abd-2bf6-47a0-b674-e66bfbd1c058,10
0d3b9abd-2bf6-47a0-b674-e66bfbd1c058,11
0d3b9abd-2bf6-47a0-b674-e66bfbd1c058,14
fd4de66f-9089-4132-b386-bcc0aed023a5,10
fd4de66f-9089-4132-b386-bcc0aed023a5,13
fd4de66f-9089-4132-b386-bcc0aed023a5,20
cda07ab2-acb0-42ea-8b8d-d21f330bf70c,4
cda07ab2-acb0-42ea-8b8d-d21f330bf70c,7
cda07ab2-acb0-42ea-8b8d-d21f330bf70c,8
cda07ab2-acb0-42ea-8b8d-d21f330bf70c,10
cda07ab2-acb0-42ea-8b8d-d21f330bf70c,12
cda07ab2-acb0-42ea-8b8d-d21f330bf70c,19
a3ff7146-5c5d-4b32-aa8d-e1dc67bae50e,7
a3ff7146-5c5d-4b32-aa8d-e1dc67bae50e,11
a3ff7146-5c5d-4b32-aa8d-e1dc67bae50e,12
a3ff7146-5c5d-4b32-aa8d-e1dc67bae50e,20
0280d734-a9d4-4fa0-ab8b-772dff7f7954,7
0280d734-a9d4-4fa0-ab8b-772dff7f7954,12
0280d734-a9d4-4fa0-ab8b-772dff7f7954,15
0280d734-a9d4-4fa0-ab8b-772dff7f7954,20
5bfb3b47-b622-4dea-bcef-0b3827189ab1,8
5bfb3b47-b622-4dea-bcef-0b3827189ab1,10
5bfb3b47-b622-4dea-bcef-0b3827189ab1,15
5bfb3b47-b622-4dea-bcef-0b3827189ab1,18
5bfb3b47-b622-4dea-bcef-0b3827189ab1,20
7b2ed7d5-f93f-4698-ab83-c0b80f41facc,4
7b2ed7d5-f93f-4698-ab83-c0b80f41facc,6
7b2ed7d5-f93f-4698-ab83-c0b80f41facc,8
7b2ed7d5-f93f-4698-ab83-c0b80f41facc,11
7b2ed7d5-f93f-4698-ab83-c0b80f41facc,19
8b802ae2-7e2f-4ae3-b9db-55586c1e446d,5
8b802ae2-7e2f-4ae3-b9db-55586c1e446d,7
8b802ae2-7e2f-4ae3-b9db-55586c1e446d,20
1815820e-1287-4637-b9f1-9bd95f95ca22,9
1815820e-1287-4637-b9f1-9bd95f95ca22,10
1815820e-1287-4637-b9f1-9bd95f95ca22,12
1815820e-1287-4637-b9f1-9bd95f95ca22,13
1815820e-1287-4637-b9f1-9bd95f95ca22,20
b5327700-4b72-4e84-bd67-c0134c3733c6,3
b5327700-4b72-4e84-bd67-c0134c3733c6,14
b5327700-4b72-4e84-bd67-c0134c3733c6,15
b5327700-4b72-4e84-bd67-c0134c3733c6,17
fd337d25-a333-4d37-94b8-71f30778f874,5
fd337d25-a333-4d37-94b8-71f30778f874,6
fd337d25-a333-4d37-94b8-71f30778f874,8
fd337d25-a333-4d37-94b8-71f30778f874,10
fd337d25-a333-4d37-94b8-71f30778f874,11
fd337d25-a333-4d37-94b8-71f30778f874,15
55831852-80ae-4ac9-b6c1-ecd2efaef1b7,3
55831852-80ae-4ac9-b6c1-ecd2efaef1b7,11
55831852-80ae-4ac9-b6c1-ecd2efaef1b7,12
55831852-80ae-4ac9-b6c1-ecd2efaef1b7,15
55831852-80ae-4ac9-b6c1-ecd2efaef1b7,17
b899ea61-699a-400a-98b6-1966f23e209b,9
b899ea61-699a-400a-98b6-1966f23e209b,11
b899ea61-699a-400a-98b6-1966f23e209b,12
b899ea61-699a-400a-98b6-1966f23e209b,18
ac16955a-100a-49c4-9550-f3e3c118b812,9
ac16955a-100a-49c4-9550-f3e3c118b812,11
ac16955a-100a-49c4-9550-f3e3c118b812,20
54409a34-c3aa-481c-899b-bb0da3317aeb,3
54409a34-c3aa-481c-899b-bb0da3317aeb,12
54409a34-c3aa-481c-899b-bb0da3317aeb,15
54409a34-c3aa-481c-899b-bb0da3317aeb,17
8109e1d3-64d6-452e-8d2d-8f0129c10b07,5
8109e1d3-64d6-452e-8d2d-8f0129c10b07,8
8109e1d3-64d6-452e-8d2d-8f0129c10b07,9
8109e1d3-64d6-452e-8d2d-8f0129c10b07,11
8109e1d3-64d6-452e-8d2d-8f0129c10b07,12
8109e1d3-64d6-452e-8d2d-8f0129c10b07,15
8109e1d3-64d6-452e-8d2d-8f0129c10b07,20
18461a76-23dd-484e-ac0a-37f832c9ef57,6
18461a76-23dd-484e-ac0a-37f832c9ef57,12
18461a76-23dd-484e-ac0a-37f832c9ef57,19
912a90c4-9c49-4b06-b8aa-4363306047bd,2
912a90c4-9c49-4b06-b8aa-4363306047bd,9
912a90c4-9c49-4b06-b8aa-4363306047bd,11
912a90c4-9c49-4b06-b8aa-4363306047bd,12
912a90c4-9c49-4b06-b8aa-4363306047bd,14
912a90c4-9c49-4b06-b8aa-4363306047bd,19
912a90c4-9c49-4b06-b8aa-4363306047bd,20
770a3736-dd6c-443d-92ff-d84e014a53e9,3
770a3736-dd6c-443d-92ff-d84e014a53e9,9
770a3736-dd6c-443d-92ff-d84e014a53e9,11
770a3736-dd6c-443d-92ff-d84e014a53e9,12
770a3736-dd6c-443d-92ff-d84e014a53e9,18
770a3736-dd6c-443d-92ff-d84e014a53e9,20
216e3c28-a95a-4cd1-b163-01b319c3d109,3
216e3c28-a95a-4cd1-b163-01b319c3d109,9
216e3c28-a95a-4cd1-b163-01b319c3d109,14
216e3c28-a95a-4cd1-b163-01b319c3d109,18
29f74c43-1a2b-4d01-b448-078c38c9e28a,3
29f74c43-1a2b-4d01-b448-078c38c9e28a,9
29f74c43-1a2b-4d01-b448-078c38c9e28a,11
cd925f76-6a4a-4b65-b4d7-839f7aa778fc,8
cd925f76-6a4a-4b65-b4d7-839f7aa778fc,9
cd925f76-6a4a-4b65-b4d7-839f7aa778fc,10
cd925f76-6a4a-4b65-b4d7-839f7aa778fc,12
cd925f76-6a4a-4b65-b4d7-839f7aa778fc,14
cd925f76-6a4a-4b65-b4d7-839f7aa778fc,15
cd925f76-6a4a-4b65-b4d7-839f7aa778fc,20
e7425416-7558-4a4c-b82a-b8381c76e35b,4
e7425416-7558-4a4c-b82a-b8381c76e35b,6
e7425416-7558-4a4c-b82a-b8381c76e35b,7
e7425416-7558-4a4c-b82a-b8381c76e35b,10
d7f518f6-8981-4973-9c42-b49423f7f23e,6
d7f518f6-8981-4973-9c42-b49423f7f23e,8
d7f518f6-8981-4973-9c42-b49423f7f23e,10
d7f518f6-8981-4973-9c42-b49423f7f23e,13
d7f518f6-8981-4973-9c42-b49423f7f23e,14
233d2989-90d7-4cf0-9bea-58a5e4bac3d2,2
233d2989-90d7-4cf0-9bea-58a5e4bac3d2,3
233d2989-90d7-4cf0-9bea-58a5e4bac3d2,11
233d2989-90d7-4cf0-9bea-58a5e4bac3d2,14
233d2989-90d7-4cf0-9bea-58a5e4bac3d2,17
2e981684-37c3-4d1b-b874-e32a851cd0af,9
2e981684-37c3-4d1b-b874-e32a851cd0af,12
2e981684-37c3-4d1b-b874-e32a851cd0af,14
2e981684-37c3-4d1b-b874-e32a851cd0af,18
37984151-0631-4f6f-b709-904ba8c61676,4
37984151-0631-4f6f-b709-904ba8c61676,8
37984151-0631-4f6f-b709-904ba8c61676,10
37984151-0631-4f6f-b709-904ba8c61676,12
c45d7879-b91c-47e2-9f80-fe17082b34a9,2
c45d7879-b91c-47e2-9f80-fe17082b34a9,9
c45d7879-b91c-47e2-9f80-fe17082b34a9,12
c45d7879-b91c-47e2-9f80-fe17082b34a9,14
c45d7879-b91c-47e2-9f80-fe17082b34a9,17
c45d7879-b91c-47e2-9f80-fe17082b34a9,20
82acf793-5875-4b86-a2c7-7bfc77ca1687,3
82acf793-5875-4b86-a2c7-7bfc77ca1687,7
82acf793-5875-4b86-a2c7-7bfc77ca1687,11
82acf793-5875-4b86-a2c7-7bfc77ca1687,12
82acf793-5875-4b86-a2c7-7bfc77ca1687,14
82acf793-5875-4b86-a2c7-7bfc77ca1687,18
82acf793-5875-4b86-a2c7-7bfc77ca1687,20
45c10be6-7fac-4883-8cee-b772caa3f8de,4
45c10be6-7fac-4883-8cee-b772caa3f8de,19
45c10be6-7fac-4883-8cee-b772caa3f8de,20
b55fd364-1df7-46e9-8a10-21de5cd5b1f3,8
b55fd364-1df7-46e9-8a10-21de5cd5b1f3,9
b55fd364-1df7-46e9-8a10-21de5cd5b1f3,10
b55fd364-1df7-46e9-8a10-21de5cd5b1f3,11
b55fd364-1df7-46e9-8a10-21de5cd5b1f3,14
b55fd364-1df7-46e9-8a10-21de5cd5b1f3,20
1cd8ca71-932d-472a-befa-2aa189cc5a74,6
1cd8ca71-932d-472a-befa-2aa189cc5a74,10
1cd8ca71-932d-472a-befa-2aa189cc5a74,12
1cd8ca71-932d-472a-befa-2aa189cc5a74,14
b273077f-41d4-4b27-99b4-fa52d85d84e2,4
b273077f-41d4-4b27-99b4-fa52d85d84e2,5
b273077f-41d4-4b27-99b4-fa52d85d84e2,6
b273077f-41d4-4b27-99b4-fa52d85d84e2,11
b273077f-41d4-4b27-99b4-fa52d85d84e2,12
b273077f-41d4-4b27-99b4-fa52d85d84e2,15
8a3bbec3-4136-45f6-b098-bbb2be370926,3
8a3bbec3-4136-45f6-b098-bbb2be370926,7
8a3bbec3-4136-45f6-b098-bbb2be370926,10
8a3bbec3-4136-45f6-b098-bbb2be370926,12
6d306999-ddb5-47e6-9aec-107cca3f6bbb,3
6d306999-ddb5-47e6-9aec-107cca3f6bbb,9
6d306999-ddb5-47e6-9aec-107cca3f6bbb,11
6d306999-ddb5-47e6-9aec-107cca3f6bbb,12
6d306999-ddb5-47e6-9aec-107cca3f6bbb,15
6d306999-ddb5-47e6-9aec-107cca3f6bbb,17
74164678-a923-474f-9942-ef98874b21a7,7
74164678-a923-474f-9942-ef98874b21a7,8
74164678-a923-474f-9942-ef98874b21a7,9
74164678-a923-474f-9942-ef98874b21a7,16
23ce8810-f0b8-4d2e-8e2b-68771418b437,9
23ce8810-f0b8-4d2e-8e2b-68771418b437,10
23ce8810-f0b8-4d2e-8e2b-68771418b437,11
23ce8810-f0b8-4d2e-8e2b-68771418b437,13
23ce8810-f0b8-4d2e-8e2b-68771418b437,15
23ce8810-f0b8-4d2e-8e2b-68771418b437,17
622dbe54-2ae7-45b3-9c3e-e10174715762,7
622dbe54-2ae7-45b3-9c3e-e10174715762,9
622dbe54-2ae7-45b3-9c3e-e10174715762,14
622dbe54-2ae7-45b3-9c3e-e10174715762,18
622dbe54-2ae7-45b3-9c3e-e10174715762,19
622dbe54-2ae7-45b3-9c3e-e10174715762,20
4696641d-ca0e-4d94-9047-ade0d245ddb5,2
4696641d-ca0e-4d94-9047-ade0d245ddb5,9
4696641d-ca0e-4d94-9047-ade0d245ddb5,11
4696641d-ca0e-4d94-9047-ade0d245ddb5,15
4696641d-ca0e-4d94-9047-ade0d245ddb5,17
b67484d6-57c8-48b2-bc51-671001b1bcda,2
b67484d6-57c8-48b2-bc51-671001b1bcda,12
b67484d6-57c8-48b2-bc51-671001b1bcda,14
b67484d6-57c8-48b2-bc51-671001b1bcda,16
2ef6e49e-2db4-4aba-9300-2be6b73234f7,2
2ef6e49e-2db4-4aba-9300-2be6b73234f7,3
2ef6e49e-2db4-4aba-9300-2be6b73234f7,11
2ef6e49e-2db4-4aba-9300-2be6b73234f7,12
2ef6e49e-2db4-4aba-9300-2be6b73234f7,14
2ef6e49e-2db4-4aba-9300-2be6b73234f7,17
2ef6e49e-2db4-4aba-9300-2be6b73234f7,18
a5e91f29-76ad-47df-8a3c-43ad203ed9c3,4
a5e91f29-76ad-47df-8a3c-43ad203ed9c3,6
a5e91f29-76ad-47df-8a3c-43ad203ed9c3,7
a5e91f29-76ad-47df-8a3c-43ad203ed9c3,9
a5e91f29-76ad-47df-8a3c-43ad203ed9c3,10
a5e91f29-76ad-47df-8a3c-43ad203ed9c3,13
59566cb1-e2b4-4f2a-80be-6b9dcc4429c7,4
59566cb1-e2b4-4f2a-80be-6b9dcc4429c7,10
59566cb1-e2b4-4f2a-80be-6b9dcc4429c7,17
f5977bb6-11a7-4cfa-aa87-84f33d13bae2,7
f5977bb6-11a7-4cfa-aa87-84f33d13bae2,8
f5977bb6-11a7-4cfa-aa87-84f33d13bae2,10
f5977bb6-11a7-4cfa-aa87-84f33d13bae2,11
f5977bb6-11a7-4cfa-aa87-84f33d13bae2,13
4a0da242-8758-4153-94cc-b7593207978b,5
4a0da242-8758-4153-94cc-b7593207978b,12
4a0da242-8758-4153-94cc-b7593207978b,20
76c67646-085b-4496-a704-025ae0fbf520,7
76c67646-085b-4496-a704-025ae0fbf520,9
76c67646-085b-4496-a704-025ae0fbf520,13
76c67646-085b-4496-a704-025ae0fbf520,18
fea147a7-2981-47cc-8b65-ea434394a5f1,3
fea147a7-2981-47cc-8b65-ea434394a5f1,7
fea147a7-2981-47cc-8b65-ea434394a5f1,8
fea147a7-2981-47cc-8b65-ea434394a5f1,13
d3bfd85f-c44c-4a88-ab2d-49f456911251,8
d3bfd85f-c44c-4a88-ab2d-49f456911251,11
d3bfd85f-c44c-4a88-ab2d-49f456911251,12
d3bfd85f-c44c-4a88-ab2d-49f456911251,14
d3bfd85f-c44c-4a88-ab2d-49f456911251,20
38f613ea-5861-4cc9-b537-b6b20e606666,6
38f613ea-5861-4cc9-b537-b6b20e606666,11
38f613ea-5861-4cc9-b537-b6b20e606666,12
38f613ea-5861-4cc9-b537-b6b20e606666,14
d25b06d5-af6c-43d4-9ba8-d64bdd39a1a4,7
d25b06d5-af6c-43d4-9ba8-d64bdd39a1a4,17
d25b06d5-af6c-43d4-9ba8-d64bdd39a1a4,20
0b259536-155f-4e39-9154-32d25e0d2eca,7
0b259536-155f-4e39-9154-32d25e0d2eca,9
0b259536-155f-4e39-9154-32d25e0d2eca,10
0b259536-155f-4e39-9154-32d25e0d2eca,11
1d75134b-1973-443a-8c64-a5c87a7ea0a6,4
1d75134b-1973-443a-8c64-a5c87a7ea0a6,12
1d75134b-1973-443a-8c64-a5c87a7ea0a6,19
8195d324-ed95-44b5-a354-9232cab4e1c0,10
8195d324-ed95-44b5-a354-9232cab4e1c0,11
8195d324-ed95-44b5-a354-9232cab4e1c0,12
8195d324-ed95-44b5-a354-9232cab4e1c0,15
8195d324-ed95-44b5-a354-9232cab4e1c0,20
4c166401-3fd9-47c6-993a-883bd0d2ca29,9
4c166401-3fd9-47c6-993a-883bd0d2ca29,11
4c166401-3fd9-47c6-993a-883bd0d2ca29,14
4c166401-3fd9-47c6-993a-883bd0d2ca29,18
4c166401-3fd9-47c6-993a-883bd0d2ca29,20
a839e782-c52a-420c-a7e1-e03328578e0d,5
a839e782-c52a-420c-a7e1-e03328578e0d,8
a839e782-c52a-420c-a7e1-e03328578e0d,20
d37584ec-a50a-4b61-84db-4ad4f2629fd7,5
d37584ec-a50a-4b61-84db-4ad4f2629fd7,11
d37584ec-a50a-4b61-84db-4ad4f2629fd7,18
d37584ec-a50a-4b61-84db-4ad4f2629fd7,20
ea94002e-07bf-4277-9b9a-4f657eaa8125,15
ea94002e-07bf-4277-9b9a-4f657eaa8125,16
ea94002e-07bf-4277-9b9a-4f657eaa8125,20
786cfe59-0bda-4930-9ccd-c6d0ff02b662,1
786cfe59-0bda-4930-9ccd-c6d0ff02b662,5
786cfe59-0bda-4930-9ccd-c6d0ff02b662,8
786cfe59-0bda-4930-9ccd-c6d0ff02b662,11
786cfe59-0bda-4930-9ccd-c6d0ff02b662,12
3827f77d-c5b6-4965-a25c-b6482d583783,8
3827f77d-c5b6-4965-a25c-b6482d583783,9
3827f77d-c5b6-4965-a25c-b6482d583783,10
3827f77d-c5b6-4965-a25c-b6482d583783,11
3827f77d-c5b6-4965-a25c-b6482d583783,12
3827f77d-c5b6-4965-a25c-b6482d583783,15
3827f77d-c5b6-4965-a25c-b6482d583783,20
00a63ee3-b72e-4d31-b5f3-e2c9113709fa,8
00a63ee3-b72e-4d31-b5f3-e2c9113709fa,11
00a63ee3-b72e-4d31-b5f3-e2c9113709fa,16
00a63ee3-b72e-4d31-b5f3-e2c9113709fa,20
8292224d-865d-414d-b46e-895c5152d1a0,2
8292224d-865d-414d-b46e-895c5152d1a0,9
8292224d-865d-414d-b46e-895c5152d1a0,12
8292224d-865d-414d-b46e-895c5152d1a0,14
8292224d-865d-414d-b46e-895c5152d1a0,15
5a0d457e-b130-4a86-8cf9-1ff778d42d02,9
5a0d457e-b130-4a86-8cf9-1ff778d42d02,11
5a0d457e-b130-4a86-8cf9-1ff778d42d02,12
5a0d457e-b130-4a86-8cf9-1ff778d42d02,16
5a0d457e-b130-4a86-8cf9-1ff778d42d02,19
3153eaad-facb-4e77-bf73-9a19018c032d,5
3153eaad-facb-4e77-bf73-9a19018c032d,7
3153eaad-facb-4e77-bf73-9a19018c032d,8
3153eaad-facb-4e77-bf73-9a19018c032d,9
3153eaad-facb-4e77-bf73-9a19018c032d,20
ae75c4a9-7ea7-409f-a66c-06627caee92d,4
ae75c4a9-7ea7-409f-a66c-06627caee92d,9
ae75c4a9-7ea7-409f-a66c-06627caee92d,11
ae75c4a9-7ea7-409f-a66c-06627caee92d,13
ae75c4a9-7ea7-409f-a66c-06627caee92d,15
7b19046f-9ad2-4f03-b469-0a8c894bbccb,4
7b19046f-9ad2-4f03-b469-0a8c894bbccb,6
7b19046f-9ad2-4f03-b469-0a8c894bbccb,8
7b19046f-9ad2-4f03-b469-0a8c894bbccb,15
1878e9de-abc1-4dcc-b6d3-1113c76c1a59,7
1878e9de-abc1-4dcc-b6d3-1113c76c1a59,9
1878e9de-abc1-4dcc-b6d3-1113c76c1a59,11
1878e9de-abc1-4dcc-b6d3-1113c76c1a59,15
1ee0455f-7a11-42b3-883e-1a778adfa225,5
1ee0455f-7a11-42b3-883e-1a778adfa225,6
1ee0455f-7a11-42b3-883e-1a778adfa225,8
1ee0455f-7a11-42b3-883e-1a778adfa225,11
1ee0455f-7a11-42b3-883e-1a778adfa225,12
238a56d0-1293-48e8-a2dc-dd39a1ea5a94,4
238a56d0-1293-48e8-a2dc-dd39a1ea5a94,7
238a56d0-1293-48e8-a2dc-dd39a1ea5a94,9
238a56d0-1293-48e8-a2dc-dd39a1ea5a94,10
238a56d0-1293-48e8-a2dc-dd39a1ea5a94,20
16db286d-1b67-49c2-b2c8-9d4d0fa29db6,2
16db286d-1b67-49c2-b2c8-9d4d0fa29db6,3
16db286d-1b67-49c2-b2c8-9d4d0fa29db6,7
16db286d-1b67-49c2-b2c8-9d4d0fa29db6,12
16db286d-1b67-49c2-b2c8-9d4d0fa29db6,17
b0d526ca-0d90-450b-90b4-50747cab06a8,3
b0d526ca-0d90-450b-90b4-50747cab06a8,11
b0d526ca-0d90-450b-90b4-50747cab06a8,12
b0d526ca-0d90-450b-90b4-50747cab06a8,14
b0d526ca-0d90-450b-90b4-50747cab06a8,18
b0d526ca-0d90-450b-90b4-50747cab06a8,20
801da756-704e-490d-a6e0-da0816bd7066,11
801da756-704e-490d-a6e0-da0816bd7066,12
801da756-704e-490d-a6e0-da0816bd7066,17
801da756-704e-490d-a6e0-da0816bd7066,20
16ce6d70-5405-478a-a25a-cc332ef4b47c,6
16ce6d70-5405-478a-a25a-cc332ef4b47c,8
16ce6d70-5405-478a-a25a-cc332ef4b47c,9
16ce6d70-5405-478a-a25a-cc332ef4b47c,11
16ce6d70-5405-478a-a25a-cc332ef4b47c,12
16ce6d70-5405-478a-a25a-cc332ef4b47c,14
16ce6d70-5405-478a-a25a-cc332ef4b47c,18
04ae859c-0c10-43f9-b75f-3eda713debdb,6
04ae859c-0c10-43f9-b75f-3eda713debdb,9
04ae859c-0c10-43f9-b75f-3eda713debdb,15
ce27506a-6bbb-4843-9346-2fd118966745,10
ce27506a-6bbb-4843-9346-2fd118966745,17
ce27506a-6bbb-4843-9346-2fd118966745,20
eb0e5714-103d-4cc9-9b7e-b0267f027196,11
eb0e5714-103d-4cc9-9b7e-b0267f027196,12
eb0e5714-103d-4cc9-9b7e-b0267f027196,14
eb0e5714-103d-4cc9-9b7e-b0267f027196,17
036311af-4d37-429f-bcee-1957beb2bdf5,9
036311af-4d37-429f-bcee-1957beb2bdf5,14
036311af-4d37-429f-bcee-1957beb2bdf5,18
036311af-4d37-429f-bcee-1957beb2bdf5,19
036311af-4d37-429f-bcee-1957beb2bdf5,20
083adc5e-4f88-4bb2-98cc-7d2b6713765f,6
083adc5e-4f88-4bb2-98cc-7d2b6713765f,10
083adc5e-4f88-4bb2-98cc-7d2b6713765f,11
083adc5e-4f88-4bb2-98cc-7d2b6713765f,12
083adc5e-4f88-4bb2-98cc-7d2b6713765f,20
b84486da-21ec-4b82-bf29-a0ba711862f5,6
b84486da-21ec-4b82-bf29-a0ba711862f5,8
b84486da-21ec-4b82-bf29-a0ba711862f5,10
b84486da-21ec-4b82-bf29-a0ba711862f5,11
b84486da-21ec-4b82-bf29-a0ba711862f5,13
b84486da-21ec-4b82-bf29-a0ba711862f5,14
b84486da-21ec-4b82-bf29-a0ba711862f5,15
9cca5d9d-2083-45f2-baf5-a904076fa298,7
9cca5d9d-2083-45f2-baf5-a904076fa298,13
9cca5d9d-2083-45f2-baf5-a904076fa298,19
9cca5d9d-2083-45f2-baf5-a904076fa298,20
caca8e6f-6250-4097-921b-cd1598cb3532,2
caca8e6f-6250-4097-921b-cd1598cb3532,9
caca8e6f-6250-4097-921b-cd1598cb3532,10
caca8e6f-6250-4097-921b-cd1598cb3532,11
caca8e6f-6250-4097-921b-cd1598cb3532,20
a912e90c-b716-4a56-8005-1c9111759dfd,3
a912e90c-b716-4a56-8005-1c9111759dfd,12
a912e90c-b716-4a56-8005-1c9111759dfd,14
ab9a105c-5f0d-4478-9b04-9f0953d430cb,4
ab9a105c-5f0d-4478-9b04-9f0953d430cb,5
ab9a105c-5f0d-4478-9b04-9f0953d430cb,8
ab9a105c-5f0d-4478-9b04-9f0953d430cb,9
ab9a105c-5f0d-4478-9b04-9f0953d430cb,10
69055cc0-87cb-4fa5-8c26-8295525fd6a6,1
69055cc0-87cb-4fa5-8c26-8295525fd6a6,9
69055cc0-87cb-4fa5-8c26-8295525fd6a6,11
69055cc0-87cb-4fa5-8c26-8295525fd6a6,15
69055cc0-87cb-4fa5-8c26-8295525fd6a6,17
54ff204c-a298-4d0d-bd0e-d9817a501b70,3
54ff204c-a298-4d0d-bd0e-d9817a501b70,5
54ff204c-a298-4d0d-bd0e-d9817a501b70,11
54ff204c-a298-4d0d-bd0e-d9817a501b70,12
54ff204c-a298-4d0d-bd0e-d9817a501b70,14
2237a47b-d19c-43f7-b1bb-db7310cd2750,8
2237a47b-d19c-43f7-b1bb-db7310cd2750,11
2237a47b-d19c-43f7-b1bb-db7310cd2750,15
d0254122-89ed-45f1-9608-36032344bddd,2
d0254122-89ed-45f1-9608-36032344bddd,3
d0254122-89ed-45f1-9608-36032344bddd,9
d0254122-89ed-45f1-9608-36032344bddd,11
d0254122-89ed-45f1-9608-36032344bddd,13
d0254122-89ed-45f1-9608-36032344bddd,14
9c80f797-b35a-496e-a518-bd9b32ba13b9,11
9c80f797-b35a-496e-a518-bd9b32ba13b9,14
9c80f797-b35a-496e-a518-bd9b32ba13b9,15
592aac8f-3efc-40e6-8749-bea31258b4be,4
592aac8f-3efc-40e6-8749-bea31258b4be,8
592aac8f-3efc-40e6-8749-bea31258b4be,9
592aac8f-3efc-40e6-8749-bea31258b4be,10
592aac8f-3efc-40e6-8749-bea31258b4be,11
592aac8f-3efc-40e6-8749-bea31258b4be,13
592aac8f-3efc-40e6-8749-bea31258b4be,20
ff547326-c297-4923-8b93-97313a467f80,3
ff547326-c297-4923-8b93-97313a467f80,9
ff547326-c297-4923-8b93-97313a467f80,12
ff547326-c297-4923-8b93-97313a467f80,15
9de64ac2-5823-48b6-ad5a-3f693fa94794,9
9de64ac2-5823-48b6-ad5a-3f693fa94794,11
9de64ac2-5823-48b6-ad5a-3f693fa94794,13
9de64ac2-5823-48b6-ad5a-3f693fa94794,15
51ebf637-56d7-4151-9a37-caaafc9dbb76,3
51ebf637-56d7-4151-9a37-caaafc9dbb76,7
51ebf637-56d7-4151-9a37-caaafc9dbb76,8
51ebf637-56d7-4151-9a37-caaafc9dbb76,9
51ebf637-56d7-4151-9a37-caaafc9dbb76,11
51ebf637-56d7-4151-9a37-caaafc9dbb76,20
a0cca5a6-1adb-48cd-8eb4-3ddd051a194a,1
a0cca5a6-1adb-48cd-8eb4-3ddd051a194a,9
a0cca5a6-1adb-48cd-8eb4-3ddd051a194a,11
a0cca5a6-1adb-48cd-8eb4-3ddd051a194a,12
a0cca5a6-1adb-48cd-8eb4-3ddd051a194a,14
a0cca5a6-1adb-48cd-8eb4-3ddd051a194a,18
a0cca5a6-1adb-48cd-8eb4-3ddd051a194a,20
ed82293a-7780-4964-81ba-549c9d99252e,9
ed82293a-7780-4964-81ba-549c9d99252e,10
ed82293a-7780-4964-81ba-549c9d99252e,11
ed82293a-7780-4964-81ba-549c9d99252e,17
e85bf3a0-343f-43c6-9d3c-0139253eb5fe,7
e85bf3a0-343f-43c6-9d3c-0139253eb5fe,11
e85bf3a0-343f-43c6-9d3c-0139253eb5fe,12
e85bf3a0-343f-43c6-9d3c-0139253eb5fe,16
cba14f0b-756c-46b4-82ed-29b71212aeae,5
cba14f0b-756c-46b4-82ed-29b71212aeae,11
cba14f0b-756c-46b4-82ed-29b71212aeae,13
d17fb9bc-4d75-4c84-a425-1d1973803d5a,10
d17fb9bc-4d75-4c84-a425-1d1973803d5a,17
d17fb9bc-4d75-4c84-a425-1d1973803d5a,20
1c9ec459-2c6a-47a7-b3cb-6090d55196b1,4
1c9ec459-2c6a-47a7-b3cb-6090d55196b1,5
1c9ec459-2c6a-47a7-b3cb-6090d55196b1,6
1c9ec459-2c6a-47a7-b3cb-6090d55196b1,8
465719ec-e1f8-4d36-9993-f4ac5c2f5ce8,4
465719ec-e1f8-4d36-9993-f4ac5c2f5ce8,5
465719ec-e1f8-4d36-9993-f4ac5c2f5ce8,7
465719ec-e1f8-4d36-9993-f4ac5c2f5ce8,13
4abcf7de-7bd9-4a8b-8086-69d62985a420,7
4abcf7de-7bd9-4a8b-8086-69d62985a420,12
4abcf7de-7bd9-4a8b-8086-69d62985a420,16
4abcf7de-7bd9-4a8b-8086-69d62985a420,18
4abcf7de-7bd9-4a8b-8086-69d62985a420,19
bcd22804-cb9b-430b-879b-fbdade368183,4
bcd22804-cb9b-430b-879b-fbdade368183,8
bcd22804-cb9b-430b-879b-fbdade368183,13
bcd22804-cb9b-430b-879b-fbdade368183,18
d4a71d21-d547-4736-9c69-2ae754d8e3f0,4
d4a71d21-d547-4736-9c69-2ae754d8e3f0,5
d4a71d21-d547-4736-9c69-2ae754d8e3f0,8
d4a71d21-d547-4736-9c69-2ae754d8e3f0,9
f97a0b32-2873-4e32-aeb0-26f42cfbc29d,3
f97a0b32-2873-4e32-aeb0-26f42cfbc29d,4
f97a0b32-2873-4e32-aeb0-26f42cfbc29d,9
f97a0b32-2873-4e32-aeb0-26f42cfbc29d,12
f97a0b32-2873-4e32-aeb0-26f42cfbc29d,14
3577cac5-0476-4aff-b030-5793997dce28,5
3577cac5-0476-4aff-b030-5793997dce28,6
3577cac5-0476-4aff-b030-5793997dce28,7
3577cac5-0476-4aff-b030-5793997dce28,8
3577cac5-0476-4aff-b030-5793997dce28,10
3577cac5-0476-4aff-b030-5793997dce28,12
452777ba-f4f5-499a-b425-429aeb0e3b1c,4
452777ba-f4f5-499a-b425-429aeb0e3b1c,10
452777ba-f4f5-499a-b425-429aeb0e3b1c,12
452777ba-f4f5-499a-b425-429aeb0e3b1c,19
1b030e36-9144-4f9e-b30f-599f3b124204,3
1b030e36-9144-4f9e-b30f-599f3b124204,7
1b030e36-9144-4f9e-b30f-599f3b124204,9
1b030e36-9144-4f9e-b30f-599f3b124204,10
1b030e36-9144-4f9e-b30f-599f3b124204,11
1b030e36-9144-4f9e-b30f-599f3b124204,13
1b030e36-9144-4f9e-b30f-599f3b124204,20
544f4247-a6c8-459e-997a-f558b28f1006,8
544f4247-a6c8-459e-997a-f558b28f1006,9
544f4247-a6c8-459e-997a-f558b28f1006,11
544f4247-a6c8-459e-997a-f558b28f1006,12
544f4247-a6c8-459e-997a-f558b28f1006,15
a76c196d-d55a-489a-9e41-2892f1411a8b,7
a76c196d-d55a-489a-9e41-2892f1411a8b,11
a76c196d-d55a-489a-9e41-2892f1411a8b,12
a76c196d-d55a-489a-9e41-2892f1411a8b,18
a76c196d-d55a-489a-9e41-2892f1411a8b,19
a76c196d-d55a-489a-9e41-2892f1411a8b,20
317b3030-2453-480a-be7a-493d61b447f0,8
317b3030-2453-480a-be7a-493d61b447f0,10
317b3030-2453-480a-be7a-493d61b447f0,11
317b3030-2453-480a-be7a-493d61b447f0,13
317b3030-2453-480a-be7a-493d61b447f0,20
017696a2-9349-44d2-85ef-da7c880e1732,4
017696a2-9349-44d2-85ef-da7c880e1732,5
017696a2-9349-44d2-85ef-da7c880e1732,6
017696a2-9349-44d2-85ef-da7c880e1732,7
017696a2-9349-44d2-85ef-da7c880e1732,11
48ecf4f9-3692-43b7-ae68-8199908358ec,7
48ecf4f9-3692-43b7-ae68-8199908358ec,8
48ecf4f9-3692-43b7-ae68-8199908358ec,11
48ecf4f9-3692-43b7-ae68-8199908358ec,12
48ecf4f9-3692-43b7-ae68-8199908358ec,20
8e9296c5-bcd9-48b9-a595-2c11e6d596ef,8
8e9296c5-bcd9-48b9-a595-2c11e6d596ef,11
8e9296c5-bcd9-48b9-a595-2c11e6d596ef,12
8e9296c5-bcd9-48b9-a595-2c11e6d596ef,14
8e9296c5-bcd9-48b9-a595-2c11e6d596ef,19
8e9296c5-bcd9-48b9-a595-2c11e6d596ef,20
f6806b32-13b0-4bad-8432-75e40ac780cd,7
f6806b32-13b0-4bad-8432-75e40ac780cd,12
f6806b32-13b0-4bad-8432-75e40ac780cd,19
523b8c7a-c2fe-456d-b96a-d35efdae8e10,4
523b8c7a-c2fe-456d-b96a-d35efdae8e10,8
523b8c7a-c2fe-456d-b96a-d35efdae8e10,10
523b8c7a-c2fe-456d-b96a-d35efdae8e10,13
523b8c7a-c2fe-456d-b96a-d35efdae8e10,14
523b8c7a-c2fe-456d-b96a-d35efdae8e10,15
c413e723-b297-4c8d-b0ed-efcc688a626c,8
c413e723-b297-4c8d-b0ed-efcc688a626c,9
c413e723-b297-4c8d-b0ed-efcc688a626c,10
c413e723-b297-4c8d-b0ed-efcc688a626c,12
d8820e49-04ca-49fb-ae6e-24da3db841fb,8
d8820e49-04ca-49fb-ae6e-24da3db841fb,9
d8820e49-04ca-49fb-ae6e-24da3db841fb,15
d8820e49-04ca-49fb-ae6e-24da3db841fb,18
c28e7618-80de-42f7-960e-0d5fc0249abb,11
c28e7618-80de-42f7-960e-0d5fc0249abb,12
c28e7618-80de-42f7-960e-0d5fc0249abb,16
c28e7618-80de-42f7-960e-0d5fc0249abb,18
c28e7618-80de-42f7-960e-0d5fc0249abb,19
d0f286e9-aeb3-4658-8f6c-b7a7d6120051,9
d0f286e9-aeb3-4658-8f6c-b7a7d6120051,11
d0f286e9-aeb3-4658-8f6c-b7a7d6120051,13
d0f286e9-aeb3-4658-8f6c-b7a7d6120051,19
d0f286e9-aeb3-4658-8f6c-b7a7d6120051,20
28719ef7-aaa2-49fe-b12a-4c8df12ddbbe,11
28719ef7-aaa2-49fe-b12a-4c8df12ddbbe,12
28719ef7-aaa2-49fe-b12a-4c8df12ddbbe,13
28719ef7-aaa2-49fe-b12a-4c8df12ddbbe,14
ab6db78b-7377-4bd2-b600-5e71d3b60e91,3
ab6db78b-7377-4bd2-b600-5e71d3b60e91,5
ab6db78b-7377-4bd2-b600-5e71d3b60e91,9
3a08652a-01d6-4fac-9ce5-fcbee3269ae4,4
3a08652a-01d6-4fac-9ce5-fcbee3269ae4,6
3a08652a-01d6-4fac-9ce5-fcbee3269ae4,10
3a08652a-01d6-4fac-9ce5-fcbee3269ae4,11
b78c727b-e0cf-4632-95c8-6d754d1b626c,7
b78c727b-e0cf-4632-95c8-6d754d1b626c,11
b78c727b-e0cf-4632-95c8-6d754d1b626c,12
b78c727b-e0cf-4632-95c8-6d754d1b626c,16
b78c727b-e0cf-4632-95c8-6d754d1b626c,18
b78c727b-e0cf-4632-95c8-6d754d1b626c,19
b78c727b-e0cf-4632-95c8-6d754d1b626c,20
ab4d36f2-bc4b-4bfe-9c61-410dabc43c84,4
ab4d36f2-bc4b-4bfe-9c61-410dabc43c84,7
ab4d36f2-bc4b-4bfe-9c61-410dabc43c84,8
ab4d36f2-bc4b-4bfe-9c61-410dabc43c84,10
ab4d36f2-bc4b-4bfe-9c61-410dabc43c84,20
96166042-3372-46a1-969f-c215f392ece8,2
96166042-3372-46a1-969f-c215f392ece8,9
96166042-3372-46a1-969f-c215f392ece8,11
96166042-3372-46a1-969f-c215f392ece8,13
96166042-3372-46a1-969f-c215f392ece8,14
b9c5c31c-70c5-4d31-b5fa-06019974af0a,6
b9c5c31c-70c5-4d31-b5fa-06019974af0a,9
b9c5c31c-70c5-4d31-b5fa-06019974af0a,10
b9c5c31c-70c5-4d31-b5fa-06019974af0a,11
7c907411-53e7-4a2f-9fb2-368bef893ae6,3
7c907411-53e7-4a2f-9fb2-368bef893ae6,8
7c907411-53e7-4a2f-9fb2-368bef893ae6,9
7c907411-53e7-4a2f-9fb2-368bef893ae6,11
7c907411-53e7-4a2f-9fb2-368bef893ae6,12
7c907411-53e7-4a2f-9fb2-368bef893ae6,14
c3cebde2-04c5-4bd6-8742-5138c5699944,9
c3cebde2-04c5-4bd6-8742-5138c5699944,10
c3cebde2-04c5-4bd6-8742-5138c5699944,18
1350d9cc-bc62-4dbc-b818-0ec25656b4c8,9
1350d9cc-bc62-4dbc-b818-0ec25656b4c8,11
1350d9cc-bc62-4dbc-b818-0ec25656b4c8,14
1350d9cc-bc62-4dbc-b818-0ec25656b4c8,15
1350d9cc-bc62-4dbc-b818-0ec25656b4c8,19
1350d9cc-bc62-4dbc-b818-0ec25656b4c8,20
63e9a468-4a9e-41f5-ad39-fa933a0e0e64,11
63e9a468-4a9e-41f5-ad39-fa933a0e0e64,14
63e9a468-4a9e-41f5-ad39-fa933a0e0e64,17
a0aecded-0f41-4eb0-8992-01472f33e2ed,1
a0aecded-0f41-4eb0-8992-01472f33e2ed,9
a0aecded-0f41-4eb0-8992-01472f33e2ed,11
a0aecded-0f41-4eb0-8992-01472f33e2ed,12
a0aecded-0f41-4eb0-8992-01472f33e2ed,18
921a0f6a-b2e3-4312-947d-dbb1a59b7f17,8
921a0f6a-b2e3-4312-947d-dbb1a59b7f17,9
921a0f6a-b2e3-4312-947d-dbb1a59b7f17,11
921a0f6a-b2e3-4312-947d-dbb1a59b7f17,12
b129122c-5e22-4eac-ada4-bdeab206bf97,9
b129122c-5e22-4eac-ada4-bdeab206bf97,10
b129122c-5e22-4eac-ada4-bdeab206bf97,11
b129122c-5e22-4eac-ada4-bdeab206bf97,16
be819bb5-4387-4c8b-aff9-250ac5ddc5c2,4
be819bb5-4387-4c8b-aff9-250ac5ddc5c2,12
be819bb5-4387-4c8b-aff9-250ac5ddc5c2,14
133e5f53-d96b-496c-9fda-2cf4d64e21fe,6
133e5f53-d96b-496c-9fda-2cf4d64e21fe,8
133e5f53-d96b-496c-9fda-2cf4d64e21fe,10
133e5f53-d96b-496c-9fda-2cf4d64e21fe,12
133e5f53-d96b-496c-9fda-2cf4d64e21fe,16
4c9ed491-fd91-409f-a4ce-61dddd56f08f,7
4c9ed491-fd91-409f-a4ce-61dddd56f08f,10
4c9ed491-fd91-409f-a4ce-61dddd56f08f,11
4c9ed491-fd91-409f-a4ce-61dddd56f08f,12
4c9ed491-fd91-409f-a4ce-61dddd56f08f,18
4c9ed491-fd91-409f-a4ce-61dddd56f08f,20
d2b19326-abcc-4c08-ac49-a94f14bc8481,8
d2b19326-abcc-4c08-ac49-a94f14bc8481,11
d2b19326-abcc-4c08-ac49-a94f14bc8481,13
d2b19326-abcc-4c08-ac49-a94f14bc8481,14
d2b19326-abcc-4c08-ac49-a94f14bc8481,20
d7187d09-a013-49c8-a1b3-d822b39752f7,7
d7187d09-a013-49c8-a1b3-d822b39752f7,8
d7187d09-a013-49c8-a1b3-d822b39752f7,9
d7187d09-a013-49c8-a1b3-d822b39752f7,20
ae923cee-de34-4666-b2f5-d8b68dd987f9,9
ae923cee-de34-4666-b2f5-d8b68dd987f9,11
ae923cee-de34-4666-b2f5-d8b68dd987f9,12
ae923cee-de34-4666-b2f5-d8b68dd987f9,14
ae923cee-de34-4666-b2f5-d8b68dd987f9,19
ea1a0264-de52-481b-a0f7-f867deda082c,4
ea1a0264-de52-481b-a0f7-f867deda082c,7
ea1a0264-de52-481b-a0f7-f867deda082c,11
136f0269-75a4-4b80-bd35-7c42da9c9843,11
136f0269-75a4-4b80-bd35-7c42da9c9843,14
136f0269-75a4-4b80-bd35-7c42da9c9843,18
136f0269-75a4-4b80-bd35-7c42da9c9843,19
9a1159ca-5027-4cc5-acce-0e458cb282f9,9
9a1159ca-5027-4cc5-acce-0e458cb282f9,14
9a1159ca-5027-4cc5-acce-0e458cb282f9,18
9a1159ca-5027-4cc5-acce-0e458cb282f9,20
77ed7cf5-803c-4187-83b3-25897714182f,4
77ed7cf5-803c-4187-83b3-25897714182f,5
77ed7cf5-803c-4187-83b3-25897714182f,7
77ed7cf5-803c-4187-83b3-25897714182f,10
77ed7cf5-803c-4187-83b3-25897714182f,11
77ed7cf5-803c-4187-83b3-25897714182f,20
fafdca7b-2cc4-4de9-ae3c-7a78fdef7d92,1
fafdca7b-2cc4-4de9-ae3c-7a78fdef7d92,10
fafdca7b-2cc4-4de9-ae3c-7a78fdef7d92,15
fafdca7b-2cc4-4de9-ae3c-7a78fdef7d92,20
c347dd6b-20d6-49f1-b00c-10e9d401a28a,2
c347dd6b-20d6-49f1-b00c-10e9d401a28a,4
c347dd6b-20d6-49f1-b00c-10e9d401a28a,5
c347dd6b-20d6-49f1-b00c-10e9d401a28a,8
c347dd6b-20d6-49f1-b00c-10e9d401a28a,10
a591d7b9-6744-40ef-b79a-1c739115b99c,6
a591d7b9-6744-40ef-b79a-1c739115b99c,9
a591d7b9-6744-40ef-b79a-1c739115b99c,13
75c4fd88-9e44-46ab-b324-a068f16ab956,3
75c4fd88-9e44-46ab-b324-a068f16ab956,11
75c4fd88-9e44-46ab-b324-a068f16ab956,14
278dc842-25a6-4a12-919b-ae5cb5106a96,11
278dc842-25a6-4a12-919b-ae5cb5106a96,12
278dc842-25a6-4a12-919b-ae5cb5106a96,13
278dc842-25a6-4a12-919b-ae5cb5106a96,14
c4f2d79f-23af-4742-9bde-78ffe22cfce6,4
c4f2d79f-23af-4742-9bde-78ffe22cfce6,9
c4f2d79f-23af-4742-9bde-78ffe22cfce6,12
c4f2d79f-23af-4742-9bde-78ffe22cfce6,15
d045ce18-decd-4a51-b04a-c4a0b10839a7,4
d045ce18-decd-4a51-b04a-c4a0b10839a7,5
d045ce18-decd-4a51-b04a-c4a0b10839a7,6
d045ce18-decd-4a51-b04a-c4a0b10839a7,8
d045ce18-decd-4a51-b04a-c4a0b10839a7,15
2aefd1c6-5b84-45ec-ba52-ac77cc48ac56,3
2aefd1c6-5b84-45ec-ba52-ac77cc48ac56,8
2aefd1c6-5b84-45ec-ba52-ac77cc48ac56,12
68188865-471e-41c4-ab21-d803009fe1ae,1
68188865-471e-41c4-ab21-d803009fe1ae,14
68188865-471e-41c4-ab21-d803009fe1ae,15
52f2e173-d75b-4075-99c9-bd30847845ad,6
52f2e173-d75b-4075-99c9-bd30847845ad,12
52f2e173-d75b-4075-99c9-bd30847845ad,17
7271cad9-975d-443d-9dc6-13dc2769c77d,7
7271cad9-975d-443d-9dc6-13dc2769c77d,8
7271cad9-975d-443d-9dc6-13dc2769c77d,10
7271cad9-975d-443d-9dc6-13dc2769c77d,11
7271cad9-975d-443d-9dc6-13dc2769c77d,13
7271cad9-975d-443d-9dc6-13dc2769c77d,20
553aa3f4-b0d4-4902-96eb-9580f1ab5102,9
553aa3f4-b0d4-4902-96eb-9580f1ab5102,11
553aa3f4-b0d4-4902-96eb-9580f1ab5102,14
553aa3f4-b0d4-4902-96eb-9580f1ab5102,19
553aa3f4-b0d4-4902-96eb-9580f1ab5102,20
bb262322-0e8b-4c64-957d-3ecaf2e87b49,4
bb262322-0e8b-4c64-957d-3ecaf2e87b49,5
bb262322-0e8b-4c64-957d-3ecaf2e87b49,7
bb262322-0e8b-4c64-957d-3ecaf2e87b49,11
bb262322-0e8b-4c64-957d-3ecaf2e87b49,19
9f62bec9-e71d-4e58-8eb0-f51c0c93bd4e,15
9f62bec9-e71d-4e58-8eb0-f51c0c93bd4e,18
9f62bec9-e71d-4e58-8eb0-f51c0c93bd4e,19
9f62bec9-e71d-4e58-8eb0-f51c0c93bd4e,20
0adcb60f-0603-40e1-a5ed-5a689f27bfe2,1
0adcb60f-0603-40e1-a5ed-5a689f27bfe2,8
0adcb60f-0603-40e1-a5ed-5a689f27bfe2,9
0adcb60f-0603-40e1-a5ed-5a689f27bfe2,11
43381f31-2dca-40f6-af9f-f06934befcd2,1
43381f31-2dca-40f6-af9f-f06934befcd2,12
43381f31-2dca-40f6-af9f-f06934befcd2,14
43381f31-2dca-40f6-af9f-f06934befcd2,18
11938edb-7027-491c-9527-eaf7738ea9cd,2
11938edb-7027-491c-9527-eaf7738ea9cd,7
11938edb-7027-491c-9527-eaf7738ea9cd,8
11938edb-7027-491c-9527-eaf7738ea9cd,9
42985594-b4de-4967-9bb0-fa9bd3a9e08f,5
42985594-b4de-4967-9bb0-fa9bd3a9e08f,9
42985594-b4de-4967-9bb0-fa9bd3a9e08f,12
42985594-b4de-4967-9bb0-fa9bd3a9e08f,19
42985594-b4de-4967-9bb0-fa9bd3a9e08f,20
fa28ce57-bb38-4d8a-a0f3-a2d5cd14c061,4
fa28ce57-bb38-4d8a-a0f3-a2d5cd14c061,6
fa28ce57-bb38-4d8a-a0f3-a2d5cd14c061,9
fa28ce57-bb38-4d8a-a0f3-a2d5cd14c061,12
9e386737-237f-4416-ad22-3e4e59f3de3a,3
9e386737-237f-4416-ad22-3e4e59f3de3a,8
9e386737-237f-4416-ad22-3e4e59f3de3a,11
d10a4f93-a536-4542-b5ff-c16717ab9f40,4
d10a4f93-a536-4542-b5ff-c16717ab9f40,7
d10a4f93-a536-4542-b5ff-c16717ab9f40,8
d10a4f93-a536-4542-b5ff-c16717ab9f40,9
d10a4f93-a536-4542-b5ff-c16717ab9f40,11
d10a4f93-a536-4542-b5ff-c16717ab9f40,13
7b168703-cc4f-43e5-9775-7d74b4db3f7f,8
7b168703-cc4f-43e5-9775-7d74b4db3f7f,11
7b168703-cc4f-43e5-9775-7d74b4db3f7f,12
7b168703-cc4f-43e5-9775-7d74b4db3f7f,13
1488e2ee-e5fc-4fda-a6c5-2e6dbdbec50b,5
1488e2ee-e5fc-4fda-a6c5-2e6dbdbec50b,6
1488e2ee-e5fc-4fda-a6c5-2e6dbdbec50b,7
1488e2ee-e5fc-4fda-a6c5-2e6dbdbec50b,10
1488e2ee-e5fc-4fda-a6c5-2e6dbdbec50b,15
1488e2ee-e5fc-4fda-a6c5-2e6dbdbec50b,16
ba465ba6-c272-4a1d-a2a5-154d5850d7fc,3
ba465ba6-c272-4a1d-a2a5-154d5850d7fc,11
ba465ba6-c272-4a1d-a2a5-154d5850d7fc,14
ba465ba6-c272-4a1d-a2a5-154d5850d7fc,15
ba465ba6-c272-4a1d-a2a5-154d5850d7fc,20
4104f49c-666e-4c48-8185-e1ef630c83c1,3
4104f49c-666e-4c48-8185-e1ef630c83c1,10
4104f49c-666e-4c48-8185-e1ef630c83c1,14
4104f49c-666e-4c48-8185-e1ef630c83c1,15
eb85b268-bb88-4119-939d-492d2322518f,4
eb85b268-bb88-4119-939d-492d2322518f,5
eb85b268-bb88-4119-939d-492d2322518f,6
eb85b268-bb88-4119-939d-492d2322518f,7
eb85b268-bb88-4119-939d-492d2322518f,10
eb85b268-bb88-4119-939d-492d2322518f,12
eb85b268-bb88-4119-939d-492d2322518f,20
eaa9cc85-b28c-4878-9ca7-f4d797d0e0d9,5
eaa9cc85-b28c-4878-9ca7-f4d797d0e0d9,7
eaa9cc85-b28c-4878-9ca7-f4d797d0e0d9,11
06fcdd2c-53a6-496a-9efa-7dd79a271da4,4
06fcdd2c-53a6-496a-9efa-7dd79a271da4,7
06fcdd2c-53a6-496a-9efa-7dd79a271da4,8
06fcdd2c-53a6-496a-9efa-7dd79a271da4,10
06fcdd2c-53a6-496a-9efa-7dd79a271da4,15
06fcdd2c-53a6-496a-9efa-7dd79a271da4,20
e4f84c7d-fddd-4aec-b66c-9e63b0300989,8
e4f84c7d-fddd-4aec-b66c-9e63b0300989,9
e4f84c7d-fddd-4aec-b66c-9e63b0300989,11
e4f84c7d-fddd-4aec-b66c-9e63b0300989,19
50480e44-2e0d-4139-aa9b-67dfcc405d62,7
50480e44-2e0d-4139-aa9b-67dfcc405d62,8
50480e44-2e0d-4139-aa9b-67dfcc405d62,10
4b3f668a-c5f0-43d5-ab24-83157512c528,8
4b3f668a-c5f0-43d5-ab24-83157512c528,9
4b3f668a-c5f0-43d5-ab24-83157512c528,12
4b3f668a-c5f0-43d5-ab24-83157512c528,20
0b3a5337-8158-4195-b718-c1f64fec5d76,5
0b3a5337-8158-4195-b718-c1f64fec5d76,7
0b3a5337-8158-4195-b718-c1f64fec5d76,18
0deccb0f-28c2-4434-a9fc-b509e554f041,5
0deccb0f-28c2-4434-a9fc-b509e554f041,7
0deccb0f-28c2-4434-a9fc-b509e554f041,8
af7062e2-a303-4cd5-b817-30e44dc3a4e3,2
af7062e2-a303-4cd5-b817-30e44dc3a4e3,16
af7062e2-a303-4cd5-b817-30e44dc3a4e3,20
be09ca96-c6bc-47f0-8da2-2fe50ad27d22,6
be09ca96-c6bc-47f0-8da2-2fe50ad27d22,8
be09ca96-c6bc-47f0-8da2-2fe50ad27d22,11
2620e675-d3ba-4ca5-85bf-2dd08f05bca7,11
2620e675-d3ba-4ca5-85bf-2dd08f05bca7,16
2620e675-d3ba-4ca5-85bf-2dd08f05bca7,18
f1ea7bc8-4511-4946-992a-69c581e26bef,6
f1ea7bc8-4511-4946-992a-69c581e26bef,10
f1ea7bc8-4511-4946-992a-69c581e26bef,11
f1ea7bc8-4511-4946-992a-69c581e26bef,15
f1ea7bc8-4511-4946-992a-69c581e26bef,16
f1ea7bc8-4511-4946-992a-69c581e26bef,20
6a1ea467-ea53-40e2-9b4e-81c03e3120f5,8
6a1ea467-ea53-40e2-9b4e-81c03e3120f5,11
6a1ea467-ea53-40e2-9b4e-81c03e3120f5,13
6a1ea467-ea53-40e2-9b4e-81c03e3120f5,18
c30e3c38-9098-40b2-9aed-839d9ad0eeb8,4
c30e3c38-9098-40b2-9aed-839d9ad0eeb8,6
c30e3c38-9098-40b2-9aed-839d9ad0eeb8,7
c30e3c38-9098-40b2-9aed-839d9ad0eeb8,12
c30e3c38-9098-40b2-9aed-839d9ad0eeb8,19
81b81c2a-9798-487a-8560-c1caab2911c0,2
81b81c2a-9798-487a-8560-c1caab2911c0,12
81b81c2a-9798-487a-8560-c1caab2911c0,14
81b81c2a-9798-487a-8560-c1caab2911c0,20
f93fc94f-b705-49f5-954a-4683273857f4,4
f93fc94f-b705-49f5-954a-4683273857f4,5
f93fc94f-b705-49f5-954a-4683273857f4,8
f93fc94f-b705-49f5-954a-4683273857f4,15
2b134e66-aa36-4660-912b-882d78802486,2
2b134e66-aa36-4660-912b-882d78802486,9
2b134e66-aa36-4660-912b-882d78802486,11
2b134e66-aa36-4660-912b-882d78802486,12
2b134e66-aa36-4660-912b-882d78802486,17
71c79692-c503-4f92-9e3b-427e5c06bcf3,11
71c79692-c503-4f92-9e3b-427e5c06bcf3,16
71c79692-c503-4f92-9e3b-427e5c06bcf3,18
40bd5505-6dbf-49ae-817e-6ca216a5630f,6
40bd5505-6dbf-49ae-817e-6ca216a5630f,11
40bd5505-6dbf-49ae-817e-6ca216a5630f,12
40bd5505-6dbf-49ae-817e-6ca216a5630f,14
40bd5505-6dbf-49ae-817e-6ca216a5630f,18
6531a0f2-47b9-4582-85c5-5d1479aedfd0,3
6531a0f2-47b9-4582-85c5-5d1479aedfd0,12
6531a0f2-47b9-4582-85c5-5d1479aedfd0,14
6531a0f2-47b9-4582-85c5-5d1479aedfd0,15
6531a0f2-47b9-4582-85c5-5d1479aedfd0,18
62f0f942-5b08-4351-9bfb-920a9b2364ec,8
62f0f942-5b08-4351-9bfb-920a9b2364ec,9
62f0f942-5b08-4351-9bfb-920a9b2364ec,10
62f0f942-5b08-4351-9bfb-920a9b2364ec,11
3ac1ba84-55fd-4197-b49a-908c9d1588e9,9
3ac1ba84-55fd-4197-b49a-908c9d1588e9,11
3ac1ba84-55fd-4197-b49a-908c9d1588e9,14
3ac1ba84-55fd-4197-b49a-908c9d1588e9,15
3ac1ba84-55fd-4197-b49a-908c9d1588e9,17
b057de9e-a51c-4939-80d0-72389ecd5d46,4
b057de9e-a51c-4939-80d0-72389ecd5d46,6
b057de9e-a51c-4939-80d0-72389ecd5d46,7
b057de9e-a51c-4939-80d0-72389ecd5d46,8
cb9bfc83-d69e-4da2-b15e-b524df16c0e3,7
cb9bfc83-d69e-4da2-b15e-b524df16c0e3,8
cb9bfc83-d69e-4da2-b15e-b524df16c0e3,14
f3ee8d81-bce1-4705-a1dd-180f42249038,2
f3ee8d81-bce1-4705-a1dd-180f42249038,6
f3ee8d81-bce1-4705-a1dd-180f42249038,15
6bd3493e-fd88-4531-b028-16a597e8c121,4
6bd3493e-fd88-4531-b028-16a597e8c121,8
6bd3493e-fd88-4531-b028-16a597e8c121,11
6bd3493e-fd88-4531-b028-16a597e8c121,13
66254aec-711c-4731-ad1b-12358695cff5,3
66254aec-711c-4731-ad1b-12358695cff5,8
66254aec-711c-4731-ad1b-12358695cff5,11
66254aec-711c-4731-ad1b-12358695cff5,13
66254aec-711c-4731-ad1b-12358695cff5,14
66254aec-711c-4731-ad1b-12358695cff5,15
f594c6ae-fae0-4ba8-8668-199181bbdd68,8
f594c6ae-fae0-4ba8-8668-199181bbdd68,11
f594c6ae-fae0-4ba8-8668-199181bbdd68,13
d3a11e22-80f0-4ba2-bbb9-8e0549c5deb0,9
d3a11e22-80f0-4ba2-bbb9-8e0549c5deb0,11
d3a11e22-80f0-4ba2-bbb9-8e0549c5deb0,12
d3a11e22-80f0-4ba2-bbb9-8e0549c5deb0,13
d3a11e22-80f0-4ba2-bbb9-8e0549c5deb0,14
d3a11e22-80f0-4ba2-bbb9-8e0549c5deb0,18
3f41bf71-321e-42aa-9bc9-08d233bda92b,4
3f41bf71-321e-42aa-9bc9-08d233bda92b,7
3f41bf71-321e-42aa-9bc9-08d233bda92b,15
3f41bf71-321e-42aa-9bc9-08d233bda92b,18
3f41bf71-321e-42aa-9bc9-08d233bda92b,20
d8f6a1f6-2bba-4d6b-8516-7202830f5ffb,7
d8f6a1f6-2bba-4d6b-8516-7202830f5ffb,9
d8f6a1f6-2bba-4d6b-8516-7202830f5ffb,12
d8f6a1f6-2bba-4d6b-8516-7202830f5ffb,14
d8f6a1f6-2bba-4d6b-8516-7202830f5ffb,18
ee85ed55-5fb4-47a4-8a52-97b44ea7f18e,7
ee85ed55-5fb4-47a4-8a52-97b44ea7f18e,10
ee85ed55-5fb4-47a4-8a52-97b44ea7f18e,14
ee85ed55-5fb4-47a4-8a52-97b44ea7f18e,19
ee85ed55-5fb4-47a4-8a52-97b44ea7f18e,20
85d69c98-5b99-4368-9470-a023a0faaa39,3
85d69c98-5b99-4368-9470-a023a0faaa39,11
85d69c98-5b99-4368-9470-a023a0faaa39,13
85d69c98-5b99-4368-9470-a023a0faaa39,15
83591bb5-b0a5-432a-9670-a236e11cbb0b,14
83591bb5-b0a5-432a-9670-a236e11cbb0b,15
83591bb5-b0a5-432a-9670-a236e11cbb0b,18
b4288a6b-52f0-44ab-821f-5bb760918a76,5
b4288a6b-52f0-44ab-821f-5bb760918a76,7
b4288a6b-52f0-44ab-821f-5bb760918a76,12
6f1c92a2-1730-457e-af80-22ceee52065e,8
6f1c92a2-1730-457e-af80-22ceee52065e,9
6f1c92a2-1730-457e-af80-22ceee52065e,11
6f1c92a2-1730-457e-af80-22ceee52065e,15
28420bae-c1b4-43d6-b2f8-1a33a7162d5e,6
28420bae-c1b4-43d6-b2f8-1a33a7162d5e,11
28420bae-c1b4-43d6-b2f8-1a33a7162d5e,19
28420bae-c1b4-43d6-b2f8-1a33a7162d5e,20
124d31c9-67e3-4463-a3dc-e5d31d3560a1,10
124d31c9-67e3-4463-a3dc-e5d31d3560a1,11
124d31c9-67e3-4463-a3dc-e5d31d3560a1,12
124d31c9-67e3-4463-a3dc-e5d31d3560a1,17
ea31e60e-7c45-4d0d-a72a-9b1bff423649,4
ea31e60e-7c45-4d0d-a72a-9b1bff423649,5
ea31e60e-7c45-4d0d-a72a-9b1bff423649,6
ea31e60e-7c45-4d0d-a72a-9b1bff423649,7
ea31e60e-7c45-4d0d-a72a-9b1bff423649,8
ea31e60e-7c45-4d0d-a72a-9b1bff423649,9
73c05dc0-70ad-4a8b-a6d0-3dfd6c54d1a1,2
73c05dc0-70ad-4a8b-a6d0-3dfd6c54d1a1,6
73c05dc0-70ad-4a8b-a6d0-3dfd6c54d1a1,9
ae0998f5-ac8d-41f3-ac2d-777a7f7ca079,6
ae0998f5-ac8d-41f3-ac2d-777a7f7ca079,9
ae0998f5-ac8d-41f3-ac2d-777a7f7ca079,11
eacc44aa-5528-442f-bf03-d93b3123467d,7
eacc44aa-5528-442f-bf03-d93b3123467d,8
eacc44aa-5528-442f-bf03-d93b3123467d,10
eacc44aa-5528-442f-bf03-d93b3123467d,11
eacc44aa-5528-442f-bf03-d93b3123467d,20
3b6ac1b8-60cb-45ad-8f33-24086fa4d575,9
3b6ac1b8-60cb-45ad-8f33-24086fa4d575,11
3b6ac1b8-60cb-45ad-8f33-24086fa4d575,12
3b6ac1b8-60cb-45ad-8f33-24086fa4d575,15
3b6ac1b8-60cb-45ad-8f33-24086fa4d575,20
57ba55cf-425f-48e2-9ed7-0fc2e1c80530,8
57ba55cf-425f-48e2-9ed7-0fc2e1c80530,10
57ba55cf-425f-48e2-9ed7-0fc2e1c80530,11
57ba55cf-425f-48e2-9ed7-0fc2e1c80530,13
57ba55cf-425f-48e2-9ed7-0fc2e1c80530,14
57ba55cf-425f-48e2-9ed7-0fc2e1c80530,15
57ba55cf-425f-48e2-9ed7-0fc2e1c80530,18
4284538a-2eb5-4ac7-9e74-d9148261af39,9
4284538a-2eb5-4ac7-9e74-d9148261af39,10
4284538a-2eb5-4ac7-9e74-d9148261af39,11
4284538a-2eb5-4ac7-9e74-d9148261af39,15
f0113aec-0313-48b0-883d-51e4f32687a4,3
f0113aec-0313-48b0-883d-51e4f32687a4,11
f0113aec-0313-48b0-883d-51e4f32687a4,12
f0113aec-0313-48b0-883d-51e4f32687a4,14
f0113aec-0313-48b0-883d-51e4f32687a4,15
f0113aec-0313-48b0-883d-51e4f32687a4,20
2b1a62e7-f4c9-4a41-b2af-ca2285e01546,7
2b1a62e7-f4c9-4a41-b2af-ca2285e01546,8
2b1a62e7-f4c9-4a41-b2af-ca2285e01546,11
2b1a62e7-f4c9-4a41-b2af-ca2285e01546,12
2b1a62e7-f4c9-4a41-b2af-ca2285e01546,18
2b1a62e7-f4c9-4a41-b2af-ca2285e01546,20
aea65023-ce55-417a-a93c-d43c8afc615f,4
aea65023-ce55-417a-a93c-d43c8afc615f,9
aea65023-ce55-417a-a93c-d43c8afc615f,11
aea65023-ce55-417a-a93c-d43c8afc615f,12
aea65023-ce55-417a-a93c-d43c8afc615f,14
aea65023-ce55-417a-a93c-d43c8afc615f,16
aea65023-ce55-417a-a93c-d43c8afc615f,18
20ce269e-2582-410c-94a7-4694b2562699,4
20ce269e-2582-410c-94a7-4694b2562699,7
20ce269e-2582-410c-94a7-4694b2562699,9
20ce269e-2582-410c-94a7-4694b2562699,11
20ce269e-2582-410c-94a7-4694b2562699,12
b1873d56-50de-46f2-a6c2-a907abb54442,9
b1873d56-50de-46f2-a6c2-a907abb54442,11
b1873d56-50de-46f2-a6c2-a907abb54442,12
b1873d56-50de-46f2-a6c2-a907abb54442,18
b1873d56-50de-46f2-a6c2-a907abb54442,20
ea36f8c9-4d00-4fba-b63b-acf0a7b24913,2
ea36f8c9-4d00-4fba-b63b-acf0a7b24913,5
ea36f8c9-4d00-4fba-b63b-acf0a7b24913,8
ea36f8c9-4d00-4fba-b63b-acf0a7b24913,12
9b0ab4d7-fb2d-49c3-8d03-3d1bed5d58d8,4
9b0ab4d7-fb2d-49c3-8d03-3d1bed5d58d8,5
9b0ab4d7-fb2d-49c3-8d03-3d1bed5d58d8,6
9b0ab4d7-fb2d-49c3-8d03-3d1bed5d58d8,8
c024ae2f-747f-4e78-b09d-430b0eca3860,8
c024ae2f-747f-4e78-b09d-430b0eca3860,10
c024ae2f-747f-4e78-b09d-430b0eca3860,11
c024ae2f-747f-4e78-b09d-430b0eca3860,20
767e0eaf-7303-4417-832c-a8e02100fe09,1
767e0eaf-7303-4417-832c-a8e02100fe09,11
767e0eaf-7303-4417-832c-a8e02100fe09,14
11a37724-d4a2-4571-9734-d56b460e4a73,2
11a37724-d4a2-4571-9734-d56b460e4a73,11
11a37724-d4a2-4571-9734-d56b460e4a73,12
11a37724-d4a2-4571-9734-d56b460e4a73,18
64d309e9-1dd7-4572-9479-4d2164c080b8,5
64d309e9-1dd7-4572-9479-4d2164c080b8,6
64d309e9-1dd7-4572-9479-4d2164c080b8,7
64d309e9-1dd7-4572-9479-4d2164c080b8,8
64d309e9-1dd7-4572-9479-4d2164c080b8,10
64d309e9-1dd7-4572-9479-4d2164c080b8,20
a92d0de1-8406-42f3-a47a-eba53cfc918d,6
a92d0de1-8406-42f3-a47a-eba53cfc918d,15
a92d0de1-8406-42f3-a47a-eba53cfc918d,19
9500eed0-ba6a-4e02-904a-16af00d46e3e,8
9500eed0-ba6a-4e02-904a-16af00d46e3e,9
9500eed0-ba6a-4e02-904a-16af00d46e3e,11
9500eed0-ba6a-4e02-904a-16af00d46e3e,15
9500eed0-ba6a-4e02-904a-16af00d46e3e,19
9500eed0-ba6a-4e02-904a-16af00d46e3e,20
4fd7b80e-d72e-42b6-8127-2b77a2ab3795,3
4fd7b80e-d72e-42b6-8127-2b77a2ab3795,8
4fd7b80e-d72e-42b6-8127-2b77a2ab3795,9
4fd7b80e-d72e-42b6-8127-2b77a2ab3795,11
1afa7fed-df03-44c8-b7f4-59e0d64bbaad,8
1afa7fed-df03-44c8-b7f4-59e0d64bbaad,10
1afa7fed-df03-44c8-b7f4-59e0d64bbaad,12
03d3af4e-4ead-4742-b182-a0cc364ee704,4
03d3af4e-4ead-4742-b182-a0cc364ee704,8
03d3af4e-4ead-4742-b182-a0cc364ee704,16
0f332dc1-8d8c-4d07-9e8e-61e2d0086221,9
0f332dc1-8d8c-4d07-9e8e-61e2d0086221,12
0f332dc1-8d8c-4d07-9e8e-61e2d0086221,16
0f332dc1-8d8c-4d07-9e8e-61e2d0086221,17
d0420627-79ac-4ec0-b46a-b70a49edb1d8,7
d0420627-79ac-4ec0-b46a-b70a49edb1d8,9
d0420627-79ac-4ec0-b46a-b70a49edb1d8,10
d0420627-79ac-4ec0-b46a-b70a49edb1d8,15
473aea92-b352-4816-84a6-998d6674e016,11
473aea92-b352-4816-84a6-998d6674e016,18
473aea92-b352-4816-84a6-998d6674e016,19
c061b807-bf13-4062-83a1-8560217e80d8,2
c061b807-bf13-4062-83a1-8560217e80d8,3
c061b807-bf13-4062-83a1-8560217e80d8,12
c061b807-bf13-4062-83a1-8560217e80d8,15
2d2ef5e3-a9fa-454f-9d27-96ad5903a226,2
2d2ef5e3-a9fa-454f-9d27-96ad5903a226,8
2d2ef5e3-a9fa-454f-9d27-96ad5903a226,10
2d2ef5e3-a9fa-454f-9d27-96ad5903a226,11
2d2ef5e3-a9fa-454f-9d27-96ad5903a226,13
971f68c9-d724-4aeb-8be7-a6c87cae819c,3
971f68c9-d724-4aeb-8be7-a6c87cae819c,15
971f68c9-d724-4aeb-8be7-a6c87cae819c,17
971f68c9-d724-4aeb-8be7-a6c87cae819c,19
671eb403-5ad4-4085-bf1b-c397caf5df96,6
671eb403-5ad4-4085-bf1b-c397caf5df96,9
671eb403-5ad4-4085-bf1b-c397caf5df96,15
671eb403-5ad4-4085-bf1b-c397caf5df96,20
2b02df80-1d86-4eca-8b1a-02e41da4ddf4,4
2b02df80-1d86-4eca-8b1a-02e41da4ddf4,5
2b02df80-1d86-4eca-8b1a-02e41da4ddf4,6
2b02df80-1d86-4eca-8b1a-02e41da4ddf4,10
2b02df80-1d86-4eca-8b1a-02e41da4ddf4,12
8fe78534-8626-4ccb-8a11-1abeb3417110,9
8fe78534-8626-4ccb-8a11-1abeb3417110,10
8fe78534-8626-4ccb-8a11-1abeb3417110,11
8fe78534-8626-4ccb-8a11-1abeb3417110,12
8fe78534-8626-4ccb-8a11-1abeb3417110,20
de28480c-d0d0-4780-9b2f-53c70c8b5ed5,8
de28480c-d0d0-4780-9b2f-53c70c8b5ed5,10
de28480c-d0d0-4780-9b2f-53c70c8b5ed5,11
de28480c-d0d0-4780-9b2f-53c70c8b5ed5,19
f5856cb1-16f0-45c5-83c8-8332602c0554,2
f5856cb1-16f0-45c5-83c8-8332602c0554,7
f5856cb1-16f0-45c5-83c8-8332602c0554,14
f5856cb1-16f0-45c5-83c8-8332602c0554,20
ef1f441d-713b-4320-8698-2eecbf112a71,8
ef1f441d-713b-4320-8698-2eecbf112a71,10
ef1f441d-713b-4320-8698-2eecbf112a71,11
a04f5eda-a557-4705-92b5-88cc55ea6558,5
a04f5eda-a557-4705-92b5-88cc55ea6558,8
a04f5eda-a557-4705-92b5-88cc55ea6558,10
a04f5eda-a557-4705-92b5-88cc55ea6558,13
a04f5eda-a557-4705-92b5-88cc55ea6558,14
a04f5eda-a557-4705-92b5-88cc55ea6558,15
bec21b43-0b9a-4b14-aec4-4493b6192e37,1
bec21b43-0b9a-4b14-aec4-4493b6192e37,9
bec21b43-0b9a-4b14-aec4-4493b6192e37,11
bec21b43-0b9a-4b14-aec4-4493b6192e37,18
5aa58bc0-b0f5-4658-982f-0167e1ddd6f1,2
5aa58bc0-b0f5-4658-982f-0167e1ddd6f1,3
5aa58bc0-b0f5-4658-982f-0167e1ddd6f1,9
5aa58bc0-b0f5-4658-982f-0167e1ddd6f1,11
5aa58bc0-b0f5-4658-982f-0167e1ddd6f1,12
5aa58bc0-b0f5-4658-982f-0167e1ddd6f1,14
11a2e202-76be-4f8d-bbf8-518f599c8844,5
11a2e202-76be-4f8d-bbf8-518f599c8844,6
11a2e202-76be-4f8d-bbf8-518f599c8844,11
11a2e202-76be-4f8d-bbf8-518f599c8844,18
66817762-a6a5-4f4b-b499-fa8018b32205,3
66817762-a6a5-4f4b-b499-fa8018b32205,4
66817762-a6a5-4f4b-b499-fa8018b32205,5
47711962-da22-4bdd-bbff-0bab2bfb0355,3
47711962-da22-4bdd-bbff-0bab2bfb0355,7
47711962-da22-4bdd-bbff-0bab2bfb0355,9
47711962-da22-4bdd-bbff-0bab2bfb0355,20
1bdd1aba-8056-4ec1-b09d-02acb85a9eab,10
1bdd1aba-8056-4ec1-b09d-02acb85a9eab,13
1bdd1aba-8056-4ec1-b09d-02acb85a9eab,19
895f01a4-b0ea-4f55-add3-d7b281d0d86e,2
895f01a4-b0ea-4f55-add3-d7b281d0d86e,9
895f01a4-b0ea-4f55-add3-d7b281d0d86e,11
895f01a4-b0ea-4f55-add3-d7b281d0d86e,14
895f01a4-b0ea-4f55-add3-d7b281d0d86e,15
586058b9-99bc-4600-9f37-87111fcaf37e,4
586058b9-99bc-4600-9f37-87111fcaf37e,8
586058b9-99bc-4600-9f37-87111fcaf37e,9
586058b9-99bc-4600-9f37-87111fcaf37e,10
586058b9-99bc-4600-9f37-87111fcaf37e,13
586058b9-99bc-4600-9f37-87111fcaf37e,20
f94cae4d-1651-4cf9-829f-4b10982ab3a1,4
f94cae4d-1651-4cf9-829f-4b10982ab3a1,8
f94cae4d-1651-4cf9-829f-4b10982ab3a1,10
f94cae4d-1651-4cf9-829f-4b10982ab3a1,14
29e789b9-43d6-4d77-bba5-a8fe5bbec079,2
29e789b9-43d6-4d77-bba5-a8fe5bbec079,4
29e789b9-43d6-4d77-bba5-a8fe5bbec079,5
29e789b9-43d6-4d77-bba5-a8fe5bbec079,6
29e789b9-43d6-4d77-bba5-a8fe5bbec079,8
29e789b9-43d6-4d77-bba5-a8fe5bbec079,11
29e789b9-43d6-4d77-bba5-a8fe5bbec079,12
09c9c2e9-4239-482d-891d-56063049a724,4
09c9c2e9-4239-482d-891d-56063049a724,7
09c9c2e9-4239-482d-891d-56063049a724,8
09c9c2e9-4239-482d-891d-56063049a724,9
09c9c2e9-4239-482d-891d-56063049a724,11
09c9c2e9-4239-482d-891d-56063049a724,13
09c9c2e9-4239-482d-891d-56063049a724,20
578da049-e513-4249-a1cf-ad5d43e8fb14,2
578da049-e513-4249-a1cf-ad5d43e8fb14,3
578da049-e513-4249-a1cf-ad5d43e8fb14,12
578da049-e513-4249-a1cf-ad5d43e8fb14,19
11e4bafe-f46f-4714-ae79-46782f98afcc,9
11e4bafe-f46f-4714-ae79-46782f98afcc,10
11e4bafe-f46f-4714-ae79-46782f98afcc,11
11e4bafe-f46f-4714-ae79-46782f98afcc,17
11e4bafe-f46f-4714-ae79-46782f98afcc,18
e2d3c795-c4f6-4ea0-8574-a95fab68d0db,4
e2d3c795-c4f6-4ea0-8574-a95fab68d0db,10
e2d3c795-c4f6-4ea0-8574-a95fab68d0db,18
e2d3c795-c4f6-4ea0-8574-a95fab68d0db,20
405aedd0-cb27-4b4c-a93e-b03ba37f2948,7
405aedd0-cb27-4b4c-a93e-b03ba37f2948,12
405aedd0-cb27-4b4c-a93e-b03ba37f2948,15
1a4b66de-c33c-49df-9b73-d52c3e699483,3
1a4b66de-c33c-49df-9b73-d52c3e699483,9
1a4b66de-c33c-49df-9b73-d52c3e699483,12
1a4b66de-c33c-49df-9b73-d52c3e699483,20
e6693802-b58f-4be6-8509-975c7975dc5b,4
e6693802-b58f-4be6-8509-975c7975dc5b,8
e6693802-b58f-4be6-8509-975c7975dc5b,12
e6693802-b58f-4be6-8509-975c7975dc5b,15
e6693802-b58f-4be6-8509-975c7975dc5b,20
b877de62-103a-4774-b161-65d240e35474,2
b877de62-103a-4774-b161-65d240e35474,3
b877de62-103a-4774-b161-65d240e35474,11
b877de62-103a-4774-b161-65d240e35474,13
b877de62-103a-4774-b161-65d240e35474,17
6898b9c8-16d4-46c4-a56c-4ce1865def90,3
6898b9c8-16d4-46c4-a56c-4ce1865def90,7
6898b9c8-16d4-46c4-a56c-4ce1865def90,9
6898b9c8-16d4-46c4-a56c-4ce1865def90,14
6898b9c8-16d4-46c4-a56c-4ce1865def90,17
66c8ea56-9614-4fab-9460-4b1502ac89ba,5
66c8ea56-9614-4fab-9460-4b1502ac89ba,11
66c8ea56-9614-4fab-9460-4b1502ac89ba,12
66c8ea56-9614-4fab-9460-4b1502ac89ba,18
66c8ea56-9614-4fab-9460-4b1502ac89ba,19
68694506-5179-4288-8fa1-878fbaa48615,5
68694506-5179-4288-8fa1-878fbaa48615,11
68694506-5179-4288-8fa1-878fbaa48615,20
722ee721-cbc4-48ea-afc1-2addf9bc9ffe,5
722ee721-cbc4-48ea-afc1-2addf9bc9ffe,14
722ee721-cbc4-48ea-afc1-2addf9bc9ffe,18
722ee721-cbc4-48ea-afc1-2addf9bc9ffe,19
3619dfe1-747a-4948-8c14-9a75c51a9710,1
3619dfe1-747a-4948-8c14-9a75c51a9710,6
3619dfe1-747a-4948-8c14-9a75c51a9710,7
3619dfe1-747a-4948-8c14-9a75c51a9710,11
3ce5d8ff-3af6-4183-83e3-d0fad13a6ef1,3
3ce5d8ff-3af6-4183-83e3-d0fad13a6ef1,9
3ce5d8ff-3af6-4183-83e3-d0fad13a6ef1,10
3ce5d8ff-3af6-4183-83e3-d0fad13a6ef1,11
3ce5d8ff-3af6-4183-83e3-d0fad13a6ef1,17
320bb62b-bc55-479e-a685-a27deaf87f3a,7
320bb62b-bc55-479e-a685-a27deaf87f3a,12
320bb62b-bc55-479e-a685-a27deaf87f3a,13
320bb62b-bc55-479e-a685-a27deaf87f3a,20
0aa6c832-d272-493b-af96-e53a16a8ba84,2
0aa6c832-d272-493b-af96-e53a16a8ba84,9
0aa6c832-d272-493b-af96-e53a16a8ba84,12
0aa6c832-d272-493b-af96-e53a16a8ba84,14
0aa6c832-d272-493b-af96-e53a16a8ba84,18
efe3f27d-9b61-4dcc-bdee-66d1ff6634b6,14
efe3f27d-9b61-4dcc-bdee-66d1ff6634b6,18
efe3f27d-9b61-4dcc-bdee-66d1ff6634b6,19
767f6a60-4ed4-4d62-b89e-454933720617,4
767f6a60-4ed4-4d62-b89e-454933720617,11
767f6a60-4ed4-4d62-b89e-454933720617,12
767f6a60-4ed4-4d62-b89e-454933720617,13
83d4670d-ba55-4ec7-9348-24a2b2c1d40f,3
83d4670d-ba55-4ec7-9348-24a2b2c1d40f,11
83d4670d-ba55-4ec7-9348-24a2b2c1d40f,18
83d4670d-ba55-4ec7-9348-24a2b2c1d40f,20
3f6cb692-1581-4462-b260-3cad29f36489,6
3f6cb692-1581-4462-b260-3cad29f36489,7
3f6cb692-1581-4462-b260-3cad29f36489,11
3f6cb692-1581-4462-b260-3cad29f36489,12
3f6cb692-1581-4462-b260-3cad29f36489,19
e1b1a83d-dc8c-4bf1-a264-f6eea0333568,4
e1b1a83d-dc8c-4bf1-a264-f6eea0333568,7
e1b1a83d-dc8c-4bf1-a264-f6eea0333568,10
e1b1a83d-dc8c-4bf1-a264-f6eea0333568,18
fbbaaa64-8cee-4669-9d6e-59242b284466,2
fbbaaa64-8cee-4669-9d6e-59242b284466,4
fbbaaa64-8cee-4669-9d6e-59242b284466,9
fbbaaa64-8cee-4669-9d6e-59242b284466,11
fbbaaa64-8cee-4669-9d6e-59242b284466,15
fbbaaa64-8cee-4669-9d6e-59242b284466,17
28ac5ef3-c8dc-4aa9-97a4-4bd90a55268b,8
28ac5ef3-c8dc-4aa9-97a4-4bd90a55268b,11
28ac5ef3-c8dc-4aa9-97a4-4bd90a55268b,12
28ac5ef3-c8dc-4aa9-97a4-4bd90a55268b,18
28ac5ef3-c8dc-4aa9-97a4-4bd90a55268b,20
256b281f-27a3-4756-9132-21f4a6f1d868,3
256b281f-27a3-4756-9132-21f4a6f1d868,9
256b281f-27a3-4756-9132-21f4a6f1d868,11
256b281f-27a3-4756-9132-21f4a6f1d868,12
256b281f-27a3-4756-9132-21f4a6f1d868,14
256b281f-27a3-4756-9132-21f4a6f1d868,18
67218b7a-eda7-4eed-b37b-939fba1ef9ce,1
67218b7a-eda7-4eed-b37b-939fba1ef9ce,11
67218b7a-eda7-4eed-b37b-939fba1ef9ce,14
67218b7a-eda7-4eed-b37b-939fba1ef9ce,19
5783b7bc-8de7-40b5-b1e8-896921098bd2,4
5783b7bc-8de7-40b5-b1e8-896921098bd2,7
5783b7bc-8de7-40b5-b1e8-896921098bd2,10
5783b7bc-8de7-40b5-b1e8-896921098bd2,11
5783b7bc-8de7-40b5-b1e8-896921098bd2,12
e8c415aa-cfd6-4935-9dbf-646291d2e9c0,2
e8c415aa-cfd6-4935-9dbf-646291d2e9c0,4
e8c415aa-cfd6-4935-9dbf-646291d2e9c0,5
e8c415aa-cfd6-4935-9dbf-646291d2e9c0,10
e8c415aa-cfd6-4935-9dbf-646291d2e9c0,11
e8c415aa-cfd6-4935-9dbf-646291d2e9c0,12
b85064cb-2497-4073-9f57-26339c4d0da4,4
b85064cb-2497-4073-9f57-26339c4d0da4,8
b85064cb-2497-4073-9f57-26339c4d0da4,9
b85064cb-2497-4073-9f57-26339c4d0da4,11
b85064cb-2497-4073-9f57-26339c4d0da4,12
b85064cb-2497-4073-9f57-26339c4d0da4,15
9c6726f8-a791-4aaf-bb43-2ac925259d5c,10
9c6726f8-a791-4aaf-bb43-2ac925259d5c,11
9c6726f8-a791-4aaf-bb43-2ac925259d5c,14
9c6726f8-a791-4aaf-bb43-2ac925259d5c,20
cabfbbfa-d76d-4f74-a0ec-910dd89f4794,1
cabfbbfa-d76d-4f74-a0ec-910dd89f4794,10
cabfbbfa-d76d-4f74-a0ec-910dd89f4794,13
f5fabd31-c937-4924-a2a4-7cd151d87d06,8
f5fabd31-c937-4924-a2a4-7cd151d87d06,14
f5fabd31-c937-4924-a2a4-7cd151d87d06,20
13376738-828d-4cdb-b40c-24d0da2a5573,6
13376738-828d-4cdb-b40c-24d0da2a5573,10
13376738-828d-4cdb-b40c-24d0da2a5573,11
13376738-828d-4cdb-b40c-24d0da2a5573,15
13376738-828d-4cdb-b40c-24d0da2a5573,16
13376738-828d-4cdb-b40c-24d0da2a5573,20
ef6c19c9-41fb-4663-b095-fd6f807954ec,7
ef6c19c9-41fb-4663-b095-fd6f807954ec,10
ef6c19c9-41fb-4663-b095-fd6f807954ec,12
ef6c19c9-41fb-4663-b095-fd6f807954ec,18
ef6c19c9-41fb-4663-b095-fd6f807954ec,19
ef6c19c9-41fb-4663-b095-fd6f807954ec,20
99ce0eb9-db3b-4ba1-9d7e-a6e10271bb8c,9
99ce0eb9-db3b-4ba1-9d7e-a6e10271bb8c,10
99ce0eb9-db3b-4ba1-9d7e-a6e10271bb8c,11
99ce0eb9-db3b-4ba1-9d7e-a6e10271bb8c,15
99ce0eb9-db3b-4ba1-9d7e-a6e10271bb8c,17
e63e4f83-e0ba-4644-a46a-7413de243920,11
e63e4f83-e0ba-4644-a46a-7413de243920,13
e63e4f83-e0ba-4644-a46a-7413de243920,14
e63e4f83-e0ba-4644-a46a-7413de243920,15
e63e4f83-e0ba-4644-a46a-7413de243920,19
f4cd3bad-4dac-4e03-9295-0b1a528ef4eb,4
f4cd3bad-4dac-4e03-9295-0b1a528ef4eb,6
f4cd3bad-4dac-4e03-9295-0b1a528ef4eb,10
f4cd3bad-4dac-4e03-9295-0b1a528ef4eb,11
566b3448-8c23-4e51-898b-60f56bfe4ff0,12
566b3448-8c23-4e51-898b-60f56bfe4ff0,13
566b3448-8c23-4e51-898b-60f56bfe4ff0,14
0b8e3edc-e13f-433c-bcda-bf4510acface,4
0b8e3edc-e13f-433c-bcda-bf4510acface,5
0b8e3edc-e13f-433c-bcda-bf4510acface,7
0b8e3edc-e13f-433c-bcda-bf4510acface,8
0b8e3edc-e13f-433c-bcda-bf4510acface,14
0b8e3edc-e13f-433c-bcda-bf4510acface,15
a4227edf-b1ca-4211-8668-7f5fc27b3661,4
a4227edf-b1ca-4211-8668-7f5fc27b3661,6
a4227edf-b1ca-4211-8668-7f5fc27b3661,8
a4227edf-b1ca-4211-8668-7f5fc27b3661,10
a4227edf-b1ca-4211-8668-7f5fc27b3661,11
a4227edf-b1ca-4211-8668-7f5fc27b3661,17
b441076d-638e-411c-acb3-a82826ad41d8,11
b441076d-638e-411c-acb3-a82826ad41d8,14
b441076d-638e-411c-acb3-a82826ad41d8,18
b441076d-638e-411c-acb3-a82826ad41d8,19
b441076d-638e-411c-acb3-a82826ad41d8,20
97810494-626f-45ab-bb4d-e0c09e642c34,4
97810494-626f-45ab-bb4d-e0c09e642c34,8
97810494-626f-45ab-bb4d-e0c09e642c34,10
97810494-626f-45ab-bb4d-e0c09e642c34,15
ddf3e419-1b94-4594-a39d-89115b54e666,9
ddf3e419-1b94-4594-a39d-89115b54e666,10
ddf3e419-1b94-4594-a39d-89115b54e666,15
ddf3e419-1b94-4594-a39d-89115b54e666,19
c58f7dbd-9a6d-4c3f-bed8-75f484e20259,7
c58f7dbd-9a6d-4c3f-bed8-75f484e20259,8
c58f7dbd-9a6d-4c3f-bed8-75f484e20259,11
c58f7dbd-9a6d-4c3f-bed8-75f484e20259,18
6a1bffb9-024c-43fe-b7f7-ba36c4355ad0,4
6a1bffb9-024c-43fe-b7f7-ba36c4355ad0,6
6a1bffb9-024c-43fe-b7f7-ba36c4355ad0,7
6a1bffb9-024c-43fe-b7f7-ba36c4355ad0,11
6a1bffb9-024c-43fe-b7f7-ba36c4355ad0,12
f653f156-dd8f-4bb2-977b-79810e01781b,2
f653f156-dd8f-4bb2-977b-79810e01781b,6
f653f156-dd8f-4bb2-977b-79810e01781b,8
f653f156-dd8f-4bb2-977b-79810e01781b,10
f653f156-dd8f-4bb2-977b-79810e01781b,11
b945f48a-ccc4-43f6-928b-e2c1f46146b6,11
b945f48a-ccc4-43f6-928b-e2c1f46146b6,12
b945f48a-ccc4-43f6-928b-e2c1f46146b6,14
b945f48a-ccc4-43f6-928b-e2c1f46146b6,18
0441628f-8ff9-482b-8f9a-9c8d29f29c36,4
0441628f-8ff9-482b-8f9a-9c8d29f29c36,6
0441628f-8ff9-482b-8f9a-9c8d29f29c36,10
0441628f-8ff9-482b-8f9a-9c8d29f29c36,15
0441628f-8ff9-482b-8f9a-9c8d29f29c36,18
12f5d09b-3a9f-46b1-98f3-f1fcb7df3201,6
12f5d09b-3a9f-46b1-98f3-f1fcb7df3201,8
12f5d09b-3a9f-46b1-98f3-f1fcb7df3201,10
12f5d09b-3a9f-46b1-98f3-f1fcb7df3201,11
12f5d09b-3a9f-46b1-98f3-f1fcb7df3201,12
1282a9e9-9325-4f3d-94ee-887a13d79265,6
1282a9e9-9325-4f3d-94ee-887a13d79265,7
1282a9e9-9325-4f3d-94ee-887a13d79265,13
1282a9e9-9325-4f3d-94ee-887a13d79265,15
1282a9e9-9325-4f3d-94ee-887a13d79265,20
0737a7a1-e7e6-43a8-ade5-027ff9fba167,4
0737a7a1-e7e6-43a8-ade5-027ff9fba167,5
0737a7a1-e7e6-43a8-ade5-027ff9fba167,7
0737a7a1-e7e6-43a8-ade5-027ff9fba167,9
0737a7a1-e7e6-43a8-ade5-027ff9fba167,13
61175dd3-69f9-4b64-8fa2-09b08ee9b450,6
61175dd3-69f9-4b64-8fa2-09b08ee9b450,7
61175dd3-69f9-4b64-8fa2-09b08ee9b450,10
61175dd3-69f9-4b64-8fa2-09b08ee9b450,12
1265fdd8-49bb-4b65-8420-9820ac749a6a,4
1265fdd8-49bb-4b65-8420-9820ac749a6a,11
1265fdd8-49bb-4b65-8420-9820ac749a6a,15
8fb6c560-14f4-4ef9-bab1-bda6ae55864c,1
8fb6c560-14f4-4ef9-bab1-bda6ae55864c,3
8fb6c560-14f4-4ef9-bab1-bda6ae55864c,9
8fb6c560-14f4-4ef9-bab1-bda6ae55864c,12
8fb6c560-14f4-4ef9-bab1-bda6ae55864c,15
7a896dbe-f0e6-49e6-be1b-41feb6e585a7,7
7a896dbe-f0e6-49e6-be1b-41feb6e585a7,8
7a896dbe-f0e6-49e6-be1b-41feb6e585a7,11
8f1b219c-c56a-41c1-88e4-b541304785b8,8
8f1b219c-c56a-41c1-88e4-b541304785b8,9
8f1b219c-c56a-41c1-88e4-b541304785b8,10
8f1b219c-c56a-41c1-88e4-b541304785b8,11
8f1b219c-c56a-41c1-88e4-b541304785b8,12
53234d32-ce6e-4a41-989f-d1958715bab4,12
53234d32-ce6e-4a41-989f-d1958715bab4,14
53234d32-ce6e-4a41-989f-d1958715bab4,20
c316d911-6157-4923-83d0-94e475c6acc5,5
c316d911-6157-4923-83d0-94e475c6acc5,7
c316d911-6157-4923-83d0-94e475c6acc5,10
c316d911-6157-4923-83d0-94e475c6acc5,11
9630d3c5-3a6f-4cba-bd6b-09ef4505332e,1
9630d3c5-3a6f-4cba-bd6b-09ef4505332e,9
9630d3c5-3a6f-4cba-bd6b-09ef4505332e,11
9630d3c5-3a6f-4cba-bd6b-09ef4505332e,15
9af4b494-b502-4444-9cfd-9e6df7e6f022,5
9af4b494-b502-4444-9cfd-9e6df7e6f022,6
9af4b494-b502-4444-9cfd-9e6df7e6f022,7
9af4b494-b502-4444-9cfd-9e6df7e6f022,8
9af4b494-b502-4444-9cfd-9e6df7e6f022,10
ab0db0d8-c159-4585-9035-caac34ef75a4,4
ab0db0d8-c159-4585-9035-caac34ef75a4,8
ab0db0d8-c159-4585-9035-caac34ef75a4,11
a3befb78-1e74-4bd2-88bc-ea49d60ed7d7,2
a3befb78-1e74-4bd2-88bc-ea49d60ed7d7,8
a3befb78-1e74-4bd2-88bc-ea49d60ed7d7,11
a3befb78-1e74-4bd2-88bc-ea49d60ed7d7,14
a3befb78-1e74-4bd2-88bc-ea49d60ed7d7,15
c3f44d1a-e988-4b73-a7f1-9fe2fbfeaaca,4
c3f44d1a-e988-4b73-a7f1-9fe2fbfeaaca,9
c3f44d1a-e988-4b73-a7f1-9fe2fbfeaaca,11
c3f44d1a-e988-4b73-a7f1-9fe2fbfeaaca,12
6dc39d9c-e178-4f38-874c-f4d9d30d1b2e,9
6dc39d9c-e178-4f38-874c-f4d9d30d1b2e,13
6dc39d9c-e178-4f38-874c-f4d9d30d1b2e,14
6dc39d9c-e178-4f38-874c-f4d9d30d1b2e,15
6dc39d9c-e178-4f38-874c-f4d9d30d1b2e,17
76a9bda7-4fee-4da7-a23d-97f4c3bfc3a1,4
76a9bda7-4fee-4da7-a23d-97f4c3bfc3a1,5
76a9bda7-4fee-4da7-a23d-97f4c3bfc3a1,11
76a9bda7-4fee-4da7-a23d-97f4c3bfc3a1,20
fc076384-0f92-412b-9cd2-b54ac7597f75,4
fc076384-0f92-412b-9cd2-b54ac7597f75,5
fc076384-0f92-412b-9cd2-b54ac7597f75,7
fc076384-0f92-412b-9cd2-b54ac7597f75,8
fc076384-0f92-412b-9cd2-b54ac7597f75,10
fc076384-0f92-412b-9cd2-b54ac7597f75,11
399ddb4e-8253-4685-9236-d599b6eef665,2
399ddb4e-8253-4685-9236-d599b6eef665,9
399ddb4e-8253-4685-9236-d599b6eef665,10
399ddb4e-8253-4685-9236-d599b6eef665,14
82015a98-3b01-41dc-9cac-7c689d1a99b7,2
82015a98-3b01-41dc-9cac-7c689d1a99b7,9
82015a98-3b01-41dc-9cac-7c689d1a99b7,10
82015a98-3b01-41dc-9cac-7c689d1a99b7,15
82015a98-3b01-41dc-9cac-7c689d1a99b7,17
374bb2b1-7239-47b4-a7f3-42a9312229af,4
374bb2b1-7239-47b4-a7f3-42a9312229af,8
374bb2b1-7239-47b4-a7f3-42a9312229af,10
374bb2b1-7239-47b4-a7f3-42a9312229af,15
171db798-037c-4b40-8b32-1ee7db84779a,7
171db798-037c-4b40-8b32-1ee7db84779a,11
171db798-037c-4b40-8b32-1ee7db84779a,12
171db798-037c-4b40-8b32-1ee7db84779a,13
171db798-037c-4b40-8b32-1ee7db84779a,14
171db798-037c-4b40-8b32-1ee7db84779a,18
171db798-037c-4b40-8b32-1ee7db84779a,19
41a6c95e-1a40-4fc5-a34d-45dacb2f816f,4
41a6c95e-1a40-4fc5-a34d-45dacb2f816f,5
41a6c95e-1a40-4fc5-a34d-45dacb2f816f,12
41a6c95e-1a40-4fc5-a34d-45dacb2f816f,17
549a7925-348b-43cd-a3b9-dd25c12212b3,6
549a7925-348b-43cd-a3b9-dd25c12212b3,10
549a7925-348b-43cd-a3b9-dd25c12212b3,20
e6cbc23c-448f-475b-9d8d-a739cbc80407,6
e6cbc23c-448f-475b-9d8d-a739cbc80407,8
e6cbc23c-448f-475b-9d8d-a739cbc80407,10
e6cbc23c-448f-475b-9d8d-a739cbc80407,11
e6cbc23c-448f-475b-9d8d-a739cbc80407,15
c3b0f176-69f0-4028-872a-0091128bf3a7,7
c3b0f176-69f0-4028-872a-0091128bf3a7,11
c3b0f176-69f0-4028-872a-0091128bf3a7,13
c3b0f176-69f0-4028-872a-0091128bf3a7,14
c3b0f176-69f0-4028-872a-0091128bf3a7,18
c3b0f176-69f0-4028-872a-0091128bf3a7,19
c3b0f176-69f0-4028-872a-0091128bf3a7,20
8d973db4-761f-47fc-a137-ab4ad30532c7,3
8d973db4-761f-47fc-a137-ab4ad30532c7,11
8d973db4-761f-47fc-a137-ab4ad30532c7,12
8d973db4-761f-47fc-a137-ab4ad30532c7,14
d432410f-620e-49df-9646-346e8457b3bf,10
d432410f-620e-49df-9646-346e8457b3bf,15
d432410f-620e-49df-9646-346e8457b3bf,20
e707ec8d-700c-4a76-b105-331db986cdd6,5
e707ec8d-700c-4a76-b105-331db986cdd6,10
e707ec8d-700c-4a76-b105-331db986cdd6,12
495bd104-33c7-4b5a-9072-a2d144130630,5
495bd104-33c7-4b5a-9072-a2d144130630,6
495bd104-33c7-4b5a-9072-a2d144130630,8
495bd104-33c7-4b5a-9072-a2d144130630,11
495bd104-33c7-4b5a-9072-a2d144130630,12
4a9e86b6-080d-430e-bcb2-e2ee310d6672,7
4a9e86b6-080d-430e-bcb2-e2ee310d6672,11
4a9e86b6-080d-430e-bcb2-e2ee310d6672,12
60d3d345-0e8d-47d9-8016-5a0a66060125,7
60d3d345-0e8d-47d9-8016-5a0a66060125,9
60d3d345-0e8d-47d9-8016-5a0a66060125,10
60d3d345-0e8d-47d9-8016-5a0a66060125,12
60d3d345-0e8d-47d9-8016-5a0a66060125,15
60d3d345-0e8d-47d9-8016-5a0a66060125,20
d293ce30-027f-4bb3-ad26-f2dfc118d0c4,2
d293ce30-027f-4bb3-ad26-f2dfc118d0c4,3
d293ce30-027f-4bb3-ad26-f2dfc118d0c4,9
d293ce30-027f-4bb3-ad26-f2dfc118d0c4,11
d293ce30-027f-4bb3-ad26-f2dfc118d0c4,12
d293ce30-027f-4bb3-ad26-f2dfc118d0c4,17
8c98e8b0-861d-4d8c-9844-76deb537a1db,5
8c98e8b0-861d-4d8c-9844-76deb537a1db,6
8c98e8b0-861d-4d8c-9844-76deb537a1db,7
8c98e8b0-861d-4d8c-9844-76deb537a1db,8
8c98e8b0-861d-4d8c-9844-76deb537a1db,18
c7e688a0-9d9d-4d3f-9e2e-62a547733a58,5
c7e688a0-9d9d-4d3f-9e2e-62a547733a58,7
c7e688a0-9d9d-4d3f-9e2e-62a547733a58,10
c7e688a0-9d9d-4d3f-9e2e-62a547733a58,11
432c2cf9-dd95-45fd-9867-4bb233d84a2f,7
432c2cf9-dd95-45fd-9867-4bb233d84a2f,10
432c2cf9-dd95-45fd-9867-4bb233d84a2f,12
432c2cf9-dd95-45fd-9867-4bb233d84a2f,14
a267cd55-dae7-4edb-9cd9-1ac6f46d89a0,3
a267cd55-dae7-4edb-9cd9-1ac6f46d89a0,11
a267cd55-dae7-4edb-9cd9-1ac6f46d89a0,20
bc82679b-60ac-4cb8-a2c8-90cf85491d9f,3
bc82679b-60ac-4cb8-a2c8-90cf85491d9f,15
bc82679b-60ac-4cb8-a2c8-90cf85491d9f,17
e9bcf6db-9a70-402b-96e0-5fad1e21ca31,4
e9bcf6db-9a70-402b-96e0-5fad1e21ca31,7
e9bcf6db-9a70-402b-96e0-5fad1e21ca31,8
e9bcf6db-9a70-402b-96e0-5fad1e21ca31,9
e9bcf6db-9a70-402b-96e0-5fad1e21ca31,10
e9bcf6db-9a70-402b-96e0-5fad1e21ca31,15
27e57f44-3711-4937-96be-d80bcf09b05d,9
27e57f44-3711-4937-96be-d80bcf09b05d,11
27e57f44-3711-4937-96be-d80bcf09b05d,12
27e57f44-3711-4937-96be-d80bcf09b05d,19
99af7d44-61e4-4858-ab38-26d8bb855d58,5
99af7d44-61e4-4858-ab38-26d8bb855d58,7
99af7d44-61e4-4858-ab38-26d8bb855d58,8
99af7d44-61e4-4858-ab38-26d8bb855d58,10
99af7d44-61e4-4858-ab38-26d8bb855d58,11
99af7d44-61e4-4858-ab38-26d8bb855d58,15
1cf69dca-1008-4088-ab2d-72f1112b1abb,5
1cf69dca-1008-4088-ab2d-72f1112b1abb,6
1cf69dca-1008-4088-ab2d-72f1112b1abb,7
1cf69dca-1008-4088-ab2d-72f1112b1abb,8
1cf69dca-1008-4088-ab2d-72f1112b1abb,19
32b25946-4e38-41dc-be6e-68aa7a85c5b4,6
32b25946-4e38-41dc-be6e-68aa7a85c5b4,9
32b25946-4e38-41dc-be6e-68aa7a85c5b4,11
32b25946-4e38-41dc-be6e-68aa7a85c5b4,19
c2c17b8a-e8e3-4734-8a5d-558dcb795104,2
c2c17b8a-e8e3-4734-8a5d-558dcb795104,11
c2c17b8a-e8e3-4734-8a5d-558dcb795104,12
c2c17b8a-e8e3-4734-8a5d-558dcb795104,17
d39a524e-7c94-4fbb-ae92-88b5fbdeaeb8,7
d39a524e-7c94-4fbb-ae92-88b5fbdeaeb8,11
d39a524e-7c94-4fbb-ae92-88b5fbdeaeb8,14
d39a524e-7c94-4fbb-ae92-88b5fbdeaeb8,15
d39a524e-7c94-4fbb-ae92-88b5fbdeaeb8,20
7679b948-fa41-435b-ac00-5921da3101ce,1
7679b948-fa41-435b-ac00-5921da3101ce,11
7679b948-fa41-435b-ac00-5921da3101ce,12
7679b948-fa41-435b-ac00-5921da3101ce,14
7679b948-fa41-435b-ac00-5921da3101ce,19
8d156397-31ce-4b22-917d-ddbd85670e15,7
8d156397-31ce-4b22-917d-ddbd85670e15,12
8d156397-31ce-4b22-917d-ddbd85670e15,17
8d156397-31ce-4b22-917d-ddbd85670e15,19
b108c01c-8d8b-44d9-b7b4-c8ff2f95bdfa,8
b108c01c-8d8b-44d9-b7b4-c8ff2f95bdfa,12
b108c01c-8d8b-44d9-b7b4-c8ff2f95bdfa,19
15422187-1dc9-46d5-8bf2-867217ee9f44,3
15422187-1dc9-46d5-8bf2-867217ee9f44,11
15422187-1dc9-46d5-8bf2-867217ee9f44,12
15422187-1dc9-46d5-8bf2-867217ee9f44,14
2d1d0a12-4b10-45f0-b7dc-0403ac89b5a1,7
2d1d0a12-4b10-45f0-b7dc-0403ac89b5a1,8
2d1d0a12-4b10-45f0-b7dc-0403ac89b5a1,13
2d1d0a12-4b10-45f0-b7dc-0403ac89b5a1,17
77eda781-2f0d-483f-8875-14af3485c071,9
77eda781-2f0d-483f-8875-14af3485c071,11
77eda781-2f0d-483f-8875-14af3485c071,12
77eda781-2f0d-483f-8875-14af3485c071,17
f5f20910-dacc-43c4-b464-91f0ea54dd03,1
f5f20910-dacc-43c4-b464-91f0ea54dd03,4
f5f20910-dacc-43c4-b464-91f0ea54dd03,5
f5f20910-dacc-43c4-b464-91f0ea54dd03,6
f5f20910-dacc-43c4-b464-91f0ea54dd03,8
f5f20910-dacc-43c4-b464-91f0ea54dd03,10
f5f20910-dacc-43c4-b464-91f0ea54dd03,15
d3db882a-0f69-4757-86d7-7684ed050599,6
d3db882a-0f69-4757-86d7-7684ed050599,10
d3db882a-0f69-4757-86d7-7684ed050599,14
4d667ed7-ec6b-4add-aae1-3807ff1a161c,11
4d667ed7-ec6b-4add-aae1-3807ff1a161c,15
4d667ed7-ec6b-4add-aae1-3807ff1a161c,19
82262980-bc3c-49fb-a210-28daa74d1ba3,10
82262980-bc3c-49fb-a210-28daa74d1ba3,11
82262980-bc3c-49fb-a210-28daa74d1ba3,13
82262980-bc3c-49fb-a210-28daa74d1ba3,15
82262980-bc3c-49fb-a210-28daa74d1ba3,20
6e55651b-8ed1-4671-be45-9df63f4dbdb6,3
6e55651b-8ed1-4671-be45-9df63f4dbdb6,11
6e55651b-8ed1-4671-be45-9df63f4dbdb6,14
6e55651b-8ed1-4671-be45-9df63f4dbdb6,15
6e55651b-8ed1-4671-be45-9df63f4dbdb6,17
6e55651b-8ed1-4671-be45-9df63f4dbdb6,18
7b5a28c5-3946-4a3b-ad59-fc33a2e44d00,8
7b5a28c5-3946-4a3b-ad59-fc33a2e44d00,10
7b5a28c5-3946-4a3b-ad59-fc33a2e44d00,12
7b5a28c5-3946-4a3b-ad59-fc33a2e44d00,16
7b5a28c5-3946-4a3b-ad59-fc33a2e44d00,20
4732e98c-1b0b-4a04-9010-a3ac17db092b,3
4732e98c-1b0b-4a04-9010-a3ac17db092b,8
4732e98c-1b0b-4a04-9010-a3ac17db092b,9
4732e98c-1b0b-4a04-9010-a3ac17db092b,11
4732e98c-1b0b-4a04-9010-a3ac17db092b,20
af9d7f38-32f1-49e9-974f-0bb83155d6eb,4
af9d7f38-32f1-49e9-974f-0bb83155d6eb,5
af9d7f38-32f1-49e9-974f-0bb83155d6eb,6
af9d7f38-32f1-49e9-974f-0bb83155d6eb,7
af9d7f38-32f1-49e9-974f-0bb83155d6eb,12
cba90a11-1840-4896-baf9-ad4c1723a01f,12
cba90a11-1840-4896-baf9-ad4c1723a01f,14
cba90a11-1840-4896-baf9-ad4c1723a01f,19
0e1e47d1-e0f8-4547-aa65-ac319dba27f6,4
0e1e47d1-e0f8-4547-aa65-ac319dba27f6,10
0e1e47d1-e0f8-4547-aa65-ac319dba27f6,15
3784474d-e825-475d-9698-3cd025b65f95,3
3784474d-e825-475d-9698-3cd025b65f95,10
3784474d-e825-475d-9698-3cd025b65f95,13
786ba2a2-fd55-4c3c-82a9-6ab4566b3717,5
786ba2a2-fd55-4c3c-82a9-6ab4566b3717,6
786ba2a2-fd55-4c3c-82a9-6ab4566b3717,20
edff2c41-0933-4e95-aa63-ea67ea877576,1
edff2c41-0933-4e95-aa63-ea67ea877576,7
edff2c41-0933-4e95-aa63-ea67ea877576,11
f5ccc467-2763-4435-88f8-0c697c5bc756,9
f5ccc467-2763-4435-88f8-0c697c5bc756,14
f5ccc467-2763-4435-88f8-0c697c5bc756,18
f5ccc467-2763-4435-88f8-0c697c5bc756,20
5671894a-5a48-444a-8a73-5462d0f8e451,9
5671894a-5a48-444a-8a73-5462d0f8e451,12
5671894a-5a48-444a-8a73-5462d0f8e451,14
5671894a-5a48-444a-8a73-5462d0f8e451,18
5671894a-5a48-444a-8a73-5462d0f8e451,19
c1e9f1c5-3a1d-407e-9767-7cb7c9089296,5
c1e9f1c5-3a1d-407e-9767-7cb7c9089296,6
c1e9f1c5-3a1d-407e-9767-7cb7c9089296,7
c1e9f1c5-3a1d-407e-9767-7cb7c9089296,8
c1e9f1c5-3a1d-407e-9767-7cb7c9089296,10
c1e9f1c5-3a1d-407e-9767-7cb7c9089296,15
c1e9f1c5-3a1d-407e-9767-7cb7c9089296,20
05c492af-d761-4387-82ef-5279befcf02d,1
05c492af-d761-4387-82ef-5279befcf02d,9
05c492af-d761-4387-82ef-5279befcf02d,11
05c492af-d761-4387-82ef-5279befcf02d,12
38f134e4-e62f-4bb9-a0f5-99a23ed433c7,7
38f134e4-e62f-4bb9-a0f5-99a23ed433c7,12
38f134e4-e62f-4bb9-a0f5-99a23ed433c7,14
38f134e4-e62f-4bb9-a0f5-99a23ed433c7,15
38f134e4-e62f-4bb9-a0f5-99a23ed433c7,19
38f134e4-e62f-4bb9-a0f5-99a23ed433c7,20
ebe1cbd3-513d-4852-b31c-67c8b1dbeca9,9
ebe1cbd3-513d-4852-b31c-67c8b1dbeca9,11
ebe1cbd3-513d-4852-b31c-67c8b1dbeca9,12
ebe1cbd3-513d-4852-b31c-67c8b1dbeca9,15
ebe1cbd3-513d-4852-b31c-67c8b1dbeca9,18
ebe1cbd3-513d-4852-b31c-67c8b1dbeca9,19
9246a4a8-fa4c-48db-84c1-bcec80300b95,1
9246a4a8-fa4c-48db-84c1-bcec80300b95,11
9246a4a8-fa4c-48db-84c1-bcec80300b95,12
cb17d7d1-9663-46f6-8a78-677490248001,6
cb17d7d1-9663-46f6-8a78-677490248001,8
cb17d7d1-9663-46f6-8a78-677490248001,10
cb17d7d1-9663-46f6-8a78-677490248001,12
cb17d7d1-9663-46f6-8a78-677490248001,13
bc70bf9e-59c4-4c98-a89c-92f271b748cc,1
bc70bf9e-59c4-4c98-a89c-92f271b748cc,11
bc70bf9e-59c4-4c98-a89c-92f271b748cc,13
f74bfc4f-83da-466c-9090-774178a81831,9
f74bfc4f-83da-466c-9090-774178a81831,12
f74bfc4f-83da-466c-9090-774178a81831,19
41417e3e-4fd4-4942-a396-ba652bde8364,12
41417e3e-4fd4-4942-a396-ba652bde8364,14
41417e3e-4fd4-4942-a396-ba652bde8364,17
41417e3e-4fd4-4942-a396-ba652bde8364,18
2ddc0de1-b086-459e-8934-d9b7c1771d9d,4
2ddc0de1-b086-459e-8934-d9b7c1771d9d,10
2ddc0de1-b086-459e-8934-d9b7c1771d9d,11
2ddc0de1-b086-459e-8934-d9b7c1771d9d,16
2ddc0de1-b086-459e-8934-d9b7c1771d9d,20
484f3068-59db-4d25-966c-e9f0cdc078db,6
484f3068-59db-4d25-966c-e9f0cdc078db,10
484f3068-59db-4d25-966c-e9f0cdc078db,11
484f3068-59db-4d25-966c-e9f0cdc078db,20
7ff2c490-b386-436c-86c2-79a11610b881,4
7ff2c490-b386-436c-86c2-79a11610b881,7
7ff2c490-b386-436c-86c2-79a11610b881,10
7ff2c490-b386-436c-86c2-79a11610b881,13
dadc6b32-cbe4-4de4-a808-13de29ec16d0,7
dadc6b32-cbe4-4de4-a808-13de29ec16d0,9
dadc6b32-cbe4-4de4-a808-13de29ec16d0,20
1601dd67-4724-4d1d-a0bc-461e96081aed,5
1601dd67-4724-4d1d-a0bc-461e96081aed,7
1601dd67-4724-4d1d-a0bc-461e96081aed,8
1601dd67-4724-4d1d-a0bc-461e96081aed,10
1601dd67-4724-4d1d-a0bc-461e96081aed,11
1601dd67-4724-4d1d-a0bc-461e96081aed,12
1601dd67-4724-4d1d-a0bc-461e96081aed,16
5f646712-930f-479c-89c6-657ca0f5634c,4
5f646712-930f-479c-89c6-657ca0f5634c,5
5f646712-930f-479c-89c6-657ca0f5634c,6
5f646712-930f-479c-89c6-657ca0f5634c,7
5f646712-930f-479c-89c6-657ca0f5634c,10
5f646712-930f-479c-89c6-657ca0f5634c,12
dafc105e-50d6-45fc-881b-f8c7648a1d01,8
dafc105e-50d6-45fc-881b-f8c7648a1d01,9
dafc105e-50d6-45fc-881b-f8c7648a1d01,11
dafc105e-50d6-45fc-881b-f8c7648a1d01,12
b03521e4-0ebe-4648-ac5a-5daa0bee8b89,1
b03521e4-0ebe-4648-ac5a-5daa0bee8b89,12
b03521e4-0ebe-4648-ac5a-5daa0bee8b89,19
0b72711e-4f6c-4326-9ddc-3f48887a46f7,8
0b72711e-4f6c-4326-9ddc-3f48887a46f7,9
0b72711e-4f6c-4326-9ddc-3f48887a46f7,11
0b72711e-4f6c-4326-9ddc-3f48887a46f7,12
0b72711e-4f6c-4326-9ddc-3f48887a46f7,15
0b72711e-4f6c-4326-9ddc-3f48887a46f7,19
0b72711e-4f6c-4326-9ddc-3f48887a46f7,20
6151b758-ed55-4110-888e-d438d334a8e8,2
6151b758-ed55-4110-888e-d438d334a8e8,4
6151b758-ed55-4110-888e-d438d334a8e8,5
6151b758-ed55-4110-888e-d438d334a8e8,12
78413987-8929-435c-b7e0-5a3fd9449489,2
78413987-8929-435c-b7e0-5a3fd9449489,6
78413987-8929-435c-b7e0-5a3fd9449489,7
78413987-8929-435c-b7e0-5a3fd9449489,8
c58bb0f6-4d0a-48af-8710-da23e9acd1d0,1
c58bb0f6-4d0a-48af-8710-da23e9acd1d0,12
c58bb0f6-4d0a-48af-8710-da23e9acd1d0,15
5e3a8bbe-4747-4f6c-a52f-e982db7f63be,4
5e3a8bbe-4747-4f6c-a52f-e982db7f63be,5
5e3a8bbe-4747-4f6c-a52f-e982db7f63be,8
5e3a8bbe-4747-4f6c-a52f-e982db7f63be,10
5e3a8bbe-4747-4f6c-a52f-e982db7f63be,17
5e3a8bbe-4747-4f6c-a52f-e982db7f63be,20
c0278ba1-ce60-47e3-9f28-8dd3d2d45b37,4
c0278ba1-ce60-47e3-9f28-8dd3d2d45b37,11
c0278ba1-ce60-47e3-9f28-8dd3d2d45b37,18
7c86415e-73e1-4452-b345-730bd15fcbcf,2
7c86415e-73e1-4452-b345-730bd15fcbcf,3
7c86415e-73e1-4452-b345-730bd15fcbcf,14
3890de82-3395-42e3-86ff-099140dc8353,14
3890de82-3395-42e3-86ff-099140dc8353,19
3890de82-3395-42e3-86ff-099140dc8353,20
c0651ad3-8066-41be-bcae-d7c1a16aa7f5,4
c0651ad3-8066-41be-bcae-d7c1a16aa7f5,15
c0651ad3-8066-41be-bcae-d7c1a16aa7f5,16
166df1e8-caee-4766-9016-af436f3aba44,7
166df1e8-caee-4766-9016-af436f3aba44,8
166df1e8-caee-4766-9016-af436f3aba44,11
166df1e8-caee-4766-9016-af436f3aba44,17
9a6ea003-a666-4c29-8ae5-e7fa86361a43,4
9a6ea003-a666-4c29-8ae5-e7fa86361a43,9
9a6ea003-a666-4c29-8ae5-e7fa86361a43,10
9a6ea003-a666-4c29-8ae5-e7fa86361a43,15
9a6ea003-a666-4c29-8ae5-e7fa86361a43,20
5a279486-f19e-477b-ada8-50c908151f96,4
5a279486-f19e-477b-ada8-50c908151f96,14
5a279486-f19e-477b-ada8-50c908151f96,15
ebabeeab-3d61-4de8-9cc1-9896c30de71c,7
ebabeeab-3d61-4de8-9cc1-9896c30de71c,11
ebabeeab-3d61-4de8-9cc1-9896c30de71c,12
ebabeeab-3d61-4de8-9cc1-9896c30de71c,13
ebabeeab-3d61-4de8-9cc1-9896c30de71c,20
d0461ae2-5c05-43f1-a230-208ef643b565,7
d0461ae2-5c05-43f1-a230-208ef643b565,8
d0461ae2-5c05-43f1-a230-208ef643b565,9
d0461ae2-5c05-43f1-a230-208ef643b565,11
d0461ae2-5c05-43f1-a230-208ef643b565,20
de4286de-b923-4053-93ef-12d2821eb39f,9
de4286de-b923-4053-93ef-12d2821eb39f,11
de4286de-b923-4053-93ef-12d2821eb39f,14
51e00143-3f66-4030-bf3a-b154f7d7512a,6
51e00143-3f66-4030-bf3a-b154f7d7512a,9
51e00143-3f66-4030-bf3a-b154f7d7512a,11
51e00143-3f66-4030-bf3a-b154f7d7512a,14
51e00143-3f66-4030-bf3a-b154f7d7512a,18
a452b384-4d0e-4248-9c0c-37e9ddbfecde,2
a452b384-4d0e-4248-9c0c-37e9ddbfecde,6
a452b384-4d0e-4248-9c0c-37e9ddbfecde,14
a452b384-4d0e-4248-9c0c-37e9ddbfecde,15
e6b32c11-c369-4ced-9813-924c8e864732,9
e6b32c11-c369-4ced-9813-924c8e864732,12
e6b32c11-c369-4ced-9813-924c8e864732,13
e6b32c11-c369-4ced-9813-924c8e864732,14
e6b32c11-c369-4ced-9813-924c8e864732,15
85480232-8d0c-45e2-bb3b-62ccdcf67029,2
85480232-8d0c-45e2-bb3b-62ccdcf67029,4
85480232-8d0c-45e2-bb3b-62ccdcf67029,5
85480232-8d0c-45e2-bb3b-62ccdcf67029,6
85480232-8d0c-45e2-bb3b-62ccdcf67029,8
85480232-8d0c-45e2-bb3b-62ccdcf67029,11
85480232-8d0c-45e2-bb3b-62ccdcf67029,12
109b05da-c32d-498a-baf2-dece7d8c5d21,7
109b05da-c32d-498a-baf2-dece7d8c5d21,9
109b05da-c32d-498a-baf2-dece7d8c5d21,11
109b05da-c32d-498a-baf2-dece7d8c5d21,12
109b05da-c32d-498a-baf2-dece7d8c5d21,15
50773668-ccfb-4603-bfcb-0f0535410c84,9
50773668-ccfb-4603-bfcb-0f0535410c84,11
50773668-ccfb-4603-bfcb-0f0535410c84,13
33f7c853-3ff8-4418-bdb9-d83a6f30531c,8
33f7c853-3ff8-4418-bdb9-d83a6f30531c,12
33f7c853-3ff8-4418-bdb9-d83a6f30531c,14
8316ff5f-cf64-4d38-95c5-ca2d545ce3d2,2
8316ff5f-cf64-4d38-95c5-ca2d545ce3d2,4
8316ff5f-cf64-4d38-95c5-ca2d545ce3d2,11
8316ff5f-cf64-4d38-95c5-ca2d545ce3d2,12
054fbfd5-4987-4e74-981e-7720556bff7c,4
054fbfd5-4987-4e74-981e-7720556bff7c,5
054fbfd5-4987-4e74-981e-7720556bff7c,6
71268727-a2d2-427b-8f73-da355a63bc4e,2
71268727-a2d2-427b-8f73-da355a63bc4e,4
71268727-a2d2-427b-8f73-da355a63bc4e,6
71268727-a2d2-427b-8f73-da355a63bc4e,7
71268727-a2d2-427b-8f73-da355a63bc4e,10
71268727-a2d2-427b-8f73-da355a63bc4e,11
79456f8d-6ac6-4880-873b-04763ea7326d,7
79456f8d-6ac6-4880-873b-04763ea7326d,11
79456f8d-6ac6-4880-873b-04763ea7326d,14
79456f8d-6ac6-4880-873b-04763ea7326d,20
c00e59b6-b053-47f6-ad5a-8582aee1788d,1
c00e59b6-b053-47f6-ad5a-8582aee1788d,6
c00e59b6-b053-47f6-ad5a-8582aee1788d,8
c00e59b6-b053-47f6-ad5a-8582aee1788d,10
4cc0e55c-8eeb-4f90-96d2-dedd8a565e1b,7
4cc0e55c-8eeb-4f90-96d2-dedd8a565e1b,9
4cc0e55c-8eeb-4f90-96d2-dedd8a565e1b,11
4cc0e55c-8eeb-4f90-96d2-dedd8a565e1b,17
96c2c320-89b7-409d-a93a-aee004fcc338,4
96c2c320-89b7-409d-a93a-aee004fcc338,6
96c2c320-89b7-409d-a93a-aee004fcc338,9
96c2c320-89b7-409d-a93a-aee004fcc338,10
96c2c320-89b7-409d-a93a-aee004fcc338,13
96c2c320-89b7-409d-a93a-aee004fcc338,20
55c3339f-a045-4fde-a45d-4ab9ad1c313c,10
55c3339f-a045-4fde-a45d-4ab9ad1c313c,13
55c3339f-a045-4fde-a45d-4ab9ad1c313c,15
a4a42f9d-a91e-4fe8-9b5b-917d60ef0495,7
a4a42f9d-a91e-4fe8-9b5b-917d60ef0495,9
a4a42f9d-a91e-4fe8-9b5b-917d60ef0495,10
a4a42f9d-a91e-4fe8-9b5b-917d60ef0495,11
a4a42f9d-a91e-4fe8-9b5b-917d60ef0495,12
a4a42f9d-a91e-4fe8-9b5b-917d60ef0495,20
770e95a3-7660-43c7-813b-e5d70b9b2ee1,4
770e95a3-7660-43c7-813b-e5d70b9b2ee1,11
770e95a3-7660-43c7-813b-e5d70b9b2ee1,20
8f21075b-8c2d-4291-98de-3f070ea2a227,11
8f21075b-8c2d-4291-98de-3f070ea2a227,12
8f21075b-8c2d-4291-98de-3f070ea2a227,14
8f21075b-8c2d-4291-98de-3f070ea2a227,19
8f21075b-8c2d-4291-98de-3f070ea2a227,20
f5e363bc-4a27-4df0-8965-e69d3066efc6,5
f5e363bc-4a27-4df0-8965-e69d3066efc6,10
f5e363bc-4a27-4df0-8965-e69d3066efc6,11
f5e363bc-4a27-4df0-8965-e69d3066efc6,17
efc9f989-2e92-4dbb-b001-56b7f766c6cd,6
efc9f989-2e92-4dbb-b001-56b7f766c6cd,7
efc9f989-2e92-4dbb-b001-56b7f766c6cd,11
52d16be2-1e29-40b8-8bcf-0168e069291b,7
52d16be2-1e29-40b8-8bcf-0168e069291b,9
52d16be2-1e29-40b8-8bcf-0168e069291b,10
52d16be2-1e29-40b8-8bcf-0168e069291b,16
320540a7-1daa-4726-b502-7fecc0270091,11
320540a7-1daa-4726-b502-7fecc0270091,13
320540a7-1daa-4726-b502-7fecc0270091,16
320540a7-1daa-4726-b502-7fecc0270091,20
2eb00c7c-295a-455c-bc0f-0ef7c7a29401,9
2eb00c7c-295a-455c-bc0f-0ef7c7a29401,10
2eb00c7c-295a-455c-bc0f-0ef7c7a29401,12
2eb00c7c-295a-455c-bc0f-0ef7c7a29401,20
7df083a9-7340-4dac-917d-70552e3183a5,6
7df083a9-7340-4dac-917d-70552e3183a5,7
7df083a9-7340-4dac-917d-70552e3183a5,11
7df083a9-7340-4dac-917d-70552e3183a5,12
7df083a9-7340-4dac-917d-70552e3183a5,15
a6d83b47-4658-4d4e-833d-7ef6e7cf2e94,3
a6d83b47-4658-4d4e-833d-7ef6e7cf2e94,7
a6d83b47-4658-4d4e-833d-7ef6e7cf2e94,11
a6d83b47-4658-4d4e-833d-7ef6e7cf2e94,12
a6d83b47-4658-4d4e-833d-7ef6e7cf2e94,14
a6d83b47-4658-4d4e-833d-7ef6e7cf2e94,18
a6d83b47-4658-4d4e-833d-7ef6e7cf2e94,19
9ac7d884-9c16-4fa3-b896-884afda9c096,6
9ac7d884-9c16-4fa3-b896-884afda9c096,9
9ac7d884-9c16-4fa3-b896-884afda9c096,10
9ac7d884-9c16-4fa3-b896-884afda9c096,11
9ac7d884-9c16-4fa3-b896-884afda9c096,15
635c1a21-2ab2-422e-9d93-0fd35cde7fad,1
635c1a21-2ab2-422e-9d93-0fd35cde7fad,11
635c1a21-2ab2-422e-9d93-0fd35cde7fad,12
635c1a21-2ab2-422e-9d93-0fd35cde7fad,14
635c1a21-2ab2-422e-9d93-0fd35cde7fad,20
cf29d572-baa2-4d38-804f-fd6f6cf8a890,6
cf29d572-baa2-4d38-804f-fd6f6cf8a890,10
cf29d572-baa2-4d38-804f-fd6f6cf8a890,11
cf29d572-baa2-4d38-804f-fd6f6cf8a890,12
66cca95d-9fc9-4eb7-9ec6-1a35ddebfc83,3
66cca95d-9fc9-4eb7-9ec6-1a35ddebfc83,10
66cca95d-9fc9-4eb7-9ec6-1a35ddebfc83,15
66cca95d-9fc9-4eb7-9ec6-1a35ddebfc83,17
7d15ce84-8e27-4d49-b5db-e0a53ce987cd,12
7d15ce84-8e27-4d49-b5db-e0a53ce987cd,14
7d15ce84-8e27-4d49-b5db-e0a53ce987cd,15
f13df37c-d98f-46b6-94f2-685c946a87c1,5
f13df37c-d98f-46b6-94f2-685c946a87c1,12
f13df37c-d98f-46b6-94f2-685c946a87c1,14
b15efdd3-914e-4ae6-8521-c1aca1f1b04d,3
b15efdd3-914e-4ae6-8521-c1aca1f1b04d,14
b15efdd3-914e-4ae6-8521-c1aca1f1b04d,16
b15efdd3-914e-4ae6-8521-c1aca1f1b04d,17
070f1315-23db-4264-a087-d9f5634d6d48,3
070f1315-23db-4264-a087-d9f5634d6d48,9
070f1315-23db-4264-a087-d9f5634d6d48,11
070f1315-23db-4264-a087-d9f5634d6d48,12
070f1315-23db-4264-a087-d9f5634d6d48,18
8954a352-4311-4f3c-a1bf-25bad61c44c0,7
8954a352-4311-4f3c-a1bf-25bad61c44c0,9
8954a352-4311-4f3c-a1bf-25bad61c44c0,10
8954a352-4311-4f3c-a1bf-25bad61c44c0,11
8954a352-4311-4f3c-a1bf-25bad61c44c0,13
2017d595-cb92-43c2-b6ad-78ccf95a782c,6
2017d595-cb92-43c2-b6ad-78ccf95a782c,8
2017d595-cb92-43c2-b6ad-78ccf95a782c,10
2017d595-cb92-43c2-b6ad-78ccf95a782c,12
2017d595-cb92-43c2-b6ad-78ccf95a782c,15
14d940d1-b6b9-46db-ad09-0f473052b4b5,1
14d940d1-b6b9-46db-ad09-0f473052b4b5,11
14d940d1-b6b9-46db-ad09-0f473052b4b5,14
14d940d1-b6b9-46db-ad09-0f473052b4b5,18
14d940d1-b6b9-46db-ad09-0f473052b4b5,19
14d940d1-b6b9-46db-ad09-0f473052b4b5,20
439cc260-49bc-40d7-a847-7ba6b2fc4f47,2
439cc260-49bc-40d7-a847-7ba6b2fc4f47,9
439cc260-49bc-40d7-a847-7ba6b2fc4f47,18
439cc260-49bc-40d7-a847-7ba6b2fc4f47,19
0bbae24c-66cb-42bc-8f35-4e9d6e77ac24,2
0bbae24c-66cb-42bc-8f35-4e9d6e77ac24,8
0bbae24c-66cb-42bc-8f35-4e9d6e77ac24,9
0bbae24c-66cb-42bc-8f35-4e9d6e77ac24,12
0bbae24c-66cb-42bc-8f35-4e9d6e77ac24,20
25764ce0-1d1e-4fd5-8ccb-bb0e652d2a41,6
25764ce0-1d1e-4fd5-8ccb-bb0e652d2a41,7
25764ce0-1d1e-4fd5-8ccb-bb0e652d2a41,14
10d5d40f-127e-4b4f-b286-d0a7efa50bd5,9
10d5d40f-127e-4b4f-b286-d0a7efa50bd5,10
10d5d40f-127e-4b4f-b286-d0a7efa50bd5,15
10d5d40f-127e-4b4f-b286-d0a7efa50bd5,16
5f776928-4b7a-41f4-a20d-06c3a6b003bf,4
5f776928-4b7a-41f4-a20d-06c3a6b003bf,10
5f776928-4b7a-41f4-a20d-06c3a6b003bf,13
5f776928-4b7a-41f4-a20d-06c3a6b003bf,14
5f776928-4b7a-41f4-a20d-06c3a6b003bf,20
38cdd74c-b750-4e7c-89b5-9d66dac401b5,2
38cdd74c-b750-4e7c-89b5-9d66dac401b5,11
38cdd74c-b750-4e7c-89b5-9d66dac401b5,14
38cdd74c-b750-4e7c-89b5-9d66dac401b5,15
38cdd74c-b750-4e7c-89b5-9d66dac401b5,20
78af47a7-ad8d-4faf-a4eb-52cb18a6a2cd,4
78af47a7-ad8d-4faf-a4eb-52cb18a6a2cd,7
78af47a7-ad8d-4faf-a4eb-52cb18a6a2cd,8
78af47a7-ad8d-4faf-a4eb-52cb18a6a2cd,10
78af47a7-ad8d-4faf-a4eb-52cb18a6a2cd,11
78af47a7-ad8d-4faf-a4eb-52cb18a6a2cd,18
b3d93062-a120-4b9f-8188-3421e21ae870,4
b3d93062-a120-4b9f-8188-3421e21ae870,9
b3d93062-a120-4b9f-8188-3421e21ae870,11
a8d3e377-0e26-45b7-bd86-63aae9be7dbb,7
a8d3e377-0e26-45b7-bd86-63aae9be7dbb,10
a8d3e377-0e26-45b7-bd86-63aae9be7dbb,13
a8d3e377-0e26-45b7-bd86-63aae9be7dbb,17
28ed3041-bf44-4e82-90cd-dbc09eec2534,5
28ed3041-bf44-4e82-90cd-dbc09eec2534,9
28ed3041-bf44-4e82-90cd-dbc09eec2534,12
28ed3041-bf44-4e82-90cd-dbc09eec2534,15
5553c5bf-a6be-43ce-99ca-71a0dd00c526,4
5553c5bf-a6be-43ce-99ca-71a0dd00c526,5
5553c5bf-a6be-43ce-99ca-71a0dd00c526,7
5553c5bf-a6be-43ce-99ca-71a0dd00c526,12
5553c5bf-a6be-43ce-99ca-71a0dd00c526,15
ea12320a-4a0d-419c-bf03-96d78e585918,8
ea12320a-4a0d-419c-bf03-96d78e585918,9
ea12320a-4a0d-419c-bf03-96d78e585918,10
ea12320a-4a0d-419c-bf03-96d78e585918,19
d55047e0-37be-40fb-a90b-d53653e77f3c,4
d55047e0-37be-40fb-a90b-d53653e77f3c,8
d55047e0-37be-40fb-a90b-d53653e77f3c,9
d55047e0-37be-40fb-a90b-d53653e77f3c,17
de60686f-1075-42f6-8d70-c65c29ff1620,7
de60686f-1075-42f6-8d70-c65c29ff1620,11
de60686f-1075-42f6-8d70-c65c29ff1620,12
de60686f-1075-42f6-8d70-c65c29ff1620,18
de60686f-1075-42f6-8d70-c65c29ff1620,19
de60686f-1075-42f6-8d70-c65c29ff1620,20
649114ae-3449-49ab-a8e8-f4c931409e3d,7
649114ae-3449-49ab-a8e8-f4c931409e3d,10
649114ae-3449-49ab-a8e8-f4c931409e3d,11
649114ae-3449-49ab-a8e8-f4c931409e3d,13
99deadaf-8a75-4075-aeaa-bf9ec069cd7a,6
99deadaf-8a75-4075-aeaa-bf9ec069cd7a,8
99deadaf-8a75-4075-aeaa-bf9ec069cd7a,9
99deadaf-8a75-4075-aeaa-bf9ec069cd7a,10
99deadaf-8a75-4075-aeaa-bf9ec069cd7a,15
99deadaf-8a75-4075-aeaa-bf9ec069cd7a,20
3dded13e-5120-43d0-a063-fb98185a8252,11
3dded13e-5120-43d0-a063-fb98185a8252,13
3dded13e-5120-43d0-a063-fb98185a8252,17
3dded13e-5120-43d0-a063-fb98185a8252,20
04ebe506-cbfc-450e-9f9f-21e8320c892b,7
04ebe506-cbfc-450e-9f9f-21e8320c892b,12
04ebe506-cbfc-450e-9f9f-21e8320c892b,14
04ebe506-cbfc-450e-9f9f-21e8320c892b,18
04ebe506-cbfc-450e-9f9f-21e8320c892b,19
04ebe506-cbfc-450e-9f9f-21e8320c892b,20
0ad2e8b9-a1e4-439b-82a6-7043befa8527,11
0ad2e8b9-a1e4-439b-82a6-7043befa8527,12
0ad2e8b9-a1e4-439b-82a6-7043befa8527,13
0ad2e8b9-a1e4-439b-82a6-7043befa8527,18
56e09b90-5896-4653-a6d0-833a2aaf2380,8
56e09b90-5896-4653-a6d0-833a2aaf2380,11
56e09b90-5896-4653-a6d0-833a2aaf2380,12
56e09b90-5896-4653-a6d0-833a2aaf2380,14
56e09b90-5896-4653-a6d0-833a2aaf2380,18
56e09b90-5896-4653-a6d0-833a2aaf2380,19
63f2b289-92ce-4991-81bd-1f30b50191dd,5
63f2b289-92ce-4991-81bd-1f30b50191dd,7
63f2b289-92ce-4991-81bd-1f30b50191dd,10
63f2b289-92ce-4991-81bd-1f30b50191dd,15
f43ba2e8-ea91-43b3-9232-e8fd777feb12,5
f43ba2e8-ea91-43b3-9232-e8fd777feb12,6
f43ba2e8-ea91-43b3-9232-e8fd777feb12,7
f43ba2e8-ea91-43b3-9232-e8fd777feb12,18
f43ba2e8-ea91-43b3-9232-e8fd777feb12,20
02d05703-8118-4a42-95dc-668088d41fbb,4
02d05703-8118-4a42-95dc-668088d41fbb,7
02d05703-8118-4a42-95dc-668088d41fbb,8
02d05703-8118-4a42-95dc-668088d41fbb,13
02d05703-8118-4a42-95dc-668088d41fbb,18
8d2bc111-e2d5-4410-8e67-899490f0e458,5
8d2bc111-e2d5-4410-8e67-899490f0e458,6
8d2bc111-e2d5-4410-8e67-899490f0e458,12
829eabd6-72af-4c4e-b91e-42647a56cf50,8
829eabd6-72af-4c4e-b91e-42647a56cf50,10
829eabd6-72af-4c4e-b91e-42647a56cf50,11
829eabd6-72af-4c4e-b91e-42647a56cf50,12
829eabd6-72af-4c4e-b91e-42647a56cf50,15
829eabd6-72af-4c4e-b91e-42647a56cf50,16
ae8476f4-9a83-4f9f-a68f-08866cdec032,7
ae8476f4-9a83-4f9f-a68f-08866cdec032,11
ae8476f4-9a83-4f9f-a68f-08866cdec032,12
ae8476f4-9a83-4f9f-a68f-08866cdec032,19
99be4c11-8624-4a8a-a33e-833f5dd5a1e5,8
99be4c11-8624-4a8a-a33e-833f5dd5a1e5,12
99be4c11-8624-4a8a-a33e-833f5dd5a1e5,13
99be4c11-8624-4a8a-a33e-833f5dd5a1e5,15
379b3d96-f5f6-46a4-8ab9-3c07e7638c44,2
379b3d96-f5f6-46a4-8ab9-3c07e7638c44,3
379b3d96-f5f6-46a4-8ab9-3c07e7638c44,8
379b3d96-f5f6-46a4-8ab9-3c07e7638c44,9
379b3d96-f5f6-46a4-8ab9-3c07e7638c44,15
b2d5b34b-d258-4bcf-8d4a-ef4e46a9dfff,9
b2d5b34b-d258-4bcf-8d4a-ef4e46a9dfff,14
b2d5b34b-d258-4bcf-8d4a-ef4e46a9dfff,15
b2d5b34b-d258-4bcf-8d4a-ef4e46a9dfff,20
b8586f4e-0b8d-4c49-99b4-58e4ac4db671,4
b8586f4e-0b8d-4c49-99b4-58e4ac4db671,5
b8586f4e-0b8d-4c49-99b4-58e4ac4db671,12
b8586f4e-0b8d-4c49-99b4-58e4ac4db671,15
4c066895-d413-435c-a54a-7085ccebb310,4
4c066895-d413-435c-a54a-7085ccebb310,6
4c066895-d413-435c-a54a-7085ccebb310,7
4c066895-d413-435c-a54a-7085ccebb310,10
4c066895-d413-435c-a54a-7085ccebb310,11
4c066895-d413-435c-a54a-7085ccebb310,12
b5fe5b9a-eaee-4b14-8a4b-ade6055198b0,10
b5fe5b9a-eaee-4b14-8a4b-ade6055198b0,12
b5fe5b9a-eaee-4b14-8a4b-ade6055198b0,14
b5fe5b9a-eaee-4b14-8a4b-ade6055198b0,17
3cb20e66-1f63-4917-96a0-d76276f9e1ec,6
3cb20e66-1f63-4917-96a0-d76276f9e1ec,8
3cb20e66-1f63-4917-96a0-d76276f9e1ec,11
3cb20e66-1f63-4917-96a0-d76276f9e1ec,14
3cb20e66-1f63-4917-96a0-d76276f9e1ec,15
500e7caa-bf0e-48e3-baf1-303ab0dbca43,4
500e7caa-bf0e-48e3-baf1-303ab0dbca43,6
500e7caa-bf0e-48e3-baf1-303ab0dbca43,8
500e7caa-bf0e-48e3-baf1-303ab0dbca43,11
500e7caa-bf0e-48e3-baf1-303ab0dbca43,12
500e7caa-bf0e-48e3-baf1-303ab0dbca43,19
ebf39313-cfca-46a7-a1ef-36e0bb511d9d,2
ebf39313-cfca-46a7-a1ef-36e0bb511d9d,6
ebf39313-cfca-46a7-a1ef-36e0bb511d9d,9
ebf39313-cfca-46a7-a1ef-36e0bb511d9d,14
ebf39313-cfca-46a7-a1ef-36e0bb511d9d,17
2282676e-c8d8-45b4-8148-cb534f3e78bb,9
2282676e-c8d8-45b4-8148-cb534f3e78bb,11
2282676e-c8d8-45b4-8148-cb534f3e78bb,20
78c254c8-e08c-423c-b031-4de7e4eb1f25,4
78c254c8-e08c-423c-b031-4de7e4eb1f25,5
78c254c8-e08c-423c-b031-4de7e4eb1f25,6
78c254c8-e08c-423c-b031-4de7e4eb1f25,7
78c254c8-e08c-423c-b031-4de7e4eb1f25,10
78c254c8-e08c-423c-b031-4de7e4eb1f25,18
e51471b8-8541-4d90-8b64-727da5b9cb07,7
e51471b8-8541-4d90-8b64-727da5b9cb07,14
e51471b8-8541-4d90-8b64-727da5b9cb07,17
e51471b8-8541-4d90-8b64-727da5b9cb07,19
e51471b8-8541-4d90-8b64-727da5b9cb07,20
ac70585c-869a-4f1d-97f0-bd11808c3625,11
ac70585c-869a-4f1d-97f0-bd11808c3625,12
ac70585c-869a-4f1d-97f0-bd11808c3625,14
ac70585c-869a-4f1d-97f0-bd11808c3625,18
33cc0235-e8ce-4838-80c3-1a8a3f670822,8
33cc0235-e8ce-4838-80c3-1a8a3f670822,9
33cc0235-e8ce-4838-80c3-1a8a3f670822,12
33cc0235-e8ce-4838-80c3-1a8a3f670822,15
33cc0235-e8ce-4838-80c3-1a8a3f670822,20
1c000474-b3c9-4da0-aac9-d1ad3722caa2,3
1c000474-b3c9-4da0-aac9-d1ad3722caa2,10
1c000474-b3c9-4da0-aac9-d1ad3722caa2,17
d55887a6-ba09-4137-817b-136eca0eb8fe,4
d55887a6-ba09-4137-817b-136eca0eb8fe,11
d55887a6-ba09-4137-817b-136eca0eb8fe,14
d55887a6-ba09-4137-817b-136eca0eb8fe,19
569ecf53-8fa2-437c-b040-27ed48d0b96f,4
569ecf53-8fa2-437c-b040-27ed48d0b96f,8
569ecf53-8fa2-437c-b040-27ed48d0b96f,9
569ecf53-8fa2-437c-b040-27ed48d0b96f,10
569ecf53-8fa2-437c-b040-27ed48d0b96f,13
569ecf53-8fa2-437c-b040-27ed48d0b96f,20
e7809835-b2eb-469d-af70-252267401dcd,10
e7809835-b2eb-469d-af70-252267401dcd,13
e7809835-b2eb-469d-af70-252267401dcd,14
e7809835-b2eb-469d-af70-252267401dcd,17
2529ad7b-3e69-4b87-9e44-0259ec755de2,5
2529ad7b-3e69-4b87-9e44-0259ec755de2,10
2529ad7b-3e69-4b87-9e44-0259ec755de2,11
2529ad7b-3e69-4b87-9e44-0259ec755de2,15
2529ad7b-3e69-4b87-9e44-0259ec755de2,16
2529ad7b-3e69-4b87-9e44-0259ec755de2,20
c0f17624-388d-4a76-833d-00a5d20ecc26,7
c0f17624-388d-4a76-833d-00a5d20ecc26,9
c0f17624-388d-4a76-833d-00a5d20ecc26,14
c0f17624-388d-4a76-833d-00a5d20ecc26,18
c0f17624-388d-4a76-833d-00a5d20ecc26,19
53b3c1c0-71b8-4dde-9428-828a7583ed49,11
53b3c1c0-71b8-4dde-9428-828a7583ed49,12
53b3c1c0-71b8-4dde-9428-828a7583ed49,14
53b3c1c0-71b8-4dde-9428-828a7583ed49,15
53b3c1c0-71b8-4dde-9428-828a7583ed49,20
2dc5ba3b-f5c8-4688-9af7-09fa7eee32bf,6
2dc5ba3b-f5c8-4688-9af7-09fa7eee32bf,10
2dc5ba3b-f5c8-4688-9af7-09fa7eee32bf,15
a41333e5-1570-46d3-b7f0-bef8202da882,8
a41333e5-1570-46d3-b7f0-bef8202da882,11
a41333e5-1570-46d3-b7f0-bef8202da882,12
a41333e5-1570-46d3-b7f0-bef8202da882,18
a41333e5-1570-46d3-b7f0-bef8202da882,20
5ab7c5af-6bf1-4ff5-93a6-4bcc1ea926d5,4
5ab7c5af-6bf1-4ff5-93a6-4bcc1ea926d5,5
5ab7c5af-6bf1-4ff5-93a6-4bcc1ea926d5,8
5ab7c5af-6bf1-4ff5-93a6-4bcc1ea926d5,10
5ab7c5af-6bf1-4ff5-93a6-4bcc1ea926d5,18
039ce623-075d-4c69-9235-d786fde3bf5a,7
039ce623-075d-4c69-9235-d786fde3bf5a,12
039ce623-075d-4c69-9235-d786fde3bf5a,14
039ce623-075d-4c69-9235-d786fde3bf5a,15
039ce623-075d-4c69-9235-d786fde3bf5a,18
039ce623-075d-4c69-9235-d786fde3bf5a,19
5360fd07-6411-454a-8bc8-066a979f5e68,1
5360fd07-6411-454a-8bc8-066a979f5e68,5
5360fd07-6411-454a-8bc8-066a979f5e68,6
5360fd07-6411-454a-8bc8-066a979f5e68,11
96f88851-c0d4-41cf-be20-b08886bc6e6c,6
96f88851-c0d4-41cf-be20-b08886bc6e6c,11
96f88851-c0d4-41cf-be20-b08886bc6e6c,20
41bbe326-5123-4001-a1ca-3c7de3d60835,2
41bbe326-5123-4001-a1ca-3c7de3d60835,9
41bbe326-5123-4001-a1ca-3c7de3d60835,17
41bbe326-5123-4001-a1ca-3c7de3d60835,19
fe585dc9-87c1-4767-acfc-0cb180014620,9
fe585dc9-87c1-4767-acfc-0cb180014620,10
fe585dc9-87c1-4767-acfc-0cb180014620,11
fe585dc9-87c1-4767-acfc-0cb180014620,17
fe585dc9-87c1-4767-acfc-0cb180014620,18
8006d300-c0ae-4a0d-ba53-074804f86119,7
8006d300-c0ae-4a0d-ba53-074804f86119,8
8006d300-c0ae-4a0d-ba53-074804f86119,10
8006d300-c0ae-4a0d-ba53-074804f86119,11
8006d300-c0ae-4a0d-ba53-074804f86119,12
8006d300-c0ae-4a0d-ba53-074804f86119,20
4b6514c1-383f-4056-9a6e-81fe0599fec3,1
4b6514c1-383f-4056-9a6e-81fe0599fec3,3
4b6514c1-383f-4056-9a6e-81fe0599fec3,14
91f76ca7-ada9-4b5b-87c9-c7b966228ec6,9
91f76ca7-ada9-4b5b-87c9-c7b966228ec6,15
91f76ca7-ada9-4b5b-87c9-c7b966228ec6,17
bc157ecf-7954-494e-a055-311a276bf358,2
bc157ecf-7954-494e-a055-311a276bf358,11
bc157ecf-7954-494e-a055-311a276bf358,12
bc157ecf-7954-494e-a055-311a276bf358,14
bc157ecf-7954-494e-a055-311a276bf358,15
bc157ecf-7954-494e-a055-311a276bf358,17
bc157ecf-7954-494e-a055-311a276bf358,20
2b2c1a3c-9712-41b8-86c7-afa44d9e0665,9
2b2c1a3c-9712-41b8-86c7-afa44d9e0665,12
2b2c1a3c-9712-41b8-86c7-afa44d9e0665,14
2b2c1a3c-9712-41b8-86c7-afa44d9e0665,15
2b2c1a3c-9712-41b8-86c7-afa44d9e0665,18
2b2c1a3c-9712-41b8-86c7-afa44d9e0665,19
f50ff8d2-296b-430d-bc2e-7a3ba13a75b7,8
f50ff8d2-296b-430d-bc2e-7a3ba13a75b7,10
f50ff8d2-296b-430d-bc2e-7a3ba13a75b7,11
f50ff8d2-296b-430d-bc2e-7a3ba13a75b7,14
f50ff8d2-296b-430d-bc2e-7a3ba13a75b7,20
2f9348fd-73c7-4bee-b63f-b880e839a3f8,15
2f9348fd-73c7-4bee-b63f-b880e839a3f8,18
2f9348fd-73c7-4bee-b63f-b880e839a3f8,20
8af0b6c1-16c5-4b9d-9847-99701339c60b,4
8af0b6c1-16c5-4b9d-9847-99701339c60b,7
8af0b6c1-16c5-4b9d-9847-99701339c60b,8
8af0b6c1-16c5-4b9d-9847-99701339c60b,10
8af0b6c1-16c5-4b9d-9847-99701339c60b,11
8af0b6c1-16c5-4b9d-9847-99701339c60b,12
8af0b6c1-16c5-4b9d-9847-99701339c60b,20
79ecd19f-9a6a-4019-aeab-38a61af2036b,7
79ecd19f-9a6a-4019-aeab-38a61af2036b,10
79ecd19f-9a6a-4019-aeab-38a61af2036b,14
79ecd19f-9a6a-4019-aeab-38a61af2036b,19
206f3caa-e4f4-4c32-9bbe-a77b272bce88,6
206f3caa-e4f4-4c32-9bbe-a77b272bce88,9
206f3caa-e4f4-4c32-9bbe-a77b272bce88,17
c7d4b081-bb87-4340-9a1f-0649f6113b13,9
c7d4b081-bb87-4340-9a1f-0649f6113b13,14
c7d4b081-bb87-4340-9a1f-0649f6113b13,16
c7d4b081-bb87-4340-9a1f-0649f6113b13,18
3e8f245c-15c1-4831-9299-c0ac3087461f,9
3e8f245c-15c1-4831-9299-c0ac3087461f,10
3e8f245c-15c1-4831-9299-c0ac3087461f,12
3e8f245c-15c1-4831-9299-c0ac3087461f,18
3e8f245c-15c1-4831-9299-c0ac3087461f,20
a0f6c262-a0ec-4b15-804b-15a46fdd8632,7
a0f6c262-a0ec-4b15-804b-15a46fdd8632,8
a0f6c262-a0ec-4b15-804b-15a46fdd8632,10
a0f6c262-a0ec-4b15-804b-15a46fdd8632,11
a0f6c262-a0ec-4b15-804b-15a46fdd8632,12
366fbf78-b250-4567-ac10-c3329e2bf0d1,9
366fbf78-b250-4567-ac10-c3329e2bf0d1,10
366fbf78-b250-4567-ac10-c3329e2bf0d1,11
366fbf78-b250-4567-ac10-c3329e2bf0d1,18
366fbf78-b250-4567-ac10-c3329e2bf0d1,20
43961ba3-19dc-4b35-a7d8-f70fec307809,7
43961ba3-19dc-4b35-a7d8-f70fec307809,8
43961ba3-19dc-4b35-a7d8-f70fec307809,9
43961ba3-19dc-4b35-a7d8-f70fec307809,10
43961ba3-19dc-4b35-a7d8-f70fec307809,20
ad184e40-aa0e-44d2-bd36-24c1cc63cd67,5
ad184e40-aa0e-44d2-bd36-24c1cc63cd67,6
ad184e40-aa0e-44d2-bd36-24c1cc63cd67,8
ad184e40-aa0e-44d2-bd36-24c1cc63cd67,10
ad184e40-aa0e-44d2-bd36-24c1cc63cd67,12
9dd603d9-070f-421c-9578-652d098d33ae,3
9dd603d9-070f-421c-9578-652d098d33ae,9
9dd603d9-070f-421c-9578-652d098d33ae,15
9dd603d9-070f-421c-9578-652d098d33ae,17
00f7fbed-d7cd-4b53-9344-aa42ba92c94d,11
00f7fbed-d7cd-4b53-9344-aa42ba92c94d,18
00f7fbed-d7cd-4b53-9344-aa42ba92c94d,20
da7d8ca8-db94-48b0-87a9-6c6a4d12c1cb,3
da7d8ca8-db94-48b0-87a9-6c6a4d12c1cb,12
da7d8ca8-db94-48b0-87a9-6c6a4d12c1cb,14
da7d8ca8-db94-48b0-87a9-6c6a4d12c1cb,18
da7d8ca8-db94-48b0-87a9-6c6a4d12c1cb,20
ad0019b6-763f-4495-9027-62286284764a,11
ad0019b6-763f-4495-9027-62286284764a,13
ad0019b6-763f-4495-9027-62286284764a,19
ad0019b6-763f-4495-9027-62286284764a,20
969f9cbb-d414-4484-aee9-fa12b5505b3e,5
969f9cbb-d414-4484-aee9-fa12b5505b3e,7
969f9cbb-d414-4484-aee9-fa12b5505b3e,8
969f9cbb-d414-4484-aee9-fa12b5505b3e,17
969f9cbb-d414-4484-aee9-fa12b5505b3e,20
6a808ecc-aa5f-46f7-9473-e17d132330cd,7
6a808ecc-aa5f-46f7-9473-e17d132330cd,11
6a808ecc-aa5f-46f7-9473-e17d132330cd,12
6a808ecc-aa5f-46f7-9473-e17d132330cd,14
6a808ecc-aa5f-46f7-9473-e17d132330cd,19
6a808ecc-aa5f-46f7-9473-e17d132330cd,20
02d451b1-b91e-4dde-aaba-83945a6ff820,4
02d451b1-b91e-4dde-aaba-83945a6ff820,6
02d451b1-b91e-4dde-aaba-83945a6ff820,10
72f72082-e3a0-420f-b136-9f6de5cc80a7,9
72f72082-e3a0-420f-b136-9f6de5cc80a7,11
72f72082-e3a0-420f-b136-9f6de5cc80a7,12
72f72082-e3a0-420f-b136-9f6de5cc80a7,14
72f72082-e3a0-420f-b136-9f6de5cc80a7,18
8f774f8b-da2a-4c78-929b-0896a8c710b9,3
8f774f8b-da2a-4c78-929b-0896a8c710b9,12
8f774f8b-da2a-4c78-929b-0896a8c710b9,14
8f774f8b-da2a-4c78-929b-0896a8c710b9,18
1c17e3b7-1ace-4929-8a17-4b637e56b0b6,8
1c17e3b7-1ace-4929-8a17-4b637e56b0b6,10
1c17e3b7-1ace-4929-8a17-4b637e56b0b6,11
1c17e3b7-1ace-4929-8a17-4b637e56b0b6,14
1c17e3b7-1ace-4929-8a17-4b637e56b0b6,15
16ccf3e6-fa82-4bed-936a-0c6725b2fd73,6
16ccf3e6-fa82-4bed-936a-0c6725b2fd73,8
16ccf3e6-fa82-4bed-936a-0c6725b2fd73,12
16ccf3e6-fa82-4bed-936a-0c6725b2fd73,20
0f89f372-8f9b-4e37-a917-95d348270c77,11
0f89f372-8f9b-4e37-a917-95d348270c77,14
0f89f372-8f9b-4e37-a917-95d348270c77,15
0f89f372-8f9b-4e37-a917-95d348270c77,18
449ac75e-578d-423f-8bc4-b4c90d6ac229,4
449ac75e-578d-423f-8bc4-b4c90d6ac229,7
449ac75e-578d-423f-8bc4-b4c90d6ac229,10
449ac75e-578d-423f-8bc4-b4c90d6ac229,15
449ac75e-578d-423f-8bc4-b4c90d6ac229,18
d00211fe-b443-439e-afb4-0eaa14b471eb,8
d00211fe-b443-439e-afb4-0eaa14b471eb,9
d00211fe-b443-439e-afb4-0eaa14b471eb,11
d00211fe-b443-439e-afb4-0eaa14b471eb,13
d00211fe-b443-439e-afb4-0eaa14b471eb,17
d00211fe-b443-439e-afb4-0eaa14b471eb,20
1b521727-2b9c-4bae-a8f2-c0b975bf998b,3
1b521727-2b9c-4bae-a8f2-c0b975bf998b,7
1b521727-2b9c-4bae-a8f2-c0b975bf998b,11
1b521727-2b9c-4bae-a8f2-c0b975bf998b,12
1b521727-2b9c-4bae-a8f2-c0b975bf998b,18
1b521727-2b9c-4bae-a8f2-c0b975bf998b,19
1b521727-2b9c-4bae-a8f2-c0b975bf998b,20
54b43be3-84e0-4a95-9d97-8b3b30898bd6,3
54b43be3-84e0-4a95-9d97-8b3b30898bd6,9
54b43be3-84e0-4a95-9d97-8b3b30898bd6,10
54b43be3-84e0-4a95-9d97-8b3b30898bd6,11
54b43be3-84e0-4a95-9d97-8b3b30898bd6,12
54b43be3-84e0-4a95-9d97-8b3b30898bd6,17
f6a73420-1583-40dd-969e-dd8538e24dff,4
f6a73420-1583-40dd-969e-dd8538e24dff,8
f6a73420-1583-40dd-969e-dd8538e24dff,9
f6a73420-1583-40dd-969e-dd8538e24dff,13
f6a73420-1583-40dd-969e-dd8538e24dff,20
33a01618-4870-40e7-82ee-dd8ab9825756,7
33a01618-4870-40e7-82ee-dd8ab9825756,12
33a01618-4870-40e7-82ee-dd8ab9825756,18
33a01618-4870-40e7-82ee-dd8ab9825756,19
33a01618-4870-40e7-82ee-dd8ab9825756,20
a40aa065-08ee-47e0-9fe4-04100a58e6f1,7
a40aa065-08ee-47e0-9fe4-04100a58e6f1,8
a40aa065-08ee-47e0-9fe4-04100a58e6f1,11
a40aa065-08ee-47e0-9fe4-04100a58e6f1,14
a40aa065-08ee-47e0-9fe4-04100a58e6f1,20
a89515f9-4488-4475-881f-f37f70224a3f,11
a89515f9-4488-4475-881f-f37f70224a3f,12
a89515f9-4488-4475-881f-f37f70224a3f,15
80abf548-a0a7-49e7-a19d-90d89e4b2977,1
80abf548-a0a7-49e7-a19d-90d89e4b2977,6
80abf548-a0a7-49e7-a19d-90d89e4b2977,7
80abf548-a0a7-49e7-a19d-90d89e4b2977,8
80abf548-a0a7-49e7-a19d-90d89e4b2977,10
80abf548-a0a7-49e7-a19d-90d89e4b2977,11
80abf548-a0a7-49e7-a19d-90d89e4b2977,12
35b84825-f888-46e4-90d7-f9a8cd6a7762,3
35b84825-f888-46e4-90d7-f9a8cd6a7762,9
35b84825-f888-46e4-90d7-f9a8cd6a7762,12
35b84825-f888-46e4-90d7-f9a8cd6a7762,14
35b84825-f888-46e4-90d7-f9a8cd6a7762,17
92149006-a894-4f05-ab5d-36650644eb93,2
92149006-a894-4f05-ab5d-36650644eb93,9
92149006-a894-4f05-ab5d-36650644eb93,14
92149006-a894-4f05-ab5d-36650644eb93,20
746f9a16-167c-4335-ad48-53bd33464aae,4
746f9a16-167c-4335-ad48-53bd33464aae,7
746f9a16-167c-4335-ad48-53bd33464aae,8
746f9a16-167c-4335-ad48-53bd33464aae,9
746f9a16-167c-4335-ad48-53bd33464aae,10
6c7cb4fb-9e6a-4fe0-b7fd-e2495b748576,7
6c7cb4fb-9e6a-4fe0-b7fd-e2495b748576,9
6c7cb4fb-9e6a-4fe0-b7fd-e2495b748576,20
777ef2bc-d3d2-4678-96a6-dd1a0255d70d,8
777ef2bc-d3d2-4678-96a6-dd1a0255d70d,10
777ef2bc-d3d2-4678-96a6-dd1a0255d70d,15
777ef2bc-d3d2-4678-96a6-dd1a0255d70d,16
777ef2bc-d3d2-4678-96a6-dd1a0255d70d,20
0e9ff6d0-1673-43bf-b1d0-6d9e99f229b3,8
0e9ff6d0-1673-43bf-b1d0-6d9e99f229b3,9
0e9ff6d0-1673-43bf-b1d0-6d9e99f229b3,14
0e9ff6d0-1673-43bf-b1d0-6d9e99f229b3,19
0e9ff6d0-1673-43bf-b1d0-6d9e99f229b3,20
293234f8-6b59-4c8c-b69f-e7044d6e9add,8
293234f8-6b59-4c8c-b69f-e7044d6e9add,9
293234f8-6b59-4c8c-b69f-e7044d6e9add,20
f8d7dc0b-5a3b-44ee-98f3-b79e6f774b1e,6
f8d7dc0b-5a3b-44ee-98f3-b79e6f774b1e,9
f8d7dc0b-5a3b-44ee-98f3-b79e6f774b1e,12
f8d7dc0b-5a3b-44ee-98f3-b79e6f774b1e,14
3dd95e2a-5330-4b89-abcd-aecc3361f37d,2
3dd95e2a-5330-4b89-abcd-aecc3361f37d,8
3dd95e2a-5330-4b89-abcd-aecc3361f37d,9
3dd95e2a-5330-4b89-abcd-aecc3361f37d,10
3dd95e2a-5330-4b89-abcd-aecc3361f37d,15
d1b2491c-d6e0-4961-a163-1cd855b2b145,4
d1b2491c-d6e0-4961-a163-1cd855b2b145,5
d1b2491c-d6e0-4961-a163-1cd855b2b145,10
d1b2491c-d6e0-4961-a163-1cd855b2b145,13
d1b2491c-d6e0-4961-a163-1cd855b2b145,20
5e61724f-7287-442f-963a-0d5dd803249c,4
5e61724f-7287-442f-963a-0d5dd803249c,8
5e61724f-7287-442f-963a-0d5dd803249c,14
983b529a-36c4-402f-ba0c-6501375d9815,10
983b529a-36c4-402f-ba0c-6501375d9815,11
983b529a-36c4-402f-ba0c-6501375d9815,15
a166e45a-4673-4033-bd08-6264c00ab024,8
a166e45a-4673-4033-bd08-6264c00ab024,10
a166e45a-4673-4033-bd08-6264c00ab024,13
0642ecad-a158-4e54-85b7-a07bbaf1092f,11
0642ecad-a158-4e54-85b7-a07bbaf1092f,15
0642ecad-a158-4e54-85b7-a07bbaf1092f,18
0642ecad-a158-4e54-85b7-a07bbaf1092f,20
3fe14d18-0cfa-492c-9c98-5c09e18406f4,7
3fe14d18-0cfa-492c-9c98-5c09e18406f4,11
3fe14d18-0cfa-492c-9c98-5c09e18406f4,12
3fe14d18-0cfa-492c-9c98-5c09e18406f4,14
3fe14d18-0cfa-492c-9c98-5c09e18406f4,18
50b973db-8479-47e1-8c19-f51f4998a03c,2
50b973db-8479-47e1-8c19-f51f4998a03c,6
50b973db-8479-47e1-8c19-f51f4998a03c,9
50b973db-8479-47e1-8c19-f51f4998a03c,10
50b973db-8479-47e1-8c19-f51f4998a03c,11
50b973db-8479-47e1-8c19-f51f4998a03c,15
50b973db-8479-47e1-8c19-f51f4998a03c,17
4c324c73-2dc1-425d-8e1b-f3224f6128ec,9
4c324c73-2dc1-425d-8e1b-f3224f6128ec,11
4c324c73-2dc1-425d-8e1b-f3224f6128ec,12
4c324c73-2dc1-425d-8e1b-f3224f6128ec,13
9ae48ba1-0867-4c64-a244-f1510ff241c4,4
9ae48ba1-0867-4c64-a244-f1510ff241c4,6
9ae48ba1-0867-4c64-a244-f1510ff241c4,8
9ae48ba1-0867-4c64-a244-f1510ff241c4,10
9ae48ba1-0867-4c64-a244-f1510ff241c4,11
9ae48ba1-0867-4c64-a244-f1510ff241c4,12
af533c93-0a75-475d-b87d-b1decc84048b,4
af533c93-0a75-475d-b87d-b1decc84048b,9
af533c93-0a75-475d-b87d-b1decc84048b,11
af533c93-0a75-475d-b87d-b1decc84048b,12
af533c93-0a75-475d-b87d-b1decc84048b,14
af533c93-0a75-475d-b87d-b1decc84048b,18
c5ec37ad-d7cc-4309-bff5-cff9fdf99c93,5
c5ec37ad-d7cc-4309-bff5-cff9fdf99c93,6
c5ec37ad-d7cc-4309-bff5-cff9fdf99c93,7
c5ec37ad-d7cc-4309-bff5-cff9fdf99c93,10
273af618-b029-48bf-9f93-07a654f545f4,6
273af618-b029-48bf-9f93-07a654f545f4,9
273af618-b029-48bf-9f93-07a654f545f4,10
d46bbc33-a6b9-4170-bdd9-62088f76392b,1
d46bbc33-a6b9-4170-bdd9-62088f76392b,10
d46bbc33-a6b9-4170-bdd9-62088f76392b,15
d46bbc33-a6b9-4170-bdd9-62088f76392b,17
a0c7a012-db14-441b-8ebb-f9240c05a82e,8
a0c7a012-db14-441b-8ebb-f9240c05a82e,10
a0c7a012-db14-441b-8ebb-f9240c05a82e,11
a0c7a012-db14-441b-8ebb-f9240c05a82e,14
a0c7a012-db14-441b-8ebb-f9240c05a82e,18
adf357bf-a6ea-435e-84dc-d92ef2f7cde4,8
adf357bf-a6ea-435e-84dc-d92ef2f7cde4,9
adf357bf-a6ea-435e-84dc-d92ef2f7cde4,10
adf357bf-a6ea-435e-84dc-d92ef2f7cde4,11
adf357bf-a6ea-435e-84dc-d92ef2f7cde4,15
adf357bf-a6ea-435e-84dc-d92ef2f7cde4,16
adf357bf-a6ea-435e-84dc-d92ef2f7cde4,17
817c01f8-a304-41cd-8bad-d3f1648b87d4,2
817c01f8-a304-41cd-8bad-d3f1648b87d4,4
817c01f8-a304-41cd-8bad-d3f1648b87d4,5
817c01f8-a304-41cd-8bad-d3f1648b87d4,7
817c01f8-a304-41cd-8bad-d3f1648b87d4,10
817c01f8-a304-41cd-8bad-d3f1648b87d4,15
817c01f8-a304-41cd-8bad-d3f1648b87d4,20
e398a652-95b8-4aab-9aa3-b991fef8f84c,7
e398a652-95b8-4aab-9aa3-b991fef8f84c,8
e398a652-95b8-4aab-9aa3-b991fef8f84c,9
e398a652-95b8-4aab-9aa3-b991fef8f84c,10
e398a652-95b8-4aab-9aa3-b991fef8f84c,11
ca7c15d4-b63c-43b9-a154-a9f6ec9bd46d,4
ca7c15d4-b63c-43b9-a154-a9f6ec9bd46d,8
ca7c15d4-b63c-43b9-a154-a9f6ec9bd46d,11
ca7c15d4-b63c-43b9-a154-a9f6ec9bd46d,13
ca7c15d4-b63c-43b9-a154-a9f6ec9bd46d,15
b6a8879c-3ed7-476d-8f1c-47f8f344f70d,2
b6a8879c-3ed7-476d-8f1c-47f8f344f70d,11
b6a8879c-3ed7-476d-8f1c-47f8f344f70d,18
0758c702-8abe-48eb-8498-0241319134d6,1
0758c702-8abe-48eb-8498-0241319134d6,4
0758c702-8abe-48eb-8498-0241319134d6,7
0758c702-8abe-48eb-8498-0241319134d6,8
0758c702-8abe-48eb-8498-0241319134d6,13
0758c702-8abe-48eb-8498-0241319134d6,20
79813442-5e34-470e-ae19-fde9bd8d21e8,7
79813442-5e34-470e-ae19-fde9bd8d21e8,8
79813442-5e34-470e-ae19-fde9bd8d21e8,17
79813442-5e34-470e-ae19-fde9bd8d21e8,20
06cf8ad7-4bdc-42e8-94e2-b0abe12a020b,12
06cf8ad7-4bdc-42e8-94e2-b0abe12a020b,13
06cf8ad7-4bdc-42e8-94e2-b0abe12a020b,19
6a02ace1-ef25-49eb-9361-c0c9a567599d,4
6a02ace1-ef25-49eb-9361-c0c9a567599d,10
6a02ace1-ef25-49eb-9361-c0c9a567599d,11
6a02ace1-ef25-49eb-9361-c0c9a567599d,17
938ad754-ae19-4622-bf35-e9b4fd3944cb,5
938ad754-ae19-4622-bf35-e9b4fd3944cb,6
938ad754-ae19-4622-bf35-e9b4fd3944cb,8
938ad754-ae19-4622-bf35-e9b4fd3944cb,9
938ad754-ae19-4622-bf35-e9b4fd3944cb,10
11f3834e-b75c-47de-8f68-181c73c2203d,2
11f3834e-b75c-47de-8f68-181c73c2203d,6
11f3834e-b75c-47de-8f68-181c73c2203d,7
11f3834e-b75c-47de-8f68-181c73c2203d,8
11f3834e-b75c-47de-8f68-181c73c2203d,10
11f3834e-b75c-47de-8f68-181c73c2203d,11
11f3834e-b75c-47de-8f68-181c73c2203d,12
d35f769d-d320-4357-a8ad-0db3cd7e1bcf,4
d35f769d-d320-4357-a8ad-0db3cd7e1bcf,5
d35f769d-d320-4357-a8ad-0db3cd7e1bcf,8
d35f769d-d320-4357-a8ad-0db3cd7e1bcf,10
d35f769d-d320-4357-a8ad-0db3cd7e1bcf,11
d35f769d-d320-4357-a8ad-0db3cd7e1bcf,13
49f84812-c3fe-4a66-b400-497728964a71,4
49f84812-c3fe-4a66-b400-497728964a71,10
49f84812-c3fe-4a66-b400-497728964a71,11
49f84812-c3fe-4a66-b400-497728964a71,12
49f84812-c3fe-4a66-b400-497728964a71,17
4aebd320-ccf1-472f-a813-521405bb8292,5
4aebd320-ccf1-472f-a813-521405bb8292,6
4aebd320-ccf1-472f-a813-521405bb8292,8
4aebd320-ccf1-472f-a813-521405bb8292,10
4aebd320-ccf1-472f-a813-521405bb8292,11
4aebd320-ccf1-472f-a813-521405bb8292,16
a1a5a881-54f7-465a-9473-7397b5bd6d3e,4
a1a5a881-54f7-465a-9473-7397b5bd6d3e,10
a1a5a881-54f7-465a-9473-7397b5bd6d3e,11
a1a5a881-54f7-465a-9473-7397b5bd6d3e,12
a1a5a881-54f7-465a-9473-7397b5bd6d3e,20
76d0d2a2-4118-4160-aa2f-d3e4e8396d50,6
76d0d2a2-4118-4160-aa2f-d3e4e8396d50,11
76d0d2a2-4118-4160-aa2f-d3e4e8396d50,12
76d0d2a2-4118-4160-aa2f-d3e4e8396d50,14
76d0d2a2-4118-4160-aa2f-d3e4e8396d50,20
284ef197-5fe6-404b-92da-1fd69387091d,6
284ef197-5fe6-404b-92da-1fd69387091d,8
284ef197-5fe6-404b-92da-1fd69387091d,15
44e180ab-f87f-4906-959a-d4208112dfeb,7
44e180ab-f87f-4906-959a-d4208112dfeb,12
44e180ab-f87f-4906-959a-d4208112dfeb,19
44e180ab-f87f-4906-959a-d4208112dfeb,20
c5722e37-67de-4703-9c3e-8bfefb98abe1,4
c5722e37-67de-4703-9c3e-8bfefb98abe1,8
c5722e37-67de-4703-9c3e-8bfefb98abe1,10
c5722e37-67de-4703-9c3e-8bfefb98abe1,17
f5795f69-df1e-4f2e-83bf-13391fab37a3,11
f5795f69-df1e-4f2e-83bf-13391fab37a3,17
f5795f69-df1e-4f2e-83bf-13391fab37a3,20
066a8584-2f31-4a5b-81a3-bfcffb97ceb0,9
066a8584-2f31-4a5b-81a3-bfcffb97ceb0,11
066a8584-2f31-4a5b-81a3-bfcffb97ceb0,14
23f999be-8f3a-4135-a109-48825f2b5ce3,8
23f999be-8f3a-4135-a109-48825f2b5ce3,11
23f999be-8f3a-4135-a109-48825f2b5ce3,12
23f999be-8f3a-4135-a109-48825f2b5ce3,15
23f999be-8f3a-4135-a109-48825f2b5ce3,16
2a9d41e6-bbad-409a-9305-7d1453de3fff,6
2a9d41e6-bbad-409a-9305-7d1453de3fff,7
2a9d41e6-bbad-409a-9305-7d1453de3fff,20
ea6a2151-71d0-4a29-bdab-6b249f5466e9,3
ea6a2151-71d0-4a29-bdab-6b249f5466e9,8
ea6a2151-71d0-4a29-bdab-6b249f5466e9,10
ea6a2151-71d0-4a29-bdab-6b249f5466e9,11
ea6a2151-71d0-4a29-bdab-6b249f5466e9,13
ea6a2151-71d0-4a29-bdab-6b249f5466e9,14
ea6a2151-71d0-4a29-bdab-6b249f5466e9,15
0255ba23-f10c-4e55-a632-f39545ad53f2,10
0255ba23-f10c-4e55-a632-f39545ad53f2,11
0255ba23-f10c-4e55-a632-f39545ad53f2,12
0255ba23-f10c-4e55-a632-f39545ad53f2,14
0255ba23-f10c-4e55-a632-f39545ad53f2,18
0255ba23-f10c-4e55-a632-f39545ad53f2,20
26d51b07-49a9-4201-b13c-709dbf828241,4
26d51b07-49a9-4201-b13c-709dbf828241,6
26d51b07-49a9-4201-b13c-709dbf828241,7
26d51b07-49a9-4201-b13c-709dbf828241,8
26d51b07-49a9-4201-b13c-709dbf828241,17
a7019b71-bdec-45fd-aa1f-46c39d0046c3,8
a7019b71-bdec-45fd-aa1f-46c39d0046c3,12
a7019b71-bdec-45fd-aa1f-46c39d0046c3,15
f6441207-59b2-4d0d-8e38-22e2061a049e,3
f6441207-59b2-4d0d-8e38-22e2061a049e,4
f6441207-59b2-4d0d-8e38-22e2061a049e,8
f6441207-59b2-4d0d-8e38-22e2061a049e,11
a1c5d618-8d96-458c-8e77-e2adbc9f6c23,2
a1c5d618-8d96-458c-8e77-e2adbc9f6c23,9
a1c5d618-8d96-458c-8e77-e2adbc9f6c23,10
a1c5d618-8d96-458c-8e77-e2adbc9f6c23,11
a1c5d618-8d96-458c-8e77-e2adbc9f6c23,15
a1c5d618-8d96-458c-8e77-e2adbc9f6c23,17
0cadd3b8-6e5a-4928-af7f-885b82902a53,5
0cadd3b8-6e5a-4928-af7f-885b82902a53,7
0cadd3b8-6e5a-4928-af7f-885b82902a53,8
0cadd3b8-6e5a-4928-af7f-885b82902a53,11
e684e654-4778-457f-88f4-600f7b349c6a,9
e684e654-4778-457f-88f4-600f7b349c6a,11
e684e654-4778-457f-88f4-600f7b349c6a,12
e684e654-4778-457f-88f4-600f7b349c6a,14
4d542073-0c38-433f-a83d-9994032a1c56,4
4d542073-0c38-433f-a83d-9994032a1c56,15
4d542073-0c38-433f-a83d-9994032a1c56,17
f2adb223-abf2-4dde-8eb2-d0e031d07e62,1
f2adb223-abf2-4dde-8eb2-d0e031d07e62,9
f2adb223-abf2-4dde-8eb2-d0e031d07e62,10
f2adb223-abf2-4dde-8eb2-d0e031d07e62,15
f2adb223-abf2-4dde-8eb2-d0e031d07e62,17
04bb8b7a-cd4c-4a01-91d4-4704fda80686,9
04bb8b7a-cd4c-4a01-91d4-4704fda80686,15
04bb8b7a-cd4c-4a01-91d4-4704fda80686,18
cb6d8e05-1472-47ff-b732-cb920eb596dd,4
cb6d8e05-1472-47ff-b732-cb920eb596dd,8
cb6d8e05-1472-47ff-b732-cb920eb596dd,10
cb6d8e05-1472-47ff-b732-cb920eb596dd,11
cb6d8e05-1472-47ff-b732-cb920eb596dd,20
f2aba7e0-43cb-45a1-8ed2-80e2b36e4be9,7
f2aba7e0-43cb-45a1-8ed2-80e2b36e4be9,11
f2aba7e0-43cb-45a1-8ed2-80e2b36e4be9,14
f2aba7e0-43cb-45a1-8ed2-80e2b36e4be9,19
5b4a4141-7738-4083-ae9c-db997fb64b4a,8
5b4a4141-7738-4083-ae9c-db997fb64b4a,9
5b4a4141-7738-4083-ae9c-db997fb64b4a,10
5b4a4141-7738-4083-ae9c-db997fb64b4a,11
5b4a4141-7738-4083-ae9c-db997fb64b4a,12
5b4a4141-7738-4083-ae9c-db997fb64b4a,17
5b4a4141-7738-4083-ae9c-db997fb64b4a,20
85b757d0-f583-4082-88db-1422127834d3,8
85b757d0-f583-4082-88db-1422127834d3,11
85b757d0-f583-4082-88db-1422127834d3,13
82682e93-7af6-4971-b751-acd09d094d2a,8
82682e93-7af6-4971-b751-acd09d094d2a,11
82682e93-7af6-4971-b751-acd09d094d2a,12
82682e93-7af6-4971-b751-acd09d094d2a,14
82682e93-7af6-4971-b751-acd09d094d2a,20
7120f862-693b-4518-8e4c-e2bfe7963695,1
7120f862-693b-4518-8e4c-e2bfe7963695,9
7120f862-693b-4518-8e4c-e2bfe7963695,11
7120f862-693b-4518-8e4c-e2bfe7963695,12
7120f862-693b-4518-8e4c-e2bfe7963695,14
5c5fb113-5843-4b29-8933-b0d016b33d25,4
5c5fb113-5843-4b29-8933-b0d016b33d25,5
5c5fb113-5843-4b29-8933-b0d016b33d25,6
5c5fb113-5843-4b29-8933-b0d016b33d25,8
5c5fb113-5843-4b29-8933-b0d016b33d25,11
5c5fb113-5843-4b29-8933-b0d016b33d25,20
ee1c4d3b-ec68-41f3-b7f1-58779c7a6bd9,4
ee1c4d3b-ec68-41f3-b7f1-58779c7a6bd9,5
ee1c4d3b-ec68-41f3-b7f1-58779c7a6bd9,7
ee1c4d3b-ec68-41f3-b7f1-58779c7a6bd9,8
ee1c4d3b-ec68-41f3-b7f1-58779c7a6bd9,10
ee1c4d3b-ec68-41f3-b7f1-58779c7a6bd9,20
c31a8997-aa4f-4fcd-af44-2a2e36479c4d,6
c31a8997-aa4f-4fcd-af44-2a2e36479c4d,7
c31a8997-aa4f-4fcd-af44-2a2e36479c4d,9
c31a8997-aa4f-4fcd-af44-2a2e36479c4d,10
c31a8997-aa4f-4fcd-af44-2a2e36479c4d,11
bd2d8a8f-cc69-4d59-9057-8cac5815b213,10
bd2d8a8f-cc69-4d59-9057-8cac5815b213,15
bd2d8a8f-cc69-4d59-9057-8cac5815b213,18
80773d69-c298-4c18-89cd-2c5d7b1186c9,9
80773d69-c298-4c18-89cd-2c5d7b1186c9,10
80773d69-c298-4c18-89cd-2c5d7b1186c9,12
80773d69-c298-4c18-89cd-2c5d7b1186c9,15
80773d69-c298-4c18-89cd-2c5d7b1186c9,17
80773d69-c298-4c18-89cd-2c5d7b1186c9,20
e405908c-8072-4c93-8cd7-6a0b541a50ee,5
e405908c-8072-4c93-8cd7-6a0b541a50ee,11
e405908c-8072-4c93-8cd7-6a0b541a50ee,12
e405908c-8072-4c93-8cd7-6a0b541a50ee,17
f2d45b59-75cd-44be-b428-acaecb458fb7,4
f2d45b59-75cd-44be-b428-acaecb458fb7,8
f2d45b59-75cd-44be-b428-acaecb458fb7,10
f2d45b59-75cd-44be-b428-acaecb458fb7,15
9f86355d-2a5a-4db1-aef6-a2b4d7d51a28,4
9f86355d-2a5a-4db1-aef6-a2b4d7d51a28,5
9f86355d-2a5a-4db1-aef6-a2b4d7d51a28,6
9f86355d-2a5a-4db1-aef6-a2b4d7d51a28,7
9f86355d-2a5a-4db1-aef6-a2b4d7d51a28,10
9f86355d-2a5a-4db1-aef6-a2b4d7d51a28,11
9f86355d-2a5a-4db1-aef6-a2b4d7d51a28,17
4311ce77-f8c2-4006-914c-00bf45307cde,1
4311ce77-f8c2-4006-914c-00bf45307cde,9
4311ce77-f8c2-4006-914c-00bf45307cde,10
4311ce77-f8c2-4006-914c-00bf45307cde,11
4311ce77-f8c2-4006-914c-00bf45307cde,15
ef84d501-5809-42c6-811a-459fc59c8de1,4
ef84d501-5809-42c6-811a-459fc59c8de1,10
ef84d501-5809-42c6-811a-459fc59c8de1,11
ef84d501-5809-42c6-811a-459fc59c8de1,15
c12cd7d4-3770-47ae-9237-24b35609b70d,7
c12cd7d4-3770-47ae-9237-24b35609b70d,8
c12cd7d4-3770-47ae-9237-24b35609b70d,10
c12cd7d4-3770-47ae-9237-24b35609b70d,11
c12cd7d4-3770-47ae-9237-24b35609b70d,12
c12cd7d4-3770-47ae-9237-24b35609b70d,15
c12cd7d4-3770-47ae-9237-24b35609b70d,20
888502a0-6058-4702-88b8-adb03b807926,2
888502a0-6058-4702-88b8-adb03b807926,14
888502a0-6058-4702-88b8-adb03b807926,18
692a8a6c-d41c-400a-a1eb-e5c04cf9e6df,9
692a8a6c-d41c-400a-a1eb-e5c04cf9e6df,11
692a8a6c-d41c-400a-a1eb-e5c04cf9e6df,12
692a8a6c-d41c-400a-a1eb-e5c04cf9e6df,14
692a8a6c-d41c-400a-a1eb-e5c04cf9e6df,18
692a8a6c-d41c-400a-a1eb-e5c04cf9e6df,19
692a8a6c-d41c-400a-a1eb-e5c04cf9e6df,20
49a32bab-cd26-41b3-bd72-44b130c4f30f,4
49a32bab-cd26-41b3-bd72-44b130c4f30f,5
49a32bab-cd26-41b3-bd72-44b130c4f30f,7
49a32bab-cd26-41b3-bd72-44b130c4f30f,8
49a32bab-cd26-41b3-bd72-44b130c4f30f,11
49a32bab-cd26-41b3-bd72-44b130c4f30f,17
8ee4e6aa-49bf-4476-8827-7c43c8576b3a,11
8ee4e6aa-49bf-4476-8827-7c43c8576b3a,12
8ee4e6aa-49bf-4476-8827-7c43c8576b3a,17
8ee4e6aa-49bf-4476-8827-7c43c8576b3a,19
4b1a88ac-4167-4eac-a0d2-4e293ef8f000,3
4b1a88ac-4167-4eac-a0d2-4e293ef8f000,9
4b1a88ac-4167-4eac-a0d2-4e293ef8f000,14
4b1a88ac-4167-4eac-a0d2-4e293ef8f000,20
01803a15-0ee4-4416-9a44-f065aa0b82f0,4
01803a15-0ee4-4416-9a44-f065aa0b82f0,5
01803a15-0ee4-4416-9a44-f065aa0b82f0,6
01803a15-0ee4-4416-9a44-f065aa0b82f0,10
01803a15-0ee4-4416-9a44-f065aa0b82f0,11
01803a15-0ee4-4416-9a44-f065aa0b82f0,12
acbfcf92-50ae-44fd-b9a5-7c398170cfd5,8
acbfcf92-50ae-44fd-b9a5-7c398170cfd5,9
acbfcf92-50ae-44fd-b9a5-7c398170cfd5,15
acbfcf92-50ae-44fd-b9a5-7c398170cfd5,18
acbfcf92-50ae-44fd-b9a5-7c398170cfd5,20
dac9ce9c-3e17-44ed-ac45-a48a89ca4b8d,4
dac9ce9c-3e17-44ed-ac45-a48a89ca4b8d,7
dac9ce9c-3e17-44ed-ac45-a48a89ca4b8d,9
dac9ce9c-3e17-44ed-ac45-a48a89ca4b8d,10
dac9ce9c-3e17-44ed-ac45-a48a89ca4b8d,13
dac9ce9c-3e17-44ed-ac45-a48a89ca4b8d,17
3e5fe20d-95f7-4fea-a0b1-f764d3af1ede,6
3e5fe20d-95f7-4fea-a0b1-f764d3af1ede,8
3e5fe20d-95f7-4fea-a0b1-f764d3af1ede,10
3e5fe20d-95f7-4fea-a0b1-f764d3af1ede,16
38e6fcf7-6529-4aa2-8994-a3bd7449055c,8
38e6fcf7-6529-4aa2-8994-a3bd7449055c,11
38e6fcf7-6529-4aa2-8994-a3bd7449055c,15
38e6fcf7-6529-4aa2-8994-a3bd7449055c,20
20272eee-ae06-4fca-93c0-854b118bb324,5
20272eee-ae06-4fca-93c0-854b118bb324,8
20272eee-ae06-4fca-93c0-854b118bb324,9
20272eee-ae06-4fca-93c0-854b118bb324,20
e0b41b2a-0c7b-41b4-b605-9004a85a2f65,11
e0b41b2a-0c7b-41b4-b605-9004a85a2f65,14
e0b41b2a-0c7b-41b4-b605-9004a85a2f65,18
e0b41b2a-0c7b-41b4-b605-9004a85a2f65,19
e0b41b2a-0c7b-41b4-b605-9004a85a2f65,20
a9eb667c-0911-4e4e-955e-a556167a78c0,5
a9eb667c-0911-4e4e-955e-a556167a78c0,13
a9eb667c-0911-4e4e-955e-a556167a78c0,15
bfe891b4-9403-4989-a44e-4cc7c30638a2,5
bfe891b4-9403-4989-a44e-4cc7c30638a2,10
bfe891b4-9403-4989-a44e-4cc7c30638a2,12
bfe891b4-9403-4989-a44e-4cc7c30638a2,20
2529da7b-fb90-40ba-8ca7-89dad877f668,7
2529da7b-fb90-40ba-8ca7-89dad877f668,8
2529da7b-fb90-40ba-8ca7-89dad877f668,9
2529da7b-fb90-40ba-8ca7-89dad877f668,10
2529da7b-fb90-40ba-8ca7-89dad877f668,12
2529da7b-fb90-40ba-8ca7-89dad877f668,20
2b117fb4-0476-4220-9e19-f00fccae94a5,3
2b117fb4-0476-4220-9e19-f00fccae94a5,9
2b117fb4-0476-4220-9e19-f00fccae94a5,11
2b117fb4-0476-4220-9e19-f00fccae94a5,12
8f481282-4da5-453a-8238-b0915c33bf1d,2
8f481282-4da5-453a-8238-b0915c33bf1d,7
8f481282-4da5-453a-8238-b0915c33bf1d,11
a0aa60fd-568a-4e6d-86f9-4d6b89c6e255,4
a0aa60fd-568a-4e6d-86f9-4d6b89c6e255,7
a0aa60fd-568a-4e6d-86f9-4d6b89c6e255,8
a0aa60fd-568a-4e6d-86f9-4d6b89c6e255,10
a0aa60fd-568a-4e6d-86f9-4d6b89c6e255,12
a0aa60fd-568a-4e6d-86f9-4d6b89c6e255,16
f5f28e61-f4ca-473a-8c02-7e708513646c,9
f5f28e61-f4ca-473a-8c02-7e708513646c,11
f5f28e61-f4ca-473a-8c02-7e708513646c,14
f5f28e61-f4ca-473a-8c02-7e708513646c,17
f5f28e61-f4ca-473a-8c02-7e708513646c,18
f5f28e61-f4ca-473a-8c02-7e708513646c,20
608ced08-9e47-4568-b2c6-81b0a7fdf075,7
608ced08-9e47-4568-b2c6-81b0a7fdf075,9
608ced08-9e47-4568-b2c6-81b0a7fdf075,10
608ced08-9e47-4568-b2c6-81b0a7fdf075,20
80d67e75-1cd6-4308-ace2-c8929c58a1fc,2
80d67e75-1cd6-4308-ace2-c8929c58a1fc,4
80d67e75-1cd6-4308-ace2-c8929c58a1fc,8
80d67e75-1cd6-4308-ace2-c8929c58a1fc,11
80d67e75-1cd6-4308-ace2-c8929c58a1fc,13
80d67e75-1cd6-4308-ace2-c8929c58a1fc,20
b5470472-a376-405f-b34f-b7e3e01322d5,5
b5470472-a376-405f-b34f-b7e3e01322d5,6
b5470472-a376-405f-b34f-b7e3e01322d5,7
b5470472-a376-405f-b34f-b7e3e01322d5,10
b5470472-a376-405f-b34f-b7e3e01322d5,14
cdceb895-35d8-4e18-b3c1-c6e0cb902595,11
cdceb895-35d8-4e18-b3c1-c6e0cb902595,15
cdceb895-35d8-4e18-b3c1-c6e0cb902595,16
cdceb895-35d8-4e18-b3c1-c6e0cb902595,18
930dc420-8dbd-403e-b761-f0469b5b0b63,11
930dc420-8dbd-403e-b761-f0469b5b0b63,14
930dc420-8dbd-403e-b761-f0469b5b0b63,15
930dc420-8dbd-403e-b761-f0469b5b0b63,19
8e39130a-e867-4106-91d8-13206ebbc96a,2
8e39130a-e867-4106-91d8-13206ebbc96a,3
8e39130a-e867-4106-91d8-13206ebbc96a,9
8e39130a-e867-4106-91d8-13206ebbc96a,11
8e39130a-e867-4106-91d8-13206ebbc96a,12
8e39130a-e867-4106-91d8-13206ebbc96a,18
02af81eb-661b-43df-96f9-ae3e16e670eb,7
02af81eb-661b-43df-96f9-ae3e16e670eb,9
02af81eb-661b-43df-96f9-ae3e16e670eb,11
02af81eb-661b-43df-96f9-ae3e16e670eb,12
02af81eb-661b-43df-96f9-ae3e16e670eb,14
02af81eb-661b-43df-96f9-ae3e16e670eb,18
2fbcc1cb-3f24-49ae-8318-d9d8b3352464,7
2fbcc1cb-3f24-49ae-8318-d9d8b3352464,10
2fbcc1cb-3f24-49ae-8318-d9d8b3352464,11
2fbcc1cb-3f24-49ae-8318-d9d8b3352464,17
f2b06dee-e475-4ddf-9811-39467ec5c4b3,6
f2b06dee-e475-4ddf-9811-39467ec5c4b3,11
f2b06dee-e475-4ddf-9811-39467ec5c4b3,13
542706cb-ff1a-4d9a-9b3d-621e4e7fe4bb,11
542706cb-ff1a-4d9a-9b3d-621e4e7fe4bb,12
542706cb-ff1a-4d9a-9b3d-621e4e7fe4bb,18
542706cb-ff1a-4d9a-9b3d-621e4e7fe4bb,20
6ed2246c-0899-4390-bcd4-1c784aa4dcbf,4
6ed2246c-0899-4390-bcd4-1c784aa4dcbf,5
6ed2246c-0899-4390-bcd4-1c784aa4dcbf,6
6ed2246c-0899-4390-bcd4-1c784aa4dcbf,7
6ed2246c-0899-4390-bcd4-1c784aa4dcbf,12
6ed2246c-0899-4390-bcd4-1c784aa4dcbf,13
985eaa3f-7b48-432c-980e-612cac39b2d6,3
985eaa3f-7b48-432c-980e-612cac39b2d6,11
985eaa3f-7b48-432c-980e-612cac39b2d6,15
985eaa3f-7b48-432c-980e-612cac39b2d6,20
8de3a1bf-0867-4629-9291-42a74caf9008,13
8de3a1bf-0867-4629-9291-42a74caf9008,14
8de3a1bf-0867-4629-9291-42a74caf9008,18
8a32d959-70a5-4d75-a21f-8a47260e0f27,2
8a32d959-70a5-4d75-a21f-8a47260e0f27,9
8a32d959-70a5-4d75-a21f-8a47260e0f27,13
8a32d959-70a5-4d75-a21f-8a47260e0f27,14
8a32d959-70a5-4d75-a21f-8a47260e0f27,15
1be443c1-01cd-4768-b52a-7eb78db9af09,10
1be443c1-01cd-4768-b52a-7eb78db9af09,16
1be443c1-01cd-4768-b52a-7eb78db9af09,17
9fd6253e-a662-4cde-bf57-754afdda3595,8
9fd6253e-a662-4cde-bf57-754afdda3595,10
9fd6253e-a662-4cde-bf57-754afdda3595,20
d7a3f62a-7276-4b1a-9abc-2110c1979b89,7
d7a3f62a-7276-4b1a-9abc-2110c1979b89,9
d7a3f62a-7276-4b1a-9abc-2110c1979b89,18
d7a3f62a-7276-4b1a-9abc-2110c1979b89,20
e50d8d05-5cc4-4343-b6bc-1df1b3f3d22f,4
e50d8d05-5cc4-4343-b6bc-1df1b3f3d22f,5
e50d8d05-5cc4-4343-b6bc-1df1b3f3d22f,7
e50d8d05-5cc4-4343-b6bc-1df1b3f3d22f,9
c4e9879e-05ab-498a-920f-58381490c89b,2
c4e9879e-05ab-498a-920f-58381490c89b,9
c4e9879e-05ab-498a-920f-58381490c89b,12
c4e9879e-05ab-498a-920f-58381490c89b,18
c95d510a-3346-4f36-be97-770bde6ccec1,7
c95d510a-3346-4f36-be97-770bde6ccec1,8
c95d510a-3346-4f36-be97-770bde6ccec1,10
c95d510a-3346-4f36-be97-770bde6ccec1,11
c95d510a-3346-4f36-be97-770bde6ccec1,13
c95d510a-3346-4f36-be97-770bde6ccec1,14
c95d510a-3346-4f36-be97-770bde6ccec1,15
eb004ec6-6884-44b6-8aae-0caf60444601,7
eb004ec6-6884-44b6-8aae-0caf60444601,11
eb004ec6-6884-44b6-8aae-0caf60444601,12
eb004ec6-6884-44b6-8aae-0caf60444601,14
eb004ec6-6884-44b6-8aae-0caf60444601,17
eb004ec6-6884-44b6-8aae-0caf60444601,19
d04fc3d7-1126-4cb3-9932-981657c916cf,10
d04fc3d7-1126-4cb3-9932-981657c916cf,11
d04fc3d7-1126-4cb3-9932-981657c916cf,12
d04fc3d7-1126-4cb3-9932-981657c916cf,19
0d89d375-2da9-4e6e-bf17-55801c583b8e,10
0d89d375-2da9-4e6e-bf17-55801c583b8e,13
0d89d375-2da9-4e6e-bf17-55801c583b8e,14
7dcdee17-8895-4c49-8c8b-2fe06574a692,4
7dcdee17-8895-4c49-8c8b-2fe06574a692,8
7dcdee17-8895-4c49-8c8b-2fe06574a692,11
7dcdee17-8895-4c49-8c8b-2fe06574a692,14
7dcdee17-8895-4c49-8c8b-2fe06574a692,20
a682884e-7829-49ab-8494-57cf249e52b4,6
a682884e-7829-49ab-8494-57cf249e52b4,9
a682884e-7829-49ab-8494-57cf249e52b4,11
a682884e-7829-49ab-8494-57cf249e52b4,15
f403a135-e2fa-4427-9cb5-9d55455f9b66,1
f403a135-e2fa-4427-9cb5-9d55455f9b66,5
f403a135-e2fa-4427-9cb5-9d55455f9b66,10
f403a135-e2fa-4427-9cb5-9d55455f9b66,11
f403a135-e2fa-4427-9cb5-9d55455f9b66,12
b0953e8e-335d-49b9-b394-fc0fe62b5e1e,5
b0953e8e-335d-49b9-b394-fc0fe62b5e1e,10
b0953e8e-335d-49b9-b394-fc0fe62b5e1e,11
b0953e8e-335d-49b9-b394-fc0fe62b5e1e,12
b0953e8e-335d-49b9-b394-fc0fe62b5e1e,15
9670db24-9fbd-4eae-8798-eee73b7f38b0,2
9670db24-9fbd-4eae-8798-eee73b7f38b0,9
9670db24-9fbd-4eae-8798-eee73b7f38b0,11
9670db24-9fbd-4eae-8798-eee73b7f38b0,15
9670db24-9fbd-4eae-8798-eee73b7f38b0,16
9670db24-9fbd-4eae-8798-eee73b7f38b0,17
d14d3d68-bc4f-4869-b1ec-aa8b4936f3cf,3
d14d3d68-bc4f-4869-b1ec-aa8b4936f3cf,6
d14d3d68-bc4f-4869-b1ec-aa8b4936f3cf,10
3b4c8589-a29e-4f2a-9518-57ade939fcf8,2
3b4c8589-a29e-4f2a-9518-57ade939fcf8,14
3b4c8589-a29e-4f2a-9518-57ade939fcf8,15
3b4c8589-a29e-4f2a-9518-57ade939fcf8,18
03eeb36f-1602-4d94-af8d-fa5e5db432b8,6
03eeb36f-1602-4d94-af8d-fa5e5db432b8,8
03eeb36f-1602-4d94-af8d-fa5e5db432b8,10
03eeb36f-1602-4d94-af8d-fa5e5db432b8,13
03eeb36f-1602-4d94-af8d-fa5e5db432b8,14
03eeb36f-1602-4d94-af8d-fa5e5db432b8,15
4fd46ebc-f590-48ab-9c20-b28ac7350ca8,5
4fd46ebc-f590-48ab-9c20-b28ac7350ca8,9
4fd46ebc-f590-48ab-9c20-b28ac7350ca8,11
4fd46ebc-f590-48ab-9c20-b28ac7350ca8,18
4fd46ebc-f590-48ab-9c20-b28ac7350ca8,19
fd980494-269c-489f-be6e-0159fbcec461,6
fd980494-269c-489f-be6e-0159fbcec461,12
fd980494-269c-489f-be6e-0159fbcec461,14
510ae9dd-0fef-4647-ab59-c05d2f715afe,5
510ae9dd-0fef-4647-ab59-c05d2f715afe,6
510ae9dd-0fef-4647-ab59-c05d2f715afe,10
510ae9dd-0fef-4647-ab59-c05d2f715afe,14
510ae9dd-0fef-4647-ab59-c05d2f715afe,20
09d2cf11-ac8c-461a-94a4-50153a860768,6
09d2cf11-ac8c-461a-94a4-50153a860768,9
09d2cf11-ac8c-461a-94a4-50153a860768,10
09d2cf11-ac8c-461a-94a4-50153a860768,12
09d2cf11-ac8c-461a-94a4-50153a860768,15
0f5dcdfd-9397-4997-853c-278f6e224fe8,5
0f5dcdfd-9397-4997-853c-278f6e224fe8,6
0f5dcdfd-9397-4997-853c-278f6e224fe8,10
0f5dcdfd-9397-4997-853c-278f6e224fe8,12
392c8fe6-5cad-4071-b5ed-e8677d946e7b,4
392c8fe6-5cad-4071-b5ed-e8677d946e7b,10
392c8fe6-5cad-4071-b5ed-e8677d946e7b,11
392c8fe6-5cad-4071-b5ed-e8677d946e7b,13
392c8fe6-5cad-4071-b5ed-e8677d946e7b,19
876555c2-25f1-4f17-a598-ae5ea4457ee0,4
876555c2-25f1-4f17-a598-ae5ea4457ee0,9
876555c2-25f1-4f17-a598-ae5ea4457ee0,11
876555c2-25f1-4f17-a598-ae5ea4457ee0,12
876555c2-25f1-4f17-a598-ae5ea4457ee0,14
876555c2-25f1-4f17-a598-ae5ea4457ee0,18
876555c2-25f1-4f17-a598-ae5ea4457ee0,19
1a7b75b9-6dfb-43ac-8df5-e9d9c7ef26d8,8
1a7b75b9-6dfb-43ac-8df5-e9d9c7ef26d8,12
1a7b75b9-6dfb-43ac-8df5-e9d9c7ef26d8,14
1a7b75b9-6dfb-43ac-8df5-e9d9c7ef26d8,18
1a7b75b9-6dfb-43ac-8df5-e9d9c7ef26d8,19
f6e7d21d-ffa2-40da-a777-6cd561fc7ca2,5
f6e7d21d-ffa2-40da-a777-6cd561fc7ca2,7
f6e7d21d-ffa2-40da-a777-6cd561fc7ca2,8
f6e7d21d-ffa2-40da-a777-6cd561fc7ca2,20
9851c669-90b3-4bba-a904-e07bff44c7cb,2
9851c669-90b3-4bba-a904-e07bff44c7cb,3
9851c669-90b3-4bba-a904-e07bff44c7cb,8
9851c669-90b3-4bba-a904-e07bff44c7cb,17
794fc94e-96be-40c8-8451-4a63913e6c27,4
794fc94e-96be-40c8-8451-4a63913e6c27,11
794fc94e-96be-40c8-8451-4a63913e6c27,12
3d995ed0-a816-4b0a-8bb4-eaf99e325783,2
3d995ed0-a816-4b0a-8bb4-eaf99e325783,3
3d995ed0-a816-4b0a-8bb4-eaf99e325783,6
3d995ed0-a816-4b0a-8bb4-eaf99e325783,11
3d995ed0-a816-4b0a-8bb4-eaf99e325783,14
3d995ed0-a816-4b0a-8bb4-eaf99e325783,17
90d25913-0003-4280-8814-c15e3a6cc928,4
90d25913-0003-4280-8814-c15e3a6cc928,8
90d25913-0003-4280-8814-c15e3a6cc928,10
90d25913-0003-4280-8814-c15e3a6cc928,14
90d25913-0003-4280-8814-c15e3a6cc928,20
1edf11bf-caeb-49fc-8f55-69e63e815dae,2
1edf11bf-caeb-49fc-8f55-69e63e815dae,4
1edf11bf-caeb-49fc-8f55-69e63e815dae,6
1edf11bf-caeb-49fc-8f55-69e63e815dae,11
1edf11bf-caeb-49fc-8f55-69e63e815dae,12
1d232fca-e41e-4733-addc-7d23e43a1a37,5
1d232fca-e41e-4733-addc-7d23e43a1a37,8
1d232fca-e41e-4733-addc-7d23e43a1a37,10
1d232fca-e41e-4733-addc-7d23e43a1a37,12
6f1f4dc0-4b42-4147-b573-37a2915f8a50,4
6f1f4dc0-4b42-4147-b573-37a2915f8a50,5
6f1f4dc0-4b42-4147-b573-37a2915f8a50,7
94df617c-7422-4cee-8fff-551c271661f6,2
94df617c-7422-4cee-8fff-551c271661f6,4
94df617c-7422-4cee-8fff-551c271661f6,5
94df617c-7422-4cee-8fff-551c271661f6,15
94df617c-7422-4cee-8fff-551c271661f6,20
b1b3abf0-bf40-43df-bd09-1bd861e99e17,10
b1b3abf0-bf40-43df-bd09-1bd861e99e17,11
b1b3abf0-bf40-43df-bd09-1bd861e99e17,12
b1b3abf0-bf40-43df-bd09-1bd861e99e17,14
b1b3abf0-bf40-43df-bd09-1bd861e99e17,18
b1b3abf0-bf40-43df-bd09-1bd861e99e17,19
ebc876d8-1628-4ff4-afd4-eea254a75a3c,4
ebc876d8-1628-4ff4-afd4-eea254a75a3c,7
ebc876d8-1628-4ff4-afd4-eea254a75a3c,10
ebc876d8-1628-4ff4-afd4-eea254a75a3c,11
ebc876d8-1628-4ff4-afd4-eea254a75a3c,12
ebc876d8-1628-4ff4-afd4-eea254a75a3c,18
542134d1-b226-400c-8d7c-4e24b1a088a6,8
542134d1-b226-400c-8d7c-4e24b1a088a6,10
542134d1-b226-400c-8d7c-4e24b1a088a6,11
542134d1-b226-400c-8d7c-4e24b1a088a6,13
542134d1-b226-400c-8d7c-4e24b1a088a6,15
542134d1-b226-400c-8d7c-4e24b1a088a6,16
f2a1a80b-ee11-4d4d-934b-4728eb24d690,9
f2a1a80b-ee11-4d4d-934b-4728eb24d690,10
f2a1a80b-ee11-4d4d-934b-4728eb24d690,14
f2a1a80b-ee11-4d4d-934b-4728eb24d690,15
f2ea42b1-7f53-4ca2-8107-27de52bb697a,6
f2ea42b1-7f53-4ca2-8107-27de52bb697a,11
f2ea42b1-7f53-4ca2-8107-27de52bb697a,12
f2ea42b1-7f53-4ca2-8107-27de52bb697a,14
f2ea42b1-7f53-4ca2-8107-27de52bb697a,18
f2ea42b1-7f53-4ca2-8107-27de52bb697a,20
368b0c1f-2b18-45ae-8c55-7445a2e631bc,9
368b0c1f-2b18-45ae-8c55-7445a2e631bc,11
368b0c1f-2b18-45ae-8c55-7445a2e631bc,12
368b0c1f-2b18-45ae-8c55-7445a2e631bc,14
b312e220-ae63-4cad-98df-940d573360df,1
b312e220-ae63-4cad-98df-940d573360df,11
b312e220-ae63-4cad-98df-940d573360df,12
b312e220-ae63-4cad-98df-940d573360df,14
b312e220-ae63-4cad-98df-940d573360df,18
b312e220-ae63-4cad-98df-940d573360df,19
23cf3644-a5e7-4b7a-848c-b3c4ffc0d526,4
23cf3644-a5e7-4b7a-848c-b3c4ffc0d526,15
23cf3644-a5e7-4b7a-848c-b3c4ffc0d526,18
d4bea928-8cc6-40c1-ad6c-85ba2f32c3ca,4
d4bea928-8cc6-40c1-ad6c-85ba2f32c3ca,7
d4bea928-8cc6-40c1-ad6c-85ba2f32c3ca,8
d4bea928-8cc6-40c1-ad6c-85ba2f32c3ca,10
d4bea928-8cc6-40c1-ad6c-85ba2f32c3ca,12
d4bea928-8cc6-40c1-ad6c-85ba2f32c3ca,15
5268065e-db45-4ebe-8c7d-af94ecc0d672,4
5268065e-db45-4ebe-8c7d-af94ecc0d672,6
5268065e-db45-4ebe-8c7d-af94ecc0d672,8
5268065e-db45-4ebe-8c7d-af94ecc0d672,10
3828eac9-779d-4dee-8a85-97444f82ce68,9
3828eac9-779d-4dee-8a85-97444f82ce68,11
3828eac9-779d-4dee-8a85-97444f82ce68,14
c31aaa51-862f-454c-afdf-06d1d6ea07fa,9
c31aaa51-862f-454c-afdf-06d1d6ea07fa,10
c31aaa51-862f-454c-afdf-06d1d6ea07fa,11
c31aaa51-862f-454c-afdf-06d1d6ea07fa,12
c31aaa51-862f-454c-afdf-06d1d6ea07fa,14
c31aaa51-862f-454c-afdf-06d1d6ea07fa,20
65f45148-d34d-4ca8-b231-ff27af7e1083,2
65f45148-d34d-4ca8-b231-ff27af7e1083,8
65f45148-d34d-4ca8-b231-ff27af7e1083,14
65f45148-d34d-4ca8-b231-ff27af7e1083,17
d264ec2d-d6b4-4a68-a16e-2ce4e95ca174,9
d264ec2d-d6b4-4a68-a16e-2ce4e95ca174,10
d264ec2d-d6b4-4a68-a16e-2ce4e95ca174,11
d264ec2d-d6b4-4a68-a16e-2ce4e95ca174,15
d264ec2d-d6b4-4a68-a16e-2ce4e95ca174,17
d264ec2d-d6b4-4a68-a16e-2ce4e95ca174,20
aaf51b3f-54ec-45c3-8487-c08aaa05d8c7,2
aaf51b3f-54ec-45c3-8487-c08aaa05d8c7,10
aaf51b3f-54ec-45c3-8487-c08aaa05d8c7,11
aaf51b3f-54ec-45c3-8487-c08aaa05d8c7,16
b4b6c65f-6664-4d76-b394-e61f1c8f8ec1,9
b4b6c65f-6664-4d76-b394-e61f1c8f8ec1,11
b4b6c65f-6664-4d76-b394-e61f1c8f8ec1,12
b4b6c65f-6664-4d76-b394-e61f1c8f8ec1,19
76cbf7c4-1a28-4125-bb2c-8e192a892807,7
76cbf7c4-1a28-4125-bb2c-8e192a892807,11
76cbf7c4-1a28-4125-bb2c-8e192a892807,12
76cbf7c4-1a28-4125-bb2c-8e192a892807,19
c98070f7-ea93-464b-9719-8e5817cb346a,6
c98070f7-ea93-464b-9719-8e5817cb346a,9
c98070f7-ea93-464b-9719-8e5817cb346a,11
c98070f7-ea93-464b-9719-8e5817cb346a,12
c98070f7-ea93-464b-9719-8e5817cb346a,14
c98070f7-ea93-464b-9719-8e5817cb346a,15
c98070f7-ea93-464b-9719-8e5817cb346a,18
c21e317f-9f79-44d5-b20a-71aa31f20d74,1
c21e317f-9f79-44d5-b20a-71aa31f20d74,4
c21e317f-9f79-44d5-b20a-71aa31f20d74,5
c21e317f-9f79-44d5-b20a-71aa31f20d74,8
c21e317f-9f79-44d5-b20a-71aa31f20d74,10
c21e317f-9f79-44d5-b20a-71aa31f20d74,12
5974ae31-04b8-4503-9dea-54b6eb4c5696,1
5974ae31-04b8-4503-9dea-54b6eb4c5696,2
5974ae31-04b8-4503-9dea-54b6eb4c5696,3
5974ae31-04b8-4503-9dea-54b6eb4c5696,9
5974ae31-04b8-4503-9dea-54b6eb4c5696,11
5974ae31-04b8-4503-9dea-54b6eb4c5696,12
7497f43c-158d-489b-b70c-fe3b4c138821,1
7497f43c-158d-489b-b70c-fe3b4c138821,4
7497f43c-158d-489b-b70c-fe3b4c138821,5
7497f43c-158d-489b-b70c-fe3b4c138821,6
7497f43c-158d-489b-b70c-fe3b4c138821,7
7497f43c-158d-489b-b70c-fe3b4c138821,8
7497f43c-158d-489b-b70c-fe3b4c138821,15
3f24b106-d0fe-4f00-822d-c9d256babef7,8
3f24b106-d0fe-4f00-822d-c9d256babef7,10
3f24b106-d0fe-4f00-822d-c9d256babef7,15
3f24b106-d0fe-4f00-822d-c9d256babef7,19
d03f66d8-d99b-4671-a0db-107d9ed5e8e4,4
d03f66d8-d99b-4671-a0db-107d9ed5e8e4,5
d03f66d8-d99b-4671-a0db-107d9ed5e8e4,6
d03f66d8-d99b-4671-a0db-107d9ed5e8e4,10
d03f66d8-d99b-4671-a0db-107d9ed5e8e4,11
33611d4a-b72d-4868-8862-37dc6da35c82,6
33611d4a-b72d-4868-8862-37dc6da35c82,12
33611d4a-b72d-4868-8862-37dc6da35c82,18
33611d4a-b72d-4868-8862-37dc6da35c82,20
c590c49a-6aa2-4b9e-b7ef-8de08d64a34f,3
c590c49a-6aa2-4b9e-b7ef-8de08d64a34f,11
c590c49a-6aa2-4b9e-b7ef-8de08d64a34f,12
c590c49a-6aa2-4b9e-b7ef-8de08d64a34f,18
c590c49a-6aa2-4b9e-b7ef-8de08d64a34f,19
c590c49a-6aa2-4b9e-b7ef-8de08d64a34f,20
4738d738-cc35-4349-9f89-e96e0a7c3f71,3
4738d738-cc35-4349-9f89-e96e0a7c3f71,13
4738d738-cc35-4349-9f89-e96e0a7c3f71,15
1b3c57a9-ab30-45ef-ba0c-1208f9580bcc,1
1b3c57a9-ab30-45ef-ba0c-1208f9580bcc,5
1b3c57a9-ab30-45ef-ba0c-1208f9580bcc,8
1b3c57a9-ab30-45ef-ba0c-1208f9580bcc,11
a05fb95c-ba9f-4e27-a689-3cf5fc1b5a26,4
a05fb95c-ba9f-4e27-a689-3cf5fc1b5a26,11
a05fb95c-ba9f-4e27-a689-3cf5fc1b5a26,12
a05fb95c-ba9f-4e27-a689-3cf5fc1b5a26,19
dea563e5-75d4-4009-859c-5370f9952466,4
dea563e5-75d4-4009-859c-5370f9952466,5
dea563e5-75d4-4009-859c-5370f9952466,6
dea563e5-75d4-4009-859c-5370f9952466,7
dea563e5-75d4-4009-859c-5370f9952466,8
dea563e5-75d4-4009-859c-5370f9952466,13
85fcc4be-726c-4bcd-9bc6-c969daa3cd3e,2
85fcc4be-726c-4bcd-9bc6-c969daa3cd3e,9
85fcc4be-726c-4bcd-9bc6-c969daa3cd3e,10
85fcc4be-726c-4bcd-9bc6-c969daa3cd3e,15
85fcc4be-726c-4bcd-9bc6-c969daa3cd3e,17
385f81d4-6aef-41cb-a04f-f1dc4b4c392c,5
385f81d4-6aef-41cb-a04f-f1dc4b4c392c,6
385f81d4-6aef-41cb-a04f-f1dc4b4c392c,7
385f81d4-6aef-41cb-a04f-f1dc4b4c392c,8
385f81d4-6aef-41cb-a04f-f1dc4b4c392c,11
385f81d4-6aef-41cb-a04f-f1dc4b4c392c,19
1c8aea5a-7709-44a0-898c-a882a974318f,2
1c8aea5a-7709-44a0-898c-a882a974318f,11
1c8aea5a-7709-44a0-898c-a882a974318f,14
1c8aea5a-7709-44a0-898c-a882a974318f,15
724c4395-7ea9-4d83-8121-d2861a23f625,1
724c4395-7ea9-4d83-8121-d2861a23f625,7
724c4395-7ea9-4d83-8121-d2861a23f625,8
724c4395-7ea9-4d83-8121-d2861a23f625,11
724c4395-7ea9-4d83-8121-d2861a23f625,13
50e23573-ed49-4a5a-a274-62ac3d92fa00,1
50e23573-ed49-4a5a-a274-62ac3d92fa00,11
50e23573-ed49-4a5a-a274-62ac3d92fa00,14
50e23573-ed49-4a5a-a274-62ac3d92fa00,19
50e23573-ed49-4a5a-a274-62ac3d92fa00,20
fbabdc2f-0b0f-4905-8305-434bbbdaeebf,5
fbabdc2f-0b0f-4905-8305-434bbbdaeebf,6
fbabdc2f-0b0f-4905-8305-434bbbdaeebf,8
fbabdc2f-0b0f-4905-8305-434bbbdaeebf,12
0ed95bd1-0f78-425f-bb15-de63420dce41,1
0ed95bd1-0f78-425f-bb15-de63420dce41,4
0ed95bd1-0f78-425f-bb15-de63420dce41,6
0ed95bd1-0f78-425f-bb15-de63420dce41,10
0ed95bd1-0f78-425f-bb15-de63420dce41,11
d46a3b65-b3c2-4019-9b15-047e249159c1,3
d46a3b65-b3c2-4019-9b15-047e249159c1,5
d46a3b65-b3c2-4019-9b15-047e249159c1,6
d46a3b65-b3c2-4019-9b15-047e249159c1,7
1139ba1c-108d-408a-bcce-dc297a47ae0b,9
1139ba1c-108d-408a-bcce-dc297a47ae0b,12
1139ba1c-108d-408a-bcce-dc297a47ae0b,14
1139ba1c-108d-408a-bcce-dc297a47ae0b,18
1139ba1c-108d-408a-bcce-dc297a47ae0b,19
966251e0-21da-4b33-8c4f-5acafc653771,2
966251e0-21da-4b33-8c4f-5acafc653771,11
966251e0-21da-4b33-8c4f-5acafc653771,12
966251e0-21da-4b33-8c4f-5acafc653771,13
966251e0-21da-4b33-8c4f-5acafc653771,14
966251e0-21da-4b33-8c4f-5acafc653771,15
ad077160-525d-4c40-8102-623ecef44a68,9
ad077160-525d-4c40-8102-623ecef44a68,10
ad077160-525d-4c40-8102-623ecef44a68,14
ad077160-525d-4c40-8102-623ecef44a68,15
ad077160-525d-4c40-8102-623ecef44a68,17
869f5770-ffbd-42b1-9908-f61f8fbbc8ea,5
869f5770-ffbd-42b1-9908-f61f8fbbc8ea,9
869f5770-ffbd-42b1-9908-f61f8fbbc8ea,13
869f5770-ffbd-42b1-9908-f61f8fbbc8ea,20
17f812f6-c3b4-4bc7-a54b-f1133fe132f8,11
17f812f6-c3b4-4bc7-a54b-f1133fe132f8,12
17f812f6-c3b4-4bc7-a54b-f1133fe132f8,15
17f812f6-c3b4-4bc7-a54b-f1133fe132f8,18
44bd7edf-b40c-4e70-80b5-06cef76b4c8c,7
44bd7edf-b40c-4e70-80b5-06cef76b4c8c,11
44bd7edf-b40c-4e70-80b5-06cef76b4c8c,12
44bd7edf-b40c-4e70-80b5-06cef76b4c8c,13
2a5fc018-eeb8-406f-83fc-1862252f93b0,6
2a5fc018-eeb8-406f-83fc-1862252f93b0,7
2a5fc018-eeb8-406f-83fc-1862252f93b0,11
2a5fc018-eeb8-406f-83fc-1862252f93b0,14
2a5fc018-eeb8-406f-83fc-1862252f93b0,19
2a5fc018-eeb8-406f-83fc-1862252f93b0,20
48330897-124f-4e58-aa9c-5880e8a51283,8
48330897-124f-4e58-aa9c-5880e8a51283,11
48330897-124f-4e58-aa9c-5880e8a51283,13
48330897-124f-4e58-aa9c-5880e8a51283,15
48330897-124f-4e58-aa9c-5880e8a51283,20
0b0392ac-a14f-455e-86b0-ae00fdfdf1f6,9
0b0392ac-a14f-455e-86b0-ae00fdfdf1f6,10
0b0392ac-a14f-455e-86b0-ae00fdfdf1f6,20
9d77bbdb-a7c6-48dc-8333-69d2a53bae58,9
9d77bbdb-a7c6-48dc-8333-69d2a53bae58,11
9d77bbdb-a7c6-48dc-8333-69d2a53bae58,14
9d77bbdb-a7c6-48dc-8333-69d2a53bae58,17
9d77bbdb-a7c6-48dc-8333-69d2a53bae58,18
eaaf4ff9-389b-4404-8570-7d2997f37220,9
eaaf4ff9-389b-4404-8570-7d2997f37220,11
eaaf4ff9-389b-4404-8570-7d2997f37220,12
eaaf4ff9-389b-4404-8570-7d2997f37220,14
eaaf4ff9-389b-4404-8570-7d2997f37220,15
eaaf4ff9-389b-4404-8570-7d2997f37220,18
8e755df7-d353-4b98-b399-336164ee4a93,4
8e755df7-d353-4b98-b399-336164ee4a93,5
8e755df7-d353-4b98-b399-336164ee4a93,6
8e755df7-d353-4b98-b399-336164ee4a93,7
8e755df7-d353-4b98-b399-336164ee4a93,8
8e755df7-d353-4b98-b399-336164ee4a93,10
8e755df7-d353-4b98-b399-336164ee4a93,11
915de5a6-4e56-45a3-9ec0-f304a3b83653,7
915de5a6-4e56-45a3-9ec0-f304a3b83653,11
915de5a6-4e56-45a3-9ec0-f304a3b83653,17
233057b7-c1c0-40c2-9d82-b5af2946ba7d,4
233057b7-c1c0-40c2-9d82-b5af2946ba7d,5
233057b7-c1c0-40c2-9d82-b5af2946ba7d,13
62668eb7-8a70-4916-8f73-9d676777f177,3
62668eb7-8a70-4916-8f73-9d676777f177,8
62668eb7-8a70-4916-8f73-9d676777f177,11
14982b70-3b85-4fff-9449-0f42ce2dd336,2
14982b70-3b85-4fff-9449-0f42ce2dd336,3
14982b70-3b85-4fff-9449-0f42ce2dd336,11
ce175c8f-1175-4928-bf29-79fe69406339,4
ce175c8f-1175-4928-bf29-79fe69406339,5
ce175c8f-1175-4928-bf29-79fe69406339,17
3188176c-9dd0-4d53-96d8-70927d80f0d8,8
3188176c-9dd0-4d53-96d8-70927d80f0d8,11
3188176c-9dd0-4d53-96d8-70927d80f0d8,12
3188176c-9dd0-4d53-96d8-70927d80f0d8,18
f6be51eb-5ff8-4a8e-a90d-11214c8c8539,4
f6be51eb-5ff8-4a8e-a90d-11214c8c8539,5
f6be51eb-5ff8-4a8e-a90d-11214c8c8539,10
c8179126-6db5-4378-878a-06984c582910,4
c8179126-6db5-4378-878a-06984c582910,6
c8179126-6db5-4378-878a-06984c582910,7
c8179126-6db5-4378-878a-06984c582910,10
c8179126-6db5-4378-878a-06984c582910,15
c8179126-6db5-4378-878a-06984c582910,20
830b26e2-0a20-44ba-bebb-2eb0e55eb5eb,9
830b26e2-0a20-44ba-bebb-2eb0e55eb5eb,11
830b26e2-0a20-44ba-bebb-2eb0e55eb5eb,14
830b26e2-0a20-44ba-bebb-2eb0e55eb5eb,15
c65f1d0c-7e5f-4fdb-a7f7-440f48fa79fc,1
c65f1d0c-7e5f-4fdb-a7f7-440f48fa79fc,10
c65f1d0c-7e5f-4fdb-a7f7-440f48fa79fc,16
7f1597a7-81b9-4a2c-9123-eee64ca91f04,8
7f1597a7-81b9-4a2c-9123-eee64ca91f04,10
7f1597a7-81b9-4a2c-9123-eee64ca91f04,11
7f1597a7-81b9-4a2c-9123-eee64ca91f04,15
7f1597a7-81b9-4a2c-9123-eee64ca91f04,16
7f1597a7-81b9-4a2c-9123-eee64ca91f04,20
ce737a66-340f-45b5-b53a-c9066f05836b,8
ce737a66-340f-45b5-b53a-c9066f05836b,9
ce737a66-340f-45b5-b53a-c9066f05836b,12
ce737a66-340f-45b5-b53a-c9066f05836b,19
7127262b-87e0-4b93-baf5-21b9e0364a29,5
7127262b-87e0-4b93-baf5-21b9e0364a29,7
7127262b-87e0-4b93-baf5-21b9e0364a29,8
7127262b-87e0-4b93-baf5-21b9e0364a29,10
7127262b-87e0-4b93-baf5-21b9e0364a29,12
7127262b-87e0-4b93-baf5-21b9e0364a29,20
57b45e22-215a-4f53-8bf0-2a6895527cf0,5
57b45e22-215a-4f53-8bf0-2a6895527cf0,7
57b45e22-215a-4f53-8bf0-2a6895527cf0,9
57b45e22-215a-4f53-8bf0-2a6895527cf0,20
3ed1a5be-d9c3-4c39-9e85-87c9b144f119,6
3ed1a5be-d9c3-4c39-9e85-87c9b144f119,9
3ed1a5be-d9c3-4c39-9e85-87c9b144f119,11
3ed1a5be-d9c3-4c39-9e85-87c9b144f119,14
3ed1a5be-d9c3-4c39-9e85-87c9b144f119,19
3ed1a5be-d9c3-4c39-9e85-87c9b144f119,20
ed50e871-1708-4f88-8eff-4450af6fd5de,7
ed50e871-1708-4f88-8eff-4450af6fd5de,9
ed50e871-1708-4f88-8eff-4450af6fd5de,16
ed50e871-1708-4f88-8eff-4450af6fd5de,20
c33a2e16-11ad-42aa-86ff-912411bdea48,4
c33a2e16-11ad-42aa-86ff-912411bdea48,5
c33a2e16-11ad-42aa-86ff-912411bdea48,6
c33a2e16-11ad-42aa-86ff-912411bdea48,8
c33a2e16-11ad-42aa-86ff-912411bdea48,10
c33a2e16-11ad-42aa-86ff-912411bdea48,15
c33a2e16-11ad-42aa-86ff-912411bdea48,20
d0f4fbc4-456a-46ec-83cb-fa4972235dcc,6
d0f4fbc4-456a-46ec-83cb-fa4972235dcc,9
d0f4fbc4-456a-46ec-83cb-fa4972235dcc,18
d0f4fbc4-456a-46ec-83cb-fa4972235dcc,20
3929fc4e-362b-4007-861c-0f8355b34314,8
3929fc4e-362b-4007-861c-0f8355b34314,10
3929fc4e-362b-4007-861c-0f8355b34314,17
2283e00e-d82e-4663-8d50-14ece1f3a41c,7
2283e00e-d82e-4663-8d50-14ece1f3a41c,8
2283e00e-d82e-4663-8d50-14ece1f3a41c,9
2283e00e-d82e-4663-8d50-14ece1f3a41c,12
4939d78a-0c57-4ce5-bee3-d1fe244be125,11
4939d78a-0c57-4ce5-bee3-d1fe244be125,12
4939d78a-0c57-4ce5-bee3-d1fe244be125,14
4939d78a-0c57-4ce5-bee3-d1fe244be125,17
4939d78a-0c57-4ce5-bee3-d1fe244be125,18
4939d78a-0c57-4ce5-bee3-d1fe244be125,19
63c7f6a6-1fb9-467e-a32c-b7f7fbd263d6,4
63c7f6a6-1fb9-467e-a32c-b7f7fbd263d6,7
63c7f6a6-1fb9-467e-a32c-b7f7fbd263d6,18
63c7f6a6-1fb9-467e-a32c-b7f7fbd263d6,19
16027d3d-1f20-426f-a1bf-3b8acac085b6,4
16027d3d-1f20-426f-a1bf-3b8acac085b6,5
16027d3d-1f20-426f-a1bf-3b8acac085b6,8
16027d3d-1f20-426f-a1bf-3b8acac085b6,10
272d5f97-d155-49de-84ae-ec5809dee4db,8
272d5f97-d155-49de-84ae-ec5809dee4db,11
272d5f97-d155-49de-84ae-ec5809dee4db,12
272d5f97-d155-49de-84ae-ec5809dee4db,15
272d5f97-d155-49de-84ae-ec5809dee4db,17
de793784-3e9c-4a5b-a50b-5e1a0437bd90,5
de793784-3e9c-4a5b-a50b-5e1a0437bd90,11
de793784-3e9c-4a5b-a50b-5e1a0437bd90,15
de793784-3e9c-4a5b-a50b-5e1a0437bd90,20
91e9323a-e856-492f-b6b6-379bc6570add,9
91e9323a-e856-492f-b6b6-379bc6570add,12
91e9323a-e856-492f-b6b6-379bc6570add,20
f4ff8b53-48fb-46e8-9ea0-bc7c51ea9fee,11
f4ff8b53-48fb-46e8-9ea0-bc7c51ea9fee,14
f4ff8b53-48fb-46e8-9ea0-bc7c51ea9fee,19
f4ff8b53-48fb-46e8-9ea0-bc7c51ea9fee,20
1f9f1987-7506-4d70-81a9-f58c2de19219,9
1f9f1987-7506-4d70-81a9-f58c2de19219,12
1f9f1987-7506-4d70-81a9-f58c2de19219,14
1f9f1987-7506-4d70-81a9-f58c2de19219,19
bebe014f-7c1c-4d4c-93b4-536cb5e45af9,4
bebe014f-7c1c-4d4c-93b4-536cb5e45af9,5
bebe014f-7c1c-4d4c-93b4-536cb5e45af9,8
bebe014f-7c1c-4d4c-93b4-536cb5e45af9,13
702b5919-6fb5-46fa-8a5a-e0c7f8f37c74,7
702b5919-6fb5-46fa-8a5a-e0c7f8f37c74,12
702b5919-6fb5-46fa-8a5a-e0c7f8f37c74,13
702b5919-6fb5-46fa-8a5a-e0c7f8f37c74,18
702b5919-6fb5-46fa-8a5a-e0c7f8f37c74,19
dc305b07-816b-4ee2-869d-98231db9d646,5
dc305b07-816b-4ee2-869d-98231db9d646,6
dc305b07-816b-4ee2-869d-98231db9d646,7
dc305b07-816b-4ee2-869d-98231db9d646,8
dc305b07-816b-4ee2-869d-98231db9d646,10
dc305b07-816b-4ee2-869d-98231db9d646,12
dc305b07-816b-4ee2-869d-98231db9d646,18
5179d5b9-4f1e-4e23-9bd1-90c1af18e263,3
5179d5b9-4f1e-4e23-9bd1-90c1af18e263,5
5179d5b9-4f1e-4e23-9bd1-90c1af18e263,6
5179d5b9-4f1e-4e23-9bd1-90c1af18e263,11
a238e74e-e02f-42de-9a99-a0638146ebd0,9
a238e74e-e02f-42de-9a99-a0638146ebd0,11
a238e74e-e02f-42de-9a99-a0638146ebd0,14
a238e74e-e02f-42de-9a99-a0638146ebd0,20
1bf756ca-dbef-4935-bac3-a3b692010a75,3
1bf756ca-dbef-4935-bac3-a3b692010a75,11
1bf756ca-dbef-4935-bac3-a3b692010a75,12
1bf756ca-dbef-4935-bac3-a3b692010a75,14
1bf756ca-dbef-4935-bac3-a3b692010a75,18
342b5161-320b-428c-a3a4-897f848e1286,1
342b5161-320b-428c-a3a4-897f848e1286,7
342b5161-320b-428c-a3a4-897f848e1286,20
b03b0bea-37b9-4c1f-81bd-ca801d8ef25b,7
b03b0bea-37b9-4c1f-81bd-ca801d8ef25b,8
b03b0bea-37b9-4c1f-81bd-ca801d8ef25b,10
b03b0bea-37b9-4c1f-81bd-ca801d8ef25b,11
b03b0bea-37b9-4c1f-81bd-ca801d8ef25b,13
b03b0bea-37b9-4c1f-81bd-ca801d8ef25b,15
53691fc5-65db-4948-a53d-05eb7c9cbafd,3
53691fc5-65db-4948-a53d-05eb7c9cbafd,4
53691fc5-65db-4948-a53d-05eb7c9cbafd,8
53691fc5-65db-4948-a53d-05eb7c9cbafd,12
0f921b9c-f5ad-48fc-a6b4-eba7430c551c,10
0f921b9c-f5ad-48fc-a6b4-eba7430c551c,11
0f921b9c-f5ad-48fc-a6b4-eba7430c551c,12
0f921b9c-f5ad-48fc-a6b4-eba7430c551c,18
0f921b9c-f5ad-48fc-a6b4-eba7430c551c,19
4af8a9f8-a799-4d85-8744-9a55c94c2bd7,9
4af8a9f8-a799-4d85-8744-9a55c94c2bd7,11
4af8a9f8-a799-4d85-8744-9a55c94c2bd7,15
4af8a9f8-a799-4d85-8744-9a55c94c2bd7,16
4af8a9f8-a799-4d85-8744-9a55c94c2bd7,20
6d282e57-ae58-47d1-b0b0-71588701cd4b,7
6d282e57-ae58-47d1-b0b0-71588701cd4b,10
6d282e57-ae58-47d1-b0b0-71588701cd4b,11
6d282e57-ae58-47d1-b0b0-71588701cd4b,15
6d282e57-ae58-47d1-b0b0-71588701cd4b,16
6d282e57-ae58-47d1-b0b0-71588701cd4b,20
e035811f-10c5-4bfc-a7c0-7eae45940633,4
e035811f-10c5-4bfc-a7c0-7eae45940633,5
e035811f-10c5-4bfc-a7c0-7eae45940633,10
e035811f-10c5-4bfc-a7c0-7eae45940633,20
bab3b9b7-1720-4ec8-bb46-1e879b6cb5ff,8
bab3b9b7-1720-4ec8-bb46-1e879b6cb5ff,17
bab3b9b7-1720-4ec8-bb46-1e879b6cb5ff,20
f11017f7-2d00-4f17-9c8e-53b9e06a8ca4,9
f11017f7-2d00-4f17-9c8e-53b9e06a8ca4,12
f11017f7-2d00-4f17-9c8e-53b9e06a8ca4,13
f11017f7-2d00-4f17-9c8e-53b9e06a8ca4,14
f11017f7-2d00-4f17-9c8e-53b9e06a8ca4,18
c6c4c07d-3b41-4f86-8ba6-5dee77d99dd6,5
c6c4c07d-3b41-4f86-8ba6-5dee77d99dd6,6
c6c4c07d-3b41-4f86-8ba6-5dee77d99dd6,8
c6c4c07d-3b41-4f86-8ba6-5dee77d99dd6,10
c6c4c07d-3b41-4f86-8ba6-5dee77d99dd6,11
c6c4c07d-3b41-4f86-8ba6-5dee77d99dd6,12
9164ed25-60b7-490a-8cd1-097fbea158ab,2
9164ed25-60b7-490a-8cd1-097fbea158ab,3
9164ed25-60b7-490a-8cd1-097fbea158ab,7
9164ed25-60b7-490a-8cd1-097fbea158ab,14
9164ed25-60b7-490a-8cd1-097fbea158ab,15
9164ed25-60b7-490a-8cd1-097fbea158ab,17
0a7c3f39-db01-4c8d-b560-eb1abdfe5054,7
0a7c3f39-db01-4c8d-b560-eb1abdfe5054,8
0a7c3f39-db01-4c8d-b560-eb1abdfe5054,10
0a7c3f39-db01-4c8d-b560-eb1abdfe5054,12
0a7c3f39-db01-4c8d-b560-eb1abdfe5054,13
4d294b5a-0c54-442e-997e-8a8190b5f36e,1
4d294b5a-0c54-442e-997e-8a8190b5f36e,4
4d294b5a-0c54-442e-997e-8a8190b5f36e,8
4d294b5a-0c54-442e-997e-8a8190b5f36e,11
e9259942-8396-473b-9057-48dcaca6a4b8,5
e9259942-8396-473b-9057-48dcaca6a4b8,6
e9259942-8396-473b-9057-48dcaca6a4b8,9
e9259942-8396-473b-9057-48dcaca6a4b8,10
e9259942-8396-473b-9057-48dcaca6a4b8,15
e5ccee59-74ad-4614-9ebb-e2b31cd8f624,9
e5ccee59-74ad-4614-9ebb-e2b31cd8f624,10
e5ccee59-74ad-4614-9ebb-e2b31cd8f624,12
e5ccee59-74ad-4614-9ebb-e2b31cd8f624,15
e5ccee59-74ad-4614-9ebb-e2b31cd8f624,18
e5ccee59-74ad-4614-9ebb-e2b31cd8f624,20
9f553eb2-43ed-4c97-9e01-f1efa2b58866,9
9f553eb2-43ed-4c97-9e01-f1efa2b58866,11
9f553eb2-43ed-4c97-9e01-f1efa2b58866,12
9f553eb2-43ed-4c97-9e01-f1efa2b58866,19
f0e0881e-5be2-4c7e-9a12-6c8d41853e5b,4
f0e0881e-5be2-4c7e-9a12-6c8d41853e5b,10
f0e0881e-5be2-4c7e-9a12-6c8d41853e5b,11
f0e0881e-5be2-4c7e-9a12-6c8d41853e5b,16
cf9f5ab5-6ae6-4db6-8170-d49e940f8408,7
cf9f5ab5-6ae6-4db6-8170-d49e940f8408,8
cf9f5ab5-6ae6-4db6-8170-d49e940f8408,9
cf9f5ab5-6ae6-4db6-8170-d49e940f8408,10
cf9f5ab5-6ae6-4db6-8170-d49e940f8408,20
175a4d5b-a9b8-482f-bb16-09ead09c462d,4
175a4d5b-a9b8-482f-bb16-09ead09c462d,8
175a4d5b-a9b8-482f-bb16-09ead09c462d,15
175a4d5b-a9b8-482f-bb16-09ead09c462d,20
8a85cbcb-c372-4854-9d56-ead45338499f,10
8a85cbcb-c372-4854-9d56-ead45338499f,15
8a85cbcb-c372-4854-9d56-ead45338499f,20
8f30d88b-449d-4b4a-8d70-907a78ca75cb,9
8f30d88b-449d-4b4a-8d70-907a78ca75cb,10
8f30d88b-449d-4b4a-8d70-907a78ca75cb,11
8f30d88b-449d-4b4a-8d70-907a78ca75cb,12
a2b814f9-d1cb-4bde-bac9-f01b969f7a6c,7
a2b814f9-d1cb-4bde-bac9-f01b969f7a6c,8
a2b814f9-d1cb-4bde-bac9-f01b969f7a6c,10
a2b814f9-d1cb-4bde-bac9-f01b969f7a6c,11
a2b814f9-d1cb-4bde-bac9-f01b969f7a6c,20
cd89616a-bb20-4989-b720-04dac27a609b,9
cd89616a-bb20-4989-b720-04dac27a609b,11
cd89616a-bb20-4989-b720-04dac27a609b,12
cd89616a-bb20-4989-b720-04dac27a609b,14
cd89616a-bb20-4989-b720-04dac27a609b,15
cd89616a-bb20-4989-b720-04dac27a609b,18
a7450ed8-f67b-4a15-a99a-a9fa649b6fd6,2
a7450ed8-f67b-4a15-a99a-a9fa649b6fd6,12
a7450ed8-f67b-4a15-a99a-a9fa649b6fd6,14
a7450ed8-f67b-4a15-a99a-a9fa649b6fd6,19
0deea514-779a-4aa2-b500-353e426c4bb8,9
0deea514-779a-4aa2-b500-353e426c4bb8,13
0deea514-779a-4aa2-b500-353e426c4bb8,14
0deea514-779a-4aa2-b500-353e426c4bb8,18
0deea514-779a-4aa2-b500-353e426c4bb8,19
0deea514-779a-4aa2-b500-353e426c4bb8,20
3b146662-5da3-44f9-a3a2-be2e8ab5f602,2
3b146662-5da3-44f9-a3a2-be2e8ab5f602,14
3b146662-5da3-44f9-a3a2-be2e8ab5f602,15
2e9d92cc-1557-4431-b4a2-2d32a46b5340,8
2e9d92cc-1557-4431-b4a2-2d32a46b5340,9
2e9d92cc-1557-4431-b4a2-2d32a46b5340,10
2e9d92cc-1557-4431-b4a2-2d32a46b5340,11
2e9d92cc-1557-4431-b4a2-2d32a46b5340,12
82adceda-344c-469a-a34d-6c5d0776f855,8
82adceda-344c-469a-a34d-6c5d0776f855,10
82adceda-344c-469a-a34d-6c5d0776f855,11
82adceda-344c-469a-a34d-6c5d0776f855,12
82adceda-344c-469a-a34d-6c5d0776f855,15
82adceda-344c-469a-a34d-6c5d0776f855,16
97fc9842-4aa8-4e8a-984d-00e4ebae786f,6
97fc9842-4aa8-4e8a-984d-00e4ebae786f,9
97fc9842-4aa8-4e8a-984d-00e4ebae786f,14
67ef2ce8-8158-4061-b39f-1648161b988a,4
67ef2ce8-8158-4061-b39f-1648161b988a,7
67ef2ce8-8158-4061-b39f-1648161b988a,8
67ef2ce8-8158-4061-b39f-1648161b988a,10
67ef2ce8-8158-4061-b39f-1648161b988a,13
67ef2ce8-8158-4061-b39f-1648161b988a,14
67ef2ce8-8158-4061-b39f-1648161b988a,20
33c2a0a3-edc7-43d3-8124-cd893c2c777a,10
33c2a0a3-edc7-43d3-8124-cd893c2c777a,15
33c2a0a3-edc7-43d3-8124-cd893c2c777a,20
db865006-8f7f-49f3-a2b6-c29e656c8004,10
db865006-8f7f-49f3-a2b6-c29e656c8004,12
db865006-8f7f-49f3-a2b6-c29e656c8004,14
5d703c5b-8047-4ae3-8d64-bd4389210efb,10
5d703c5b-8047-4ae3-8d64-bd4389210efb,15
5d703c5b-8047-4ae3-8d64-bd4389210efb,16
5d703c5b-8047-4ae3-8d64-bd4389210efb,20
b47acf12-a3eb-4e7e-b774-7fd911ef71bd,2
b47acf12-a3eb-4e7e-b774-7fd911ef71bd,4
b47acf12-a3eb-4e7e-b774-7fd911ef71bd,10
b47acf12-a3eb-4e7e-b774-7fd911ef71bd,11
b47acf12-a3eb-4e7e-b774-7fd911ef71bd,13
074ac71d-aafc-47a0-9056-0c48ad4084ce,10
074ac71d-aafc-47a0-9056-0c48ad4084ce,11
074ac71d-aafc-47a0-9056-0c48ad4084ce,20
13d27dae-abb6-45aa-8a42-aabcca05524a,3
13d27dae-abb6-45aa-8a42-aabcca05524a,11
13d27dae-abb6-45aa-8a42-aabcca05524a,13
13d27dae-abb6-45aa-8a42-aabcca05524a,15
4169b80d-0f44-4692-a9e4-5a0ff1391e96,11
4169b80d-0f44-4692-a9e4-5a0ff1391e96,12
4169b80d-0f44-4692-a9e4-5a0ff1391e96,20
dd9df6aa-658b-4a83-a5f1-25bf41aa21bd,2
dd9df6aa-658b-4a83-a5f1-25bf41aa21bd,5
dd9df6aa-658b-4a83-a5f1-25bf41aa21bd,6
dd9df6aa-658b-4a83-a5f1-25bf41aa21bd,7
dd9df6aa-658b-4a83-a5f1-25bf41aa21bd,10
dd9df6aa-658b-4a83-a5f1-25bf41aa21bd,11
dd9df6aa-658b-4a83-a5f1-25bf41aa21bd,12
f32fdb6b-d074-4fe9-9c58-dafa738bada1,6
f32fdb6b-d074-4fe9-9c58-dafa738bada1,7
f32fdb6b-d074-4fe9-9c58-dafa738bada1,8
f32fdb6b-d074-4fe9-9c58-dafa738bada1,12
f32fdb6b-d074-4fe9-9c58-dafa738bada1,17
15faaccb-2bbf-40c2-8ccd-d84e51bfe1a3,8
15faaccb-2bbf-40c2-8ccd-d84e51bfe1a3,13
15faaccb-2bbf-40c2-8ccd-d84e51bfe1a3,15
07f0e359-3ca2-4c08-b113-4b4f9ace8bfe,5
07f0e359-3ca2-4c08-b113-4b4f9ace8bfe,7
07f0e359-3ca2-4c08-b113-4b4f9ace8bfe,16
099e1b0f-acb5-4a7d-829c-134345792106,1
099e1b0f-acb5-4a7d-829c-134345792106,6
099e1b0f-acb5-4a7d-829c-134345792106,10
099e1b0f-acb5-4a7d-829c-134345792106,15
099e1b0f-acb5-4a7d-829c-134345792106,20
dd44faee-f20f-47e5-94ff-6945e2284b01,1
dd44faee-f20f-47e5-94ff-6945e2284b01,4
dd44faee-f20f-47e5-94ff-6945e2284b01,6
dd44faee-f20f-47e5-94ff-6945e2284b01,7
dd44faee-f20f-47e5-94ff-6945e2284b01,8
de3055d4-4360-4203-a8f8-a1dab9fcf241,7
de3055d4-4360-4203-a8f8-a1dab9fcf241,8
de3055d4-4360-4203-a8f8-a1dab9fcf241,9
de3055d4-4360-4203-a8f8-a1dab9fcf241,12
a3444dae-ba25-43f7-a745-f3f89b273e2c,6
a3444dae-ba25-43f7-a745-f3f89b273e2c,11
a3444dae-ba25-43f7-a745-f3f89b273e2c,20
93104829-8594-400a-b598-aff286b49018,4
93104829-8594-400a-b598-aff286b49018,9
93104829-8594-400a-b598-aff286b49018,12
e9d2ff70-2c2b-4bd5-ba0f-ea608ddccc9a,3
e9d2ff70-2c2b-4bd5-ba0f-ea608ddccc9a,5
e9d2ff70-2c2b-4bd5-ba0f-ea608ddccc9a,8
e9d2ff70-2c2b-4bd5-ba0f-ea608ddccc9a,10
e9d2ff70-2c2b-4bd5-ba0f-ea608ddccc9a,15
181e7e03-af2a-43ee-9324-840d14c267d3,2
181e7e03-af2a-43ee-9324-840d14c267d3,11
181e7e03-af2a-43ee-9324-840d14c267d3,14
181e7e03-af2a-43ee-9324-840d14c267d3,15
181e7e03-af2a-43ee-9324-840d14c267d3,18
27450660-9126-425f-8a4c-ee13055c3619,4
27450660-9126-425f-8a4c-ee13055c3619,7
27450660-9126-425f-8a4c-ee13055c3619,11
27450660-9126-425f-8a4c-ee13055c3619,14
27450660-9126-425f-8a4c-ee13055c3619,18
27450660-9126-425f-8a4c-ee13055c3619,20
e24ef779-8a19-45dc-82da-af12648144c1,1
e24ef779-8a19-45dc-82da-af12648144c1,14
e24ef779-8a19-45dc-82da-af12648144c1,20
5147885c-e8a5-473d-88c2-92f1ac8aaab2,4
5147885c-e8a5-473d-88c2-92f1ac8aaab2,6
5147885c-e8a5-473d-88c2-92f1ac8aaab2,7
5147885c-e8a5-473d-88c2-92f1ac8aaab2,8
5147885c-e8a5-473d-88c2-92f1ac8aaab2,11
5147885c-e8a5-473d-88c2-92f1ac8aaab2,12
61a0e073-e937-4bac-ada2-d1c10bf8a9ed,4
61a0e073-e937-4bac-ada2-d1c10bf8a9ed,11
61a0e073-e937-4bac-ada2-d1c10bf8a9ed,18
fdaa0ab3-4f74-427f-8610-07c992b50bf5,3
fdaa0ab3-4f74-427f-8610-07c992b50bf5,11
fdaa0ab3-4f74-427f-8610-07c992b50bf5,14
6ee92483-e78b-46ce-baa0-0aac70b7049e,11
6ee92483-e78b-46ce-baa0-0aac70b7049e,12
6ee92483-e78b-46ce-baa0-0aac70b7049e,13
6ee92483-e78b-46ce-baa0-0aac70b7049e,14
d453c27e-c5d4-48c9-a7d2-c69d9e32bc85,6
d453c27e-c5d4-48c9-a7d2-c69d9e32bc85,8
d453c27e-c5d4-48c9-a7d2-c69d9e32bc85,9
d453c27e-c5d4-48c9-a7d2-c69d9e32bc85,10
d453c27e-c5d4-48c9-a7d2-c69d9e32bc85,15
e16c3db1-857a-45dd-965f-8d024423e97d,3
e16c3db1-857a-45dd-965f-8d024423e97d,8
e16c3db1-857a-45dd-965f-8d024423e97d,10
e16c3db1-857a-45dd-965f-8d024423e97d,11
e16c3db1-857a-45dd-965f-8d024423e97d,20
21bcc6ee-e804-4d2e-be58-d741e6310d5e,4
21bcc6ee-e804-4d2e-be58-d741e6310d5e,5
21bcc6ee-e804-4d2e-be58-d741e6310d5e,6
21bcc6ee-e804-4d2e-be58-d741e6310d5e,8
21bcc6ee-e804-4d2e-be58-d741e6310d5e,10
21bcc6ee-e804-4d2e-be58-d741e6310d5e,12
21bcc6ee-e804-4d2e-be58-d741e6310d5e,15
99c5d90c-a8d4-4f31-8abd-cc6d6cbad26b,11
99c5d90c-a8d4-4f31-8abd-cc6d6cbad26b,15
99c5d90c-a8d4-4f31-8abd-cc6d6cbad26b,19
99c5d90c-a8d4-4f31-8abd-cc6d6cbad26b,20
4597622b-a50f-4a08-82d3-b202eb23c08b,7
4597622b-a50f-4a08-82d3-b202eb23c08b,11
4597622b-a50f-4a08-82d3-b202eb23c08b,17
4597622b-a50f-4a08-82d3-b202eb23c08b,19
4597622b-a50f-4a08-82d3-b202eb23c08b,20
e7db6264-dd86-411f-b6ac-0f14ca8fdeef,4
e7db6264-dd86-411f-b6ac-0f14ca8fdeef,5
e7db6264-dd86-411f-b6ac-0f14ca8fdeef,6
e7db6264-dd86-411f-b6ac-0f14ca8fdeef,12
7f5ff8e9-537d-4aa6-b713-4dfdab32e67a,7
7f5ff8e9-537d-4aa6-b713-4dfdab32e67a,14
7f5ff8e9-537d-4aa6-b713-4dfdab32e67a,17
7f5ff8e9-537d-4aa6-b713-4dfdab32e67a,18
7f5ff8e9-537d-4aa6-b713-4dfdab32e67a,19
7f5ff8e9-537d-4aa6-b713-4dfdab32e67a,20
7891d958-2cae-4067-b4bf-4df236fff02f,7
7891d958-2cae-4067-b4bf-4df236fff02f,10
7891d958-2cae-4067-b4bf-4df236fff02f,15
7891d958-2cae-4067-b4bf-4df236fff02f,18
7891d958-2cae-4067-b4bf-4df236fff02f,20
8d88e517-90c5-4bdc-ab37-50e7d4be7387,5
8d88e517-90c5-4bdc-ab37-50e7d4be7387,8
8d88e517-90c5-4bdc-ab37-50e7d4be7387,10
8d88e517-90c5-4bdc-ab37-50e7d4be7387,12
8d88e517-90c5-4bdc-ab37-50e7d4be7387,18
1ba29722-dcc2-4239-905a-c56c23d4a6fb,7
1ba29722-dcc2-4239-905a-c56c23d4a6fb,8
1ba29722-dcc2-4239-905a-c56c23d4a6fb,9
1ba29722-dcc2-4239-905a-c56c23d4a6fb,10
1ba29722-dcc2-4239-905a-c56c23d4a6fb,11
1ba29722-dcc2-4239-905a-c56c23d4a6fb,13
1ba29722-dcc2-4239-905a-c56c23d4a6fb,20
38adb4ef-c093-482a-8067-65d85424ebf8,8
38adb4ef-c093-482a-8067-65d85424ebf8,12
38adb4ef-c093-482a-8067-65d85424ebf8,14
38adb4ef-c093-482a-8067-65d85424ebf8,18
21a65452-8f2b-441f-9424-c8af856a9d7a,1
21a65452-8f2b-441f-9424-c8af856a9d7a,6
21a65452-8f2b-441f-9424-c8af856a9d7a,11
32093958-cbbd-4c22-a8c5-3659bb18aae5,5
32093958-cbbd-4c22-a8c5-3659bb18aae5,6
32093958-cbbd-4c22-a8c5-3659bb18aae5,7
32093958-cbbd-4c22-a8c5-3659bb18aae5,8
32093958-cbbd-4c22-a8c5-3659bb18aae5,11
32093958-cbbd-4c22-a8c5-3659bb18aae5,12
42f9818a-eb8c-4ed6-9a9f-a9f7bd4e55ca,4
42f9818a-eb8c-4ed6-9a9f-a9f7bd4e55ca,5
42f9818a-eb8c-4ed6-9a9f-a9f7bd4e55ca,9
42f9818a-eb8c-4ed6-9a9f-a9f7bd4e55ca,10
36a7aa14-d53e-4d7a-9df0-346370185c99,7
36a7aa14-d53e-4d7a-9df0-346370185c99,11
36a7aa14-d53e-4d7a-9df0-346370185c99,15
36a7aa14-d53e-4d7a-9df0-346370185c99,18
36a7aa14-d53e-4d7a-9df0-346370185c99,19
36a7aa14-d53e-4d7a-9df0-346370185c99,20